timestamp,open,high,low,close,volume,num_trades
2025-06-01 03:00:00,104195.13,104235.77,104195.13,104199.19,8.82445,1506.0
2025-06-01 03:01:00,104199.18,104199.19,104190.47,104199.19,2.31552,811.0
2025-06-01 03:02:00,104199.19,104205.01,104190.65,104190.66,1.75863,764.0
2025-06-01 03:03:00,104190.65,104190.66,104143.93,104143.94,6.2289,1936.0
2025-06-01 03:04:00,104143.94,104143.94,104113.2,104113.2,3.51521,1260.0
2025-06-01 03:05:00,104113.21,104139.19,104107.19,104138.98,6.98169,1482.0
2025-06-01 03:06:00,104138.99,104138.99,104108.39,104108.4,1.63669,561.0
2025-06-01 03:07:00,104108.39,104136.68,104108.39,104136.67,4.09874,825.0
2025-06-01 03:08:00,104136.67,104136.67,104104.52,104104.52,2.1148,1156.0
2025-06-01 03:09:00,104104.52,104104.52,104052.92,104056.31,7.54728,2542.0
2025-06-01 03:10:00,104056.31,104079.35,104056.31,104068.13,3.79596,861.0
2025-06-01 03:11:00,104068.13,104068.13,104065.0,104065.0,1.64615,418.0
2025-06-01 03:12:00,104065.0,104097.03,104051.46,104097.02,6.90763,1941.0
2025-06-01 03:13:00,104097.03,104097.03,104097.02,104097.02,0.7684,111.0
2025-06-01 03:14:00,104097.02,104097.03,104069.17,104069.17,2.72612,919.0
2025-06-01 03:15:00,104069.17,104069.18,104069.17,104069.18,1.42917,172.0
2025-06-01 03:16:00,104069.18,104096.36,104069.17,104096.36,4.78155,2196.0
2025-06-01 03:17:00,104096.36,104133.6,104096.35,104133.57,5.55598,1113.0
2025-06-01 03:18:00,104133.58,104133.58,104048.78,104066.04,7.43987,2758.0
2025-06-01 03:19:00,104066.04,104073.78,104060.76,104065.88,3.12095,773.0
2025-06-01 03:20:00,104065.87,104103.65,104065.87,104103.64,3.57459,1735.0
2025-06-01 03:21:00,104103.65,104113.21,104089.18,104089.19,5.98867,1213.0
2025-06-01 03:22:00,104089.18,104089.18,104066.92,104066.93,3.01055,480.0
2025-06-01 03:23:00,104066.93,104066.93,104018.86,104018.87,3.87925,2165.0
2025-06-01 03:24:00,104018.86,104018.86,103971.7,103971.7,13.39864,1516.0
2025-06-01 03:25:00,103971.71,104032.0,103971.71,104032.0,6.03941,1432.0
2025-06-01 03:26:00,104032.0,104039.98,104031.99,104039.98,3.18252,328.0
2025-06-01 03:27:00,104039.98,104114.39,104039.97,104114.39,5.11066,1333.0
2025-06-01 03:28:00,104114.39,104114.39,104114.38,104114.39,0.6541,119.0
2025-06-01 03:29:00,104114.38,104140.45,104114.38,104137.32,10.50958,1440.0
2025-06-01 03:30:00,104137.32,104168.0,104137.32,104167.99,3.87725,806.0
2025-06-01 03:31:00,104168.0,104179.47,104167.99,104179.47,1.8097,372.0
2025-06-01 03:32:00,104179.47,104195.13,104179.46,104187.53,4.70568,1023.0
2025-06-01 03:33:00,104187.53,104208.33,104187.52,104208.32,5.32388,594.0
2025-06-01 03:34:00,104208.33,104208.33,104199.93,104199.93,2.3056,547.0
2025-06-01 03:35:00,104199.93,104199.93,104199.92,104199.92,1.22358,157.0
2025-06-01 03:36:00,104199.93,104199.93,104199.92,104199.93,2.02553,112.0
2025-06-01 03:37:00,104199.93,104215.82,104199.92,104215.82,2.57569,511.0
2025-06-01 03:38:00,104215.81,104254.72,104215.81,104249.18,5.11632,1278.0
2025-06-01 03:39:00,104249.18,104249.19,104228.0,104228.01,4.84014,709.0
2025-06-01 03:40:00,104228.0,104275.84,104228.0,104275.83,13.13466,789.0
2025-06-01 03:41:00,104275.83,104275.84,104275.83,104275.83,1.66264,123.0
2025-06-01 03:42:00,104275.83,104301.89,104275.83,104301.88,2.89281,1409.0
2025-06-01 03:43:00,104301.88,104301.89,104285.96,104285.97,1.37115,553.0
2025-06-01 03:44:00,104285.96,104297.29,104285.96,104297.29,2.44601,502.0
2025-06-01 03:45:00,104297.28,104346.18,104297.28,104346.17,7.13589,2708.0
2025-06-01 03:46:00,104346.17,104380.96,104346.16,104380.96,14.96236,1731.0
2025-06-01 03:47:00,104380.96,104380.96,104380.95,104380.96,0.32951,160.0
2025-06-01 03:48:00,104380.96,104456.13,104380.95,104456.13,12.72148,2786.0
2025-06-01 03:49:00,104456.12,104456.13,104440.0,104440.0,4.38375,640.0
2025-06-01 03:50:00,104440.01,104464.1,104440.0,104464.09,7.16567,1019.0
2025-06-01 03:51:00,104464.1,104464.1,104410.51,104410.51,4.33935,1511.0
2025-06-01 03:52:00,104410.51,104431.68,104410.51,104431.68,1.93865,748.0
2025-06-01 03:53:00,104431.68,104431.68,104431.67,104431.68,2.29025,255.0
2025-06-01 03:54:00,104431.68,104431.68,104431.67,104431.68,0.65779,196.0
2025-06-01 03:55:00,104431.67,104431.68,104414.97,104414.97,1.12412,468.0
2025-06-01 03:56:00,104414.97,104414.98,104401.42,104401.43,2.28345,432.0
2025-06-01 03:57:00,104401.43,104401.44,104401.43,104401.44,0.91599,166.0
2025-06-01 03:58:00,104401.43,104401.44,104396.22,104396.22,1.9702,428.0
2025-06-01 03:59:00,104396.22,104396.23,104381.02,104381.03,3.1839,461.0
2025-06-01 04:00:00,104381.03,104407.19,104381.02,104407.19,5.7911,808.0
2025-06-01 04:01:00,104407.19,104410.84,104395.87,104395.88,2.62657,622.0
2025-06-01 04:02:00,104395.88,104469.23,104395.87,104461.78,12.00667,1898.0
2025-06-01 04:03:00,104461.77,104469.23,104450.85,104456.69,10.4101,1466.0
2025-06-01 04:04:00,104456.69,104456.69,104428.74,104428.74,3.477,1179.0
2025-06-01 04:05:00,104428.74,104428.75,104428.74,104428.74,1.03139,111.0
2025-06-01 04:06:00,104428.75,104428.75,104390.24,104390.24,4.99437,1304.0
2025-06-01 04:07:00,104390.24,104390.25,104373.3,104373.31,2.52927,645.0
2025-06-01 04:08:00,104373.31,104390.25,104360.9,104390.25,2.46329,1407.0
2025-06-01 04:09:00,104390.24,104398.02,104376.42,104376.42,3.01501,1031.0
2025-06-01 04:10:00,104376.43,104396.23,104376.42,104396.23,1.2898,608.0
2025-06-01 04:11:00,104396.22,104396.23,104387.92,104387.93,0.86017,463.0
2025-06-01 04:12:00,104387.92,104410.56,104387.92,104410.56,3.6099,690.0
2025-06-01 04:13:00,104410.55,104443.4,104410.55,104443.4,1.72461,956.0
2025-06-01 04:14:00,104443.4,104443.4,104411.45,104411.46,12.1412,935.0
2025-06-01 04:15:00,104411.46,104437.49,104411.45,104437.49,1.16582,1038.0
2025-06-01 04:16:00,104437.48,104469.19,104437.48,104469.18,5.73056,953.0
2025-06-01 04:17:00,104469.19,104469.23,104469.18,104469.22,8.84758,313.0
2025-06-01 04:18:00,104469.23,104517.15,104469.22,104500.01,15.95127,2005.0
2025-06-01 04:19:00,104500.0,104506.85,104500.0,104506.84,2.03137,505.0
2025-06-01 04:20:00,104506.85,104522.72,104495.42,104495.43,8.24029,1073.0
2025-06-01 04:21:00,104495.42,104505.02,104495.42,104505.02,3.90362,547.0
2025-06-01 04:22:00,104505.02,104505.02,104505.01,104505.02,3.82899,233.0
2025-06-01 04:23:00,104505.01,104505.02,104477.9,104477.9,2.53869,1004.0
2025-06-01 04:24:00,104477.91,104477.91,104476.2,104476.2,3.50098,339.0
2025-06-01 04:25:00,104476.21,104476.21,104476.2,104476.21,1.01655,139.0
2025-06-01 04:26:00,104476.21,104476.21,104476.2,104476.2,1.28066,157.0
2025-06-01 04:27:00,104476.2,104476.21,104476.2,104476.2,1.74075,140.0
2025-06-01 04:28:00,104476.2,104476.21,104476.2,104476.21,1.64346,164.0
2025-06-01 04:29:00,104476.2,104512.54,104476.2,104512.53,4.0397,872.0
2025-06-01 04:30:00,104512.54,104599.9,104512.53,104591.9,14.3302,3757.0
2025-06-01 04:31:00,104591.89,104639.8,104581.57,104639.79,12.7833,2166.0
2025-06-01 04:32:00,104639.8,104639.8,104623.27,104623.27,3.25275,828.0
2025-06-01 04:33:00,104623.28,104651.26,104623.27,104651.25,4.86499,1009.0
2025-06-01 04:34:00,104651.26,104679.25,104608.64,104608.65,9.30722,2216.0
2025-06-01 04:35:00,104608.64,104618.01,104594.44,104618.0,1.94166,873.0
2025-06-01 04:36:00,104618.01,104632.08,104618.0,104632.08,1.41447,392.0
2025-06-01 04:37:00,104632.08,104669.85,104632.07,104669.85,2.77015,727.0
2025-06-01 04:38:00,104669.84,104669.85,104669.84,104669.84,1.3155,241.0
2025-06-01 04:39:00,104669.85,104679.25,104669.84,104679.25,1.88896,324.0
2025-06-01 04:40:00,104679.25,104714.29,104679.24,104714.28,3.97232,1045.0
2025-06-01 04:41:00,104714.29,104714.29,104699.99,104709.49,7.58673,1029.0
2025-06-01 04:42:00,104709.48,104709.49,104709.48,104709.49,1.10601,200.0
2025-06-01 04:43:00,104709.49,104709.49,104696.43,104696.44,5.67165,807.0
2025-06-01 04:44:00,104696.43,104696.44,104688.0,104688.01,4.03382,595.0
2025-06-01 04:45:00,104688.0,104729.99,104688.0,104729.99,5.30049,1815.0
2025-06-01 04:46:00,104729.98,104729.99,104656.9,104656.9,6.87368,2081.0
2025-06-01 04:47:00,104656.9,104675.05,104638.21,104668.37,11.77531,1232.0
2025-06-01 04:48:00,104668.38,104668.38,104637.7,104637.71,1.57134,689.0
2025-06-01 04:49:00,104637.7,104658.27,104637.63,104658.26,4.04583,779.0
2025-06-01 04:50:00,104658.26,104682.47,104658.26,104682.47,3.57199,737.0
2025-06-01 04:51:00,104682.47,104682.47,104671.06,104671.06,5.87983,585.0
2025-06-01 04:52:00,104671.06,104671.07,104632.07,104648.46,7.70285,1647.0
2025-06-01 04:53:00,104648.45,104648.46,104640.0,104640.0,1.97661,396.0
2025-06-01 04:54:00,104640.0,104658.34,104640.0,104658.34,4.1543,491.0
2025-06-01 04:55:00,104658.34,104658.34,104647.03,104651.17,2.55631,539.0
2025-06-01 04:56:00,104651.16,104651.17,104651.16,104651.17,0.31744,120.0
2025-06-01 04:57:00,104651.17,104651.17,104651.16,104651.17,2.79331,170.0
2025-06-01 04:58:00,104651.17,104651.17,104647.03,104647.03,1.10511,291.0
2025-06-01 04:59:00,104647.04,104647.04,104633.15,104633.16,3.32379,508.0
2025-06-01 05:00:00,104633.16,104633.16,104594.39,104594.39,7.37838,1188.0
2025-06-01 05:01:00,104594.4,104632.08,104594.39,104632.08,5.74121,800.0
2025-06-01 05:02:00,104632.07,104658.34,104619.67,104658.34,7.78342,1172.0
2025-06-01 05:03:00,104658.34,104711.48,104658.34,104680.01,10.31444,1619.0
2025-06-01 05:04:00,104680.0,104685.56,104632.07,104685.56,15.01934,3909.0
2025-06-01 05:05:00,104685.55,104700.0,104677.4,104679.24,5.32423,1371.0
2025-06-01 05:06:00,104679.24,104679.25,104667.05,104667.05,1.89201,597.0
2025-06-01 05:07:00,104667.06,104685.32,104667.05,104685.32,8.61348,460.0
2025-06-01 05:08:00,104685.31,104695.46,104685.31,104695.46,7.15888,354.0
2025-06-01 05:09:00,104695.45,104700.0,104679.15,104679.15,12.3299,758.0
2025-06-01 05:10:00,104679.15,104679.16,104668.68,104668.69,2.22734,428.0
2025-06-01 05:11:00,104668.68,104682.93,104668.68,104682.92,2.45961,312.0
2025-06-01 05:12:00,104682.92,104695.8,104682.92,104695.79,3.84437,303.0
2025-06-01 05:13:00,104695.79,104695.8,104695.79,104695.8,1.53971,148.0
2025-06-01 05:14:00,104695.8,104695.8,104695.79,104695.8,0.95723,149.0
2025-06-01 05:15:00,104695.79,104714.29,104693.43,104693.44,2.89389,1084.0
2025-06-01 05:16:00,104693.43,104693.44,104693.43,104693.43,0.4991,128.0
2025-06-01 05:17:00,104693.44,104693.44,104693.43,104693.44,0.904,123.0
2025-06-01 05:18:00,104693.44,104693.44,104693.43,104693.44,0.50586,137.0
2025-06-01 05:19:00,104693.43,104693.44,104641.07,104641.07,5.50932,1844.0
2025-06-01 05:20:00,104641.08,104641.08,104641.07,104641.08,2.75935,209.0
2025-06-01 05:21:00,104641.07,104641.08,104605.29,104605.29,6.31924,1695.0
2025-06-01 05:22:00,104605.29,104605.3,104576.81,104576.81,11.44403,1469.0
2025-06-01 05:23:00,104576.81,104576.82,104572.77,104572.77,4.44355,582.0
2025-06-01 05:24:00,104572.78,104572.78,104571.43,104571.43,3.61363,323.0
2025-06-01 05:25:00,104571.43,104597.63,104571.43,104597.63,7.80752,854.0
2025-06-01 05:26:00,104597.63,104597.63,104585.73,104585.74,2.13572,484.0
2025-06-01 05:27:00,104585.73,104585.74,104582.91,104582.91,0.614,192.0
2025-06-01 05:28:00,104582.91,104582.92,104582.91,104582.91,0.40194,111.0
2025-06-01 05:29:00,104582.91,104582.92,104572.85,104572.97,3.71389,366.0
2025-06-01 05:30:00,104572.97,104572.97,104572.96,104572.96,0.80385,215.0
2025-06-01 05:31:00,104572.96,104572.97,104572.96,104572.96,1.13759,170.0
2025-06-01 05:32:00,104572.96,104584.91,104572.96,104584.91,2.527,510.0
2025-06-01 05:33:00,104584.91,104584.91,104584.9,104584.91,1.00784,161.0
2025-06-01 05:34:00,104584.91,104584.91,104584.9,104584.91,0.6087,128.0
2025-06-01 05:35:00,104584.91,104612.84,104584.91,104612.84,2.04391,773.0
2025-06-01 05:36:00,104612.84,104630.63,104612.83,104630.63,0.58559,347.0
2025-06-01 05:37:00,104630.62,104630.63,104630.62,104630.63,0.51125,137.0
2025-06-01 05:38:00,104630.63,104630.63,104605.71,104605.72,3.32552,853.0
2025-06-01 05:39:00,104605.72,104605.72,104605.71,104605.72,0.35483,170.0
2025-06-01 05:40:00,104605.71,104605.72,104605.71,104605.72,1.06755,189.0
2025-06-01 05:41:00,104605.72,104605.72,104561.0,104561.0,3.65547,1515.0
2025-06-01 05:42:00,104561.0,104561.01,104537.73,104537.74,3.42276,1098.0
2025-06-01 05:43:00,104537.73,104537.74,104515.36,104515.36,5.1157,970.0
2025-06-01 05:44:00,104515.37,104520.29,104515.36,104520.28,2.3752,346.0
2025-06-01 05:45:00,104520.28,104520.29,104515.89,104515.9,1.56363,279.0
2025-06-01 05:46:00,104515.9,104515.9,104500.28,104500.28,2.07342,693.0
2025-06-01 05:47:00,104500.28,104500.29,104487.99,104487.99,2.56774,954.0
2025-06-01 05:48:00,104487.99,104488.0,104454.74,104454.74,5.12992,1347.0
2025-06-01 05:49:00,104454.74,104487.8,104450.0,104487.8,6.73394,1663.0
2025-06-01 05:50:00,104487.8,104487.8,104487.79,104487.8,0.43899,179.0
2025-06-01 05:51:00,104487.79,104516.52,104487.79,104516.51,2.28608,1063.0
2025-06-01 05:52:00,104516.52,104517.27,104516.51,104517.27,3.48552,381.0
2025-06-01 05:53:00,104517.27,104546.96,104517.26,104543.48,9.51375,1259.0
2025-06-01 05:54:00,104543.47,104543.48,104523.8,104536.57,2.96081,631.0
2025-06-01 05:55:00,104536.58,104536.58,104536.57,104536.57,0.54918,138.0
2025-06-01 05:56:00,104536.58,104536.58,104536.57,104536.57,0.52386,163.0
2025-06-01 05:57:00,104536.57,104536.58,104536.57,104536.57,0.53106,148.0
2025-06-01 05:58:00,104536.58,104536.58,104536.57,104536.57,0.80407,129.0
2025-06-01 05:59:00,104536.58,104536.58,104536.57,104536.57,0.20751,129.0
2025-06-01 06:00:00,104536.57,104536.58,104528.85,104528.85,2.48109,472.0
2025-06-01 06:01:00,104528.86,104528.86,104503.82,104503.82,2.20617,1051.0
2025-06-01 06:02:00,104503.83,104527.89,104500.0,104527.88,3.33488,876.0
2025-06-01 06:03:00,104527.88,104527.89,104493.17,104493.17,3.36232,1152.0
2025-06-01 06:04:00,104493.17,104493.18,104480.19,104480.19,2.36142,802.0
2025-06-01 06:05:00,104480.2,104480.2,104423.44,104436.02,10.8683,1736.0
2025-06-01 06:06:00,104436.02,104436.02,104417.29,104417.3,3.39706,1004.0
2025-06-01 06:07:00,104417.3,104452.16,104417.29,104452.15,5.44928,1014.0
2025-06-01 06:08:00,104452.15,104452.16,104411.98,104411.98,9.51304,653.0
2025-06-01 06:09:00,104411.99,104443.4,104411.98,104443.39,1.10386,767.0
2025-06-01 06:10:00,104443.4,104443.4,104406.4,104421.52,9.16662,1288.0
2025-06-01 06:11:00,104421.51,104421.52,104356.5,104368.16,15.64933,1917.0
2025-06-01 06:12:00,104368.15,104382.47,104356.95,104356.96,9.10264,1308.0
2025-06-01 06:13:00,104356.95,104356.96,104356.95,104356.96,1.81638,136.0
2025-06-01 06:14:00,104356.96,104365.33,104356.95,104365.33,1.97134,444.0
2025-06-01 06:15:00,104365.33,104373.86,104349.08,104349.09,7.82448,858.0
2025-06-01 06:16:00,104349.08,104349.09,104333.33,104343.65,6.02582,951.0
2025-06-01 06:17:00,104343.64,104343.65,104306.01,104306.02,3.9601,975.0
2025-06-01 06:18:00,104306.02,104306.02,104304.53,104304.54,2.80992,451.0
2025-06-01 06:19:00,104304.53,104304.54,104292.68,104292.68,4.19503,775.0
2025-06-01 06:20:00,104292.68,104292.69,104233.78,104239.4,16.98342,2932.0
2025-06-01 06:21:00,104239.39,104239.4,104195.12,104195.13,5.2069,1445.0
2025-06-01 06:22:00,104195.13,104239.02,104195.13,104239.02,5.98011,3373.0
2025-06-01 06:23:00,104239.02,104300.0,104239.01,104300.0,6.70194,3894.0
2025-06-01 06:24:00,104300.0,104300.0,104264.91,104264.92,5.67217,878.0
2025-06-01 06:25:00,104264.92,104331.46,104264.91,104331.45,4.15395,2111.0
2025-06-01 06:26:00,104331.46,104331.46,104317.58,104329.44,3.93914,758.0
2025-06-01 06:27:00,104329.44,104341.54,104329.43,104341.53,4.76405,843.0
2025-06-01 06:28:00,104341.53,104341.54,104313.75,104313.76,3.83266,900.0
2025-06-01 06:29:00,104313.76,104323.51,104311.07,104323.5,1.36399,653.0
2025-06-01 06:30:00,104323.5,104323.51,104323.5,104323.51,0.81494,269.0
2025-06-01 06:31:00,104323.51,104330.32,104323.5,104330.31,1.36472,306.0
2025-06-01 06:32:00,104330.31,104330.32,104323.78,104323.78,1.75136,336.0
2025-06-01 06:33:00,104323.78,104349.06,104323.78,104339.33,2.2476,1184.0
2025-06-01 06:34:00,104339.34,104339.34,104339.33,104339.33,0.34729,156.0
2025-06-01 06:35:00,104339.34,104382.99,104339.33,104382.98,8.05365,1734.0
2025-06-01 06:36:00,104382.99,104383.99,104368.59,104368.59,3.18707,654.0
2025-06-01 06:37:00,104368.59,104368.6,104345.1,104345.1,1.93814,810.0
2025-06-01 06:38:00,104345.11,104349.06,104342.13,104349.06,0.8326,449.0
2025-06-01 06:39:00,104349.06,104349.06,104349.05,104349.06,0.75302,169.0
2025-06-01 06:40:00,104349.06,104349.06,104340.12,104340.12,6.8541,443.0
2025-06-01 06:41:00,104340.12,104357.13,104340.12,104357.13,2.48054,586.0
2025-06-01 06:42:00,104357.12,104357.12,104346.91,104346.91,0.87071,220.0
2025-06-01 06:43:00,104346.92,104346.92,104346.91,104346.91,3.85138,148.0
2025-06-01 06:44:00,104346.92,104366.99,104346.92,104350.21,4.3147,1060.0
2025-06-01 06:45:00,104350.21,104358.24,104350.2,104358.24,0.71729,175.0
2025-06-01 06:46:00,104358.24,104358.24,104330.07,104330.07,4.26041,766.0
2025-06-01 06:47:00,104330.08,104330.08,104285.72,104285.72,4.42115,1946.0
2025-06-01 06:48:00,104285.72,104317.1,104274.29,104317.1,6.3933,1287.0
2025-06-01 06:49:00,104317.09,104340.8,104311.21,104333.33,4.33625,1076.0
2025-06-01 06:50:00,104333.33,104333.34,104315.35,104321.05,3.54227,911.0
2025-06-01 06:51:00,104321.05,104321.05,104298.66,104298.67,2.09872,1179.0
2025-06-01 06:52:00,104298.66,104298.67,104298.66,104298.67,0.64769,162.0
2025-06-01 06:53:00,104298.67,104325.05,104298.66,104325.04,3.87607,903.0
2025-06-01 06:54:00,104325.05,104325.05,104320.02,104320.02,1.07594,286.0
2025-06-01 06:55:00,104320.02,104320.02,104271.96,104271.97,3.89935,1558.0
2025-06-01 06:56:00,104271.96,104271.97,104255.4,104267.57,5.1907,1050.0
2025-06-01 06:57:00,104267.58,104267.58,104259.35,104264.52,0.89688,661.0
2025-06-01 06:58:00,104264.52,104264.53,104224.29,104243.91,6.94432,1786.0
2025-06-01 06:59:00,104243.91,104277.05,104243.9,104258.93,4.1015,1249.0
2025-06-01 07:00:00,104258.93,104258.93,104238.14,104238.15,1.34678,1020.0
2025-06-01 07:01:00,104238.14,104238.15,104223.18,104223.19,4.66742,1302.0
2025-06-01 07:02:00,104223.19,104232.03,104217.89,104218.16,2.72646,1124.0
2025-06-01 07:03:00,104218.16,104218.17,104207.54,104207.55,2.20804,655.0
2025-06-01 07:04:00,104207.55,104207.55,104207.54,104207.55,1.73879,175.0
2025-06-01 07:05:00,104207.55,104207.55,104207.54,104207.55,0.26782,138.0
2025-06-01 07:06:00,104207.55,104207.55,104207.54,104207.55,0.37404,147.0
2025-06-01 07:07:00,104207.55,104207.55,104207.54,104207.55,0.60919,137.0
2025-06-01 07:08:00,104207.55,104207.55,104202.48,104202.48,1.23142,356.0
2025-06-01 07:09:00,104202.49,104229.41,104202.48,104229.41,6.17951,952.0
2025-06-01 07:10:00,104229.41,104229.42,104229.4,104229.42,1.63738,422.0
2025-06-01 07:11:00,104229.42,104300.0,104229.41,104299.99,5.68781,1603.0
2025-06-01 07:12:00,104299.99,104321.42,104299.99,104314.69,6.61683,1091.0
2025-06-01 07:13:00,104314.68,104314.68,104309.33,104309.34,1.13054,257.0
2025-06-01 07:14:00,104309.34,104309.34,104301.95,104301.96,4.93997,487.0
2025-06-01 07:15:00,104301.96,104349.06,104301.96,104349.06,2.44625,1445.0
2025-06-01 07:16:00,104349.06,104358.74,104349.05,104358.73,2.69794,469.0
2025-06-01 07:17:00,104358.74,104370.38,104358.73,104370.38,1.78183,388.0
2025-06-01 07:18:00,104370.37,104370.38,104351.38,104351.38,2.0883,768.0
2025-06-01 07:19:00,104351.39,104351.39,104301.88,104301.88,4.88464,1253.0
2025-06-01 07:20:00,104301.89,104301.89,104254.73,104254.74,4.55439,1225.0
2025-06-01 07:21:00,104254.73,104269.37,104254.73,104269.36,8.21176,1015.0
2025-06-01 07:22:00,104269.37,104352.0,104269.37,104352.0,7.00239,1945.0
2025-06-01 07:23:00,104352.0,104358.29,104338.31,104338.31,4.48938,977.0
2025-06-01 07:24:00,104338.32,104338.32,104338.31,104338.31,0.82771,171.0
2025-06-01 07:25:00,104338.32,104338.32,104338.31,104338.32,1.10612,244.0
2025-06-01 07:26:00,104338.32,104338.32,104338.31,104338.32,0.82504,195.0
2025-06-01 07:27:00,104338.32,104338.32,104338.31,104338.32,1.22422,188.0
2025-06-01 07:28:00,104338.31,104338.32,104338.31,104338.32,0.96376,180.0
2025-06-01 07:29:00,104338.31,104341.47,104338.31,104341.46,4.17357,476.0
2025-06-01 07:30:00,104341.47,104349.06,104338.0,104338.0,3.63432,610.0
2025-06-01 07:31:00,104338.0,104338.01,104338.0,104338.01,1.15961,150.0
2025-06-01 07:32:00,104338.0,104338.01,104301.88,104301.88,2.08467,821.0
2025-06-01 07:33:00,104301.88,104337.4,104301.88,104337.27,5.45439,846.0
2025-06-01 07:34:00,104337.26,104344.42,104319.73,104331.29,5.71571,1394.0
2025-06-01 07:35:00,104331.29,104331.29,104309.52,104309.52,1.59335,754.0
2025-06-01 07:36:00,104309.52,104309.52,104270.59,104270.6,5.41522,1493.0
2025-06-01 07:37:00,104270.6,104270.6,104245.34,104260.06,13.72816,1156.0
2025-06-01 07:38:00,104260.06,104260.07,104260.06,104260.07,0.32683,131.0
2025-06-01 07:39:00,104260.07,104260.07,104260.06,104260.06,0.64535,158.0
2025-06-01 07:40:00,104260.06,104260.07,104222.9,104222.91,7.04172,1272.0
2025-06-01 07:41:00,104222.91,104230.25,104222.9,104230.24,1.74077,499.0
2025-06-01 07:42:00,104230.24,104243.07,104230.24,104243.07,3.40795,648.0
2025-06-01 07:43:00,104243.07,104243.07,104243.06,104243.06,0.86042,165.0
2025-06-01 07:44:00,104243.07,104243.07,104243.06,104243.07,1.16004,184.0
2025-06-01 07:45:00,104243.07,104267.56,104243.07,104267.56,13.94353,893.0
2025-06-01 07:46:00,104267.55,104267.56,104243.06,104243.07,1.57245,665.0
2025-06-01 07:47:00,104243.07,104243.07,104243.06,104243.06,0.86137,218.0
2025-06-01 07:48:00,104243.06,104243.07,104229.61,104229.61,1.68779,687.0
2025-06-01 07:49:00,104229.62,104263.67,104229.62,104254.06,3.79245,1294.0
2025-06-01 07:50:00,104254.05,104254.06,104236.87,104236.88,2.12074,682.0
2025-06-01 07:51:00,104236.88,104285.72,104236.87,104285.71,3.63899,1866.0
2025-06-01 07:52:00,104285.71,104285.72,104255.14,104266.78,2.17003,897.0
2025-06-01 07:53:00,104266.78,104277.97,104264.72,104264.72,5.7758,870.0
2025-06-01 07:54:00,104264.72,104285.71,104264.72,104285.71,3.06982,629.0
2025-06-01 07:55:00,104285.71,104296.93,104285.7,104296.93,1.59596,426.0
2025-06-01 07:56:00,104296.92,104296.93,104296.92,104296.93,0.62451,128.0
2025-06-01 07:57:00,104296.92,104296.93,104266.81,104266.82,5.58189,666.0
2025-06-01 07:58:00,104266.81,104275.95,104266.81,104275.95,1.84607,448.0
2025-06-01 07:59:00,104275.94,104275.95,104275.94,104275.95,0.43259,100.0
2025-06-01 08:00:00,104275.95,104298.25,104275.94,104286.88,4.02052,1552.0
2025-06-01 08:01:00,104286.88,104301.89,104286.87,104301.89,21.28264,1393.0
2025-06-01 08:02:00,104301.89,104310.82,104249.14,104249.15,14.87996,1846.0
2025-06-01 08:03:00,104249.14,104254.72,104220.7,104231.85,9.83206,1286.0
2025-06-01 08:04:00,104231.86,104231.86,104223.97,104223.97,0.3458,227.0
2025-06-01 08:05:00,104223.97,104223.98,104223.97,104223.98,0.75684,127.0
2025-06-01 08:06:00,104223.98,104254.72,104223.98,104244.22,5.08105,858.0
2025-06-01 08:07:00,104244.23,104273.78,104244.23,104256.3,3.50322,1214.0
2025-06-01 08:08:00,104256.29,104256.3,104248.84,104248.84,1.66123,264.0
2025-06-01 08:09:00,104248.84,104248.85,104229.32,104243.9,2.40286,842.0
2025-06-01 08:10:00,104243.9,104254.72,104243.9,104254.72,2.13734,460.0
2025-06-01 08:11:00,104254.71,104292.69,104254.71,104292.69,2.47898,1303.0
2025-06-01 08:12:00,104292.69,104299.99,104292.68,104299.98,1.90056,488.0
2025-06-01 08:13:00,104299.99,104299.99,104254.52,104264.11,5.65686,1626.0
2025-06-01 08:14:00,104264.1,104264.11,104254.71,104262.05,3.27275,513.0
2025-06-01 08:15:00,104262.47,104292.69,104262.47,104292.69,1.60754,652.0
2025-06-01 08:16:00,104292.68,104309.55,104270.64,104309.55,4.60879,1589.0
2025-06-01 08:17:00,104309.55,104309.55,104283.12,104283.12,4.08582,830.0
2025-06-01 08:18:00,104283.13,104293.15,104283.12,104293.15,1.81456,371.0
2025-06-01 08:19:00,104293.15,104307.38,104288.85,104288.85,2.54087,1007.0
2025-06-01 08:20:00,104288.43,104288.44,104272.58,104278.16,7.92944,625.0
2025-06-01 08:21:00,104278.17,104291.48,104278.16,104291.47,1.43002,657.0
2025-06-01 08:22:00,104291.47,104319.69,104291.47,104319.68,2.41276,1378.0
2025-06-01 08:23:00,104319.68,104319.69,104277.0,104277.01,6.84038,1111.0
2025-06-01 08:24:00,104277.0,104277.01,104272.58,104272.59,1.09167,274.0
2025-06-01 08:25:00,104272.59,104272.59,104272.58,104272.58,2.43627,194.0
2025-06-01 08:26:00,104272.59,104272.59,104243.57,104243.58,15.77777,1286.0
2025-06-01 08:27:00,104243.57,104243.58,104240.0,104240.0,1.38466,533.0
2025-06-01 08:28:00,104240.0,104301.89,104240.0,104301.89,9.11595,2356.0
2025-06-01 08:29:00,104301.89,104333.34,104287.64,104291.42,7.19394,1725.0
2025-06-01 08:30:00,104291.42,104291.42,104261.82,104267.03,4.67978,884.0
2025-06-01 08:31:00,104267.03,104332.31,104267.03,104321.2,3.77412,1579.0
2025-06-01 08:32:00,104321.21,104324.62,104293.8,104319.19,7.70297,1253.0
2025-06-01 08:33:00,104319.19,104333.34,104313.96,104333.34,1.77702,723.0
2025-06-01 08:34:00,104333.34,104333.34,104333.33,104333.34,2.24084,273.0
2025-06-01 08:35:00,104333.34,104333.34,104325.34,104325.34,3.14112,364.0
2025-06-01 08:36:00,104325.34,104325.35,104296.0,104296.0,2.57729,850.0
2025-06-01 08:37:00,104296.0,104301.89,104296.0,104301.89,3.73746,460.0
2025-06-01 08:38:00,104301.89,104325.34,104301.88,104325.34,2.01497,1110.0
2025-06-01 08:39:00,104325.34,104325.34,104317.84,104317.84,1.6032,321.0
2025-06-01 08:40:00,104317.84,104317.85,104317.84,104317.85,0.77024,139.0
2025-06-01 08:41:00,104317.85,104325.33,104317.84,104325.32,3.62899,601.0
2025-06-01 08:42:00,104325.32,104325.33,104325.32,104325.33,0.56015,157.0
2025-06-01 08:43:00,104325.33,104341.47,104325.32,104341.47,1.9621,571.0
2025-06-01 08:44:00,104341.46,104341.47,104341.46,104341.46,0.89245,197.0
2025-06-01 08:45:00,104341.47,104349.06,104341.46,104349.06,2.96688,332.0
2025-06-01 08:46:00,104349.05,104349.06,104336.89,104336.9,1.47128,477.0
2025-06-01 08:47:00,104336.9,104336.9,104336.89,104336.9,0.57251,148.0
2025-06-01 08:48:00,104336.9,104358.31,104315.53,104315.53,7.39934,1699.0
2025-06-01 08:49:00,104315.53,104315.54,104307.77,104307.77,1.63075,298.0
2025-06-01 08:50:00,104307.78,104307.78,104307.77,104307.77,0.90472,175.0
2025-06-01 08:51:00,104307.78,104325.74,104307.77,104325.74,4.76586,638.0
2025-06-01 08:52:00,104325.74,104332.26,104325.73,104332.25,1.84182,446.0
2025-06-01 08:53:00,104332.25,104332.26,104319.23,104319.24,2.73049,637.0
2025-06-01 08:54:00,104319.23,104319.24,104268.01,104288.89,6.87753,2060.0
2025-06-01 08:55:00,104288.89,104301.89,104288.88,104301.88,1.36077,496.0
2025-06-01 08:56:00,104301.89,104301.89,104291.67,104291.67,1.48154,535.0
2025-06-01 08:57:00,104291.68,104291.68,104291.67,104291.67,0.78922,116.0
2025-06-01 08:58:00,104291.67,104301.89,104291.67,104301.88,4.01526,453.0
2025-06-01 08:59:00,104301.89,104386.6,104301.88,104386.6,17.99458,2155.0
2025-06-01 09:00:00,104386.6,104443.4,104386.6,104434.94,8.91575,2821.0
2025-06-01 09:01:00,104434.94,104459.07,104434.93,104459.07,4.84212,791.0
2025-06-01 09:02:00,104459.07,104459.07,104411.35,104411.36,5.54446,1461.0
2025-06-01 09:03:00,104411.35,104411.36,104349.05,104357.6,6.70016,2195.0
2025-06-01 09:04:00,104357.6,104357.61,104309.13,104309.13,3.95503,1468.0
2025-06-01 09:05:00,104309.13,104309.14,104309.13,104309.13,0.52268,112.0
2025-06-01 09:06:00,104309.13,104331.87,104283.62,104283.63,5.1756,2234.0
2025-06-01 09:07:00,104283.62,104283.63,104254.71,104254.71,2.05929,963.0
2025-06-01 09:08:00,104254.71,104264.18,104221.77,104221.8,7.7982,1718.0
2025-06-01 09:09:00,104221.8,104221.8,104146.34,104178.04,23.16908,3500.0
2025-06-01 09:10:00,104178.03,104190.88,104162.53,104162.54,4.5315,1144.0
2025-06-01 09:11:00,104162.54,104195.03,104162.53,104181.01,3.34172,1347.0
2025-06-01 09:12:00,104181.01,104189.58,104178.09,104178.1,4.30962,763.0
2025-06-01 09:13:00,104178.1,104195.04,104178.09,104195.04,1.89894,790.0
2025-06-01 09:14:00,104195.03,104223.33,104195.03,104223.32,3.10661,731.0
2025-06-01 09:15:00,104223.32,104223.33,104152.39,104152.59,9.49633,2296.0
2025-06-01 09:16:00,104152.58,104186.1,104146.97,104186.09,4.51631,1290.0
2025-06-01 09:17:00,104186.1,104186.1,104088.36,104088.36,16.25391,5846.0
2025-06-01 09:18:00,104088.37,104120.0,104058.85,104058.86,18.72344,3973.0
2025-06-01 09:19:00,104058.85,104079.66,104054.55,104058.89,8.48408,2094.0
2025-06-01 09:20:00,104058.89,104079.66,104002.89,104065.67,23.09204,4719.0
2025-06-01 09:21:00,104065.68,104065.68,104000.0,104000.0,12.91737,4280.0
2025-06-01 09:22:00,104000.01,104047.62,104000.0,104031.29,12.23287,4079.0
2025-06-01 09:23:00,104031.3,104040.0,104005.8,104032.55,21.33418,1948.0
2025-06-01 09:24:00,104032.54,104091.57,104032.54,104083.31,6.20845,2082.0
2025-06-01 09:25:00,104083.31,104083.31,104043.97,104054.96,23.81491,1803.0
2025-06-01 09:26:00,104054.96,104088.11,104032.54,104064.09,21.60861,2663.0
2025-06-01 09:27:00,104064.09,104094.7,104042.73,104086.17,13.31739,1782.0
2025-06-01 09:28:00,104086.16,104086.17,104057.15,104066.03,4.19124,1510.0
2025-06-01 09:29:00,104066.04,104066.04,104032.54,104032.55,7.20688,1303.0
2025-06-01 09:30:00,104032.55,104032.55,103957.0,103957.0,24.79582,5252.0
2025-06-01 09:31:00,103957.0,103957.0,103892.89,103952.37,44.14141,5661.0
2025-06-01 09:32:00,103952.37,103952.37,103898.45,103898.46,8.89054,2552.0
2025-06-01 09:33:00,103898.45,103934.91,103850.02,103921.99,22.46005,3636.0
2025-06-01 09:34:00,103921.98,103921.99,103857.23,103857.24,9.08311,2765.0
2025-06-01 09:35:00,103857.24,103907.35,103857.23,103907.35,3.67137,1421.0
2025-06-01 09:36:00,103907.35,103943.5,103898.82,103898.82,6.16063,1735.0
2025-06-01 09:37:00,103898.82,103922.68,103896.61,103914.78,6.43182,1378.0
2025-06-01 09:38:00,103914.78,103943.38,103914.77,103941.19,3.64571,781.0
2025-06-01 09:39:00,103941.19,103941.19,103863.5,103892.94,7.92516,2370.0
2025-06-01 09:40:00,103892.94,103892.94,103856.48,103856.48,10.10589,1860.0
2025-06-01 09:41:00,103856.49,103856.49,103847.36,103847.36,7.00201,887.0
2025-06-01 09:42:00,103847.37,103900.0,103847.36,103899.99,12.244,2775.0
2025-06-01 09:43:00,103899.99,103900.0,103861.28,103862.46,9.07379,852.0
2025-06-01 09:44:00,103862.46,103887.84,103862.45,103887.84,4.58578,1243.0
2025-06-01 09:45:00,103887.83,103927.44,103852.06,103852.07,18.89602,1646.0
2025-06-01 09:46:00,103852.06,103868.3,103773.59,103811.46,22.74072,4240.0
2025-06-01 09:47:00,103811.46,103916.85,103752.49,103916.85,15.68016,16289.0
2025-06-01 09:48:00,103916.85,104009.42,103916.85,104009.41,17.36038,9351.0
2025-06-01 09:49:00,104009.41,104027.0,103948.0,103971.7,6.11721,3373.0
2025-06-01 09:50:00,103971.7,103993.48,103952.38,103952.39,5.09296,1950.0
2025-06-01 09:51:00,103952.39,103993.98,103952.38,103953.11,7.71348,2981.0
2025-06-01 09:52:00,103953.1,103953.11,103878.26,103880.29,7.63815,3383.0
2025-06-01 09:53:00,103880.29,103880.29,103811.73,103811.74,3.32614,2006.0
2025-06-01 09:54:00,103811.74,103830.19,103788.66,103788.67,3.39696,1244.0
2025-06-01 09:55:00,103788.66,103809.5,103762.43,103787.11,13.5065,2751.0
2025-06-01 09:56:00,103787.11,103841.67,103787.11,103811.96,12.06491,3378.0
2025-06-01 09:57:00,103811.96,103827.55,103795.83,103800.88,6.80533,2523.0
2025-06-01 09:58:00,103800.88,103834.5,103800.87,103834.5,8.16996,1216.0
2025-06-01 09:59:00,103834.5,103934.35,103807.65,103934.34,61.62432,3276.0
2025-06-01 10:00:00,103934.35,103992.79,103934.34,103992.79,4.08356,1310.0
2025-06-01 10:01:00,103992.79,104012.56,103992.78,104012.56,2.67369,588.0
2025-06-01 10:02:00,104012.56,104040.52,104012.54,104012.54,8.39281,1294.0
2025-06-01 10:03:00,104012.54,104012.55,103955.25,103985.89,7.59141,2373.0
2025-06-01 10:04:00,103985.9,103994.36,103952.38,103952.38,2.41057,1366.0
2025-06-01 10:05:00,103952.39,103952.39,103865.24,103889.16,6.33895,2930.0
2025-06-01 10:06:00,103889.16,103894.12,103864.28,103894.11,5.56266,1261.0
2025-06-01 10:07:00,103894.12,103906.09,103864.96,103890.59,5.93855,1509.0
2025-06-01 10:08:00,103890.59,103915.98,103882.17,103882.18,6.52965,1959.0
2025-06-01 10:09:00,103882.18,103905.08,103857.14,103893.15,6.68447,2143.0
2025-06-01 10:10:00,103893.15,103935.95,103893.14,103935.95,3.16365,1210.0
2025-06-01 10:11:00,103935.95,103963.26,103935.94,103963.25,9.28796,1899.0
2025-06-01 10:12:00,103963.25,103984.41,103951.58,103951.58,6.90253,1803.0
2025-06-01 10:13:00,103951.59,103958.95,103951.58,103958.95,4.88478,489.0
2025-06-01 10:14:00,103958.94,103971.54,103958.94,103971.53,4.05632,706.0
2025-06-01 10:15:00,103971.54,103971.54,103942.18,103955.6,6.66277,1435.0
2025-06-01 10:16:00,103955.61,103964.14,103918.05,103964.14,11.16908,1962.0
2025-06-01 10:17:00,103964.14,103977.14,103900.0,103900.0,5.11037,2332.0
2025-06-01 10:18:00,103900.01,103944.69,103900.01,103944.69,4.10855,1378.0
2025-06-01 10:19:00,103944.69,103944.69,103928.27,103933.52,2.6895,1111.0
2025-06-01 10:20:00,103933.51,103987.3,103933.51,103987.3,3.71407,1285.0
2025-06-01 10:21:00,103987.3,104007.29,103983.3,104007.29,9.96874,1047.0
2025-06-01 10:22:00,104007.29,104007.29,104000.0,104000.0,4.75765,427.0
2025-06-01 10:23:00,104000.0,104000.01,103912.16,103912.17,6.87928,1806.0
2025-06-01 10:24:00,103912.17,103919.91,103896.14,103900.0,4.36092,1299.0
2025-06-01 10:25:00,103899.99,103958.5,103899.99,103958.49,9.22993,2283.0
2025-06-01 10:26:00,103958.49,103971.7,103958.49,103971.7,2.95741,690.0
2025-06-01 10:27:00,103971.7,103978.31,103969.17,103969.18,2.113,975.0
2025-06-01 10:28:00,103969.18,103969.18,103952.71,103952.72,2.66597,626.0
2025-06-01 10:29:00,103952.71,103952.72,103928.82,103928.83,1.11416,756.0
2025-06-01 10:30:00,103928.83,103952.02,103928.82,103950.98,4.1833,1545.0
2025-06-01 10:31:00,103950.99,103950.99,103924.92,103935.03,3.54269,883.0
2025-06-01 10:32:00,103935.03,103937.1,103924.52,103937.1,4.40398,800.0
2025-06-01 10:33:00,103937.1,103937.1,103856.61,103877.36,9.91737,2544.0
2025-06-01 10:34:00,103877.36,103877.36,103860.38,103860.39,3.22457,605.0
2025-06-01 10:35:00,103860.39,103873.48,103860.38,103873.47,2.15934,421.0
2025-06-01 10:36:00,103873.47,103888.54,103863.4,103878.57,5.71213,1144.0
2025-06-01 10:37:00,103878.57,103878.57,103805.22,103818.94,12.70772,2401.0
2025-06-01 10:38:00,103818.93,103830.18,103818.93,103818.95,3.23205,648.0
2025-06-01 10:39:00,103818.94,103818.94,103783.5,103795.41,4.52919,1280.0
2025-06-01 10:40:00,103795.4,103813.05,103795.4,103799.84,2.79373,1291.0
2025-06-01 10:41:00,103799.84,103799.84,103783.01,103783.02,3.74888,678.0
2025-06-01 10:42:00,103783.01,103796.27,103773.69,103796.26,6.04397,1002.0
2025-06-01 10:43:00,103796.27,103830.19,103796.27,103830.19,5.7182,1925.0
2025-06-01 10:44:00,103830.18,103830.19,103819.38,103819.39,1.96279,537.0
2025-06-01 10:45:00,103819.39,103830.19,103809.54,103830.19,4.56669,961.0
2025-06-01 10:46:00,103830.19,103847.13,103825.96,103828.04,7.0419,1157.0
2025-06-01 10:47:00,103828.04,103863.51,103828.03,103863.51,2.9608,853.0
2025-06-01 10:48:00,103863.51,103880.26,103863.5,103869.65,4.49049,759.0
2025-06-01 10:49:00,103869.64,103869.65,103805.48,103805.48,5.25381,1916.0
2025-06-01 10:50:00,103805.48,103825.99,103805.48,103825.24,10.05405,1410.0
2025-06-01 10:51:00,103825.24,103825.25,103820.03,103820.04,0.85446,276.0
2025-06-01 10:52:00,103820.04,103868.96,103820.03,103868.95,2.73691,1282.0
2025-06-01 10:53:00,103868.95,103888.58,103868.95,103888.58,2.28272,818.0
2025-06-01 10:54:00,103888.57,103888.58,103850.54,103850.54,3.44748,1086.0
2025-06-01 10:55:00,103850.54,103881.07,103843.01,103881.07,8.38673,1115.0
2025-06-01 10:56:00,103881.07,103882.45,103870.34,103882.44,5.37725,705.0
2025-06-01 10:57:00,103882.44,103882.45,103882.44,103882.45,1.28945,196.0
2025-06-01 10:58:00,103882.44,103904.77,103882.44,103904.77,4.68525,698.0
2025-06-01 10:59:00,103904.77,103930.99,103904.76,103930.99,2.81967,909.0
2025-06-01 11:00:00,103930.98,103930.99,103904.76,103922.41,3.43058,1062.0
2025-06-01 11:01:00,103922.41,103922.41,103915.17,103915.18,3.05799,504.0
2025-06-01 11:02:00,103915.18,103915.18,103890.04,103890.05,3.45149,1013.0
2025-06-01 11:03:00,103890.04,103890.05,103870.6,103870.6,2.06214,819.0
2025-06-01 11:04:00,103870.61,103870.61,103850.55,103858.66,2.07153,1380.0
2025-06-01 11:05:00,103858.65,103871.9,103858.65,103871.9,1.44032,326.0
2025-06-01 11:06:00,103871.9,103954.75,103871.9,103949.95,7.57491,2214.0
2025-06-01 11:07:00,103949.94,103953.03,103939.85,103953.02,2.363,484.0
2025-06-01 11:08:00,103953.03,103953.03,103888.3,103916.8,15.58081,2516.0
2025-06-01 11:09:00,103916.81,103916.81,103877.94,103877.94,2.44043,1103.0
2025-06-01 11:10:00,103877.95,103877.95,103845.46,103859.7,3.76616,1395.0
2025-06-01 11:11:00,103859.69,103873.97,103859.69,103873.96,1.73652,524.0
2025-06-01 11:12:00,103873.97,103889.43,103873.96,103889.42,3.56877,569.0
2025-06-01 11:13:00,103889.42,103889.42,103881.14,103881.15,1.79855,413.0
2025-06-01 11:14:00,103881.14,103881.15,103863.2,103863.2,0.7069,499.0
2025-06-01 11:15:00,103863.21,103887.97,103863.2,103887.97,1.73934,724.0
2025-06-01 11:16:00,103887.97,103921.86,103887.96,103921.85,3.08877,1388.0
2025-06-01 11:17:00,103921.85,103954.12,103921.85,103954.12,3.38561,1346.0
2025-06-01 11:18:00,103954.12,103993.07,103954.11,103993.07,7.07135,1412.0
2025-06-01 11:19:00,103993.07,103993.07,103993.06,103993.06,1.28258,260.0
2025-06-01 11:20:00,103993.07,104030.8,103993.06,104030.8,3.56686,1047.0
2025-06-01 11:21:00,104030.8,104030.8,104019.14,104019.14,5.18845,539.0
2025-06-01 11:22:00,104019.14,104019.15,103991.37,103991.38,5.39119,1172.0
2025-06-01 11:23:00,103991.37,103998.99,103991.37,103991.39,1.25925,405.0
2025-06-01 11:24:00,103991.39,104031.43,103991.38,104024.55,5.71511,937.0
2025-06-01 11:25:00,104024.55,104024.55,104024.54,104024.55,0.30915,110.0
2025-06-01 11:26:00,104024.55,104024.55,104024.54,104024.55,0.4744,119.0
2025-06-01 11:27:00,104024.55,104060.47,104024.54,104052.08,6.90031,1300.0
2025-06-01 11:28:00,104052.09,104052.09,104052.08,104052.09,0.35608,119.0
2025-06-01 11:29:00,104052.08,104058.48,104052.08,104058.48,1.42587,257.0
2025-06-01 11:30:00,104058.48,104058.48,104008.11,104026.38,9.36912,1707.0
2025-06-01 11:31:00,104027.02,104060.46,104027.02,104060.46,2.8892,1317.0
2025-06-01 11:32:00,104060.46,104066.04,104050.58,104052.1,2.94702,769.0
2025-06-01 11:33:00,104052.1,104052.1,104021.92,104021.93,4.33569,799.0
2025-06-01 11:34:00,104021.93,104033.83,104021.92,104033.82,10.83922,941.0
2025-06-01 11:35:00,104033.83,104100.01,104033.82,104100.0,9.85683,2649.0
2025-06-01 11:36:00,104100.0,104103.63,104048.92,104097.38,29.12004,3252.0
2025-06-01 11:37:00,104097.37,104097.38,104022.66,104022.67,10.59818,2181.0
2025-06-01 11:38:00,104022.66,104022.67,104000.0,104000.01,3.59504,876.0
2025-06-01 11:39:00,104000.01,104018.86,104000.0,104018.85,1.86378,470.0
2025-06-01 11:40:00,104018.86,104079.95,104018.85,104057.03,18.22852,1024.0
2025-06-01 11:41:00,104057.02,104152.24,104057.02,104108.82,29.94573,3532.0
2025-06-01 11:42:00,104108.82,104108.83,104108.82,104108.82,1.00064,195.0
2025-06-01 11:43:00,104108.83,104113.21,104108.82,104113.2,1.49483,309.0
2025-06-01 11:44:00,104113.21,104120.99,104113.2,104120.99,2.2442,479.0
2025-06-01 11:45:00,104120.99,104132.79,104120.98,104132.79,3.71791,475.0
2025-06-01 11:46:00,104132.78,104136.45,104122.37,104122.37,1.59631,581.0
2025-06-01 11:47:00,104122.38,104136.41,104122.37,104136.41,1.0505,400.0
2025-06-01 11:48:00,104136.41,104136.41,104136.4,104136.41,1.38102,194.0
2025-06-01 11:49:00,104136.41,104136.41,104122.91,104122.92,5.09196,762.0
2025-06-01 11:50:00,104122.92,104122.92,104113.95,104113.96,1.63789,436.0
2025-06-01 11:51:00,104113.96,104124.36,104113.95,104124.35,9.14451,736.0
2025-06-01 11:52:00,104124.36,104124.36,104110.88,104110.88,1.30849,461.0
2025-06-01 11:53:00,104110.89,104110.89,104103.76,104103.77,1.23676,514.0
2025-06-01 11:54:00,104103.76,104108.0,104082.69,104082.7,2.99569,1201.0
2025-06-01 11:55:00,104082.69,104082.7,104082.69,104082.69,0.42283,137.0
2025-06-01 11:56:00,104082.69,104082.7,104073.06,104073.07,3.51951,744.0
2025-06-01 11:57:00,104073.06,104073.07,104072.96,104072.96,2.13082,384.0
2025-06-01 11:58:00,104072.96,104082.68,104053.32,104082.67,9.82892,1337.0
2025-06-01 11:59:00,104082.67,104082.68,104082.67,104082.68,0.87895,132.0
2025-06-01 12:00:00,104082.67,104101.29,104082.67,104087.85,3.85293,1218.0
2025-06-01 12:01:00,104087.86,104093.5,104087.85,104093.5,2.70424,342.0
2025-06-01 12:02:00,104093.5,104117.33,104093.5,104113.19,9.74953,2012.0
2025-06-01 12:03:00,104113.2,104113.2,104066.03,104066.04,12.05677,1724.0
2025-06-01 12:04:00,104066.04,104066.04,104053.48,104066.04,14.27658,1102.0
2025-06-01 12:05:00,104066.03,104078.94,104050.0,104058.18,11.12408,1477.0
2025-06-01 12:06:00,104058.19,104058.19,104050.0,104050.01,4.57478,404.0
2025-06-01 12:07:00,104050.0,104050.01,104040.61,104040.61,4.71759,409.0
2025-06-01 12:08:00,104040.62,104040.62,104040.61,104040.61,1.75606,181.0
2025-06-01 12:09:00,104040.61,104082.39,104040.61,104082.39,4.67745,908.0
2025-06-01 12:10:00,104082.38,104124.33,104082.38,104124.32,2.58452,1203.0
2025-06-01 12:11:00,104124.32,104142.86,104124.32,104142.86,2.33247,726.0
2025-06-01 12:12:00,104142.86,104164.89,104142.83,104164.89,4.60129,1139.0
2025-06-01 12:13:00,104164.89,104190.48,104164.89,104190.47,2.99003,910.0
2025-06-01 12:14:00,104190.47,104190.48,104175.17,104175.17,8.65294,931.0
2025-06-01 12:15:00,104175.18,104188.51,104168.77,104183.01,10.85347,1343.0
2025-06-01 12:16:00,104183.01,104183.01,104173.27,104173.27,1.55772,321.0
2025-06-01 12:17:00,104173.27,104173.28,104173.27,104173.27,0.50624,150.0
2025-06-01 12:18:00,104173.27,104173.28,104113.2,104113.21,4.67852,1283.0
2025-06-01 12:19:00,104113.2,104131.98,104100.29,104131.98,5.32,1016.0
2025-06-01 12:20:00,104131.98,104149.44,104129.11,104129.11,5.31486,1423.0
2025-06-01 12:21:00,104129.11,104129.12,104101.01,104101.02,5.63972,741.0
2025-06-01 12:22:00,104101.02,104101.02,104066.03,104066.03,5.29863,1280.0
2025-06-01 12:23:00,104066.04,104066.04,104048.78,104048.78,3.82087,330.0
2025-06-01 12:24:00,104048.79,104048.79,104019.39,104019.4,9.15258,760.0
2025-06-01 12:25:00,104019.4,104036.62,104018.86,104036.61,3.51688,510.0
2025-06-01 12:26:00,104036.62,104058.86,104036.61,104058.86,2.68312,723.0
2025-06-01 12:27:00,104058.86,104058.86,104026.81,104026.81,5.89617,907.0
2025-06-01 12:28:00,104026.82,104026.82,104019.16,104019.17,3.58529,275.0
2025-06-01 12:29:00,104019.16,104048.79,104003.81,104048.79,12.09281,1585.0
2025-06-01 12:30:00,104048.79,104054.33,104048.78,104054.33,1.14166,638.0
2025-06-01 12:31:00,104054.32,104054.33,104034.16,104036.82,2.90183,940.0
2025-06-01 12:32:00,104036.35,104040.01,104012.0,104012.0,4.64356,747.0
2025-06-01 12:33:00,104012.01,104012.01,103903.1,103903.12,21.37853,2394.0
2025-06-01 12:34:00,103903.11,103903.12,103863.5,103891.68,15.17674,2305.0
2025-06-01 12:35:00,103891.68,103891.69,103783.01,103794.18,34.51572,3464.0
2025-06-01 12:36:00,103794.58,103844.0,103794.57,103834.99,4.91599,1067.0
2025-06-01 12:37:00,103834.98,103834.99,103816.27,103816.28,2.31586,592.0
2025-06-01 12:38:00,103816.28,103874.67,103816.27,103859.41,9.31935,2071.0
2025-06-01 12:39:00,103859.42,103904.77,103859.42,103904.76,4.33381,1432.0
2025-06-01 12:40:00,103904.77,103923.12,103904.76,103923.12,5.28285,653.0
2025-06-01 12:41:00,103923.12,103953.64,103923.11,103953.64,2.18246,847.0
2025-06-01 12:42:00,103953.63,103978.89,103953.63,103978.89,2.9061,631.0
2025-06-01 12:43:00,103978.88,103978.89,103915.48,103923.33,7.09446,1721.0
2025-06-01 12:44:00,103923.34,103952.63,103923.33,103942.1,2.71089,1249.0
2025-06-01 12:45:00,103942.1,103942.1,103910.86,103936.81,2.9902,1023.0
2025-06-01 12:46:00,103936.81,103953.8,103909.35,103909.35,2.31604,1636.0
2025-06-01 12:47:00,103909.36,103924.53,103877.35,103924.52,6.57582,1781.0
2025-06-01 12:48:00,103924.52,103924.53,103871.27,103871.28,11.44522,1036.0
2025-06-01 12:49:00,103871.27,103871.28,103859.61,103870.09,2.56136,736.0
2025-06-01 12:50:00,103870.08,103897.36,103857.17,103897.35,5.75937,1452.0
2025-06-01 12:51:00,103897.36,103939.99,103897.36,103939.99,2.88178,880.0
2025-06-01 12:52:00,103939.99,103966.8,103939.99,103952.47,3.24419,1014.0
2025-06-01 12:53:00,103952.48,103952.48,103888.35,103888.35,2.55641,1505.0
2025-06-01 12:54:00,103888.35,103891.86,103877.35,103889.82,6.75604,1283.0
2025-06-01 12:55:00,103889.82,103952.37,103889.82,103952.36,3.31185,1127.0
2025-06-01 12:56:00,103952.37,103952.37,103952.36,103952.36,1.14128,206.0
2025-06-01 12:57:00,103952.36,103966.79,103952.36,103966.79,2.77422,454.0
2025-06-01 12:58:00,103966.79,103966.79,103943.99,103956.2,4.91006,943.0
2025-06-01 12:59:00,103956.21,103966.61,103956.2,103956.26,3.46896,660.0
2025-06-01 13:00:00,103956.25,103966.57,103956.25,103966.56,6.5257,464.0
2025-06-01 13:01:00,103966.57,103966.57,103956.71,103956.72,1.90932,662.0
2025-06-01 13:02:00,103956.72,103965.59,103956.71,103965.58,3.18302,458.0
2025-06-01 13:03:00,103965.58,103970.84,103951.61,103951.62,4.97502,872.0
2025-06-01 13:04:00,103951.62,103951.62,103951.61,103951.62,2.87539,183.0
2025-06-01 13:05:00,103951.61,103987.14,103951.61,103987.14,3.60219,1035.0
2025-06-01 13:06:00,103987.13,104029.27,103987.13,104029.27,7.91259,1552.0
2025-06-01 13:07:00,104029.27,104029.27,104029.26,104029.27,1.04571,126.0
2025-06-01 13:08:00,104029.27,104079.89,104029.26,104079.88,5.36659,1570.0
2025-06-01 13:09:00,104079.89,104095.19,104068.44,104095.19,7.23532,1186.0
2025-06-01 13:10:00,104095.18,104143.09,104095.18,104137.65,14.06907,2090.0
2025-06-01 13:11:00,104137.66,104152.82,104137.65,104152.82,5.04263,1079.0
2025-06-01 13:12:00,104152.81,104152.82,104152.81,104152.81,1.25642,225.0
2025-06-01 13:13:00,104152.82,104238.03,104152.81,104225.08,10.85575,3147.0
2025-06-01 13:14:00,104225.09,104225.09,104225.08,104225.09,4.7308,343.0
2025-06-01 13:15:00,104225.08,104237.89,104210.15,104210.15,4.45548,1293.0
2025-06-01 13:16:00,104210.15,104323.06,104210.15,104323.05,7.41846,3598.0
2025-06-01 13:17:00,104323.05,104356.7,104323.05,104334.1,8.88535,1931.0
2025-06-01 13:18:00,104334.1,104334.1,104268.46,104292.28,11.72551,2037.0
2025-06-01 13:19:00,104292.28,104348.91,104292.28,104348.9,4.09012,1524.0
2025-06-01 13:20:00,104348.9,104356.7,104308.65,104308.65,9.24248,1727.0
2025-06-01 13:21:00,104308.66,104318.38,104308.65,104308.68,3.71419,898.0
2025-06-01 13:22:00,104308.67,104308.68,104270.06,104286.97,10.43711,2135.0
2025-06-01 13:23:00,104286.97,104318.34,104286.97,104292.71,8.00754,1653.0
2025-06-01 13:24:00,104292.71,104292.72,104230.16,104230.16,8.0217,3837.0
2025-06-01 13:25:00,104230.17,104243.89,104226.34,104226.35,3.10209,1062.0
2025-06-01 13:26:00,104226.35,104230.85,104226.34,104230.84,2.39326,413.0
2025-06-01 13:27:00,104230.85,104230.85,104214.59,104214.6,2.03652,768.0
2025-06-01 13:28:00,104214.59,104214.59,104180.35,104180.35,4.9078,2054.0
2025-06-01 13:29:00,104180.35,104189.58,104180.35,104189.58,1.79819,363.0
2025-06-01 13:30:00,104189.58,104189.58,104173.05,104189.57,2.94181,868.0
2025-06-01 13:31:00,104189.58,104226.15,104189.57,104226.14,3.56368,997.0
2025-06-01 13:32:00,104226.15,104272.77,104226.14,104249.19,5.48725,1932.0
2025-06-01 13:33:00,104249.19,104249.2,104227.74,104234.68,2.95441,1311.0
2025-06-01 13:34:00,104234.68,104267.49,104234.67,104254.71,3.04023,976.0
2025-06-01 13:35:00,104254.71,104270.0,104240.01,104240.01,3.20318,1192.0
2025-06-01 13:36:00,104240.01,104254.72,104234.42,104234.43,2.75357,1355.0
2025-06-01 13:37:00,104234.42,104249.87,104226.21,104249.87,2.54765,991.0
2025-06-01 13:38:00,104249.87,104254.72,104249.86,104250.01,1.06348,435.0
2025-06-01 13:39:00,104250.01,104253.72,104235.0,104253.72,6.0728,1101.0
2025-06-01 13:40:00,104253.72,104301.88,104253.72,104301.87,10.55547,1408.0
2025-06-01 13:41:00,104301.87,104301.89,104287.7,104301.88,5.29133,735.0
2025-06-01 13:42:00,104301.89,104323.09,104301.88,104323.08,4.99556,636.0
2025-06-01 13:43:00,104323.09,104333.34,104323.08,104332.72,6.57089,459.0
2025-06-01 13:44:00,104332.73,104332.73,104313.09,104328.44,4.92749,986.0
2025-06-01 13:45:00,104328.45,104328.45,104314.94,104314.95,2.97548,717.0
2025-06-01 13:46:00,104314.94,104339.34,104314.94,104339.33,1.77302,865.0
2025-06-01 13:47:00,104339.33,104389.68,104306.65,104383.19,25.09987,2644.0
2025-06-01 13:48:00,104383.19,104424.64,104383.18,104383.52,6.47022,2908.0
2025-06-01 13:49:00,104383.52,104396.23,104321.18,104321.18,7.06023,2604.0
2025-06-01 13:50:00,104321.18,104349.06,104310.04,104325.58,6.62065,1784.0
2025-06-01 13:51:00,104325.59,104349.05,104325.58,104340.88,3.32332,854.0
2025-06-01 13:52:00,104340.89,104340.89,104301.88,104301.89,5.16033,891.0
2025-06-01 13:53:00,104301.88,104301.89,104292.68,104292.68,1.90828,456.0
2025-06-01 13:54:00,104292.69,104292.69,104292.68,104292.69,1.29876,274.0
2025-06-01 13:55:00,104292.68,104292.69,104292.68,104292.69,1.35196,279.0
2025-06-01 13:56:00,104292.69,104292.69,104282.25,104291.78,9.14638,924.0
2025-06-01 13:57:00,104291.78,104291.79,104268.61,104268.61,4.88693,912.0
2025-06-01 13:58:00,104268.61,104268.61,104248.8,104248.8,4.1503,626.0
2025-06-01 13:59:00,104248.8,104259.2,104248.8,104259.2,5.13031,534.0
2025-06-01 14:00:00,104259.19,104292.69,104259.19,104292.69,2.89989,1111.0
2025-06-01 14:01:00,104292.69,104349.06,104292.68,104349.06,9.91496,2369.0
2025-06-01 14:02:00,104349.06,104377.55,104349.05,104357.53,4.43083,1474.0
2025-06-01 14:03:00,104357.53,104413.1,104357.53,104405.16,8.04605,1416.0
2025-06-01 14:04:00,104405.17,104414.06,104380.95,104414.05,11.72709,1329.0
2025-06-01 14:05:00,104414.05,104415.33,104385.9,104415.32,14.68381,1608.0
2025-06-01 14:06:00,104415.32,104566.0,104415.32,104530.16,40.04609,5841.0
2025-06-01 14:07:00,104530.16,104530.17,104492.2,104528.0,11.89181,1580.0
2025-06-01 14:08:00,104527.99,104542.23,104500.54,104519.16,8.55333,2015.0
2025-06-01 14:09:00,104519.15,104532.48,104519.15,104532.47,4.28046,707.0
2025-06-01 14:10:00,104532.47,104571.43,104524.16,104569.07,11.52495,1794.0
2025-06-01 14:11:00,104569.07,104670.16,104569.07,104670.15,18.75444,3351.0
2025-06-01 14:12:00,104670.15,104670.16,104537.74,104537.74,13.08953,3728.0
2025-06-01 14:13:00,104537.74,104537.74,104513.66,104513.66,4.51906,1297.0
2025-06-01 14:14:00,104513.66,104513.67,104490.56,104490.57,4.48587,738.0
2025-06-01 14:15:00,104490.57,104614.63,104490.56,104557.36,18.4676,4846.0
2025-06-01 14:16:00,104557.35,104602.1,104557.35,104602.09,6.2938,1346.0
2025-06-01 14:17:00,104602.1,104651.25,104602.09,104651.24,32.95296,2338.0
2025-06-01 14:18:00,104651.25,104663.53,104620.0,104620.0,13.17982,1555.0
2025-06-01 14:19:00,104620.0,104673.84,104615.21,104673.83,32.40264,1657.0
2025-06-01 14:20:00,104673.84,104714.29,104636.0,104636.0,22.25568,3250.0
2025-06-01 14:21:00,104636.01,104647.16,104619.66,104630.79,8.77124,1495.0
2025-06-01 14:22:00,104630.79,104682.92,104630.78,104648.08,7.34554,1731.0
2025-06-01 14:23:00,104648.09,104687.68,104648.09,104661.68,20.07572,2436.0
2025-06-01 14:24:00,104661.67,104661.67,104624.99,104639.19,10.64307,2251.0
2025-06-01 14:25:00,104639.19,104679.25,104639.18,104672.49,15.06164,2193.0
2025-06-01 14:26:00,104672.49,104679.25,104667.47,104667.48,6.92781,628.0
2025-06-01 14:27:00,104667.48,104676.07,104654.2,104655.01,9.708,1604.0
2025-06-01 14:28:00,104655.02,104697.75,104642.04,104660.08,23.29143,3586.0
2025-06-01 14:29:00,104660.08,104700.0,104660.08,104670.17,18.29077,2021.0
2025-06-01 14:30:00,104670.18,104695.3,104634.52,104634.53,21.47333,3081.0
2025-06-01 14:31:00,104634.52,104695.43,104615.04,104695.42,14.94784,2750.0
2025-06-01 14:32:00,104695.42,104706.88,104682.93,104706.87,16.34649,1463.0
2025-06-01 14:33:00,104706.87,104708.43,104706.86,104706.86,15.27986,945.0
2025-06-01 14:34:00,104706.87,104706.87,104680.5,104680.5,10.60169,2022.0
2025-06-01 14:35:00,104680.51,104680.51,104631.5,104660.3,9.28363,2103.0
2025-06-01 14:36:00,104660.3,104676.19,104645.85,104669.79,6.13665,1849.0
2025-06-01 14:37:00,104669.79,104696.77,104640.68,104696.77,17.39044,2407.0
2025-06-01 14:38:00,104696.77,104741.54,104696.76,104726.42,12.21415,2758.0
2025-06-01 14:39:00,104726.42,104726.42,104700.66,104700.75,6.99815,1125.0
2025-06-01 14:40:00,104700.75,104700.76,104642.79,104642.8,9.69448,2977.0
2025-06-01 14:41:00,104642.79,104642.8,104589.17,104589.17,33.60845,2100.0
2025-06-01 14:42:00,104589.18,104640.58,104589.17,104623.8,11.37862,1528.0
2025-06-01 14:43:00,104623.8,104657.01,104623.8,104657.0,3.52386,818.0
2025-06-01 14:44:00,104657.01,104689.45,104657.0,104682.93,6.31852,1342.0
2025-06-01 14:45:00,104682.92,104713.19,104672.15,104713.19,12.44522,1117.0
2025-06-01 14:46:00,104713.19,104773.59,104695.06,104773.58,18.65221,2724.0
2025-06-01 14:47:00,104773.59,104773.59,104613.9,104618.18,22.01092,7915.0
2025-06-01 14:48:00,104618.18,104659.04,104596.18,104659.04,10.914,2400.0
2025-06-01 14:49:00,104659.03,104679.25,104613.9,104613.9,9.21979,3420.0
2025-06-01 14:50:00,104613.9,104626.38,104613.09,104613.1,8.09816,1508.0
2025-06-01 14:51:00,104613.09,104613.1,104564.71,104596.92,17.7487,1990.0
2025-06-01 14:52:00,104596.93,104616.8,104586.46,104616.79,20.81515,1960.0
2025-06-01 14:53:00,104616.8,104646.88,104616.79,104646.88,3.0947,810.0
2025-06-01 14:54:00,104646.88,104658.6,104625.9,104625.9,12.66559,2160.0
2025-06-01 14:55:00,104625.9,104627.34,104613.73,104627.33,4.19418,704.0
2025-06-01 14:56:00,104627.34,104656.02,104627.33,104648.13,9.28916,1231.0
2025-06-01 14:57:00,104648.12,104648.13,104628.39,104628.4,4.65047,821.0
2025-06-01 14:58:00,104628.39,104628.4,104607.2,104607.21,9.91081,1096.0
2025-06-01 14:59:00,104607.21,104607.21,104599.68,104599.7,9.27308,438.0
2025-06-01 15:00:00,104599.7,104617.35,104599.69,104617.35,2.46455,676.0
2025-06-01 15:01:00,104617.35,104648.12,104601.81,104603.15,8.60727,1824.0
2025-06-01 15:02:00,104603.14,104632.08,104585.36,104628.79,7.52714,2669.0
2025-06-01 15:03:00,104628.78,104633.92,104628.78,104633.92,2.33211,578.0
2025-06-01 15:04:00,104633.92,104652.16,104633.91,104652.16,1.85405,767.0
2025-06-01 15:05:00,104652.16,104652.16,104540.59,104540.6,28.37557,3060.0
2025-06-01 15:06:00,104540.6,104562.05,104502.99,104562.05,18.96932,2312.0
2025-06-01 15:07:00,104562.04,104562.05,104531.95,104541.99,7.77443,1133.0
2025-06-01 15:08:00,104541.99,104561.96,104539.94,104549.52,3.97686,1113.0
2025-06-01 15:09:00,104549.52,104584.91,104549.51,104584.91,6.12385,1004.0
2025-06-01 15:10:00,104584.91,104584.91,104584.9,104584.91,0.44537,149.0
2025-06-01 15:11:00,104584.91,104584.91,104571.42,104571.43,4.52327,692.0
2025-06-01 15:12:00,104571.42,104571.43,104551.16,104551.16,2.31269,585.0
2025-06-01 15:13:00,104551.16,104551.17,104525.33,104525.33,3.07653,1327.0
2025-06-01 15:14:00,104525.34,104537.74,104525.33,104537.73,2.00035,694.0
2025-06-01 15:15:00,104537.74,104537.74,104537.73,104537.74,0.88852,183.0
2025-06-01 15:16:00,104537.73,104552.03,104537.73,104552.03,3.81065,484.0
2025-06-01 15:17:00,104552.03,104607.37,104552.03,104606.91,4.39041,1004.0
2025-06-01 15:18:00,104606.92,104718.07,104606.91,104714.29,18.32554,3304.0
2025-06-01 15:19:00,104714.28,104714.29,104695.57,104710.01,6.32314,1127.0
2025-06-01 15:20:00,104710.0,104726.08,104710.0,104718.08,2.60201,789.0
2025-06-01 15:21:00,104718.07,104718.08,104680.67,104701.1,6.6579,1597.0
2025-06-01 15:22:00,104701.1,104706.75,104701.09,104706.75,3.66317,371.0
2025-06-01 15:23:00,104706.74,104711.19,104706.74,104711.18,5.97904,348.0
2025-06-01 15:24:00,104711.19,104711.19,104676.83,104679.43,6.36022,2024.0
2025-06-01 15:25:00,104679.42,104681.43,104665.73,104665.73,14.57262,1181.0
2025-06-01 15:26:00,104665.73,104696.31,104664.0,104696.3,6.06197,1178.0
2025-06-01 15:27:00,104696.3,104725.0,104696.3,104724.88,2.65364,943.0
2025-06-01 15:28:00,104724.88,104800.0,104724.88,104758.57,21.65641,3598.0
2025-06-01 15:29:00,104758.57,104789.67,104758.57,104773.58,5.54635,1656.0
2025-06-01 15:30:00,104773.58,104809.53,104770.71,104790.95,11.35626,1623.0
2025-06-01 15:31:00,104790.96,104806.28,104777.25,104777.25,8.8486,2006.0
2025-06-01 15:32:00,104777.25,104795.5,104760.01,104760.01,17.47765,2075.0
2025-06-01 15:33:00,104760.0,104760.0,104714.21,104714.28,6.88092,2213.0
2025-06-01 15:34:00,104714.29,104740.0,104714.28,104739.99,6.66576,685.0
2025-06-01 15:35:00,104740.0,104777.15,104739.99,104777.14,4.22331,637.0
2025-06-01 15:36:00,104777.15,104807.89,104777.14,104807.88,6.53084,750.0
2025-06-01 15:37:00,104807.88,104807.89,104689.95,104689.96,20.15264,3373.0
2025-06-01 15:38:00,104689.95,104695.47,104682.92,104682.93,2.88047,569.0
2025-06-01 15:39:00,104682.93,104689.96,104679.24,104687.04,10.9889,1384.0
2025-06-01 15:40:00,104687.03,104710.69,104687.03,104710.68,4.49238,686.0
2025-06-01 15:41:00,104710.69,104726.42,104710.68,104726.41,1.09133,538.0
2025-06-01 15:42:00,104726.42,104746.76,104726.41,104731.1,5.61076,1318.0
2025-06-01 15:43:00,104731.11,104748.23,104722.78,104748.23,3.45681,876.0
2025-06-01 15:44:00,104748.22,104748.23,104748.22,104748.22,1.13634,128.0
2025-06-01 15:45:00,104748.23,104795.0,104748.22,104751.03,14.20966,2397.0
2025-06-01 15:46:00,104751.03,104751.03,104708.95,104744.73,8.21749,2932.0
2025-06-01 15:47:00,104744.72,104744.73,104744.72,104744.72,1.11038,195.0
2025-06-01 15:48:00,104744.72,104744.73,104650.44,104679.25,19.302,3002.0
2025-06-01 15:49:00,104679.24,104711.85,104679.24,104711.85,2.98062,1119.0
2025-06-01 15:50:00,104711.84,104726.42,104711.84,104726.41,1.04996,414.0
2025-06-01 15:51:00,104726.42,104745.0,104726.41,104740.23,5.80649,961.0
2025-06-01 15:52:00,104740.22,104740.23,104740.22,104740.23,1.99096,236.0
2025-06-01 15:53:00,104740.22,104740.23,104714.28,104731.7,8.03153,853.0
2025-06-01 15:54:00,104731.7,104731.7,104691.86,104691.87,7.36496,1869.0
2025-06-01 15:55:00,104691.87,104700.0,104686.44,104700.0,4.01128,927.0
2025-06-01 15:56:00,104700.0,104700.0,104699.99,104699.99,2.35395,148.0
2025-06-01 15:57:00,104699.99,104700.0,104699.99,104699.99,1.6818,136.0
2025-06-01 15:58:00,104699.99,104723.5,104699.99,104723.5,3.64718,802.0
2025-06-01 15:59:00,104723.5,104723.5,104710.09,104715.1,5.655,881.0
2025-06-01 16:00:00,104715.1,104724.95,104710.09,104710.1,5.40085,981.0
2025-06-01 16:01:00,104710.1,104710.1,104696.44,104703.71,7.53282,938.0
2025-06-01 16:02:00,104703.72,104703.72,104703.71,104703.71,2.48687,279.0
2025-06-01 16:03:00,104703.72,104703.72,104703.71,104703.71,4.66724,526.0
2025-06-01 16:04:00,104703.71,104704.77,104659.47,104704.77,15.37747,3060.0
2025-06-01 16:05:00,104704.76,104888.82,104704.76,104837.42,51.37615,6256.0
2025-06-01 16:06:00,104837.41,104878.05,104832.71,104832.71,13.89062,2515.0
2025-06-01 16:07:00,104832.72,104853.89,104803.77,104812.14,13.4548,2656.0
2025-06-01 16:08:00,104812.15,105040.0,104812.14,104954.78,99.74886,8879.0
2025-06-01 16:09:00,104954.77,105207.12,104933.26,105176.5,85.60291,7661.0
2025-06-01 16:10:00,105176.51,105299.21,105115.5,105219.99,86.6483,9675.0
2025-06-01 16:11:00,105219.99,105277.72,105186.89,105186.9,34.84994,5746.0
2025-06-01 16:12:00,105186.89,105186.9,105094.41,105123.19,22.04762,5330.0
2025-06-01 16:13:00,105123.19,105170.74,105107.01,105164.86,30.3577,3654.0
2025-06-01 16:14:00,105164.86,105164.87,105086.24,105097.58,28.3684,2995.0
2025-06-01 16:15:00,105097.58,105177.74,105000.0,105019.3,39.46273,8614.0
2025-06-01 16:16:00,105019.3,105067.99,105006.7,105031.96,22.89214,3908.0
2025-06-01 16:17:00,105031.96,105031.96,104965.83,104993.77,31.91919,2923.0
2025-06-01 16:18:00,104993.78,105042.22,104993.77,105023.27,9.63884,2201.0
2025-06-01 16:19:00,105023.26,105073.18,105023.26,105058.35,7.45104,2321.0
2025-06-01 16:20:00,105058.35,105070.06,105033.76,105041.66,10.09117,1886.0
2025-06-01 16:21:00,105041.66,105095.24,105041.66,105095.24,7.90356,1843.0
2025-06-01 16:22:00,105095.24,105120.34,105033.78,105033.78,13.74757,2599.0
2025-06-01 16:23:00,105033.78,105100.01,105024.39,105077.4,12.07673,2233.0
2025-06-01 16:24:00,105077.41,105200.0,105077.4,105192.63,31.37744,3213.0
2025-06-01 16:25:00,105192.63,105288.99,105192.63,105260.98,26.71643,4345.0
2025-06-01 16:26:00,105260.98,105260.99,105202.92,105219.52,14.61642,3916.0
2025-06-01 16:27:00,105219.52,105238.25,105180.0,105180.0,15.20743,2202.0
2025-06-01 16:28:00,105180.0,105211.6,105121.95,105150.59,15.13438,2512.0
2025-06-01 16:29:00,105150.58,105194.34,105150.58,105155.41,41.12735,2589.0
2025-06-01 16:30:00,105155.41,105170.74,105121.95,105146.37,30.4053,2523.0
2025-06-01 16:31:00,105146.36,105189.08,105131.58,105131.58,12.69948,2581.0
2025-06-01 16:32:00,105131.58,105131.59,105087.39,105087.39,9.45937,1338.0
2025-06-01 16:33:00,105087.4,105135.02,105054.18,105113.79,47.01828,2838.0
2025-06-01 16:34:00,105113.78,105117.4,105095.22,105095.23,10.09178,1920.0
2025-06-01 16:35:00,105095.22,105095.23,105055.59,105073.18,18.48577,3449.0
2025-06-01 16:36:00,105073.18,105168.76,105073.17,105168.76,3.94692,1987.0
2025-06-01 16:37:00,105168.75,105233.79,105168.75,105206.01,14.63196,2561.0
2025-06-01 16:38:00,105206.0,105206.01,105170.73,105172.85,7.92191,1016.0
2025-06-01 16:39:00,105172.85,105209.9,105172.85,105198.86,6.75093,2031.0
2025-06-01 16:40:00,105198.85,105205.24,105156.82,105184.82,13.24051,1628.0
2025-06-01 16:41:00,105184.82,105198.12,105173.85,105173.85,5.11496,1126.0
2025-06-01 16:42:00,105173.86,105219.52,105173.85,105197.6,14.83006,1642.0
2025-06-01 16:43:00,105197.6,105219.52,105197.59,105219.45,8.47213,1267.0
2025-06-01 16:44:00,105219.45,105219.45,105219.44,105219.44,1.96219,324.0
2025-06-01 16:45:00,105219.44,105240.0,105180.63,105198.4,18.7832,3350.0
2025-06-01 16:46:00,105198.4,105198.41,105155.09,105170.73,16.522,2011.0
2025-06-01 16:47:00,105170.74,105230.12,105170.74,105170.77,8.38347,2768.0
2025-06-01 16:48:00,105170.77,105190.99,105170.73,105170.73,5.82955,1835.0
2025-06-01 16:49:00,105170.74,105189.48,105150.94,105189.47,5.89956,1791.0
2025-06-01 16:50:00,105189.47,105207.53,105189.47,105207.52,0.96488,693.0
2025-06-01 16:51:00,105207.52,105207.53,105169.22,105186.33,27.74872,1429.0
2025-06-01 16:52:00,105186.34,105200.0,105186.33,105186.33,8.25006,1166.0
2025-06-01 16:53:00,105186.33,105195.8,105186.33,105186.34,2.4912,647.0
2025-06-01 16:54:00,105186.33,105186.34,105140.01,105163.3,9.31501,2540.0
2025-06-01 16:55:00,105163.31,105170.74,105161.84,105170.73,6.79103,1701.0
2025-06-01 16:56:00,105170.74,105170.74,105170.72,105170.73,3.41994,364.0
2025-06-01 16:57:00,105170.73,105170.73,105170.72,105170.72,3.05754,329.0
2025-06-01 16:58:00,105170.72,105170.73,105002.0,105009.43,41.59316,4177.0
2025-06-01 16:59:00,105009.44,105047.51,105009.44,105038.8,9.59656,1640.0
2025-06-01 17:00:00,105038.8,105052.91,105038.8,105048.03,9.08814,1701.0
2025-06-01 17:01:00,105048.03,105048.04,105003.83,105024.34,5.76667,1459.0
2025-06-01 17:02:00,105024.34,105050.05,105024.33,105048.9,6.32979,1444.0
2025-06-01 17:03:00,105048.91,105048.91,105000.0,105020.56,24.22529,2552.0
2025-06-01 17:04:00,105020.55,105070.01,105020.55,105070.0,6.22372,1984.0
2025-06-01 17:05:00,105070.01,105088.87,105070.0,105088.86,2.88847,691.0
2025-06-01 17:06:00,105088.87,105088.87,105024.39,105024.39,9.92352,1913.0
2025-06-01 17:07:00,105024.39,105032.33,104986.2,105032.33,14.05448,1879.0
2025-06-01 17:08:00,105032.33,105068.41,105032.33,105068.4,0.93306,1168.0
2025-06-01 17:09:00,105068.41,105140.0,105068.4,105140.0,8.5666,2302.0
2025-06-01 17:10:00,105139.99,105179.29,105139.99,105175.21,14.38652,982.0
2025-06-01 17:11:00,105175.2,105190.47,105160.01,105160.01,8.3567,1371.0
2025-06-01 17:12:00,105160.01,105160.01,105095.23,105105.95,8.66142,2488.0
2025-06-01 17:13:00,105105.96,105130.07,105105.95,105127.95,4.33703,1052.0
2025-06-01 17:14:00,105127.95,105127.95,105115.98,105121.96,2.53259,1332.0
2025-06-01 17:15:00,105121.96,105129.81,105104.35,105104.35,4.256,1321.0
2025-06-01 17:16:00,105104.35,105104.36,105095.23,105104.36,4.34613,786.0
2025-06-01 17:17:00,105104.35,105104.36,105080.13,105080.13,4.05434,967.0
2025-06-01 17:18:00,105080.13,105137.21,105080.13,105137.2,3.89336,1537.0
2025-06-01 17:19:00,105137.21,105137.21,105125.11,105137.2,1.06886,622.0
2025-06-01 17:20:00,105137.2,105137.21,105120.41,105121.96,2.14669,1190.0
2025-06-01 17:21:00,105121.96,105121.96,105078.05,105078.05,8.6944,2023.0
2025-06-01 17:22:00,105078.06,105100.7,105078.05,105100.69,2.74675,1099.0
2025-06-01 17:23:00,105100.69,105114.88,105100.69,105114.88,4.61751,830.0
2025-06-01 17:24:00,105114.87,105114.88,105114.87,105114.87,1.46375,269.0
2025-06-01 17:25:00,105114.87,105114.88,105100.69,105100.69,2.90124,520.0
2025-06-01 17:26:00,105100.69,105100.7,105100.69,105100.7,2.40803,244.0
2025-06-01 17:27:00,105100.69,105100.7,105100.69,105100.69,1.50629,210.0
2025-06-01 17:28:00,105100.69,105100.69,105079.72,105079.72,2.57261,965.0
2025-06-01 17:29:00,105079.73,105092.05,105079.72,105092.04,3.05216,594.0
2025-06-01 17:30:00,105092.04,105098.85,105092.04,105098.84,5.22851,363.0
2025-06-01 17:31:00,105098.85,105124.16,105098.84,105124.15,5.65934,961.0
2025-06-01 17:32:00,105124.16,105124.16,105124.15,105124.15,0.48741,166.0
2025-06-01 17:33:00,105124.16,105158.81,105100.02,105158.8,8.98462,2025.0
2025-06-01 17:34:00,105158.81,105192.99,105158.8,105170.75,6.37861,1282.0
2025-06-01 17:35:00,105170.74,105181.27,105108.0,105108.0,7.03498,1582.0
2025-06-01 17:36:00,105108.01,105138.25,105108.0,105116.86,2.83005,954.0
2025-06-01 17:37:00,105116.85,105141.98,105116.85,105141.97,3.93055,638.0
2025-06-01 17:38:00,105141.97,105141.98,105141.97,105141.97,0.84286,197.0
2025-06-01 17:39:00,105141.98,105141.98,105111.85,105111.86,2.36879,826.0
2025-06-01 17:40:00,105111.85,105142.38,105108.01,105108.02,6.71265,1373.0
2025-06-01 17:41:00,105108.02,105108.02,105030.38,105030.38,13.5728,1632.0
2025-06-01 17:42:00,105030.37,105047.56,105030.37,105047.56,2.70374,601.0
2025-06-01 17:43:00,105047.56,105073.18,105047.55,105073.18,1.97811,575.0
2025-06-01 17:44:00,105073.18,105073.18,105051.83,105052.16,8.4354,1018.0
2025-06-01 17:45:00,105052.16,105074.89,105047.61,105051.76,4.51522,1480.0
2025-06-01 17:46:00,105051.76,105051.76,105051.75,105051.75,0.23137,132.0
2025-06-01 17:47:00,105051.75,105051.75,105031.33,105045.31,3.53985,984.0
2025-06-01 17:48:00,105045.31,105094.55,105045.31,105094.54,1.0701,985.0
2025-06-01 17:49:00,105094.54,105121.96,105094.54,105114.27,3.80286,1043.0
2025-06-01 17:50:00,105114.27,105142.86,105107.39,105107.39,4.87383,1392.0
2025-06-01 17:51:00,105107.4,105107.4,105094.54,105094.54,2.82188,588.0
2025-06-01 17:52:00,105094.54,105107.4,105073.24,105073.24,5.87521,1621.0
2025-06-01 17:53:00,105073.25,105073.25,105005.0,105047.61,22.99558,1813.0
2025-06-01 17:54:00,105047.61,105090.34,105047.61,105066.13,6.76232,1747.0
2025-06-01 17:55:00,105066.12,105073.18,105060.02,105073.17,3.51026,722.0
2025-06-01 17:56:00,105073.17,105073.18,105054.31,105054.31,3.31899,1346.0
2025-06-01 17:57:00,105054.31,105068.31,105054.31,105066.33,0.74378,394.0
2025-06-01 17:58:00,105066.34,105066.34,105066.33,105066.34,0.59901,137.0
2025-06-01 17:59:00,105066.34,105066.34,105066.33,105066.33,1.19439,151.0
2025-06-01 18:00:00,105066.34,105066.34,105066.33,105066.34,1.48251,217.0
2025-06-01 18:01:00,105066.34,105066.34,105012.0,105024.4,4.39137,1986.0
2025-06-01 18:02:00,105024.4,105024.4,104975.6,104975.6,6.85349,2210.0
2025-06-01 18:03:00,104975.6,104975.61,104881.68,104881.68,29.6482,3411.0
2025-06-01 18:04:00,104881.69,104986.13,104881.68,104986.12,9.4714,2315.0
2025-06-01 18:05:00,104986.12,104998.65,104962.84,104962.84,5.08277,1012.0
2025-06-01 18:06:00,104962.84,104962.84,104916.46,104948.21,5.14655,1636.0
2025-06-01 18:07:00,104948.21,104956.88,104948.21,104956.88,0.87317,384.0
2025-06-01 18:08:00,104956.87,104975.61,104948.22,104962.26,4.38236,1568.0
2025-06-01 18:09:00,104962.27,104962.27,104945.38,104945.38,1.46359,519.0
2025-06-01 18:10:00,104945.39,104991.14,104945.39,104991.13,2.44076,1033.0
2025-06-01 18:11:00,104991.14,105000.0,104980.53,104980.53,1.76594,1032.0
2025-06-01 18:12:00,104980.53,104983.32,104963.24,104983.32,2.19526,1097.0
2025-06-01 18:13:00,104983.6,105000.0,104983.6,104999.99,0.94818,373.0
2025-06-01 18:14:00,104999.99,105004.01,104999.99,105004.0,1.15937,370.0
2025-06-01 18:15:00,105004.01,105004.01,104988.7,104988.7,2.26998,754.0
2025-06-01 18:16:00,104988.71,104991.11,104959.64,104991.1,4.55922,1695.0
2025-06-01 18:17:00,104991.1,105004.01,104991.1,105004.01,0.5983,382.0
2025-06-01 18:18:00,105004.0,105004.01,104981.22,104981.23,1.51943,855.0
2025-06-01 18:19:00,104981.23,105024.4,104981.22,105024.39,3.52657,1403.0
2025-06-01 18:20:00,105024.39,105024.4,105000.01,105000.01,1.47966,960.0
2025-06-01 18:21:00,105000.02,105000.02,104935.15,104936.08,6.88017,3269.0
2025-06-01 18:22:00,104936.08,104936.09,104884.01,104884.01,7.15653,1563.0
2025-06-01 18:23:00,104884.01,104884.02,104734.17,104760.0,35.85035,5118.0
2025-06-01 18:24:00,104760.0,104812.68,104759.99,104800.08,8.23343,2025.0
2025-06-01 18:25:00,104800.07,104816.46,104800.07,104816.45,1.22242,595.0
2025-06-01 18:26:00,104816.46,104839.16,104816.45,104830.99,2.73734,1221.0
2025-06-01 18:27:00,104831.0,104831.0,104702.93,104744.98,18.50964,3838.0
2025-06-01 18:28:00,104744.99,104756.11,104692.55,104692.56,15.39105,2852.0
2025-06-01 18:29:00,104692.56,104721.92,104692.55,104721.92,6.39973,1898.0
2025-06-01 18:30:00,104721.91,104721.91,104705.29,104705.29,1.8034,701.0
2025-06-01 18:31:00,104705.29,104705.3,104668.0,104695.81,9.09657,2129.0
2025-06-01 18:32:00,104695.82,104695.82,104667.13,104667.14,3.30237,1228.0
2025-06-01 18:33:00,104667.14,104677.91,104633.73,104677.9,14.39958,3000.0
2025-06-01 18:34:00,104677.91,104677.91,104565.54,104597.9,25.22753,4140.0
2025-06-01 18:35:00,104597.89,104627.67,104597.89,104627.67,2.45974,1698.0
2025-06-01 18:36:00,104627.66,104627.67,104564.79,104577.47,5.78003,2598.0
2025-06-01 18:37:00,104577.48,104599.22,104514.21,104514.21,21.21047,3371.0
2025-06-01 18:38:00,104514.22,104514.22,104448.95,104469.76,20.36215,2637.0
2025-06-01 18:39:00,104469.76,104494.35,104390.24,104439.02,16.61414,4191.0
2025-06-01 18:40:00,104439.03,104439.03,104374.44,104386.94,15.54218,3476.0
2025-06-01 18:41:00,104386.93,104456.23,104382.5,104456.22,5.76662,2819.0
2025-06-01 18:42:00,104456.23,104500.0,104456.22,104485.72,3.67914,1316.0
2025-06-01 18:43:00,104485.71,104485.71,104319.79,104377.17,26.03529,5176.0
2025-06-01 18:44:00,104377.17,104423.63,104377.17,104397.69,4.80576,2663.0
2025-06-01 18:45:00,104397.7,104471.87,104376.31,104471.85,8.91467,2399.0
2025-06-01 18:46:00,104471.85,104516.57,104471.85,104493.58,4.94555,2125.0
2025-06-01 18:47:00,104493.57,104522.37,104478.93,104522.37,3.28252,1489.0
2025-06-01 18:48:00,104522.37,104550.78,104515.71,104541.08,3.57609,1517.0
2025-06-01 18:49:00,104541.08,104561.58,104536.57,104558.81,14.00091,1798.0
2025-06-01 18:50:00,104558.81,104570.28,104539.91,104561.0,2.67141,1994.0
2025-06-01 18:51:00,104561.0,104569.01,104550.0,104568.99,5.27995,1195.0
2025-06-01 18:52:00,104569.0,104569.0,104550.02,104555.18,1.58983,568.0
2025-06-01 18:53:00,104555.18,104560.42,104550.0,104560.41,6.11689,842.0
2025-06-01 18:54:00,104560.42,104620.0,104560.42,104612.49,15.12678,2423.0
2025-06-01 18:55:00,104612.49,104945.2,104612.49,104898.56,108.34677,8169.0
2025-06-01 18:56:00,104898.56,104905.24,104829.97,104854.11,9.79331,2519.0
2025-06-01 18:57:00,104854.11,104854.12,104811.97,104811.97,1.3491,987.0
2025-06-01 18:58:00,104811.97,104811.98,104809.52,104809.52,4.03446,256.0
2025-06-01 18:59:00,104809.53,104926.83,104809.52,104900.01,16.78545,4815.0
2025-06-01 19:00:00,104900.01,104940.97,104868.01,104868.36,13.39185,2367.0
2025-06-01 19:01:00,104868.36,104938.73,104868.35,104938.73,6.3374,1645.0
2025-06-01 19:02:00,104938.73,105052.67,104938.72,105036.33,17.76767,5712.0
2025-06-01 19:03:00,105036.33,105036.33,104863.45,104863.46,29.75353,3479.0
2025-06-01 19:04:00,104863.46,104948.64,104863.45,104948.64,9.30931,2318.0
2025-06-01 19:05:00,104948.64,104957.79,104945.3,104952.39,2.52824,832.0
2025-06-01 19:06:00,104952.39,104965.37,104904.8,104904.81,6.8575,2071.0
2025-06-01 19:07:00,104904.81,104952.19,104904.81,104938.5,7.39055,2019.0
2025-06-01 19:08:00,104938.5,104955.0,104938.5,104947.66,1.51596,839.0
2025-06-01 19:09:00,104947.66,104947.66,104878.04,104878.05,4.33898,1729.0
2025-06-01 19:10:00,104878.05,104878.05,104805.44,104840.73,17.79091,2561.0
2025-06-01 19:11:00,104840.74,104851.87,104840.73,104849.99,4.01012,652.0
2025-06-01 19:12:00,104849.99,104856.01,104849.99,104853.2,2.87268,450.0
2025-06-01 19:13:00,104853.2,104878.05,104839.88,104848.83,7.40562,1857.0
2025-06-01 19:14:00,104848.83,104859.71,104848.82,104859.7,1.14297,324.0
2025-06-01 19:15:00,104859.7,104859.71,104850.01,104850.02,2.17439,479.0
2025-06-01 19:16:00,104850.01,104876.2,104850.01,104851.32,6.86823,1659.0
2025-06-01 19:17:00,104851.32,104857.15,104845.49,104857.14,1.88148,527.0
2025-06-01 19:18:00,104857.14,104864.0,104840.67,104858.24,9.09179,1698.0
2025-06-01 19:19:00,104858.24,104886.97,104858.24,104886.97,3.86812,991.0
2025-06-01 19:20:00,104886.97,104904.77,104886.36,104904.76,8.82306,617.0
2025-06-01 19:21:00,104904.77,104940.95,104904.77,104940.94,3.18242,964.0
2025-06-01 19:22:00,104940.95,105000.0,104940.94,104999.99,6.28031,835.0
2025-06-01 19:23:00,104999.99,105037.36,104999.99,105004.26,14.04882,1703.0
2025-06-01 19:24:00,105004.26,105004.27,104993.99,104993.99,3.74809,541.0
2025-06-01 19:25:00,104993.99,104994.0,104984.52,104984.52,0.59487,287.0
2025-06-01 19:26:00,104984.52,104984.53,104952.38,104974.7,2.31854,1263.0
2025-06-01 19:27:00,104974.69,105019.85,104974.69,105005.68,3.38922,1487.0
2025-06-01 19:28:00,105005.68,105040.0,105005.68,105019.03,5.74421,754.0
2025-06-01 19:29:00,105019.03,105019.04,105019.03,105019.03,0.70154,111.0
2025-06-01 19:30:00,105019.04,105056.61,105019.04,105052.53,5.93541,1663.0
2025-06-01 19:31:00,105052.53,105058.31,105052.53,105058.3,1.78065,395.0
2025-06-01 19:32:00,105058.31,105094.69,105058.31,105094.69,7.86459,1092.0
2025-06-01 19:33:00,105094.68,105094.69,105084.66,105084.67,2.36416,355.0
2025-06-01 19:34:00,105084.66,105132.0,105084.66,105103.11,7.82326,1590.0
2025-06-01 19:35:00,105103.11,105103.12,105059.07,105059.08,12.11241,2069.0
2025-06-01 19:36:00,105059.08,105059.08,104992.65,104992.65,19.28005,3060.0
2025-06-01 19:37:00,104992.65,105026.9,104992.65,105026.89,2.94566,727.0
2025-06-01 19:38:00,105026.89,105047.62,105026.89,105029.04,3.5219,998.0
2025-06-01 19:39:00,105029.04,105042.77,105029.04,105036.49,3.76824,1087.0
2025-06-01 19:40:00,105036.49,105036.49,105036.48,105036.49,0.52878,134.0
2025-06-01 19:41:00,105036.48,105064.36,105036.48,105047.63,14.61694,1325.0
2025-06-01 19:42:00,105047.63,105060.02,105024.19,105029.97,18.49391,1246.0
2025-06-01 19:43:00,105029.98,105044.69,105029.97,105044.68,1.16972,321.0
2025-06-01 19:44:00,105044.68,105044.69,105039.43,105044.58,1.92131,419.0
2025-06-01 19:45:00,105044.58,105047.02,105044.57,105047.02,0.71611,308.0
2025-06-01 19:46:00,105047.02,105085.64,105047.01,105085.64,1.21309,908.0
2025-06-01 19:47:00,105085.63,105150.0,105085.63,105150.0,13.27847,1881.0
2025-06-01 19:48:00,105150.0,105156.73,105147.7,105149.75,3.0811,1044.0
2025-06-01 19:49:00,105149.75,105149.76,105142.02,105142.02,1.18672,352.0
2025-06-01 19:50:00,105142.02,105142.03,105117.18,105117.18,1.814,784.0
2025-06-01 19:51:00,105117.18,105117.19,105088.8,105088.81,3.69892,1397.0
2025-06-01 19:52:00,105088.8,105088.81,105073.17,105073.18,2.82793,669.0
2025-06-01 19:53:00,105073.18,105086.61,105073.18,105086.61,0.89262,381.0
2025-06-01 19:54:00,105086.61,105093.02,105086.6,105093.01,0.83852,376.0
2025-06-01 19:55:00,105093.02,105095.13,105093.01,105095.13,0.37762,267.0
2025-06-01 19:56:00,105095.13,105148.72,105095.13,105148.71,1.54237,1275.0
2025-06-01 19:57:00,105148.72,105148.72,105100.17,105100.17,8.18806,1151.0
2025-06-01 19:58:00,105100.17,105121.96,105100.17,105109.25,10.86952,1103.0
2025-06-01 19:59:00,105109.25,105121.95,105109.24,105121.94,1.81643,430.0
2025-06-01 20:00:00,105121.95,105156.0,105095.23,105095.23,13.03669,2732.0
2025-06-01 20:01:00,105095.23,105103.78,105074.09,105089.39,4.92472,1144.0
2025-06-01 20:02:00,105089.39,105116.8,105073.35,105073.35,3.20117,1287.0
2025-06-01 20:03:00,105073.35,105073.35,104994.94,105044.91,17.59435,2975.0
2025-06-01 20:04:00,105044.91,105092.67,105044.9,105073.17,3.5028,2222.0
2025-06-01 20:05:00,105073.18,105087.72,105039.45,105039.45,1.20971,1594.0
2025-06-01 20:06:00,105039.45,105039.46,104960.0,104975.61,10.0605,1590.0
2025-06-01 20:07:00,104975.61,104975.61,104926.82,104948.3,7.97048,1512.0
2025-06-01 20:08:00,104948.31,104948.31,104948.3,104948.3,2.07411,163.0
2025-06-01 20:09:00,104948.31,104959.65,104940.38,104959.64,2.18857,611.0
2025-06-01 20:10:00,104959.65,104975.61,104959.64,104975.61,1.12181,451.0
2025-06-01 20:11:00,104975.61,104975.61,104944.19,104944.2,3.7243,894.0
2025-06-01 20:12:00,104944.2,104951.49,104944.19,104951.49,0.61118,308.0
2025-06-01 20:13:00,104951.48,104975.61,104951.48,104964.5,4.00187,888.0
2025-06-01 20:14:00,104964.5,104964.5,104964.49,104964.5,0.6353,216.0
2025-06-01 20:15:00,104964.5,105072.85,104964.49,105030.98,14.57462,2871.0
2025-06-01 20:16:00,105030.98,105052.83,105016.46,105052.82,1.959,1004.0
2025-06-01 20:17:00,105052.83,105052.83,105001.87,105039.42,3.85696,1705.0
2025-06-01 20:18:00,105039.43,105052.27,105039.42,105052.26,1.43249,621.0
2025-06-01 20:19:00,105052.26,105090.85,105052.26,105090.85,1.10834,845.0
2025-06-01 20:20:00,105090.84,105103.78,105090.84,105103.77,1.6649,471.0
2025-06-01 20:21:00,105103.77,105103.78,105102.25,105102.26,4.05303,412.0
2025-06-01 20:22:00,105102.26,105108.74,105102.25,105108.74,1.02192,342.0
2025-06-01 20:23:00,105108.74,105115.63,105099.56,105115.62,3.55401,1008.0
2025-06-01 20:24:00,105115.62,105153.73,105115.62,105153.73,3.48377,1094.0
2025-06-01 20:25:00,105153.72,105170.74,105145.72,105170.73,1.82743,977.0
2025-06-01 20:26:00,105170.73,105170.74,105161.42,105170.74,3.91148,518.0
2025-06-01 20:27:00,105170.74,105170.74,105160.05,105160.06,1.00125,340.0
2025-06-01 20:28:00,105160.06,105160.06,105160.05,105160.05,1.9541,123.0
2025-06-01 20:29:00,105160.05,105160.06,105160.05,105160.06,0.35263,111.0
2025-06-01 20:30:00,105160.05,105161.1,105160.05,105161.1,2.18629,294.0
2025-06-01 20:31:00,105161.1,105161.1,105161.09,105161.1,1.31908,160.0
2025-06-01 20:32:00,105161.09,105161.1,105121.33,105121.35,10.06549,1227.0
2025-06-01 20:33:00,105121.35,105150.43,105121.35,105150.43,3.73894,783.0
2025-06-01 20:34:00,105150.42,105150.43,105150.42,105150.43,0.33271,96.0
2025-06-01 20:35:00,105150.43,105194.12,105150.42,105194.12,13.21655,1693.0
2025-06-01 20:36:00,105194.11,105194.12,105194.11,105194.12,1.81676,129.0
2025-06-01 20:37:00,105194.12,105200.0,105188.34,105188.34,7.10465,845.0
2025-06-01 20:38:00,105188.34,105188.34,105185.24,105185.24,2.1559,358.0
2025-06-01 20:39:00,105185.24,105200.0,105185.24,105199.99,11.02034,510.0
2025-06-01 20:40:00,105200.0,105266.0,105199.99,105262.88,15.84975,1849.0
2025-06-01 20:41:00,105262.88,105285.72,105262.88,105285.71,2.30455,938.0
2025-06-01 20:42:00,105285.71,105300.0,105278.39,105299.99,7.0839,1322.0
2025-06-01 20:43:00,105299.99,105300.0,105289.46,105293.98,15.64177,638.0
2025-06-01 20:44:00,105293.98,105293.98,105258.06,105262.63,8.75814,1077.0
2025-06-01 20:45:00,105262.64,105262.64,105216.72,105216.72,1.99106,1139.0
2025-06-01 20:46:00,105216.73,105216.73,105197.63,105197.63,3.14247,783.0
2025-06-01 20:47:00,105197.63,105197.64,105192.09,105192.1,1.6721,468.0
2025-06-01 20:48:00,105192.09,105192.1,105142.85,105142.85,10.73532,1218.0
2025-06-01 20:49:00,105142.85,105142.86,105095.23,105105.43,8.19606,879.0
2025-06-01 20:50:00,105105.43,105105.44,105102.32,105102.46,2.92385,386.0
2025-06-01 20:51:00,105102.45,105102.45,105024.39,105024.4,21.05629,1924.0
2025-06-01 20:52:00,105024.4,105024.4,105017.05,105017.05,2.77856,421.0
2025-06-01 20:53:00,105017.05,105017.05,104893.72,104937.32,19.80593,3259.0
2025-06-01 20:54:00,104937.32,105024.39,104937.32,105024.39,3.85794,2193.0
2025-06-01 20:55:00,105024.39,105024.39,105000.89,105000.9,2.66854,713.0
2025-06-01 20:56:00,105000.89,105000.89,104912.01,104957.72,16.42291,2393.0
2025-06-01 20:57:00,104957.73,104957.73,104927.78,104955.42,2.54219,1013.0
2025-06-01 20:58:00,104955.43,104955.44,104939.81,104948.91,2.47025,943.0
2025-06-01 20:59:00,104948.9,104948.91,104948.9,104948.91,0.22163,120.0
2025-06-01 21:00:00,104948.91,104982.62,104948.9,104972.12,4.99191,1240.0
2025-06-01 21:01:00,104972.12,104975.61,104952.38,104975.61,2.64252,1172.0
2025-06-01 21:02:00,104975.61,105024.4,104975.6,105014.87,7.71034,957.0
2025-06-01 21:03:00,105014.88,105024.4,104977.55,104977.56,4.98711,1082.0
2025-06-01 21:04:00,104977.55,104977.56,104930.78,104952.54,4.66277,1499.0
2025-06-01 21:05:00,104952.55,104952.55,104926.82,104928.44,5.05889,397.0
2025-06-01 21:06:00,104928.44,104948.3,104926.82,104948.3,3.04263,1019.0
2025-06-01 21:07:00,104948.29,104962.99,104948.29,104962.98,4.79655,634.0
2025-06-01 21:08:00,104962.98,105023.86,104962.98,105006.42,6.61513,2204.0
2025-06-01 21:09:00,105006.42,105006.42,105000.0,105000.01,1.0151,256.0
2025-06-01 21:10:00,105000.01,105000.01,105000.0,105000.0,0.42943,113.0
2025-06-01 21:11:00,105000.01,105014.44,105000.0,105014.44,1.05918,297.0
2025-06-01 21:12:00,105014.43,105095.03,105014.43,105066.63,47.06277,1728.0
2025-06-01 21:13:00,105066.63,105070.16,105051.79,105051.8,11.99007,772.0
2025-06-01 21:14:00,105051.8,105061.41,105051.79,105061.4,4.02525,436.0
2025-06-01 21:15:00,105061.4,105085.05,105061.4,105085.05,1.28131,506.0
2025-06-01 21:16:00,105085.04,105085.05,105085.04,105085.04,0.46404,131.0
2025-06-01 21:17:00,105085.04,105095.24,105085.04,105095.23,3.56624,399.0
2025-06-01 21:18:00,105095.23,105121.96,105095.23,105106.12,5.86163,1373.0
2025-06-01 21:19:00,105106.12,105106.13,105102.08,105102.08,3.14841,673.0
2025-06-01 21:20:00,105102.08,105102.09,105102.08,105102.09,0.81105,163.0
2025-06-01 21:21:00,105102.08,105127.05,105102.08,105127.05,11.31367,366.0
2025-06-01 21:22:00,105127.05,105133.79,105127.04,105133.4,1.37347,374.0
2025-06-01 21:23:00,105133.41,105133.41,105133.4,105133.4,1.25681,175.0
2025-06-01 21:24:00,105133.4,105155.53,105133.4,105155.53,3.49026,778.0
2025-06-01 21:25:00,105155.53,105165.88,105146.59,105146.6,11.73139,929.0
2025-06-01 21:26:00,105146.59,105156.95,105146.59,105156.95,5.51035,788.0
2025-06-01 21:27:00,105156.94,105156.95,105156.94,105156.95,0.87511,128.0
2025-06-01 21:28:00,105156.94,105157.57,105156.94,105157.57,0.90391,237.0
2025-06-01 21:29:00,105157.57,105157.57,105157.56,105157.57,0.8788,121.0
2025-06-01 21:30:00,105157.56,105157.57,105157.56,105157.56,1.2263,121.0
2025-06-01 21:31:00,105157.57,105175.91,105157.56,105175.9,4.4787,710.0
2025-06-01 21:32:00,105175.9,105219.52,105175.9,105219.51,4.95451,732.0
2025-06-01 21:33:00,105219.52,105481.78,105219.51,105414.61,75.17369,8256.0
2025-06-01 21:34:00,105414.61,105414.61,105291.74,105298.39,20.09141,3036.0
2025-06-01 21:35:00,105298.39,105298.4,105286.85,105286.85,2.05903,738.0
2025-06-01 21:36:00,105286.85,105317.08,105286.85,105296.02,9.82285,950.0
2025-06-01 21:37:00,105296.02,105317.08,105286.87,105317.08,5.38152,703.0
2025-06-01 21:38:00,105317.07,105395.66,105317.07,105395.66,3.9203,905.0
2025-06-01 21:39:00,105395.65,105431.99,105365.85,105365.86,10.69819,3514.0
2025-06-01 21:40:00,105365.85,105365.86,105348.65,105365.85,3.83779,771.0
2025-06-01 21:41:00,105365.85,105405.08,105332.22,105354.0,10.84181,3712.0
2025-06-01 21:42:00,105354.0,105386.8,105348.07,105348.07,4.81875,1446.0
2025-06-01 21:43:00,105348.08,105365.86,105348.07,105365.85,3.11753,565.0
2025-06-01 21:44:00,105365.86,105390.03,105365.86,105380.95,2.94767,1351.0
2025-06-01 21:45:00,105380.96,105414.64,105380.95,105414.63,2.11126,864.0
2025-06-01 21:46:00,105414.64,105444.39,105355.26,105355.27,8.92283,2989.0
2025-06-01 21:47:00,105355.27,105395.62,105355.26,105382.26,3.93304,1703.0
2025-06-01 21:48:00,105382.27,105397.74,105382.26,105397.74,2.82301,846.0
2025-06-01 21:49:00,105397.73,105414.62,105397.73,105401.18,4.71001,1088.0
2025-06-01 21:50:00,105401.19,105401.19,105367.77,105367.77,5.53939,1441.0
2025-06-01 21:51:00,105367.78,105395.7,105367.77,105395.69,2.65763,956.0
2025-06-01 21:52:00,105395.69,105398.72,105395.69,105398.71,2.30329,497.0
2025-06-01 21:53:00,105398.71,105446.24,105398.71,105446.24,6.99615,1786.0
2025-06-01 21:54:00,105446.23,105463.42,105433.79,105463.41,5.8682,1643.0
2025-06-01 21:55:00,105463.42,105463.42,105438.28,105438.28,15.32368,1743.0
2025-06-01 21:56:00,105438.28,105476.16,105438.28,105476.15,3.41383,811.0
2025-06-01 21:57:00,105476.15,105481.11,105476.15,105481.1,3.1361,247.0
2025-06-01 21:58:00,105481.1,105483.99,105454.07,105454.07,8.84072,1331.0
2025-06-01 21:59:00,105454.08,105504.67,105454.07,105496.54,12.08087,2289.0
2025-06-01 22:00:00,105496.54,105534.04,105494.72,105534.04,20.72045,2465.0
2025-06-01 22:01:00,105534.04,105600.0,105534.03,105545.32,16.15948,3557.0
2025-06-01 22:02:00,105545.33,105611.09,105534.54,105595.8,25.38454,5095.0
2025-06-01 22:03:00,105595.81,105624.34,105595.8,105624.34,5.98301,1695.0
2025-06-01 22:04:00,105624.35,105699.98,105624.34,105654.52,10.51777,4758.0
2025-06-01 22:05:00,105654.51,105654.52,105564.91,105564.92,12.67218,2173.0
2025-06-01 22:06:00,105564.91,105589.44,105516.0,105586.19,9.84734,2806.0
2025-06-01 22:07:00,105586.18,105601.06,105585.64,105585.65,4.68363,1059.0
2025-06-01 22:08:00,105585.65,105593.5,105575.92,105584.87,7.77599,1070.0
2025-06-01 22:09:00,105584.88,105720.0,105584.87,105719.28,10.30889,3477.0
2025-06-01 22:10:00,105719.27,105719.27,105695.82,105697.36,11.56187,1901.0
2025-06-01 22:11:00,105697.36,105720.0,105697.35,105720.0,4.21031,702.0
2025-06-01 22:12:00,105720.0,105735.28,105704.92,105708.71,10.90669,1783.0
2025-06-01 22:13:00,105708.7,105714.0,105708.7,105708.71,8.04492,671.0
2025-06-01 22:14:00,105708.71,105737.84,105708.7,105737.82,4.05317,1112.0
2025-06-01 22:15:00,105737.82,105737.83,105625.56,105625.56,16.3143,3109.0
2025-06-01 22:16:00,105625.56,105625.57,105571.42,105571.43,10.20377,2527.0
2025-06-01 22:17:00,105571.43,105695.11,105516.0,105644.97,26.07088,4655.0
2025-06-01 22:18:00,105644.98,105730.73,105644.97,105712.51,18.89204,2920.0
2025-06-01 22:19:00,105712.5,105712.5,105600.0,105605.48,12.58765,3335.0
2025-06-01 22:20:00,105605.49,105638.51,105580.21,105638.51,3.98852,1459.0
2025-06-01 22:21:00,105638.5,105667.67,105575.48,105575.48,12.44184,3897.0
2025-06-01 22:22:00,105575.48,105609.53,105560.97,105582.38,5.81571,2190.0
2025-06-01 22:23:00,105581.71,105664.0,105581.7,105632.82,6.5852,2528.0
2025-06-01 22:24:00,105632.82,105632.82,105591.21,105601.77,2.4253,1324.0
2025-06-01 22:25:00,105601.78,105644.22,105601.78,105644.21,2.32173,995.0
2025-06-01 22:26:00,105644.21,105644.22,105535.89,105535.89,12.30896,3041.0
2025-06-01 22:27:00,105535.9,105535.9,105509.61,105509.62,8.83661,1963.0
2025-06-01 22:28:00,105509.61,105528.83,105495.21,105495.22,21.14716,3121.0
2025-06-01 22:29:00,105495.21,105495.22,105458.83,105476.19,5.15925,1717.0
2025-06-01 22:30:00,105476.19,105505.15,105476.19,105503.82,4.50544,1505.0
2025-06-01 22:31:00,105503.81,105510.54,105441.17,105486.59,9.65038,2852.0
2025-06-01 22:32:00,105486.59,105486.6,105465.83,105479.96,3.55078,1174.0
2025-06-01 22:33:00,105479.97,105479.97,105444.32,105451.09,6.44066,1524.0
2025-06-01 22:34:00,105451.08,105477.34,105439.73,105477.34,9.71054,1677.0
2025-06-01 22:35:00,105477.34,105551.68,105477.34,105540.01,6.01222,1616.0
2025-06-01 22:36:00,105540.0,105540.01,105475.0,105475.0,4.8664,2638.0
2025-06-01 22:37:00,105475.0,105475.01,105475.0,105475.0,1.35329,159.0
2025-06-01 22:38:00,105475.01,105475.01,105463.41,105463.41,2.05858,415.0
2025-06-01 22:39:00,105463.42,105463.42,105446.33,105463.42,3.46472,1600.0
2025-06-01 22:40:00,105463.41,105512.2,105463.41,105497.38,7.38386,2092.0
2025-06-01 22:41:00,105497.38,105497.38,105462.99,105463.0,3.17556,1543.0
2025-06-01 22:42:00,105462.99,105463.0,105451.5,105456.79,2.4924,601.0
2025-06-01 22:43:00,105456.79,105512.2,105456.78,105503.8,2.83872,1297.0
2025-06-01 22:44:00,105503.8,105503.8,105490.67,105490.68,2.62912,799.0
2025-06-01 22:45:00,105490.67,105512.2,105490.67,105512.2,3.50852,1085.0
2025-06-01 22:46:00,105512.19,105560.96,105512.19,105521.82,4.70977,2570.0
2025-06-01 22:47:00,105521.83,105521.83,105433.96,105433.96,13.14252,3321.0
2025-06-01 22:48:00,105433.97,105490.55,105433.97,105436.81,6.95057,2632.0
2025-06-01 22:49:00,105436.81,105450.93,105433.96,105434.76,7.78504,1982.0
2025-06-01 22:50:00,105434.76,105507.12,105414.63,105507.11,6.85662,2253.0
2025-06-01 22:51:00,105507.11,105523.81,105507.11,105523.81,2.11739,589.0
2025-06-01 22:52:00,105523.8,105546.68,105513.1,105513.1,6.02791,1644.0
2025-06-01 22:53:00,105513.11,105533.36,105504.26,105533.35,3.59465,854.0
2025-06-01 22:54:00,105533.36,105541.84,105517.75,105541.83,5.17279,1438.0
2025-06-01 22:55:00,105541.83,105541.84,105508.54,105508.55,4.2306,1937.0
2025-06-01 22:56:00,105508.55,105523.8,105508.54,105508.55,2.3086,1039.0
2025-06-01 22:57:00,105508.54,105508.55,105466.39,105486.55,6.35437,4004.0
2025-06-01 22:58:00,105486.55,105512.18,105486.55,105512.18,2.394,701.0
2025-06-01 22:59:00,105512.17,105512.18,105512.17,105512.18,0.86545,114.0
2025-06-01 23:00:00,105512.17,105543.65,105501.58,105504.92,8.7047,3316.0
2025-06-01 23:01:00,105504.93,105533.32,105466.39,105533.32,11.14242,3449.0
2025-06-01 23:02:00,105533.32,105560.98,105533.32,105560.97,1.30804,837.0
2025-06-01 23:03:00,105560.97,105630.55,105560.97,105579.82,9.1127,3780.0
2025-06-01 23:04:00,105579.82,105669.82,105569.49,105669.82,5.73592,2393.0
2025-06-01 23:05:00,105669.81,105676.26,105657.75,105669.96,3.95528,904.0
2025-06-01 23:06:00,105669.95,105735.31,105669.95,105728.9,5.47006,1609.0
2025-06-01 23:07:00,105728.89,105789.37,105728.89,105766.0,45.02705,3198.0
2025-06-01 23:08:00,105765.99,105790.0,105765.99,105789.99,3.66735,1458.0
2025-06-01 23:09:00,105790.0,105790.0,105782.82,105782.82,2.67686,406.0
2025-06-01 23:10:00,105782.82,105790.0,105742.2,105742.2,5.54603,2434.0
2025-06-01 23:11:00,105742.21,105755.01,105718.81,105742.71,9.45321,1726.0
2025-06-01 23:12:00,105742.71,105755.51,105728.4,105755.5,3.95948,1259.0
2025-06-01 23:13:00,105755.5,105783.8,105755.5,105783.79,2.90169,814.0
2025-06-01 23:14:00,105783.79,105813.8,105783.79,105792.67,34.98094,2286.0
2025-06-01 23:15:00,105792.67,105808.0,105784.43,105790.06,4.56917,1780.0
2025-06-01 23:16:00,105790.06,105790.06,105698.34,105698.35,12.96614,2921.0
2025-06-01 23:17:00,105698.35,105734.79,105698.35,105734.79,3.82722,1153.0
2025-06-01 23:18:00,105734.79,105775.47,105734.78,105775.47,2.2095,988.0
2025-06-01 23:19:00,105775.46,105813.64,105775.46,105813.63,4.96608,1127.0
2025-06-01 23:20:00,105813.64,105836.67,105813.63,105835.87,6.00721,2104.0
2025-06-01 23:21:00,105835.86,105866.91,105769.64,105827.51,40.4063,4842.0
2025-06-01 23:22:00,105827.51,105833.26,105811.49,105821.64,7.88821,1835.0
2025-06-01 23:23:00,105821.65,105821.65,105781.41,105801.41,4.60092,2171.0
2025-06-01 23:24:00,105801.41,105801.41,105744.2,105744.21,9.19126,2075.0
2025-06-01 23:25:00,105744.21,105777.82,105726.49,105777.81,7.31692,1389.0
2025-06-01 23:26:00,105777.82,105800.0,105777.81,105782.11,3.74995,1084.0
2025-06-01 23:27:00,105782.12,105800.0,105762.99,105763.0,4.70473,3042.0
2025-06-01 23:28:00,105763.0,105767.12,105737.83,105753.57,2.65713,2241.0
2025-06-01 23:29:00,105753.56,105753.57,105697.04,105697.06,8.81281,2516.0
2025-06-01 23:30:00,105697.06,105697.06,105637.01,105638.54,14.63942,3628.0
2025-06-01 23:31:00,105638.55,105651.53,105633.5,105633.5,6.46728,1101.0
2025-06-01 23:32:00,105633.51,105690.39,105626.93,105677.05,3.67144,1925.0
2025-06-01 23:33:00,105677.05,105696.0,105677.05,105695.99,2.03159,445.0
2025-06-01 23:34:00,105696.0,105745.49,105695.99,105737.32,1.97872,1334.0
2025-06-01 23:35:00,105737.32,105756.1,105737.32,105756.1,1.35348,358.0
2025-06-01 23:36:00,105756.1,105795.41,105756.09,105795.4,2.27428,848.0
2025-06-01 23:37:00,105795.41,105795.41,105724.57,105724.58,7.5059,2877.0
2025-06-01 23:38:00,105724.57,105724.58,105689.76,105696.59,8.59432,1613.0
2025-06-01 23:39:00,105696.58,105729.67,105696.58,105729.66,1.19033,747.0
2025-06-01 23:40:00,105729.66,105729.67,105681.24,105681.25,3.06502,1736.0
2025-06-01 23:41:00,105681.25,105707.32,105681.25,105705.0,3.23667,909.0
2025-06-01 23:42:00,105704.99,105707.32,105694.8,105694.8,3.72109,875.0
2025-06-01 23:43:00,105694.8,105694.81,105634.75,105634.76,6.02217,1766.0
2025-06-01 23:44:00,105634.76,105658.54,105634.75,105644.64,1.70255,1147.0
2025-06-01 23:45:00,105644.63,105697.17,105644.63,105697.17,2.76857,1170.0
2025-06-01 23:46:00,105697.17,105735.97,105697.16,105721.34,5.04189,1586.0
2025-06-01 23:47:00,105721.35,105721.35,105703.1,105703.1,3.1264,652.0
2025-06-01 23:48:00,105703.11,105707.32,105668.0,105707.32,2.7979,1394.0
2025-06-01 23:49:00,105707.32,105709.62,105658.53,105658.54,4.91964,1287.0
2025-06-01 23:50:00,105658.53,105658.53,105622.64,105651.87,4.0195,1316.0
2025-06-01 23:51:00,105651.88,105651.88,105619.04,105619.05,3.52241,1009.0
2025-06-01 23:52:00,105619.05,105619.05,105597.02,105597.02,5.18351,635.0
2025-06-01 23:53:00,105597.03,105597.03,105597.02,105597.03,1.79574,247.0
2025-06-01 23:54:00,105597.03,105638.74,105597.03,105631.21,4.83569,1130.0
2025-06-01 23:55:00,105631.21,105631.22,105605.77,105605.77,2.08861,777.0
2025-06-01 23:56:00,105605.78,105631.22,105605.77,105620.52,7.30176,1157.0
2025-06-01 23:57:00,105620.52,105638.74,105620.52,105638.74,3.13573,726.0
2025-06-01 23:58:00,105638.74,105638.74,105588.23,105595.94,9.66023,1067.0
2025-06-01 23:59:00,105595.94,105642.93,105595.94,105642.93,7.84812,1128.0
2025-06-02 00:00:00,105642.93,105647.78,105584.75,105603.23,8.64703,1939.0
2025-06-02 00:01:00,105603.23,105620.0,105603.22,105620.0,6.72614,1237.0
2025-06-02 00:02:00,105620.0,105638.49,105604.89,105604.89,2.75286,1583.0
2025-06-02 00:03:00,105604.89,105621.0,105604.89,105621.0,4.44477,1167.0
2025-06-02 00:04:00,105621.0,105635.19,105610.05,105635.18,8.45779,1496.0
2025-06-02 00:05:00,105635.19,105638.15,105578.54,105578.55,9.74641,1688.0
2025-06-02 00:06:00,105578.54,105590.02,105506.19,105547.7,19.37067,3386.0
2025-06-02 00:07:00,105547.7,105620.0,105547.69,105580.0,8.9662,3941.0
2025-06-02 00:08:00,105580.01,105589.58,105542.27,105561.51,7.25359,3103.0
2025-06-02 00:09:00,105561.52,105657.29,105561.51,105654.77,12.13684,2726.0
2025-06-02 00:10:00,105654.76,105735.42,105654.76,105702.44,11.11256,3610.0
2025-06-02 00:11:00,105702.44,105703.9,105628.5,105703.89,15.64969,3990.0
2025-06-02 00:12:00,105703.9,105703.9,105612.0,105612.01,20.13504,2592.0
2025-06-02 00:13:00,105612.01,105635.69,105528.3,105552.96,9.06934,3793.0
2025-06-02 00:14:00,105552.96,105584.49,105552.95,105584.49,8.93585,1223.0
2025-06-02 00:15:00,105584.48,105629.31,105556.0,105566.83,9.65306,3928.0
2025-06-02 00:16:00,105566.83,105627.95,105557.12,105625.5,7.28725,3177.0
2025-06-02 00:17:00,105625.51,105656.88,105593.05,105593.06,10.88486,3759.0
2025-06-02 00:18:00,105593.05,105593.06,105554.1,105592.07,4.73148,1868.0
2025-06-02 00:19:00,105592.08,105592.08,105469.22,105523.81,14.54888,3458.0
2025-06-02 00:20:00,105523.81,105527.71,105463.41,105463.41,9.99943,2488.0
2025-06-02 00:21:00,105463.41,105532.84,105404.31,105532.84,30.55053,5516.0
2025-06-02 00:22:00,105532.84,105591.89,105532.84,105589.86,7.49203,2842.0
2025-06-02 00:23:00,105589.86,105589.86,105534.42,105555.28,5.20492,1859.0
2025-06-02 00:24:00,105555.28,105555.28,105531.34,105538.51,2.91466,1246.0
2025-06-02 00:25:00,105538.53,105572.03,105538.53,105572.03,2.97681,1441.0
2025-06-02 00:26:00,105572.02,105575.7,105552.47,105562.1,8.90571,1371.0
2025-06-02 00:27:00,105562.11,105562.11,105528.38,105534.79,13.58861,1463.0
2025-06-02 00:28:00,105534.79,105546.84,105533.76,105533.76,2.10093,839.0
2025-06-02 00:29:00,105533.76,105533.76,105476.19,105476.19,14.47641,1785.0
2025-06-02 00:30:00,105476.2,105520.97,105476.19,105520.96,6.09692,1795.0
2025-06-02 00:31:00,105520.96,105520.97,105457.01,105497.36,4.93516,2684.0
2025-06-02 00:32:00,105497.36,105512.2,105480.0,105512.19,9.73452,2308.0
2025-06-02 00:33:00,105512.2,105575.25,105512.19,105540.71,6.67379,2895.0
2025-06-02 00:34:00,105540.71,105555.69,105481.13,105489.04,4.22161,2315.0
2025-06-02 00:35:00,105489.04,105512.2,105481.13,105481.48,3.4893,1541.0
2025-06-02 00:36:00,105481.49,105491.28,105442.62,105491.27,5.24752,1936.0
2025-06-02 00:37:00,105491.28,105535.45,105476.19,105476.76,5.11193,2168.0
2025-06-02 00:38:00,105476.77,105543.36,105476.76,105536.7,4.05095,3223.0
2025-06-02 00:39:00,105536.69,105543.35,105486.79,105543.34,4.59958,2326.0
2025-06-02 00:40:00,105543.35,105564.41,105512.19,105512.19,4.99424,1785.0
2025-06-02 00:41:00,105512.19,105543.3,105481.13,105531.82,9.96455,1995.0
2025-06-02 00:42:00,105531.81,105577.35,105531.81,105540.93,4.49983,2259.0
2025-06-02 00:43:00,105540.93,105543.01,105524.39,105524.39,2.74451,1250.0
2025-06-02 00:44:00,105524.4,105552.86,105515.29,105552.86,2.9964,1478.0
2025-06-02 00:45:00,105552.86,105560.98,105512.19,105512.19,3.49893,1469.0
2025-06-02 00:46:00,105512.19,105512.19,105476.19,105511.06,5.57716,1773.0
2025-06-02 00:47:00,105511.07,105511.07,105472.0,105473.47,3.27839,1245.0
2025-06-02 00:48:00,105473.47,105512.2,105473.46,105512.19,1.28165,1018.0
2025-06-02 00:49:00,105512.2,105512.2,105475.29,105475.29,3.92296,1450.0
2025-06-02 00:50:00,105475.29,105481.24,105463.41,105481.13,6.08496,1336.0
2025-06-02 00:51:00,105481.14,105539.0,105442.46,105442.46,7.27004,3523.0
2025-06-02 00:52:00,105442.46,105478.56,105442.46,105448.57,5.44112,2136.0
2025-06-02 00:53:00,105448.56,105463.41,105448.56,105463.41,1.4024,684.0
2025-06-02 00:54:00,105463.41,105463.41,105449.0,105449.01,1.12625,818.0
2025-06-02 00:55:00,105449.01,105453.83,105441.57,105453.82,2.29118,582.0
2025-06-02 00:56:00,105453.82,105453.83,105453.82,105453.83,1.45663,204.0
2025-06-02 00:57:00,105453.83,105453.83,105446.77,105446.77,2.7464,450.0
2025-06-02 00:58:00,105446.78,105446.78,105433.96,105434.01,4.82131,626.0
2025-06-02 00:59:00,105434.01,105434.01,105420.53,105427.48,4.1575,660.0
2025-06-02 01:00:00,105427.48,105476.0,105427.48,105471.42,9.74136,1447.0
2025-06-02 01:01:00,105471.42,105471.42,105450.25,105462.01,6.19635,1083.0
2025-06-02 01:02:00,105462.01,105463.96,105452.91,105463.96,12.61195,1346.0
2025-06-02 01:03:00,105463.96,105464.81,105435.83,105435.84,7.37867,1245.0
2025-06-02 01:04:00,105435.84,105452.89,105429.89,105452.89,7.32392,888.0
2025-06-02 01:05:00,105452.89,105503.83,105440.0,105503.82,8.16426,1971.0
2025-06-02 01:06:00,105503.83,105517.38,105491.29,105496.13,6.37413,2025.0
2025-06-02 01:07:00,105496.13,105512.2,105477.97,105487.35,4.24003,1686.0
2025-06-02 01:08:00,105487.36,105539.97,105487.35,105539.96,9.50627,1150.0
2025-06-02 01:09:00,105539.97,105560.98,105511.01,105511.01,6.27405,1926.0
2025-06-02 01:10:00,105511.01,105559.04,105511.01,105553.26,6.89058,1084.0
2025-06-02 01:11:00,105553.25,105560.98,105542.63,105546.79,4.94856,920.0
2025-06-02 01:12:00,105546.79,105560.98,105546.79,105560.97,1.57884,478.0
2025-06-02 01:13:00,105560.98,105575.48,105560.97,105575.47,1.60071,496.0
2025-06-02 01:14:00,105575.48,105629.99,105575.47,105629.98,6.41319,1117.0
2025-06-02 01:15:00,105629.99,105629.99,105610.47,105629.66,3.00909,971.0
2025-06-02 01:16:00,105629.66,105629.66,105542.33,105585.06,6.42077,2860.0
2025-06-02 01:17:00,105585.07,105585.07,105534.59,105534.6,5.51367,1949.0
2025-06-02 01:18:00,105534.6,105550.7,105523.8,105526.26,5.04001,1243.0
2025-06-02 01:19:00,105526.26,105547.27,105515.7,105547.26,4.28055,861.0
2025-06-02 01:20:00,105547.27,105547.27,105512.19,105512.2,6.03446,962.0
2025-06-02 01:21:00,105512.2,105622.89,105512.19,105622.89,8.88825,2183.0
2025-06-02 01:22:00,105622.89,105643.0,105622.89,105643.0,2.55807,948.0
2025-06-02 01:23:00,105642.99,105658.38,105620.0,105620.0,12.77651,1771.0
2025-06-02 01:24:00,105620.0,105620.01,105598.98,105603.59,9.85078,680.0
2025-06-02 01:25:00,105603.58,105603.59,105571.42,105600.0,6.59729,1699.0
2025-06-02 01:26:00,105600.0,105600.0,105582.43,105588.25,2.09236,665.0
2025-06-02 01:27:00,105588.26,105588.26,105504.26,105504.27,5.90048,2036.0
2025-06-02 01:28:00,105504.27,105504.27,105443.5,105451.12,10.02344,1572.0
2025-06-02 01:29:00,105451.12,105473.28,105451.11,105469.0,4.53882,596.0
2025-06-02 01:30:00,105469.0,105469.01,105389.81,105392.36,9.08042,2239.0
2025-06-02 01:31:00,105392.36,105400.79,105385.31,105395.42,8.38167,969.0
2025-06-02 01:32:00,105395.43,105402.25,105384.88,105401.11,4.15559,795.0
2025-06-02 01:33:00,105401.12,105401.12,105384.88,105391.93,6.16153,594.0
2025-06-02 01:34:00,105391.92,105391.93,105384.88,105391.93,2.3027,663.0
2025-06-02 01:35:00,105391.93,105443.26,105391.93,105401.87,9.4256,2427.0
2025-06-02 01:36:00,105401.86,105401.87,105364.55,105365.76,5.95907,1395.0
2025-06-02 01:37:00,105365.76,105365.77,105360.99,105361.0,1.25208,527.0
2025-06-02 01:38:00,105360.99,105387.88,105360.99,105387.87,4.52691,867.0
2025-06-02 01:39:00,105387.88,105387.88,105364.68,105364.69,4.17468,933.0
2025-06-02 01:40:00,105364.69,105386.8,105364.67,105386.8,18.41879,742.0
2025-06-02 01:41:00,105386.8,105386.8,105363.87,105363.88,9.48871,926.0
2025-06-02 01:42:00,105363.88,105363.89,105363.88,105363.89,1.34551,284.0
2025-06-02 01:43:00,105363.88,105386.57,105349.63,105371.72,7.67203,1686.0
2025-06-02 01:44:00,105371.72,105386.8,105371.71,105386.79,13.56933,642.0
2025-06-02 01:45:00,105386.8,105414.64,105376.99,105414.64,5.55363,1813.0
2025-06-02 01:46:00,105414.63,105420.0,105392.44,105392.44,3.69322,971.0
2025-06-02 01:47:00,105392.44,105410.77,105389.77,105410.76,2.4175,1003.0
2025-06-02 01:48:00,105410.77,105410.77,105392.86,105392.87,1.8599,834.0
2025-06-02 01:49:00,105392.87,105411.42,105387.69,105409.78,6.81764,1414.0
2025-06-02 01:50:00,105409.78,105430.84,105397.06,105399.01,8.832,1560.0
2025-06-02 01:51:00,105399.0,105414.64,105394.3,105409.12,3.8232,742.0
2025-06-02 01:52:00,105409.12,105409.13,105397.91,105397.93,9.99146,532.0
2025-06-02 01:53:00,105397.92,105414.64,105397.92,105414.63,4.38715,897.0
2025-06-02 01:54:00,105414.63,105414.65,105405.7,105405.7,3.6424,929.0
2025-06-02 01:55:00,105405.71,105414.64,105399.02,105399.28,3.79032,869.0
2025-06-02 01:56:00,105399.28,105409.33,105386.53,105409.33,7.25634,657.0
2025-06-02 01:57:00,105409.34,105409.34,105391.59,105392.59,3.19254,777.0
2025-06-02 01:58:00,105392.59,105392.59,105392.58,105392.59,1.57066,162.0
2025-06-02 01:59:00,105392.59,105392.59,105388.58,105388.59,2.62444,428.0
2025-06-02 02:00:00,105388.58,105414.64,105388.58,105407.69,5.79523,1084.0
2025-06-02 02:01:00,105407.69,105407.69,105389.53,105389.54,3.05404,833.0
2025-06-02 02:02:00,105389.54,105389.54,105333.33,105333.34,11.96379,1798.0
2025-06-02 02:03:00,105333.34,105349.98,105317.07,105333.34,8.80321,2499.0
2025-06-02 02:04:00,105333.33,105333.34,105285.37,105285.37,8.44633,2864.0
2025-06-02 02:05:00,105285.37,105285.38,105276.34,105277.18,2.95651,1161.0
2025-06-02 02:06:00,105277.18,105329.16,105277.17,105297.75,12.55134,2486.0
2025-06-02 02:07:00,105297.75,105297.76,105268.79,105268.79,8.83256,873.0
2025-06-02 02:08:00,105268.79,105268.8,105230.12,105257.47,13.249,3406.0
2025-06-02 02:09:00,105257.47,105257.47,105222.56,105230.26,3.29022,1149.0
2025-06-02 02:10:00,105230.26,105241.66,105230.26,105241.66,12.81394,561.0
2025-06-02 02:11:00,105241.66,105241.66,105224.02,105224.03,3.12722,561.0
2025-06-02 02:12:00,105224.02,105224.03,105224.02,105224.02,4.11695,339.0
2025-06-02 02:13:00,105224.03,105224.03,105217.39,105217.39,3.80964,491.0
2025-06-02 02:14:00,105217.39,105239.17,105203.35,105239.16,15.24671,1794.0
2025-06-02 02:15:00,105239.17,105265.81,105239.16,105255.56,4.15385,1347.0
2025-06-02 02:16:00,105255.56,105255.56,105231.27,105241.81,5.26189,1116.0
2025-06-02 02:17:00,105241.81,105241.81,105213.61,105213.62,2.27144,682.0
2025-06-02 02:18:00,105213.62,105226.76,105213.61,105226.76,3.14085,445.0
2025-06-02 02:19:00,105226.75,105226.75,105192.58,105192.59,5.21822,1547.0
2025-06-02 02:20:00,105192.58,105192.59,105160.01,105164.38,18.87955,1448.0
2025-06-02 02:21:00,105164.38,105192.04,105164.37,105192.04,7.69776,874.0
2025-06-02 02:22:00,105192.04,105199.99,105192.03,105199.98,3.96938,457.0
2025-06-02 02:23:00,105199.98,105199.98,105160.0,105160.01,5.29016,1051.0
2025-06-02 02:24:00,105160.0,105170.74,105160.0,105167.25,5.8322,677.0
2025-06-02 02:25:00,105167.25,105167.25,105135.26,105135.26,9.38104,1379.0
2025-06-02 02:26:00,105135.27,105165.32,105135.26,105165.32,23.91755,2572.0
2025-06-02 02:27:00,105165.31,105186.81,105165.31,105186.81,3.604,2328.0
2025-06-02 02:28:00,105186.81,105268.3,105186.8,105268.3,29.20155,3033.0
2025-06-02 02:29:00,105268.29,105307.59,105268.29,105274.95,18.33786,1498.0
2025-06-02 02:30:00,105274.95,105280.83,105245.61,105278.61,8.91044,1517.0
2025-06-02 02:31:00,105278.62,105278.62,105211.02,105229.32,9.1846,1632.0
2025-06-02 02:32:00,105229.32,105253.54,105222.0,105226.78,10.88874,1321.0
2025-06-02 02:33:00,105226.79,105226.79,105174.81,105205.83,10.6717,1818.0
2025-06-02 02:34:00,105205.84,105234.9,105205.84,105228.24,5.67216,1562.0
2025-06-02 02:35:00,105228.24,105228.25,105180.38,105208.48,8.68903,3037.0
2025-06-02 02:36:00,105208.47,105231.0,105208.47,105212.9,5.166,1277.0
2025-06-02 02:37:00,105212.9,105231.0,105212.9,105231.0,3.91846,477.0
2025-06-02 02:38:00,105230.99,105231.0,105221.07,105231.0,5.28986,733.0
2025-06-02 02:39:00,105230.99,105234.4,105226.77,105234.39,1.5102,295.0
2025-06-02 02:40:00,105234.4,105300.0,105234.39,105300.0,6.85729,1349.0
2025-06-02 02:41:00,105299.99,105347.77,105288.92,105347.76,14.78632,1749.0
2025-06-02 02:42:00,105347.77,105347.77,105325.51,105325.51,3.27607,669.0
2025-06-02 02:43:00,105325.52,105336.79,105323.72,105323.73,20.89732,1151.0
2025-06-02 02:44:00,105323.72,105323.73,105308.04,105308.04,5.18836,754.0
2025-06-02 02:45:00,105308.04,105317.08,105293.79,105317.07,4.08137,1131.0
2025-06-02 02:46:00,105317.08,105317.08,105302.22,105302.22,1.83062,421.0
2025-06-02 02:47:00,105302.22,105302.23,105248.0,105248.01,3.06435,1462.0
2025-06-02 02:48:00,105248.0,105248.01,105170.73,105170.73,5.92061,2737.0
2025-06-02 02:49:00,105170.74,105192.62,105170.73,105184.22,10.63846,2022.0
2025-06-02 02:50:00,105184.21,105184.21,105073.17,105090.04,17.98529,4790.0
2025-06-02 02:51:00,105090.05,105098.63,105083.51,105083.51,8.41147,1245.0
2025-06-02 02:52:00,105083.52,105083.52,105056.6,105056.6,9.31472,1325.0
2025-06-02 02:53:00,105056.61,105056.61,105050.0,105050.0,8.53761,698.0
2025-06-02 02:54:00,105050.01,105085.08,105050.0,105077.52,14.24106,1166.0
2025-06-02 02:55:00,105077.52,105082.75,105077.51,105082.75,3.95543,537.0
2025-06-02 02:56:00,105082.75,105082.75,105068.44,105068.45,5.54277,721.0
2025-06-02 02:57:00,105068.45,105068.45,105033.23,105033.25,8.43839,1298.0
2025-06-02 02:58:00,105033.25,105033.25,105019.05,105024.4,6.938,1037.0
2025-06-02 02:59:00,105024.4,105026.98,105024.39,105026.98,6.21232,478.0
2025-06-02 03:00:00,105026.97,105055.1,105016.91,105016.92,8.57166,2352.0
2025-06-02 03:01:00,105016.92,105042.32,105016.91,105020.51,14.34337,1614.0
2025-06-02 03:02:00,105020.51,105020.51,104968.35,104968.36,28.63929,3601.0
2025-06-02 03:03:00,104968.35,104968.36,104955.04,104955.04,3.48747,740.0
2025-06-02 03:04:00,104955.05,104955.05,104920.67,104920.68,7.22361,1132.0
2025-06-02 03:05:00,104920.67,104920.68,104864.0,104884.47,25.76244,2868.0
2025-06-02 03:06:00,104884.47,104897.74,104861.08,104897.72,7.2597,1921.0
2025-06-02 03:07:00,104897.72,104897.72,104870.41,104870.42,3.85175,1041.0
2025-06-02 03:08:00,104870.42,104887.95,104857.75,104883.17,18.26651,2029.0
2025-06-02 03:09:00,104883.17,104883.17,104862.26,104862.27,3.11108,1110.0
2025-06-02 03:10:00,104862.27,104862.27,104808.75,104809.53,11.23248,2659.0
2025-06-02 03:11:00,104809.52,104839.44,104809.52,104821.63,8.62248,1983.0
2025-06-02 03:12:00,104821.64,104821.64,104780.48,104790.0,8.55641,2182.0
2025-06-02 03:13:00,104790.01,104846.0,104790.0,104846.0,32.33753,2857.0
2025-06-02 03:14:00,104845.99,104849.68,104794.18,104794.19,8.49829,1753.0
2025-06-02 03:15:00,104794.18,104857.15,104784.01,104829.14,19.74575,3217.0
2025-06-02 03:16:00,104829.13,104829.27,104809.16,104809.93,13.06849,1379.0
2025-06-02 03:17:00,104809.93,104809.93,104706.85,104706.86,15.46098,3576.0
2025-06-02 03:18:00,104706.86,104741.64,104706.85,104720.03,10.44649,1973.0
2025-06-02 03:19:00,104720.03,104720.03,104682.92,104686.02,20.00854,1206.0
2025-06-02 03:20:00,104686.02,104686.03,104658.17,104658.17,10.21122,1316.0
2025-06-02 03:21:00,104658.17,104658.18,104571.42,104571.42,30.5251,2960.0
2025-06-02 03:22:00,104571.42,104596.31,104571.42,104596.3,16.03845,1351.0
2025-06-02 03:23:00,104596.31,104655.17,104590.93,104648.46,9.43649,3081.0
2025-06-02 03:24:00,104648.46,104759.02,104648.45,104759.01,11.97234,2934.0
2025-06-02 03:25:00,104759.02,104796.99,104740.0,104796.98,13.16597,2551.0
2025-06-02 03:26:00,104796.98,104796.99,104751.68,104751.68,5.53894,2263.0
2025-06-02 03:27:00,104751.68,104805.64,104743.93,104805.64,8.64969,1693.0
2025-06-02 03:28:00,104805.64,104820.0,104805.64,104812.81,2.32355,735.0
2025-06-02 03:29:00,104812.81,104819.99,104812.8,104819.98,2.82856,410.0
2025-06-02 03:30:00,104819.98,104854.44,104811.87,104854.44,8.16805,1561.0
2025-06-02 03:31:00,104854.44,104854.44,104829.26,104830.26,6.08574,1302.0
2025-06-02 03:32:00,104830.27,104893.24,104830.27,104854.71,20.27773,2463.0
2025-06-02 03:33:00,104854.71,104878.04,104836.62,104842.18,19.58272,2186.0
2025-06-02 03:34:00,104842.19,104863.49,104842.18,104857.19,4.54422,637.0
2025-06-02 03:35:00,104857.18,104857.18,104838.77,104839.15,3.32801,1036.0
2025-06-02 03:36:00,104839.15,104894.64,104839.14,104894.63,6.06045,1280.0
2025-06-02 03:37:00,104894.64,104904.77,104888.3,104888.3,6.999,734.0
2025-06-02 03:38:00,104888.3,104897.72,104888.3,104888.31,15.26434,520.0
2025-06-02 03:39:00,104888.31,104904.04,104888.3,104904.04,5.45269,343.0
2025-06-02 03:40:00,104904.04,104910.77,104904.03,104910.76,10.21144,589.0
2025-06-02 03:41:00,104910.77,104939.83,104910.76,104939.83,8.62552,988.0
2025-06-02 03:42:00,104939.82,104999.99,104939.82,104999.99,8.4584,1818.0
2025-06-02 03:43:00,104999.98,104999.99,104988.21,104988.22,7.79001,573.0
2025-06-02 03:44:00,104988.21,104988.22,104940.0,104940.0,8.64125,2043.0
2025-06-02 03:45:00,104940.01,104970.42,104940.01,104970.41,6.74921,766.0
2025-06-02 03:46:00,104970.41,104975.61,104970.41,104975.61,2.66814,358.0
2025-06-02 03:47:00,104975.61,104975.61,104917.41,104917.41,4.24685,1801.0
2025-06-02 03:48:00,104917.41,104917.42,104887.28,104905.62,7.47692,1413.0
2025-06-02 03:49:00,104905.61,104905.62,104905.61,104905.61,0.28641,111.0
2025-06-02 03:50:00,104905.61,104905.62,104905.61,104905.62,0.50459,120.0
2025-06-02 03:51:00,104905.62,104905.62,104895.12,104902.99,5.97763,491.0
2025-06-02 03:52:00,104902.99,104902.99,104897.98,104897.98,2.92573,389.0
2025-06-02 03:53:00,104897.99,104900.51,104896.0,104900.5,6.51407,611.0
2025-06-02 03:54:00,104900.5,104900.51,104829.26,104840.02,13.84937,2934.0
2025-06-02 03:55:00,104840.01,104850.11,104840.01,104850.11,4.93467,649.0
2025-06-02 03:56:00,104850.1,104864.87,104850.1,104864.87,2.90563,427.0
2025-06-02 03:57:00,104864.86,104878.02,104864.86,104878.01,3.69139,609.0
2025-06-02 03:58:00,104878.01,104878.02,104842.66,104842.66,3.50723,1616.0
2025-06-02 03:59:00,104842.67,104842.67,104829.26,104829.27,1.8576,597.0
2025-06-02 04:00:00,104829.27,104857.88,104820.96,104855.64,8.53118,1744.0
2025-06-02 04:01:00,104855.65,104878.05,104855.64,104878.05,4.52736,1512.0
2025-06-02 04:02:00,104878.05,104920.96,104878.04,104920.96,7.96804,954.0
2025-06-02 04:03:00,104920.95,104920.96,104900.08,104900.09,3.18349,704.0
2025-06-02 04:04:00,104900.09,104900.09,104846.44,104846.44,4.16396,1770.0
2025-06-02 04:05:00,104846.45,104858.85,104846.44,104854.03,3.12845,603.0
2025-06-02 04:06:00,104854.03,104854.03,104835.93,104836.1,2.90544,862.0
2025-06-02 04:07:00,104836.1,104858.57,104836.09,104842.11,3.64163,744.0
2025-06-02 04:08:00,104842.11,104842.12,104767.15,104767.15,8.55054,1919.0
2025-06-02 04:09:00,104767.15,104783.39,104745.72,104745.73,7.63318,1613.0
2025-06-02 04:10:00,104745.72,104776.88,104734.09,104776.87,3.7934,1030.0
2025-06-02 04:11:00,104776.88,104776.88,104776.87,104776.88,2.08084,139.0
2025-06-02 04:12:00,104776.88,104846.41,104776.87,104846.41,7.9458,1418.0
2025-06-02 04:13:00,104846.4,104862.73,104846.4,104862.72,0.78621,431.0
2025-06-02 04:14:00,104862.73,104904.77,104862.72,104904.76,4.3016,1077.0
2025-06-02 04:15:00,104904.77,104997.06,104904.77,104983.81,9.85562,2537.0
2025-06-02 04:16:00,104983.81,104990.48,104926.82,104926.82,5.59306,2110.0
2025-06-02 04:17:00,104926.83,104962.27,104926.82,104945.8,5.3145,1156.0
2025-06-02 04:18:00,104945.8,104945.81,104926.83,104926.83,2.17038,543.0
2025-06-02 04:19:00,104926.83,104926.84,104895.98,104912.94,5.69986,1257.0
2025-06-02 04:20:00,104912.95,104915.1,104912.94,104915.09,0.89304,266.0
2025-06-02 04:21:00,104915.09,104936.26,104915.09,104936.25,4.65953,905.0
2025-06-02 04:22:00,104936.26,104936.26,104922.02,104922.03,2.7191,481.0
2025-06-02 04:23:00,104922.03,104939.32,104922.02,104932.06,3.56959,769.0
2025-06-02 04:24:00,104932.06,104932.07,104932.06,104932.06,0.88493,90.0
2025-06-02 04:25:00,104932.07,104932.07,104904.77,104904.77,2.08176,937.0
2025-06-02 04:26:00,104904.78,104904.78,104904.77,104904.77,0.29516,136.0
2025-06-02 04:27:00,104904.77,104921.11,104898.31,104921.11,2.34429,1237.0
2025-06-02 04:28:00,104921.11,104921.12,104902.36,104915.09,2.81373,1045.0
2025-06-02 04:29:00,104915.1,104926.83,104915.1,104918.36,1.27804,607.0
2025-06-02 04:30:00,104918.36,104931.5,104909.05,104931.49,2.71348,1357.0
2025-06-02 04:31:00,104931.49,104959.65,104931.49,104959.65,4.75678,951.0
2025-06-02 04:32:00,104959.65,104959.65,104948.96,104948.96,1.6682,423.0
2025-06-02 04:33:00,104948.97,104968.06,104948.96,104968.06,2.31586,601.0
2025-06-02 04:34:00,104968.05,104977.59,104968.05,104977.59,1.2679,587.0
2025-06-02 04:35:00,104977.58,104977.59,104969.36,104969.37,6.68477,447.0
2025-06-02 04:36:00,104969.37,104969.37,104938.03,104938.03,6.30489,817.0
2025-06-02 04:37:00,104938.03,104938.04,104905.28,104905.29,2.78643,921.0
2025-06-02 04:38:00,104905.28,104905.29,104895.98,104895.99,2.94155,486.0
2025-06-02 04:39:00,104895.98,104895.99,104895.98,104895.98,0.67904,116.0
2025-06-02 04:40:00,104895.98,104900.03,104890.97,104900.03,2.10059,713.0
2025-06-02 04:41:00,104900.03,104926.82,104900.02,104917.65,1.52916,1080.0
2025-06-02 04:42:00,104917.66,104917.66,104889.37,104902.42,4.27372,1065.0
2025-06-02 04:43:00,104902.41,104916.92,104902.41,104916.92,4.72587,905.0
2025-06-02 04:44:00,104916.92,104939.27,104898.24,104898.24,22.80393,2004.0
2025-06-02 04:45:00,104898.24,104919.99,104898.24,104919.99,2.82623,521.0
2025-06-02 04:46:00,104919.99,104919.99,104904.76,104919.24,6.82082,667.0
2025-06-02 04:47:00,104919.25,104926.83,104905.43,104905.44,17.81852,1246.0
2025-06-02 04:48:00,104905.43,104905.44,104889.41,104889.42,2.02287,819.0
2025-06-02 04:49:00,104889.42,104890.99,104878.04,104890.99,2.71068,824.0
2025-06-02 04:50:00,104890.99,104890.99,104878.04,104878.04,2.09798,662.0
2025-06-02 04:51:00,104878.04,104878.05,104820.75,104820.75,10.78922,1658.0
2025-06-02 04:52:00,104820.76,104820.76,104731.7,104731.71,4.29636,2058.0
2025-06-02 04:53:00,104731.71,104731.71,104726.41,104731.71,4.04099,518.0
2025-06-02 04:54:00,104731.71,104731.71,104700.03,104700.04,3.20991,879.0
2025-06-02 04:55:00,104700.04,104719.79,104700.03,104719.79,2.81955,559.0
2025-06-02 04:56:00,104719.79,104726.42,104719.78,104726.42,1.89561,270.0
2025-06-02 04:57:00,104726.42,104731.71,104726.41,104731.7,3.92622,287.0
2025-06-02 04:58:00,104731.71,104731.71,104731.7,104731.7,1.93518,198.0
2025-06-02 04:59:00,104731.7,104765.48,104731.7,104765.48,4.53195,568.0
2025-06-02 05:00:00,104765.48,104817.14,104745.49,104799.15,8.1645,1996.0
2025-06-02 05:01:00,104799.14,104799.14,104758.3,104758.3,2.29047,1055.0
2025-06-02 05:02:00,104758.31,104787.72,104748.16,104773.92,4.99393,1718.0
2025-06-02 05:03:00,104773.91,104773.92,104720.69,104720.69,4.60236,1516.0
2025-06-02 05:04:00,104720.69,104739.5,104684.99,104739.49,4.04765,2106.0
2025-06-02 05:05:00,104739.49,104780.49,104739.49,104775.29,6.50148,1135.0
2025-06-02 05:06:00,104775.28,104841.84,104775.28,104841.84,4.33357,1637.0
2025-06-02 05:07:00,104841.83,104854.26,104841.83,104854.25,0.68505,383.0
2025-06-02 05:08:00,104854.25,104857.15,104854.25,104857.14,0.69865,218.0
2025-06-02 05:09:00,104857.14,104875.45,104857.14,104875.44,1.70259,604.0
2025-06-02 05:10:00,104875.44,104888.61,104875.44,104888.61,1.56291,328.0
2025-06-02 05:11:00,104888.61,104918.04,104888.6,104913.14,8.95991,437.0
2025-06-02 05:12:00,104913.13,104915.1,104913.13,104915.09,1.68451,396.0
2025-06-02 05:13:00,104915.1,104915.1,104915.08,104915.09,8.23238,203.0
2025-06-02 05:14:00,104915.08,104915.09,104915.08,104915.09,0.38832,100.0
2025-06-02 05:15:00,104915.09,104915.09,104890.97,104890.97,7.95592,829.0
2025-06-02 05:16:00,104890.97,104915.08,104869.19,104869.19,6.55312,1624.0
2025-06-02 05:17:00,104869.2,104869.2,104858.3,104863.63,3.79013,565.0
2025-06-02 05:18:00,104863.62,104863.63,104852.23,104852.23,2.52672,468.0
2025-06-02 05:19:00,104852.24,104852.24,104747.58,104747.59,7.47908,3157.0
2025-06-02 05:20:00,104747.59,104759.83,104731.7,104756.46,4.98452,1173.0
2025-06-02 05:21:00,104756.46,104756.46,104742.62,104756.44,2.69542,866.0
2025-06-02 05:22:00,104756.45,104769.05,104756.44,104760.14,2.67451,615.0
2025-06-02 05:23:00,104760.13,104793.46,104760.13,104793.45,2.89816,765.0
2025-06-02 05:24:00,104793.45,104804.97,104793.45,104804.96,1.11204,367.0
2025-06-02 05:25:00,104804.96,104833.8,104804.96,104833.79,2.50543,664.0
2025-06-02 05:26:00,104833.79,104833.8,104801.47,104801.48,2.73207,934.0
2025-06-02 05:27:00,104801.47,104801.48,104800.72,104800.72,2.41292,223.0
2025-06-02 05:28:00,104800.72,104800.73,104800.72,104800.73,2.29967,146.0
2025-06-02 05:29:00,104800.73,104801.48,104795.29,104801.48,1.63174,593.0
2025-06-02 05:30:00,104801.47,104819.71,104801.47,104815.07,2.35445,620.0
2025-06-02 05:31:00,104815.07,104828.3,104815.07,104819.35,1.51504,640.0
2025-06-02 05:32:00,104819.35,104819.36,104747.33,104747.33,8.07138,2444.0
2025-06-02 05:33:00,104747.33,104747.34,104740.61,104740.61,1.07234,352.0
2025-06-02 05:34:00,104740.62,104746.41,104708.37,104746.41,4.91448,1910.0
2025-06-02 05:35:00,104746.41,104760.0,104730.5,104759.99,7.06948,981.0
2025-06-02 05:36:00,104760.0,104770.93,104742.53,104742.53,1.77855,908.0
2025-06-02 05:37:00,104742.52,104753.88,104738.57,104738.58,3.6736,748.0
2025-06-02 05:38:00,104738.57,104749.84,104732.86,104732.86,3.66412,805.0
2025-06-02 05:39:00,104732.86,104732.86,104679.24,104701.02,12.90163,2196.0
2025-06-02 05:40:00,104701.01,104720.0,104701.01,104719.99,4.99864,785.0
2025-06-02 05:41:00,104719.99,104740.01,104702.02,104702.03,3.7773,1653.0
2025-06-02 05:42:00,104702.02,104725.66,104692.13,104725.65,2.05018,811.0
2025-06-02 05:43:00,104725.65,104731.71,104725.65,104731.7,1.77046,281.0
2025-06-02 05:44:00,104731.7,104731.71,104682.92,104682.92,4.65581,1264.0
2025-06-02 05:45:00,104682.92,104682.92,104610.13,104634.14,21.49865,2332.0
2025-06-02 05:46:00,104634.14,104662.05,104634.14,104656.81,5.64576,669.0
2025-06-02 05:47:00,104656.8,104731.71,104656.8,104731.71,5.76348,2027.0
2025-06-02 05:48:00,104731.7,104750.3,104731.7,104750.3,4.32168,583.0
2025-06-02 05:49:00,104750.3,104774.12,104750.29,104765.57,6.9493,659.0
2025-06-02 05:50:00,104765.58,104780.49,104765.57,104780.48,2.6631,416.0
2025-06-02 05:51:00,104780.49,104780.49,104733.5,104742.13,3.2306,1190.0
2025-06-02 05:52:00,104742.13,104748.53,104742.13,104748.52,1.15168,275.0
2025-06-02 05:53:00,104748.53,104780.49,104748.52,104775.32,5.38511,1046.0
2025-06-02 05:54:00,104775.31,104795.33,104775.31,104784.31,3.0643,670.0
2025-06-02 05:55:00,104784.3,104784.31,104784.3,104784.3,1.32696,185.0
2025-06-02 05:56:00,104784.31,104809.47,104784.3,104809.47,2.71781,726.0
2025-06-02 05:57:00,104809.47,104809.53,104809.46,104809.52,0.67642,178.0
2025-06-02 05:58:00,104809.52,104818.4,104809.52,104818.39,0.93526,227.0
2025-06-02 05:59:00,104818.39,104833.8,104818.39,104833.79,2.16267,398.0
2025-06-02 06:00:00,104833.79,104857.15,104833.79,104849.57,1.96632,621.0
2025-06-02 06:01:00,104849.56,104849.56,104810.05,104810.06,1.86435,962.0
2025-06-02 06:02:00,104810.06,104832.42,104796.6,104832.42,2.73856,1024.0
2025-06-02 06:03:00,104832.43,104865.82,104832.43,104865.81,4.37498,598.0
2025-06-02 06:04:00,104865.81,104947.01,104865.81,104931.43,30.25387,1749.0
2025-06-02 06:05:00,104931.43,104935.02,104919.65,104919.66,3.74487,677.0
2025-06-02 06:06:00,104919.65,104919.66,104913.76,104913.76,2.20917,295.0
2025-06-02 06:07:00,104913.77,104913.77,104856.61,104856.62,4.79,1859.0
2025-06-02 06:08:00,104856.61,104894.98,104846.99,104894.97,3.02124,1525.0
2025-06-02 06:09:00,104894.98,104894.98,104876.46,104876.46,2.09347,828.0
2025-06-02 06:10:00,104876.47,104876.47,104849.52,104860.45,2.85853,1298.0
2025-06-02 06:11:00,104860.45,104867.16,104854.98,104854.99,3.43521,649.0
2025-06-02 06:12:00,104854.99,104854.99,104811.82,104811.82,5.45511,1195.0
2025-06-02 06:13:00,104811.82,104839.65,104811.82,104839.65,2.92869,799.0
2025-06-02 06:14:00,104839.64,104849.63,104839.64,104849.62,0.94163,461.0
2025-06-02 06:15:00,104849.63,104849.63,104767.21,104767.21,8.37681,1559.0
2025-06-02 06:16:00,104767.21,104767.22,104766.48,104767.21,1.02535,268.0
2025-06-02 06:17:00,104767.21,104767.22,104755.32,104755.33,2.08612,757.0
2025-06-02 06:18:00,104755.32,104755.33,104732.38,104754.39,3.85145,1105.0
2025-06-02 06:19:00,104754.4,104754.4,104749.11,104749.11,1.86261,337.0
2025-06-02 06:20:00,104749.12,104809.53,104749.11,104796.38,8.66044,1747.0
2025-06-02 06:21:00,104796.39,104796.39,104770.42,104780.48,3.41719,799.0
2025-06-02 06:22:00,104780.49,104811.08,104780.48,104811.08,2.36452,715.0
2025-06-02 06:23:00,104811.07,104811.08,104780.94,104789.52,1.50248,868.0
2025-06-02 06:24:00,104789.52,104900.0,104789.51,104899.99,16.15071,3007.0
2025-06-02 06:25:00,104900.0,104915.67,104899.99,104915.67,2.51569,653.0
2025-06-02 06:26:00,104915.66,104915.68,104889.96,104889.96,4.4255,1526.0
2025-06-02 06:27:00,104889.97,104934.35,104889.96,104934.34,5.17834,1844.0
2025-06-02 06:28:00,104934.35,104952.37,104934.34,104950.17,18.00528,1030.0
2025-06-02 06:29:00,104950.17,104975.61,104947.51,104947.52,22.01777,1697.0
2025-06-02 06:30:00,104947.52,104947.52,104947.51,104947.52,2.57785,289.0
2025-06-02 06:31:00,104947.51,104947.52,104909.03,104938.94,5.5172,2016.0
2025-06-02 06:32:00,104938.94,104984.83,104938.93,104978.84,21.25323,1768.0
2025-06-02 06:33:00,104978.84,104978.85,104945.14,104950.5,12.49128,1182.0
2025-06-02 06:34:00,104950.5,104957.98,104938.28,104938.28,6.6381,1061.0
2025-06-02 06:35:00,104938.28,104938.29,104907.9,104907.9,8.0626,1425.0
2025-06-02 06:36:00,104907.9,104918.87,104892.28,104918.87,5.02599,1349.0
2025-06-02 06:37:00,104918.88,104950.16,104918.88,104945.61,4.66151,1196.0
2025-06-02 06:38:00,104945.61,104949.34,104905.61,104944.45,17.15599,1987.0
2025-06-02 06:39:00,104944.45,104962.27,104938.34,104962.26,2.09526,1054.0
2025-06-02 06:40:00,104962.27,105000.0,104962.27,105000.0,14.0625,1862.0
2025-06-02 06:41:00,105000.0,105122.31,104999.99,105114.61,23.91531,3128.0
2025-06-02 06:42:00,105114.61,105137.3,105113.72,105115.5,12.29043,1119.0
2025-06-02 06:43:00,105115.5,105152.69,105115.5,105150.47,18.82362,1584.0
2025-06-02 06:44:00,105150.46,105172.0,105115.52,105151.39,18.34952,2415.0
2025-06-02 06:45:00,105151.4,105151.4,105129.45,105135.12,7.82208,1016.0
2025-06-02 06:46:00,105135.11,105157.74,105107.63,105157.73,6.40586,1986.0
2025-06-02 06:47:00,105157.73,105176.69,105142.76,105166.4,10.92324,1007.0
2025-06-02 06:48:00,105166.41,105266.87,105166.4,105247.39,18.56666,3352.0
2025-06-02 06:49:00,105247.39,105247.39,105198.49,105198.5,4.92212,1755.0
2025-06-02 06:50:00,105198.5,105237.98,105198.49,105211.03,26.20406,1630.0
2025-06-02 06:51:00,105211.02,105211.03,105194.81,105194.81,3.76884,752.0
2025-06-02 06:52:00,105194.81,105194.82,105174.67,105174.67,6.23324,1161.0
2025-06-02 06:53:00,105174.67,105192.74,105170.73,105190.47,9.64576,1142.0
2025-06-02 06:54:00,105190.47,105190.48,105170.73,105170.74,6.49583,1004.0
2025-06-02 06:55:00,105170.74,105170.74,105143.26,105143.26,3.99953,987.0
2025-06-02 06:56:00,105143.26,105143.27,105103.86,105103.87,2.3914,1043.0
2025-06-02 06:57:00,105103.86,105148.72,105103.86,105148.72,3.12335,918.0
2025-06-02 06:58:00,105148.71,105157.3,105127.91,105157.3,4.86452,1201.0
2025-06-02 06:59:00,105157.3,105170.74,105157.3,105162.38,8.1772,990.0
2025-06-02 07:00:00,105162.39,105201.88,105162.38,105184.19,2.46603,1709.0
2025-06-02 07:01:00,105184.19,105253.3,105177.45,105253.29,6.9668,2419.0
2025-06-02 07:02:00,105253.29,105253.29,105231.08,105248.35,4.21448,1540.0
2025-06-02 07:03:00,105248.36,105307.69,105248.36,105292.02,8.55642,2071.0
2025-06-02 07:04:00,105292.02,105327.61,105292.02,105317.08,5.29718,1502.0
2025-06-02 07:05:00,105317.07,105327.61,105309.97,105327.6,7.60284,946.0
2025-06-02 07:06:00,105327.6,105327.61,105293.04,105293.04,7.21101,1692.0
2025-06-02 07:07:00,105293.04,105293.05,105293.04,105293.04,1.26571,319.0
2025-06-02 07:08:00,105293.04,105345.82,105293.04,105333.33,4.9688,2104.0
2025-06-02 07:09:00,105333.33,105333.34,105294.41,105294.41,3.79289,1449.0
2025-06-02 07:10:00,105294.41,105294.42,105268.29,105284.08,2.49913,1985.0
2025-06-02 07:11:00,105284.08,105302.3,105284.08,105288.3,4.87375,1546.0
2025-06-02 07:12:00,105288.3,105305.92,105271.97,105305.91,5.79541,1426.0
2025-06-02 07:13:00,105305.91,105328.06,105291.42,105291.42,8.85741,3132.0
2025-06-02 07:14:00,105291.42,105317.08,105290.51,105290.51,5.61293,1320.0
2025-06-02 07:15:00,105290.51,105290.52,105264.81,105272.63,8.23075,1520.0
2025-06-02 07:16:00,105272.64,105313.46,105272.63,105313.45,3.41576,1033.0
2025-06-02 07:17:00,105313.45,105350.0,105313.45,105349.99,15.10672,947.0
2025-06-02 07:18:00,105350.0,105379.24,105349.99,105355.85,14.28415,2037.0
2025-06-02 07:19:00,105355.86,105355.86,105342.82,105355.84,8.98925,1269.0
2025-06-02 07:20:00,105355.85,105379.24,105343.54,105343.54,11.87076,2038.0
2025-06-02 07:21:00,105343.55,105365.86,105343.54,105359.83,3.73731,1121.0
2025-06-02 07:22:00,105359.82,105405.39,105359.81,105372.89,11.28307,2466.0
2025-06-02 07:23:00,105372.9,105372.9,105362.05,105362.05,2.43428,646.0
2025-06-02 07:24:00,105362.06,105362.06,105362.05,105362.06,1.62957,221.0
2025-06-02 07:25:00,105362.05,105362.06,105346.15,105346.15,2.40932,792.0
2025-06-02 07:26:00,105346.15,105355.78,105346.15,105355.78,1.03545,468.0
2025-06-02 07:27:00,105355.78,105365.86,105328.97,105328.97,7.00909,1893.0
2025-06-02 07:28:00,105328.97,105328.98,105269.29,105290.35,9.23175,3346.0
2025-06-02 07:29:00,105290.34,105299.99,105273.17,105273.18,3.11977,1326.0
2025-06-02 07:30:00,105273.18,105273.18,105207.69,105219.35,14.36352,2649.0
2025-06-02 07:31:00,105219.35,105268.3,105219.35,105229.86,4.59605,2380.0
2025-06-02 07:32:00,105229.85,105260.16,105224.59,105255.5,4.86732,1422.0
2025-06-02 07:33:00,105255.49,105255.5,105226.97,105226.97,6.44877,1796.0
2025-06-02 07:34:00,105226.97,105267.66,105226.97,105249.1,5.57147,1446.0
2025-06-02 07:35:00,105249.1,105249.11,105189.32,105198.12,7.55256,3211.0
2025-06-02 07:36:00,105198.11,105237.85,105198.11,105237.85,4.53974,1332.0
2025-06-02 07:37:00,105237.84,105326.92,105237.84,105326.92,6.16067,2214.0
2025-06-02 07:38:00,105326.91,105334.08,105309.22,105334.07,8.29673,1311.0
2025-06-02 07:39:00,105334.07,105338.13,105334.07,105338.13,0.62407,334.0
2025-06-02 07:40:00,105338.12,105338.13,105285.72,105337.04,12.05533,2773.0
2025-06-02 07:41:00,105337.03,105350.72,105333.38,105350.71,4.33926,821.0
2025-06-02 07:42:00,105350.71,105397.11,105350.71,105397.11,4.64671,1258.0
2025-06-02 07:43:00,105397.1,105424.0,105397.1,105403.9,7.92933,1597.0
2025-06-02 07:44:00,105403.9,105433.97,105403.9,105433.97,12.5594,1018.0
2025-06-02 07:45:00,105433.96,105438.87,105409.81,105438.86,4.94492,1216.0
2025-06-02 07:46:00,105438.86,105438.87,105407.33,105407.33,7.53652,1653.0
2025-06-02 07:47:00,105407.33,105407.34,105332.34,105352.82,7.56357,4113.0
2025-06-02 07:48:00,105352.82,105352.83,105323.55,105336.57,3.24418,1941.0
2025-06-02 07:49:00,105336.57,105352.82,105336.57,105348.15,3.618,955.0
2025-06-02 07:50:00,105348.15,105352.82,105337.7,105352.82,3.87279,818.0
2025-06-02 07:51:00,105352.81,105365.86,105341.59,105365.86,5.01907,1232.0
2025-06-02 07:52:00,105365.85,105365.86,105346.45,105346.46,1.70445,953.0
2025-06-02 07:53:00,105346.45,105356.75,105346.45,105356.74,1.40955,355.0
2025-06-02 07:54:00,105356.74,105365.46,105353.17,105353.17,3.2194,1069.0
2025-06-02 07:55:00,105353.17,105353.18,105300.97,105317.07,5.53456,2626.0
2025-06-02 07:56:00,105317.07,105317.08,105312.12,105312.13,3.60931,674.0
2025-06-02 07:57:00,105312.12,105343.4,105312.12,105343.39,1.66493,849.0
2025-06-02 07:58:00,105343.39,105365.86,105343.39,105365.86,1.53782,587.0
2025-06-02 07:59:00,105365.85,105387.68,105365.7,105387.67,3.78177,726.0
2025-06-02 08:00:00,105387.67,105414.64,105383.85,105395.86,6.56742,1286.0
2025-06-02 08:01:00,105395.86,105395.87,105365.79,105365.79,4.46587,1670.0
2025-06-02 08:02:00,105365.79,105440.0,105360.83,105439.99,5.45167,2109.0
2025-06-02 08:03:00,105440.0,105440.0,105356.57,105434.52,10.63633,3931.0
2025-06-02 08:04:00,105434.51,105447.77,105426.55,105433.97,3.76083,959.0
2025-06-02 08:05:00,105433.96,105520.0,105433.96,105491.51,40.38314,5177.0
2025-06-02 08:06:00,105491.52,105509.38,105479.29,105495.32,6.51028,1500.0
2025-06-02 08:07:00,105495.31,105512.2,105484.06,105512.2,4.26853,1104.0
2025-06-02 08:08:00,105512.2,105580.0,105512.19,105543.1,13.77272,2922.0
2025-06-02 08:09:00,105543.1,105543.1,105482.88,105482.88,6.95884,3182.0
2025-06-02 08:10:00,105482.89,105537.15,105478.24,105482.56,16.51993,2589.0
2025-06-02 08:11:00,105482.57,105482.57,105429.56,105429.57,6.60232,2358.0
2025-06-02 08:12:00,105429.57,105463.42,105429.56,105458.02,3.00139,1251.0
2025-06-02 08:13:00,105458.03,105512.2,105458.02,105500.01,3.61417,1646.0
2025-06-02 08:14:00,105500.0,105520.0,105500.0,105520.0,4.72342,623.0
2025-06-02 08:15:00,105519.99,105520.0,105486.5,105486.5,5.40763,1598.0
2025-06-02 08:16:00,105486.51,105512.2,105486.5,105510.45,10.12686,795.0
2025-06-02 08:17:00,105510.44,105510.99,105480.12,105480.13,4.51691,2103.0
2025-06-02 08:18:00,105480.12,105548.0,105477.3,105533.8,7.97275,2090.0
2025-06-02 08:19:00,105533.8,105533.8,105450.92,105450.92,7.10632,3727.0
2025-06-02 08:20:00,105450.92,105532.87,105445.32,105497.69,6.91467,2949.0
2025-06-02 08:21:00,105497.69,105511.0,105457.06,105474.19,4.4892,2863.0
2025-06-02 08:22:00,105474.19,105500.0,105474.19,105484.05,2.54104,1490.0
2025-06-02 08:23:00,105484.06,105499.68,105478.96,105490.0,7.03679,963.0
2025-06-02 08:24:00,105490.0,105571.43,105489.99,105563.85,5.39099,1775.0
2025-06-02 08:25:00,105563.84,105571.43,105553.18,105560.86,3.13308,1012.0
2025-06-02 08:26:00,105560.87,105707.32,105555.43,105707.32,31.73605,5922.0
2025-06-02 08:27:00,105707.31,105870.0,105698.66,105864.71,44.74318,8499.0
2025-06-02 08:28:00,105864.7,105935.63,105862.58,105874.45,33.73325,5190.0
2025-06-02 08:29:00,105874.46,105874.46,105807.39,105811.13,27.44481,4022.0
2025-06-02 08:30:00,105811.14,105845.92,105807.0,105825.51,16.12004,2531.0
2025-06-02 08:31:00,105825.51,105853.66,105825.51,105853.66,26.15773,1196.0
2025-06-02 08:32:00,105853.66,105895.26,105848.4,105848.41,23.38258,2062.0
2025-06-02 08:33:00,105848.41,105848.41,105767.24,105767.25,28.22756,3786.0
2025-06-02 08:34:00,105767.24,105788.55,105736.38,105736.39,11.059,2985.0
2025-06-02 08:35:00,105736.38,105736.38,105709.1,105720.86,9.41991,1990.0
2025-06-02 08:36:00,105720.87,105745.25,105648.9,105648.91,18.29819,3586.0
2025-06-02 08:37:00,105648.91,105648.91,105549.01,105584.48,50.46611,5193.0
2025-06-02 08:38:00,105584.48,105591.88,105559.44,105568.55,15.14974,1887.0
2025-06-02 08:39:00,105568.56,105575.92,105568.55,105575.92,3.69777,415.0
2025-06-02 08:40:00,105575.92,105600.0,105560.7,105560.71,4.99457,1628.0
2025-06-02 08:41:00,105560.7,105560.71,105512.19,105512.19,6.20157,1268.0
2025-06-02 08:42:00,105512.2,105547.2,105512.19,105541.62,5.00921,1449.0
2025-06-02 08:43:00,105541.62,105541.63,105489.01,105489.01,7.39002,2456.0
2025-06-02 08:44:00,105489.02,105489.02,105468.41,105488.21,8.49777,1199.0
2025-06-02 08:45:00,105488.2,105488.21,105483.49,105483.5,7.12438,700.0
2025-06-02 08:46:00,105483.49,105483.5,105449.63,105482.99,6.46511,2135.0
2025-06-02 08:47:00,105482.99,105485.51,105479.31,105485.51,3.97393,678.0
2025-06-02 08:48:00,105487.37,105538.28,105487.36,105514.03,12.30372,2069.0
2025-06-02 08:49:00,105514.03,105514.04,105452.35,105452.35,7.71651,2231.0
2025-06-02 08:50:00,105452.35,105452.36,105346.97,105346.97,14.59674,4145.0
2025-06-02 08:51:00,105346.97,105362.41,105299.6,105299.61,12.12243,3672.0
2025-06-02 08:52:00,105299.6,105328.55,105271.49,105328.55,17.9541,4275.0
2025-06-02 08:53:00,105328.55,105328.55,105291.49,105291.49,4.81483,1069.0
2025-06-02 08:54:00,105291.5,105291.5,105241.18,105276.81,8.95018,2557.0
2025-06-02 08:55:00,105276.81,105317.35,105276.8,105317.35,4.13396,1102.0
2025-06-02 08:56:00,105317.34,105345.11,105317.34,105345.11,5.33919,1120.0
2025-06-02 08:57:00,105345.1,105345.11,105334.36,105344.46,1.89723,537.0
2025-06-02 08:58:00,105344.46,105368.0,105344.45,105365.85,4.34223,1764.0
2025-06-02 08:59:00,105365.85,105365.86,105292.0,105328.43,19.82723,1790.0
2025-06-02 09:00:00,105328.43,105335.99,105286.29,105286.29,8.7126,1685.0
2025-06-02 09:01:00,105286.29,105290.17,105260.81,105270.24,10.02363,2061.0
2025-06-02 09:02:00,105270.25,105270.25,105200.0,105200.01,10.29203,3294.0
2025-06-02 09:03:00,105200.0,105211.81,105200.0,105202.27,9.03089,778.0
2025-06-02 09:04:00,105202.28,105260.0,105202.27,105260.0,7.73278,1465.0
2025-06-02 09:05:00,105259.99,105260.0,105203.91,105203.91,6.35648,2858.0
2025-06-02 09:06:00,105203.91,105203.92,104986.94,105078.14,51.98401,8326.0
2025-06-02 09:07:00,105078.13,105078.13,104829.26,104904.77,104.18705,9885.0
2025-06-02 09:08:00,104904.76,104940.08,104829.26,104893.58,58.41048,7000.0
2025-06-02 09:09:00,104893.59,104984.33,104893.59,104949.47,21.42942,5389.0
2025-06-02 09:10:00,104949.47,104954.17,104868.87,104868.88,16.11968,2891.0
2025-06-02 09:11:00,104868.87,104892.9,104775.0,104849.96,72.57879,5225.0
2025-06-02 09:12:00,104849.96,104900.05,104805.82,104816.24,39.68353,3680.0
2025-06-02 09:13:00,104816.23,104878.05,104809.52,104878.05,8.30946,2039.0
2025-06-02 09:14:00,104878.04,104916.12,104852.9,104907.01,10.07258,1816.0
2025-06-02 09:15:00,104907.02,104907.02,104751.0,104751.01,29.6511,4524.0
2025-06-02 09:16:00,104751.0,104757.73,104716.41,104756.38,35.63349,4031.0
2025-06-02 09:17:00,104756.38,104756.38,104714.28,104714.29,12.67861,2501.0
2025-06-02 09:18:00,104714.29,104821.84,104714.29,104767.27,19.93385,5308.0
2025-06-02 09:19:00,104767.28,104829.27,104764.16,104803.81,11.70325,1936.0
2025-06-02 09:20:00,104803.82,104837.3,104800.0,104800.01,7.84067,1116.0
2025-06-02 09:21:00,104800.0,104822.42,104742.67,104752.27,19.13349,1841.0
2025-06-02 09:22:00,104752.27,104784.46,104745.27,104749.99,12.70573,1278.0
2025-06-02 09:23:00,104749.99,104765.39,104749.99,104765.38,3.9413,312.0
2025-06-02 09:24:00,104765.39,104857.31,104765.38,104845.53,24.27155,1712.0
2025-06-02 09:25:00,104845.53,104845.54,104750.0,104763.66,15.08341,4773.0
2025-06-02 09:26:00,104763.66,104784.02,104754.79,104784.02,3.26874,1373.0
2025-06-02 09:27:00,104784.02,104792.17,104771.84,104792.17,6.9216,1393.0
2025-06-02 09:28:00,104792.17,104796.92,104770.0,104780.47,7.20192,1519.0
2025-06-02 09:29:00,104780.47,104780.52,104731.7,104731.7,12.52652,802.0
2025-06-02 09:30:00,104731.7,104731.7,104648.32,104662.53,29.98479,3924.0
2025-06-02 09:31:00,104662.53,104780.49,104645.28,104780.48,22.22073,5885.0
2025-06-02 09:32:00,104780.48,104865.51,104780.48,104859.3,12.35768,3740.0
2025-06-02 09:33:00,104859.31,104904.31,104856.4,104891.58,9.51875,2215.0
2025-06-02 09:34:00,104891.58,104891.59,104868.39,104887.93,6.5336,1192.0
2025-06-02 09:35:00,104887.93,104887.93,104780.48,104780.48,10.63272,2121.0
2025-06-02 09:36:00,104780.48,104780.49,104637.68,104698.1,17.42345,3685.0
2025-06-02 09:37:00,104698.1,104712.48,104680.99,104712.48,6.33995,1288.0
2025-06-02 09:38:00,104712.48,104780.49,104712.47,104780.49,9.15375,3211.0
2025-06-02 09:39:00,104780.49,104780.49,104725.78,104745.75,6.58011,1850.0
2025-06-02 09:40:00,104745.74,104745.75,104700.0,104700.01,4.2147,1581.0
2025-06-02 09:41:00,104700.01,104702.83,104667.22,104702.51,8.72322,1504.0
2025-06-02 09:42:00,104702.5,104702.51,104671.98,104682.93,4.81195,1230.0
2025-06-02 09:43:00,104682.93,104682.93,104645.9,104645.9,6.84411,1418.0
2025-06-02 09:44:00,104645.91,104645.91,104606.0,104606.33,16.94451,1391.0
2025-06-02 09:45:00,104606.33,104606.33,104487.8,104558.13,50.74684,7444.0
2025-06-02 09:46:00,104558.13,104609.42,104549.31,104549.32,10.4665,4110.0
2025-06-02 09:47:00,104549.32,104594.37,104544.85,104594.37,4.4368,4530.0
2025-06-02 09:48:00,104594.36,104619.44,104580.94,104619.43,10.54995,2306.0
2025-06-02 09:49:00,104619.44,104620.01,104545.0,104585.36,7.66212,3298.0
2025-06-02 09:50:00,104585.37,104593.67,104552.19,104570.95,19.84888,1971.0
2025-06-02 09:51:00,104570.95,104570.95,104505.59,104505.59,8.25945,2098.0
2025-06-02 09:52:00,104505.58,104541.28,104483.64,104541.28,11.33585,2591.0
2025-06-02 09:53:00,104541.28,104570.67,104540.35,104540.35,4.94905,1750.0
2025-06-02 09:54:00,104540.36,104549.71,104500.0,104549.71,9.77693,3520.0
2025-06-02 09:55:00,104549.71,104619.05,104549.71,104596.7,7.24939,3163.0
2025-06-02 09:56:00,104596.7,104596.71,104551.08,104554.25,4.05902,1835.0
2025-06-02 09:57:00,104554.26,104554.26,104539.99,104554.26,5.6826,1087.0
2025-06-02 09:58:00,104554.26,104602.15,104554.26,104576.08,11.73453,2930.0
2025-06-02 09:59:00,104576.07,104585.37,104573.1,104585.36,2.47573,622.0
2025-06-02 10:00:00,104585.37,104619.05,104560.97,104619.05,10.92361,3060.0
2025-06-02 10:01:00,104619.05,104619.05,104575.17,104575.17,5.38654,2573.0
2025-06-02 10:02:00,104575.17,104583.09,104562.69,104571.43,2.30247,1411.0
2025-06-02 10:03:00,104571.43,104596.2,104470.27,104475.9,28.71362,3735.0
2025-06-02 10:04:00,104475.9,104480.0,104452.92,104470.32,6.88071,2464.0
2025-06-02 10:05:00,104470.33,104473.68,104414.59,104454.86,11.14875,4077.0
2025-06-02 10:06:00,104454.86,104634.94,104454.86,104634.94,23.15689,5733.0
2025-06-02 10:07:00,104634.94,104634.94,104556.13,104568.93,4.5998,2514.0
2025-06-02 10:08:00,104568.94,104660.0,104553.1,104640.07,12.61446,4846.0
2025-06-02 10:09:00,104640.08,104650.7,104598.47,104612.4,7.72221,1958.0
2025-06-02 10:10:00,104612.4,104615.97,104583.68,104583.68,5.44675,1114.0
2025-06-02 10:11:00,104583.69,104599.06,104569.11,104571.42,9.2159,2281.0
2025-06-02 10:12:00,104571.42,104621.14,104571.42,104614.8,5.57367,2644.0
2025-06-02 10:13:00,104614.8,104626.53,104603.15,104626.53,4.67542,1819.0
2025-06-02 10:14:00,104626.53,104630.24,104600.0,104630.24,5.27895,1788.0
2025-06-02 10:15:00,104630.23,104630.24,104600.0,104600.01,3.18304,1123.0
2025-06-02 10:16:00,104600.0,104600.01,104369.0,104395.39,55.24722,5190.0
2025-06-02 10:17:00,104395.4,104436.77,104395.39,104435.3,10.0838,2908.0
2025-06-02 10:18:00,104435.29,104435.29,104373.76,104390.25,19.87943,2365.0
2025-06-02 10:19:00,104390.24,104396.4,104354.53,104390.72,37.00438,1297.0
2025-06-02 10:20:00,104390.72,104390.72,104319.0,104328.0,25.67714,3141.0
2025-06-02 10:21:00,104328.0,104394.26,104327.99,104383.23,9.13161,2183.0
2025-06-02 10:22:00,104383.22,104383.23,104341.46,104341.47,9.13295,2258.0
2025-06-02 10:23:00,104341.47,104368.95,104341.46,104355.93,5.11139,1455.0
2025-06-02 10:24:00,104355.94,104355.94,104304.82,104304.83,8.44198,1659.0
2025-06-02 10:25:00,104304.83,104429.61,104304.83,104422.74,26.58091,2699.0
2025-06-02 10:26:00,104422.74,104447.16,104404.15,104427.33,10.92026,3826.0
2025-06-02 10:27:00,104428.84,104432.84,104394.47,104394.48,7.67752,1601.0
2025-06-02 10:28:00,104394.47,104414.42,104381.62,104390.24,12.37597,1647.0
2025-06-02 10:29:00,104390.24,104396.02,104376.07,104376.07,4.49214,896.0
2025-06-02 10:30:00,104376.08,104415.0,104376.07,104415.0,11.26434,1505.0
2025-06-02 10:31:00,104415.0,104439.03,104301.88,104369.99,39.66113,5023.0
2025-06-02 10:32:00,104370.0,104370.0,104285.87,104306.99,30.69697,2865.0
2025-06-02 10:33:00,104306.99,104378.72,104306.99,104340.28,7.70836,2475.0
2025-06-02 10:34:00,104340.29,104340.29,104316.79,104327.99,5.93906,1572.0
2025-06-02 10:35:00,104327.99,104358.34,104297.02,104307.18,10.68575,3099.0
2025-06-02 10:36:00,104307.18,104387.35,104254.71,104380.76,20.03237,4328.0
2025-06-02 10:37:00,104380.75,104390.25,104332.68,104373.46,9.73691,4594.0
2025-06-02 10:38:00,104373.47,104390.25,104352.61,104390.25,6.45881,2263.0
2025-06-02 10:39:00,104390.25,104391.99,104381.42,104381.43,3.34569,611.0
2025-06-02 10:40:00,104381.43,104400.0,104381.43,104400.0,10.74374,1384.0
2025-06-02 10:41:00,104400.0,104428.51,104399.99,104405.28,18.5741,2307.0
2025-06-02 10:42:00,104405.27,104414.22,104405.27,104414.21,2.27054,655.0
2025-06-02 10:43:00,104414.21,104426.2,104405.27,104405.28,5.80775,1038.0
2025-06-02 10:44:00,104405.28,104405.28,104308.51,104308.52,17.94819,3027.0
2025-06-02 10:45:00,104308.52,104308.52,104292.68,104292.69,4.19289,710.0
2025-06-02 10:46:00,104292.69,104303.23,104292.68,104303.23,7.94627,801.0
2025-06-02 10:47:00,104303.23,104341.47,104303.23,104310.5,5.11983,1751.0
2025-06-02 10:48:00,104310.5,104372.21,104301.12,104360.02,16.08287,3443.0
2025-06-02 10:49:00,104360.01,104372.2,104339.45,104349.33,8.12882,2691.0
2025-06-02 10:50:00,104349.33,104349.33,104301.07,104301.07,2.2966,1589.0
2025-06-02 10:51:00,104301.07,104338.1,104301.07,104338.1,6.22027,1089.0
2025-06-02 10:52:00,104338.09,104375.28,104338.09,104375.28,6.22447,1376.0
2025-06-02 10:53:00,104375.28,104439.03,104375.27,104435.01,23.67358,1921.0
2025-06-02 10:54:00,104435.02,104439.03,104435.01,104439.03,2.11751,325.0
2025-06-02 10:55:00,104439.03,104449.98,104407.04,104407.05,10.13834,2070.0
2025-06-02 10:56:00,104407.04,104428.94,104390.24,104390.24,8.08718,1508.0
2025-06-02 10:57:00,104390.25,104395.93,104362.37,104362.37,7.43649,2011.0
2025-06-02 10:58:00,104362.37,104362.38,104362.37,104362.38,2.06739,270.0
2025-06-02 10:59:00,104362.37,104378.54,104362.37,104370.85,4.99893,950.0
2025-06-02 11:00:00,104370.85,104370.86,104331.5,104359.99,10.11888,3063.0
2025-06-02 11:01:00,104360.0,104375.88,104349.43,104349.44,5.77918,2145.0
2025-06-02 11:02:00,104349.44,104391.07,104349.43,104375.95,5.48479,2783.0
2025-06-02 11:03:00,104375.94,104375.95,104347.2,104366.4,4.13564,977.0
2025-06-02 11:04:00,104366.4,104366.41,104314.67,104335.55,4.91056,1292.0
2025-06-02 11:05:00,104335.56,104359.3,104304.38,104317.49,6.75514,2248.0
2025-06-02 11:06:00,104317.5,104317.5,104303.35,104317.49,4.65221,1016.0
2025-06-02 11:07:00,104317.5,104317.5,104271.69,104271.7,9.8072,1718.0
2025-06-02 11:08:00,104271.7,104271.7,104200.01,104271.7,27.90558,4433.0
2025-06-02 11:09:00,104271.7,104280.01,104243.9,104273.91,6.01713,1889.0
2025-06-02 11:10:00,104273.9,104410.02,104273.9,104410.01,18.20436,3666.0
2025-06-02 11:11:00,104410.02,104450.5,104410.01,104434.55,26.9045,2043.0
2025-06-02 11:12:00,104434.55,104487.82,104434.54,104444.56,32.31471,3019.0
2025-06-02 11:13:00,104444.55,104444.56,104394.52,104412.18,9.43178,2273.0
2025-06-02 11:14:00,104412.18,104412.19,104350.84,104350.85,8.91632,2723.0
2025-06-02 11:15:00,104350.85,104350.85,104292.68,104316.86,6.22215,2198.0
2025-06-02 11:16:00,104316.85,104363.61,104316.85,104363.6,4.07616,1698.0
2025-06-02 11:17:00,104363.6,104386.45,104335.0,104335.0,8.4107,2279.0
2025-06-02 11:18:00,104335.0,104335.01,104303.03,104304.04,4.36091,1905.0
2025-06-02 11:19:00,104304.04,104304.04,104279.09,104285.76,4.12226,976.0
2025-06-02 11:20:00,104285.76,104292.69,104275.33,104275.33,4.42612,887.0
2025-06-02 11:21:00,104275.34,104285.48,104257.94,104257.94,5.63692,1176.0
2025-06-02 11:22:00,104257.95,104272.51,104222.45,104272.51,7.96942,2353.0
2025-06-02 11:23:00,104272.51,104272.51,104254.61,104254.61,3.17168,516.0
2025-06-02 11:24:00,104254.62,104267.51,104254.61,104257.2,3.57418,670.0
2025-06-02 11:25:00,104257.21,104309.72,104257.2,104279.24,13.07226,1861.0
2025-06-02 11:26:00,104279.24,104331.88,104279.23,104331.87,7.20001,1629.0
2025-06-02 11:27:00,104331.87,104331.87,104260.0,104260.01,5.77031,1749.0
2025-06-02 11:28:00,104260.01,104285.28,104254.62,104283.97,5.47273,560.0
2025-06-02 11:29:00,104283.96,104292.69,104271.99,104271.99,2.37284,811.0
2025-06-02 11:30:00,104271.99,104272.0,104254.62,104269.96,3.2093,734.0
2025-06-02 11:31:00,104269.97,104292.27,104269.96,104292.27,2.56444,628.0
2025-06-02 11:32:00,104292.26,104306.37,104287.83,104306.37,6.52941,1111.0
2025-06-02 11:33:00,104306.37,104319.14,104306.36,104319.13,1.30516,520.0
2025-06-02 11:34:00,104319.14,104333.33,104287.24,104296.83,18.69729,1660.0
2025-06-02 11:35:00,104296.84,104320.0,104296.83,104320.0,11.27267,656.0
2025-06-02 11:36:00,104319.99,104325.86,104290.82,104291.54,6.45195,874.0
2025-06-02 11:37:00,104291.54,104307.19,104271.46,104271.46,6.0323,1454.0
2025-06-02 11:38:00,104271.47,104278.68,104218.4,104218.4,7.11726,1762.0
2025-06-02 11:39:00,104218.4,104228.01,104169.11,104228.0,19.10577,3344.0
2025-06-02 11:40:00,104228.0,104257.42,104216.5,104216.51,28.45122,1361.0
2025-06-02 11:41:00,104216.5,104216.51,104120.0,104122.6,16.81171,3370.0
2025-06-02 11:42:00,104122.6,104177.0,104050.01,104076.43,67.52232,6606.0
2025-06-02 11:43:00,104076.43,104076.43,104000.0,104000.02,17.60485,2981.0
2025-06-02 11:44:00,104000.01,104061.46,103980.0,104020.19,28.63538,4435.0
2025-06-02 11:45:00,104020.19,104060.75,103941.0,103946.33,34.41211,4265.0
2025-06-02 11:46:00,103946.32,104114.18,103941.12,104049.89,30.59897,5689.0
2025-06-02 11:47:00,104049.89,104104.45,104021.28,104104.45,9.58475,3406.0
2025-06-02 11:48:00,104104.45,104190.48,104076.06,104150.96,54.49471,5235.0
2025-06-02 11:49:00,104150.96,104165.15,104097.69,104120.59,19.26059,2088.0
2025-06-02 11:50:00,104120.59,104120.6,104088.62,104107.98,4.62401,1637.0
2025-06-02 11:51:00,104107.98,104107.99,104004.07,104004.08,13.43318,3134.0
2025-06-02 11:52:00,104004.08,104044.41,104004.07,104014.2,8.63433,1530.0
2025-06-02 11:53:00,104014.21,104047.99,104010.87,104040.01,7.63423,1549.0
2025-06-02 11:54:00,104040.02,104095.23,104040.02,104095.23,4.45664,1148.0
2025-06-02 11:55:00,104095.23,104105.94,104076.01,104076.01,4.81182,1127.0
2025-06-02 11:56:00,104076.01,104076.02,104034.02,104034.02,4.5407,1019.0
2025-06-02 11:57:00,104034.03,104034.03,104015.44,104015.45,6.07512,830.0
2025-06-02 11:58:00,104015.45,104015.45,104000.0,104015.45,7.01371,835.0
2025-06-02 11:59:00,104015.44,104047.64,104015.44,104047.64,7.54237,1360.0
2025-06-02 12:00:00,104047.63,104047.63,104018.03,104035.01,6.78922,2271.0
2025-06-02 12:01:00,104035.02,104114.49,104035.01,104040.57,12.82298,2856.0
2025-06-02 12:02:00,104040.57,104080.0,104040.56,104048.01,6.7035,1931.0
2025-06-02 12:03:00,104048.0,104048.0,104021.88,104041.72,12.10901,1901.0
2025-06-02 12:04:00,104041.71,104088.49,104027.18,104027.18,8.37899,2889.0
2025-06-02 12:05:00,104027.19,104046.18,104024.38,104034.29,8.41713,861.0
2025-06-02 12:06:00,104034.28,104034.29,103897.9,103994.54,49.65553,5312.0
2025-06-02 12:07:00,103994.55,103994.55,103931.31,103965.92,8.09906,2593.0
2025-06-02 12:08:00,103965.93,104020.75,103935.89,104020.74,8.06409,2986.0
2025-06-02 12:09:00,104020.75,104020.75,103918.83,103918.83,17.25379,3375.0
2025-06-02 12:10:00,103918.83,103959.07,103908.19,103920.0,32.59283,3191.0
2025-06-02 12:11:00,103920.0,103941.38,103907.8,103940.25,26.05313,1663.0
2025-06-02 12:12:00,103940.25,103974.95,103934.89,103968.72,25.12013,2374.0
2025-06-02 12:13:00,103968.71,103968.71,103955.01,103955.01,20.27337,1247.0
2025-06-02 12:14:00,103955.02,103974.75,103930.82,103974.75,13.15231,2430.0
2025-06-02 12:15:00,103974.75,103974.75,103920.66,103920.67,15.55802,2143.0
2025-06-02 12:16:00,103920.66,103938.2,103882.35,103882.36,15.06062,2129.0
2025-06-02 12:17:00,103882.35,103949.98,103869.43,103938.14,15.99632,3146.0
2025-06-02 12:18:00,103938.14,103962.44,103932.27,103962.09,12.82177,2378.0
2025-06-02 12:19:00,103962.08,103974.11,103918.12,103918.13,11.06373,2210.0
2025-06-02 12:20:00,103918.12,103925.95,103888.0,103895.88,10.99247,1656.0
2025-06-02 12:21:00,103895.89,103916.99,103885.47,103894.29,8.28416,1767.0
2025-06-02 12:22:00,103894.29,103913.36,103883.01,103883.01,5.02718,1561.0
2025-06-02 12:23:00,103883.02,103883.02,103879.67,103879.68,3.89228,572.0
2025-06-02 12:24:00,103879.68,103879.68,103862.5,103879.68,9.1065,1155.0
2025-06-02 12:25:00,103879.68,103899.03,103879.67,103897.37,12.0673,1650.0
2025-06-02 12:26:00,103897.38,104002.49,103897.37,104001.19,14.4245,3371.0
2025-06-02 12:27:00,104001.19,104024.81,103981.59,104024.81,2.47842,1091.0
2025-06-02 12:28:00,104024.81,104046.2,104024.8,104046.19,4.07523,868.0
2025-06-02 12:29:00,104046.2,104060.99,104030.19,104059.37,11.30692,1917.0
2025-06-02 12:30:00,104059.37,104059.37,104030.21,104059.37,6.17516,1787.0
2025-06-02 12:31:00,104059.37,104079.39,104059.36,104068.97,5.78039,1177.0
2025-06-02 12:32:00,104068.98,104079.08,104068.97,104073.82,4.59858,924.0
2025-06-02 12:33:00,104073.82,104116.21,104059.89,104077.78,24.53762,3229.0
2025-06-02 12:34:00,104077.78,104120.0,104077.77,104097.04,9.83368,1855.0
2025-06-02 12:35:00,104097.03,104097.04,104065.48,104094.11,11.83639,2006.0
2025-06-02 12:36:00,104094.11,104094.12,104056.13,104072.92,6.081,1604.0
2025-06-02 12:37:00,104072.93,104113.65,104072.92,104113.65,8.69178,2288.0
2025-06-02 12:38:00,104113.64,104146.35,104113.64,104146.35,15.17285,1680.0
2025-06-02 12:39:00,104146.34,104155.01,104146.34,104155.01,5.48284,674.0
2025-06-02 12:40:00,104155.0,104204.32,104138.21,104204.31,13.48213,3304.0
2025-06-02 12:41:00,104204.31,104220.0,104184.94,104184.95,7.99598,2673.0
2025-06-02 12:42:00,104184.95,104270.74,104184.94,104270.73,9.52142,2883.0
2025-06-02 12:43:00,104270.73,104281.98,104233.5,104233.51,8.30717,2446.0
2025-06-02 12:44:00,104233.5,104249.61,104212.5,104212.51,11.83633,2380.0
2025-06-02 12:45:00,104212.5,104224.52,104161.76,104210.0,9.86646,4329.0
2025-06-02 12:46:00,104210.0,104210.0,104172.56,104195.13,7.60468,1932.0
2025-06-02 12:47:00,104195.13,104225.65,104190.48,104224.58,13.86694,1396.0
2025-06-02 12:48:00,104224.57,104224.58,104154.01,104160.73,6.78453,2249.0
2025-06-02 12:49:00,104160.72,104178.51,104155.72,104173.7,7.91128,2011.0
2025-06-02 12:50:00,104173.71,104173.71,104146.34,104146.35,5.22514,1647.0
2025-06-02 12:51:00,104146.35,104146.35,104102.38,104102.38,5.35927,5289.0
2025-06-02 12:52:00,104102.39,104102.39,104097.58,104097.59,4.207,834.0
2025-06-02 12:53:00,104097.58,104129.05,104097.58,104129.04,3.52543,981.0
2025-06-02 12:54:00,104129.04,104139.77,104125.68,104128.43,10.93652,1534.0
2025-06-02 12:55:00,104128.43,104152.96,104128.43,104149.89,18.49842,1769.0
2025-06-02 12:56:00,104149.9,104153.68,104140.41,104153.67,11.47223,1102.0
2025-06-02 12:57:00,104153.67,104163.57,104128.88,104163.57,11.77566,2507.0
2025-06-02 12:58:00,104163.56,104204.09,104163.56,104190.48,12.38685,1844.0
2025-06-02 12:59:00,104190.48,104205.54,104190.47,104200.32,9.79805,485.0
2025-06-02 13:00:00,104200.32,104251.93,104200.32,104228.45,5.50342,2448.0
2025-06-02 13:01:00,104228.45,104258.16,104228.44,104251.01,11.65898,1437.0
2025-06-02 13:02:00,104251.0,104260.0,104209.0,104209.01,8.1165,1787.0
2025-06-02 13:03:00,104209.01,104228.59,104209.0,104210.4,5.89955,1262.0
2025-06-02 13:04:00,104210.4,104243.91,104210.39,104219.99,5.32338,1365.0
2025-06-02 13:05:00,104220.0,104220.0,104120.0,104120.0,9.59537,3508.0
2025-06-02 13:06:00,104120.01,104120.01,104102.43,104108.32,7.57214,1642.0
2025-06-02 13:07:00,104108.32,104108.32,104086.33,104097.56,4.67284,1407.0
2025-06-02 13:08:00,104097.56,104097.57,104078.25,104078.25,3.29861,1016.0
2025-06-02 13:09:00,104078.25,104078.26,104030.21,104036.3,13.41589,2112.0
2025-06-02 13:10:00,104036.3,104043.98,104034.01,104040.82,9.87205,1123.0
2025-06-02 13:11:00,104040.83,104085.43,104040.82,104085.42,4.59323,1504.0
2025-06-02 13:12:00,104085.43,104127.07,104085.42,104117.34,6.65711,1475.0
2025-06-02 13:13:00,104117.35,104184.0,104117.34,104177.77,8.45782,1671.0
2025-06-02 13:14:00,104177.76,104195.13,104155.46,104155.46,6.11222,1371.0
2025-06-02 13:15:00,104155.46,104191.78,104155.46,104191.78,3.42436,758.0
2025-06-02 13:16:00,104191.78,104191.78,104096.03,104096.03,8.25071,3077.0
2025-06-02 13:17:00,104096.04,104100.86,104090.3,104100.86,7.02299,1228.0
2025-06-02 13:18:00,104100.85,104100.86,104052.08,104052.09,4.64433,1858.0
2025-06-02 13:19:00,104052.08,104052.09,104000.0,104025.03,7.80013,1799.0
2025-06-02 13:20:00,104025.02,104078.39,104025.02,104060.51,5.83654,1886.0
2025-06-02 13:21:00,104060.51,104060.52,103934.39,103934.4,18.83142,2673.0
2025-06-02 13:22:00,103934.4,103934.4,103908.04,103919.11,10.16563,1662.0
2025-06-02 13:23:00,103919.11,103930.4,103910.13,103910.13,10.39522,1425.0
2025-06-02 13:24:00,103910.14,103922.5,103857.14,103869.5,12.41579,2939.0
2025-06-02 13:25:00,103869.5,103975.96,103869.49,103938.5,21.77605,3162.0
2025-06-02 13:26:00,103938.51,103996.75,103938.5,103971.11,16.16464,2931.0
2025-06-02 13:27:00,103971.1,104037.57,103969.97,103970.94,20.3471,3077.0
2025-06-02 13:28:00,103970.94,104037.56,103970.94,104004.02,12.005,2384.0
2025-06-02 13:29:00,104004.02,104033.64,104004.02,104020.0,3.94842,825.0
2025-06-02 13:30:00,104020.0,104043.24,104005.73,104007.14,5.96108,3065.0
2025-06-02 13:31:00,104007.14,104052.82,103963.01,104013.33,10.96905,5692.0
2025-06-02 13:32:00,104013.79,104159.99,104013.79,104137.37,20.49137,6566.0
2025-06-02 13:33:00,104137.37,104325.21,104137.37,104275.95,54.49699,8176.0
2025-06-02 13:34:00,104275.95,104333.34,104244.91,104275.44,19.77378,3896.0
2025-06-02 13:35:00,104275.44,104333.34,104254.71,104322.11,16.31069,6581.0
2025-06-02 13:36:00,104322.1,104401.84,104322.1,104328.61,67.28663,7969.0
2025-06-02 13:37:00,104328.61,104403.26,104300.0,104390.19,11.13569,5227.0
2025-06-02 13:38:00,104390.2,104513.24,104390.19,104513.24,60.05991,6596.0
2025-06-02 13:39:00,104513.23,104570.57,104500.0,104539.01,27.02467,5966.0
2025-06-02 13:40:00,104539.01,104541.48,104376.1,104380.95,16.46434,6309.0
2025-06-02 13:41:00,104380.96,104384.58,104254.72,104254.73,9.81862,4843.0
2025-06-02 13:42:00,104254.73,104254.73,104100.26,104135.49,22.36899,6944.0
2025-06-02 13:43:00,104135.49,104219.9,104135.49,104191.08,11.6621,4157.0
2025-06-02 13:44:00,104191.08,104281.95,104191.08,104217.75,8.90902,4542.0
2025-06-02 13:45:00,104217.76,104260.0,104164.09,104253.6,9.2315,5228.0
2025-06-02 13:46:00,104253.6,104253.61,104081.81,104081.81,18.64166,5116.0
2025-06-02 13:47:00,104081.81,104113.21,103974.74,103980.0,49.03732,8102.0
2025-06-02 13:48:00,103980.01,103986.39,103887.35,103960.26,69.89293,6494.0
2025-06-02 13:49:00,103960.25,103987.98,103892.1,103931.52,11.75548,5787.0
2025-06-02 13:50:00,103931.52,103931.53,103800.0,103840.7,36.04575,5950.0
2025-06-02 13:51:00,103840.7,103892.21,103827.11,103867.49,8.05053,3724.0
2025-06-02 13:52:00,103867.5,103932.36,103806.82,103889.63,15.32559,7339.0
2025-06-02 13:53:00,103889.63,103889.63,103808.05,103845.92,12.20049,5244.0
2025-06-02 13:54:00,103845.92,103862.49,103735.84,103788.3,80.84769,8498.0
2025-06-02 13:55:00,103788.31,103900.72,103700.0,103900.72,40.36553,7727.0
2025-06-02 13:56:00,103900.71,103900.71,103763.78,103867.5,17.11647,5398.0
2025-06-02 13:57:00,103867.5,103924.53,103790.38,103790.38,25.97242,6244.0
2025-06-02 13:58:00,103790.38,103794.24,103757.0,103783.02,9.71544,3789.0
2025-06-02 13:59:00,103783.02,103800.0,103750.0,103800.0,12.95238,2788.0
2025-06-02 14:00:00,103799.99,103801.68,103659.88,103688.68,66.71525,9465.0
2025-06-02 14:01:00,103688.68,103907.91,103668.69,103862.49,18.91334,9006.0
2025-06-02 14:02:00,103862.5,104028.57,103837.07,103971.35,34.93423,8995.0
2025-06-02 14:03:00,103971.36,104109.75,103971.36,104109.75,23.79688,6768.0
2025-06-02 14:04:00,104109.75,104109.75,103980.0,103998.64,8.81788,6108.0
2025-06-02 14:05:00,103998.65,104009.48,103880.69,103884.0,8.49188,6947.0
2025-06-02 14:06:00,103884.0,103952.39,103844.42,103851.98,12.36288,6610.0
2025-06-02 14:07:00,103851.98,104000.0,103842.04,104000.0,15.24171,6352.0
2025-06-02 14:08:00,104000.0,104123.07,104000.0,104100.0,49.20299,7025.0
2025-06-02 14:09:00,104100.0,104100.0,104027.91,104081.81,8.32835,4164.0
2025-06-02 14:10:00,104081.8,104081.81,103930.47,103964.92,17.30171,6893.0
2025-06-02 14:11:00,103964.92,104006.48,103908.47,103960.81,22.5154,6398.0
2025-06-02 14:12:00,103960.81,104113.21,103940.0,104062.86,15.18351,6698.0
2025-06-02 14:13:00,104062.86,104111.38,104009.26,104106.06,14.79735,4098.0
2025-06-02 14:14:00,104106.06,104133.24,104100.01,104113.21,9.31886,2850.0
2025-06-02 14:15:00,104113.21,104150.18,104064.98,104064.98,15.53737,3982.0
2025-06-02 14:16:00,104064.98,104159.99,104049.49,104055.0,38.90553,6408.0
2025-06-02 14:17:00,104055.0,104055.01,103957.0,103967.93,9.1419,4447.0
2025-06-02 14:18:00,103967.93,104094.7,103960.0,104070.8,8.07992,4503.0
2025-06-02 14:19:00,104074.55,104228.47,104074.55,104170.4,24.61513,4391.0
2025-06-02 14:20:00,104170.4,104170.4,104091.0,104165.0,13.12932,5600.0
2025-06-02 14:21:00,104165.01,104256.68,104165.0,104241.96,20.20702,4628.0
2025-06-02 14:22:00,104241.97,104305.83,104241.97,104293.81,11.36574,2454.0
2025-06-02 14:23:00,104293.8,104377.0,104293.8,104326.02,23.45787,4154.0
2025-06-02 14:24:00,104326.02,104338.2,104285.71,104301.89,14.53672,4574.0
2025-06-02 14:25:00,104301.89,104437.7,104293.02,104409.58,20.83198,5943.0
2025-06-02 14:26:00,104409.59,104531.25,104406.52,104513.86,99.70101,7203.0
2025-06-02 14:27:00,104513.87,104513.87,104444.34,104470.62,13.3266,4782.0
2025-06-02 14:28:00,104470.63,104513.86,104463.71,104484.39,22.33691,3903.0
2025-06-02 14:29:00,104484.39,104504.4,104429.5,104453.42,11.85637,2835.0
2025-06-02 14:30:00,104453.42,104476.49,104396.22,104444.57,9.11192,4053.0
2025-06-02 14:31:00,104444.58,104499.99,104420.0,104476.2,13.59801,5635.0
2025-06-02 14:32:00,104476.19,104523.81,104454.17,104499.02,7.54857,2798.0
2025-06-02 14:33:00,104499.01,104639.64,104499.01,104554.41,43.69239,5723.0
2025-06-02 14:34:00,104554.4,104657.8,104522.25,104628.23,15.53113,3920.0
2025-06-02 14:35:00,104628.22,104679.25,104595.58,104595.59,19.60925,3854.0
2025-06-02 14:36:00,104595.59,104629.2,104567.38,104619.05,9.44251,3548.0
2025-06-02 14:37:00,104619.05,104679.25,104619.04,104632.79,48.5088,4301.0
2025-06-02 14:38:00,104632.79,104660.54,104544.06,104554.9,24.23035,5155.0
2025-06-02 14:39:00,104554.9,104564.67,104484.29,104484.3,11.85077,4732.0
2025-06-02 14:40:00,104484.3,104503.0,104450.6,104486.84,8.73758,5440.0
2025-06-02 14:41:00,104486.85,104500.0,104463.26,104476.2,7.32174,3027.0
2025-06-02 14:42:00,104476.19,104484.17,104443.39,104460.68,7.15485,4102.0
2025-06-02 14:43:00,104460.68,104460.69,104400.0,104414.94,11.23801,3311.0
2025-06-02 14:44:00,104414.93,104414.94,104351.59,104379.55,10.85569,4259.0
2025-06-02 14:45:00,104379.56,104411.71,104340.0,104340.01,8.99106,3161.0
2025-06-02 14:46:00,104340.0,104340.01,104220.0,104220.0,11.11224,5797.0
2025-06-02 14:47:00,104220.0,104238.31,104169.29,104204.97,12.81094,4189.0
2025-06-02 14:48:00,104204.97,104228.07,104104.81,104104.81,11.70023,5111.0
2025-06-02 14:49:00,104104.81,104118.53,104046.28,104093.87,51.0301,4792.0
2025-06-02 14:50:00,104093.86,104093.87,104019.68,104019.69,9.6079,3250.0
2025-06-02 14:51:00,104019.68,104113.21,103971.69,104095.15,34.55397,7907.0
2025-06-02 14:52:00,104095.15,104104.06,104009.61,104009.62,4.85946,3360.0
2025-06-02 14:53:00,104009.62,104045.92,103988.42,104020.11,21.74591,4649.0
2025-06-02 14:54:00,104020.1,104084.78,104020.1,104047.61,9.40231,4471.0
2025-06-02 14:55:00,104047.61,104102.14,104047.61,104099.32,10.24664,4576.0
2025-06-02 14:56:00,104099.32,104139.62,104095.23,104134.68,6.7016,3374.0
2025-06-02 14:57:00,104134.69,104184.54,104134.69,104152.92,3.94875,2924.0
2025-06-02 14:58:00,104152.92,104177.13,104113.2,104113.2,3.23615,2767.0
2025-06-02 14:59:00,104113.2,104203.88,104113.2,104176.62,6.31474,3179.0
2025-06-02 15:00:00,104176.61,104219.5,104142.85,104207.54,8.38094,4182.0
2025-06-02 15:01:00,104207.55,104207.55,104030.52,104030.53,14.67293,3980.0
2025-06-02 15:02:00,104030.52,104085.27,104030.52,104068.35,8.23111,3093.0
2025-06-02 15:03:00,104068.34,104070.03,103972.06,103983.51,10.44639,3436.0
2025-06-02 15:04:00,103983.5,104018.87,103975.99,103994.93,10.11041,2529.0
2025-06-02 15:05:00,103994.93,104015.5,103989.06,104015.5,8.7693,1562.0
2025-06-02 15:06:00,104015.49,104015.5,103932.55,103976.96,29.61938,4239.0
2025-06-02 15:07:00,103976.97,104005.85,103952.38,103971.7,7.57425,2717.0
2025-06-02 15:08:00,103971.7,103971.7,103905.1,103959.6,11.33299,4333.0
2025-06-02 15:09:00,103959.61,104000.53,103959.61,103968.47,5.7098,2257.0
2025-06-02 15:10:00,103968.48,103971.7,103946.4,103965.51,4.64912,2215.0
2025-06-02 15:11:00,103965.52,104036.4,103965.52,104022.11,7.09952,3399.0
2025-06-02 15:12:00,104022.1,104108.8,104016.83,104106.98,12.78797,3908.0
2025-06-02 15:13:00,104106.98,104273.22,104106.98,104272.09,11.28639,5170.0
2025-06-02 15:14:00,104272.08,104272.09,104209.01,104220.9,4.90343,1956.0
2025-06-02 15:15:00,104220.9,104265.8,104220.9,104256.13,5.36037,1539.0
2025-06-02 15:16:00,104256.12,104256.13,104135.28,104186.42,26.38737,4393.0
2025-06-02 15:17:00,104186.43,104236.0,104168.26,104235.99,10.16518,3651.0
2025-06-02 15:18:00,104236.0,104356.7,104235.99,104317.71,11.25883,3803.0
2025-06-02 15:19:00,104317.71,104355.27,104309.82,104349.06,4.61598,2058.0
2025-06-02 15:20:00,104349.06,104380.96,104349.06,104350.24,15.54872,2759.0
2025-06-02 15:21:00,104350.25,104371.93,104317.2,104317.2,6.75334,3013.0
2025-06-02 15:22:00,104317.2,104319.91,104264.27,104319.9,6.38697,3200.0
2025-06-02 15:23:00,104319.91,104351.75,104319.9,104351.74,3.25615,1603.0
2025-06-02 15:24:00,104351.74,104454.54,104351.74,104454.54,12.42297,3969.0
2025-06-02 15:25:00,104454.54,104545.72,104454.54,104499.5,46.22551,5584.0
2025-06-02 15:26:00,104499.5,104565.32,104428.57,104428.57,19.31772,6276.0
2025-06-02 15:27:00,104428.57,104428.58,104409.81,104415.15,5.19731,1674.0
2025-06-02 15:28:00,104415.15,104446.56,104346.84,104355.51,9.45215,5107.0
2025-06-02 15:29:00,104355.51,104362.32,104330.49,104330.49,4.87137,2481.0
2025-06-02 15:30:00,104330.5,104379.6,104293.45,104337.02,22.29254,4599.0
2025-06-02 15:31:00,104337.03,104359.49,104312.72,104335.8,3.52655,2977.0
2025-06-02 15:32:00,104335.8,104380.95,104320.1,104380.94,5.78578,3044.0
2025-06-02 15:33:00,104380.95,104380.95,104301.88,104301.88,8.23493,4479.0
2025-06-02 15:34:00,104301.89,104349.06,104254.71,104254.71,8.57741,5832.0
2025-06-02 15:35:00,104254.71,104254.72,104227.89,104254.72,5.18972,2056.0
2025-06-02 15:36:00,104254.72,104300.0,104250.74,104267.76,6.23222,2969.0
2025-06-02 15:37:00,104267.75,104284.38,104248.95,104248.96,6.81574,1611.0
2025-06-02 15:38:00,104248.95,104301.89,104248.95,104283.77,7.41163,1545.0
2025-06-02 15:39:00,104283.76,104330.43,104271.92,104271.93,8.46266,2654.0
2025-06-02 15:40:00,104271.92,104333.34,104254.71,104333.33,2.5758,1965.0
2025-06-02 15:41:00,104333.34,104412.72,104333.33,104407.28,8.04278,1488.0
2025-06-02 15:42:00,104407.28,104421.73,104387.43,104421.72,9.09645,1150.0
2025-06-02 15:43:00,104421.72,104422.97,104401.29,104411.07,15.96519,1421.0
2025-06-02 15:44:00,104411.08,104428.57,104390.04,104396.22,5.52982,1736.0
2025-06-02 15:45:00,104396.23,104406.76,104366.55,104394.5,16.95776,1912.0
2025-06-02 15:46:00,104394.51,104428.58,104394.51,104394.53,3.1399,1689.0
2025-06-02 15:47:00,104394.53,104413.92,104360.0,104360.01,8.83084,2383.0
2025-06-02 15:48:00,104360.01,104360.01,104314.96,104322.39,7.45152,2954.0
2025-06-02 15:49:00,104322.38,104322.38,104263.01,104263.86,6.03853,2198.0
2025-06-02 15:50:00,104263.87,104466.66,104263.86,104466.65,18.13828,4625.0
2025-06-02 15:51:00,104466.65,104523.81,104449.32,104449.33,8.8628,3156.0
2025-06-02 15:52:00,104449.33,104449.33,104420.0,104443.39,2.73551,1367.0
2025-06-02 15:53:00,104443.4,104474.05,104443.39,104450.01,4.51836,1979.0
2025-06-02 15:54:00,104450.0,104450.0,104411.34,104411.34,5.75397,1064.0
2025-06-02 15:55:00,104411.35,104420.98,104396.22,104396.23,3.79747,1161.0
2025-06-02 15:56:00,104396.23,104408.41,104383.28,104383.28,3.61974,962.0
2025-06-02 15:57:00,104383.28,104393.95,104356.0,104380.95,5.13792,2255.0
2025-06-02 15:58:00,104380.96,104407.32,104363.01,104407.32,8.47622,1654.0
2025-06-02 15:59:00,104407.32,104438.79,104407.31,104438.79,10.05419,922.0
2025-06-02 16:00:00,104438.79,104450.01,104380.96,104389.93,14.78835,3939.0
2025-06-02 16:01:00,104389.94,104427.96,104344.13,104344.14,7.88973,3957.0
2025-06-02 16:02:00,104344.14,104349.06,104327.43,104327.44,3.25384,1193.0
2025-06-02 16:03:00,104327.43,104327.44,104278.42,104305.3,17.705,2036.0
2025-06-02 16:04:00,104305.3,104386.96,104305.29,104386.96,8.32298,3160.0
2025-06-02 16:05:00,104386.96,104441.18,104386.96,104433.33,9.72289,3924.0
2025-06-02 16:06:00,104433.33,104433.33,104387.85,104388.19,6.02238,2639.0
2025-06-02 16:07:00,104388.18,104388.19,104333.35,104333.35,10.78162,2683.0
2025-06-02 16:08:00,104333.34,104364.41,104288.63,104288.63,9.4707,2909.0
2025-06-02 16:09:00,104288.63,104345.56,104280.82,104345.55,5.78503,2606.0
2025-06-02 16:10:00,104345.55,104349.06,104285.71,104285.71,5.80162,3166.0
2025-06-02 16:11:00,104285.71,104300.82,104272.86,104292.16,6.9074,1570.0
2025-06-02 16:12:00,104292.15,104292.16,104277.07,104282.83,4.30745,893.0
2025-06-02 16:13:00,104282.82,104282.83,104223.43,104235.72,6.83448,2014.0
2025-06-02 16:14:00,104235.71,104251.33,104228.31,104240.43,6.02793,1780.0
2025-06-02 16:15:00,104240.43,104275.54,104240.43,104275.5,6.04737,1911.0
2025-06-02 16:16:00,104275.5,104276.12,104239.39,104276.11,6.36655,2174.0
2025-06-02 16:17:00,104276.11,104333.34,104241.34,104289.67,10.43115,5306.0
2025-06-02 16:18:00,104289.67,104331.88,104261.33,104331.87,27.66402,2555.0
2025-06-02 16:19:00,104331.87,104333.34,104285.71,104290.85,4.90822,2763.0
2025-06-02 16:20:00,104290.85,104290.85,104214.44,104246.35,4.69541,2437.0
2025-06-02 16:21:00,104246.35,104277.71,104238.09,104277.69,3.14185,2500.0
2025-06-02 16:22:00,104277.7,104292.13,104238.09,104238.09,5.82692,2664.0
2025-06-02 16:23:00,104238.09,104238.09,104180.38,104180.38,12.09764,2574.0
2025-06-02 16:24:00,104180.38,104182.55,104160.37,104182.54,5.5184,1476.0
2025-06-02 16:25:00,104182.54,104195.7,104176.23,104176.23,4.77154,1271.0
2025-06-02 16:26:00,104176.24,104176.24,104034.68,104034.68,31.69712,4406.0
2025-06-02 16:27:00,104034.68,104074.06,104034.68,104068.65,10.94423,1680.0
2025-06-02 16:28:00,104068.65,104123.47,104068.65,104104.02,6.81144,1803.0
2025-06-02 16:29:00,104104.03,104104.03,104085.79,104094.99,4.71514,1082.0
2025-06-02 16:30:00,104094.99,104140.49,104085.81,104085.81,7.85923,2666.0
2025-06-02 16:31:00,104085.81,104085.82,104030.01,104030.02,10.87713,2152.0
2025-06-02 16:32:00,104030.02,104113.21,104030.01,104102.79,8.57129,2517.0
2025-06-02 16:33:00,104102.8,104122.66,104082.74,104092.43,4.88474,1686.0
2025-06-02 16:34:00,104092.42,104151.6,104082.76,104142.86,8.17061,2372.0
2025-06-02 16:35:00,104142.85,104175.52,104116.83,104175.52,6.72933,1656.0
2025-06-02 16:36:00,104175.51,104175.52,104113.2,104172.89,7.89474,2855.0
2025-06-02 16:37:00,104172.89,104207.55,104161.38,104161.39,8.12122,1952.0
2025-06-02 16:38:00,104161.39,104199.81,104161.38,104199.81,5.49301,1314.0
2025-06-02 16:39:00,104199.81,104223.67,104190.66,104203.28,6.69748,1604.0
2025-06-02 16:40:00,104203.28,104230.93,104169.15,104169.15,8.21387,2697.0
2025-06-02 16:41:00,104169.16,104169.16,104129.53,104142.85,9.42719,3394.0
2025-06-02 16:42:00,104142.85,104142.86,104113.2,104127.81,7.37034,1941.0
2025-06-02 16:43:00,104127.8,104180.0,104127.8,104175.08,10.2416,2843.0
2025-06-02 16:44:00,104175.08,104175.09,104113.2,104113.2,5.44788,1824.0
2025-06-02 16:45:00,104113.2,104157.79,104113.2,104155.05,5.15487,1720.0
2025-06-02 16:46:00,104155.06,104155.06,104121.5,104136.5,5.97562,1595.0
2025-06-02 16:47:00,104136.49,104189.58,104136.49,104189.57,3.01417,1547.0
2025-06-02 16:48:00,104189.57,104237.0,104142.85,104147.66,9.38605,3709.0
2025-06-02 16:49:00,104147.65,104148.46,104067.2,104071.2,8.54449,2857.0
2025-06-02 16:50:00,104071.21,104111.61,104066.03,104089.42,4.76467,2218.0
2025-06-02 16:51:00,104089.42,104095.24,104044.32,104094.77,8.15866,2475.0
2025-06-02 16:52:00,104094.76,104142.86,104086.9,104142.86,6.41122,1952.0
2025-06-02 16:53:00,104142.85,104180.3,104142.85,104159.47,5.80449,2841.0
2025-06-02 16:54:00,104159.47,104292.88,104159.47,104290.65,11.42968,4205.0
2025-06-02 16:55:00,104290.65,104290.65,104253.62,104285.14,4.65796,2389.0
2025-06-02 16:56:00,104285.13,104356.7,104285.13,104330.92,8.29631,2282.0
2025-06-02 16:57:00,104330.92,104365.06,104330.91,104347.76,17.80043,2247.0
2025-06-02 16:58:00,104347.76,104348.81,104320.75,104320.75,6.06677,1263.0
2025-06-02 16:59:00,104320.75,104325.48,104285.71,104286.06,10.30039,1537.0
2025-06-02 17:00:00,104286.06,104304.25,104261.5,104261.5,10.77573,2162.0
2025-06-02 17:01:00,104261.5,104369.54,104261.5,104320.48,16.33801,3988.0
2025-06-02 17:02:00,104320.47,104320.48,104271.52,104280.0,7.85086,3781.0
2025-06-02 17:03:00,104280.01,104284.26,104231.39,104264.92,7.34118,2756.0
2025-06-02 17:04:00,104264.93,104272.19,104243.07,104250.07,5.5843,2218.0
2025-06-02 17:05:00,104250.07,104310.47,104250.07,104305.25,5.45255,2099.0
2025-06-02 17:06:00,104305.25,104341.91,104245.68,104248.15,16.97312,3975.0
2025-06-02 17:07:00,104248.15,104298.69,104247.5,104298.69,4.47004,2163.0
2025-06-02 17:08:00,104298.68,104307.91,104245.14,104254.71,6.95481,2085.0
2025-06-02 17:09:00,104254.72,104275.32,104246.19,104275.32,3.41802,1308.0
2025-06-02 17:10:00,104275.32,104333.34,104275.31,104333.33,11.02367,1408.0
2025-06-02 17:11:00,104333.33,104333.34,104289.34,104318.17,4.51104,2093.0
2025-06-02 17:12:00,104318.17,104333.32,104230.95,104230.95,7.02717,3753.0
2025-06-02 17:13:00,104230.96,104230.96,104095.23,104113.2,13.49363,4255.0
2025-06-02 17:14:00,104113.2,104139.28,104113.2,104121.52,5.1805,1666.0
2025-06-02 17:15:00,104121.52,104139.54,104095.84,104133.0,5.90998,2164.0
2025-06-02 17:16:00,104133.0,104166.99,104102.21,104166.99,4.04018,2362.0
2025-06-02 17:17:00,104166.99,104207.55,104166.99,104207.54,2.44929,1093.0
2025-06-02 17:18:00,104207.55,104349.05,104207.54,104349.04,8.22517,3699.0
2025-06-02 17:19:00,104349.04,104380.96,104340.0,104380.95,6.0928,2340.0
2025-06-02 17:20:00,104380.96,104400.0,104380.95,104387.54,4.81964,1615.0
2025-06-02 17:21:00,104387.55,104387.55,104376.46,104383.65,4.78882,1021.0
2025-06-02 17:22:00,104383.66,104386.12,104355.69,104367.2,5.31517,3472.0
2025-06-02 17:23:00,104367.02,104409.94,104360.08,104409.94,2.10495,1197.0
2025-06-02 17:24:00,104409.94,104437.31,104396.27,104430.35,3.55786,2022.0
2025-06-02 17:25:00,104430.35,104490.57,104428.57,104490.3,12.17832,2927.0
2025-06-02 17:26:00,104490.3,104490.3,104413.81,104428.58,5.83827,4106.0
2025-06-02 17:27:00,104428.57,104428.58,104361.85,104365.61,9.1328,2216.0
2025-06-02 17:28:00,104365.62,104406.17,104365.62,104406.17,5.06227,2409.0
2025-06-02 17:29:00,104406.17,104412.28,104399.47,104411.36,5.43812,1184.0
2025-06-02 17:30:00,104411.37,104473.71,104411.36,104458.09,8.09195,2242.0
2025-06-02 17:31:00,104458.1,104458.1,104363.21,104363.21,13.56717,3510.0
2025-06-02 17:32:00,104363.22,104428.58,104363.22,104397.91,8.52282,2546.0
2025-06-02 17:33:00,104397.92,104410.13,104346.71,104346.71,8.7397,3284.0
2025-06-02 17:34:00,104346.71,104366.48,104344.18,104344.19,2.78052,1372.0
2025-06-02 17:35:00,104344.19,104344.19,104254.71,104289.42,12.39386,3767.0
2025-06-02 17:36:00,104289.42,104326.67,104272.01,104272.02,2.43045,2390.0
2025-06-02 17:37:00,104272.02,104293.76,104264.29,104293.75,6.79822,1804.0
2025-06-02 17:38:00,104293.75,104298.63,104271.17,104298.33,2.28414,1040.0
2025-06-02 17:39:00,104298.32,104322.13,104298.32,104303.51,2.41057,903.0
2025-06-02 17:40:00,104303.5,104303.5,104196.05,104229.44,5.26939,3048.0
2025-06-02 17:41:00,104229.44,104229.44,104160.38,104160.38,3.7909,1848.0
2025-06-02 17:42:00,104160.39,104206.18,104160.38,104206.17,5.59357,1377.0
2025-06-02 17:43:00,104206.17,104206.18,104160.37,104160.38,1.60682,1336.0
2025-06-02 17:44:00,104160.37,104197.52,104160.37,104197.51,6.1481,2258.0
2025-06-02 17:45:00,104197.5,104207.55,104164.51,104185.75,5.94225,2025.0
2025-06-02 17:46:00,104185.74,104185.75,104160.37,104160.37,1.76517,960.0
2025-06-02 17:47:00,104160.37,104209.87,104160.37,104209.86,4.59718,1505.0
2025-06-02 17:48:00,104209.87,104232.58,104209.86,104230.62,5.71333,1257.0
2025-06-02 17:49:00,104230.63,104301.89,104230.62,104301.89,6.8785,2379.0
2025-06-02 17:50:00,104301.88,104301.88,104255.21,104255.22,4.89847,1313.0
2025-06-02 17:51:00,104255.21,104275.31,104255.21,104273.7,2.12152,1369.0
2025-06-02 17:52:00,104273.7,104312.7,104273.7,104291.9,3.5641,1786.0
2025-06-02 17:53:00,104291.9,104320.58,104291.89,104320.56,2.88494,1006.0
2025-06-02 17:54:00,104320.56,104320.57,104297.15,104301.88,4.51795,910.0
2025-06-02 17:55:00,104301.89,104325.14,104301.88,104325.13,2.11169,887.0
2025-06-02 17:56:00,104325.13,104375.1,104325.13,104356.35,9.22373,2158.0
2025-06-02 17:57:00,104356.34,104428.58,104356.34,104428.57,8.54707,1581.0
2025-06-02 17:58:00,104428.58,104428.58,104389.46,104418.93,3.05766,1223.0
2025-06-02 17:59:00,104418.94,104418.94,104399.88,104399.89,5.0138,859.0
2025-06-02 18:00:00,104399.89,104427.84,104384.88,104421.12,2.65932,1813.0
2025-06-02 18:01:00,104421.11,104443.4,104421.11,104443.4,1.64718,1343.0
2025-06-02 18:02:00,104443.39,104443.4,104373.51,104377.6,7.16707,2263.0
2025-06-02 18:03:00,104378.47,104419.2,104378.47,104396.22,4.43976,1766.0
2025-06-02 18:04:00,104396.22,104425.59,104387.63,104425.58,5.15474,1831.0
2025-06-02 18:05:00,104425.58,104443.4,104425.58,104443.4,2.06424,1174.0
2025-06-02 18:06:00,104443.4,104476.19,104410.05,104410.05,4.71107,2423.0
2025-06-02 18:07:00,104410.05,104443.4,104407.57,104427.6,2.24443,1914.0
2025-06-02 18:08:00,104427.59,104468.0,104427.59,104456.25,2.08804,1301.0
2025-06-02 18:09:00,104456.25,104463.53,104380.07,104414.61,9.06414,2672.0
2025-06-02 18:10:00,104414.6,104439.76,104398.92,104398.93,6.5787,3448.0
2025-06-02 18:11:00,104398.92,104417.72,104380.95,104404.46,2.01268,1488.0
2025-06-02 18:12:00,104404.47,104406.16,104380.95,104406.16,4.79977,1607.0
2025-06-02 18:13:00,104406.15,104416.93,104338.93,104349.05,7.40355,2281.0
2025-06-02 18:14:00,104349.05,104405.34,104349.05,104401.43,4.33723,2827.0
2025-06-02 18:15:00,104401.42,104442.83,104380.97,104400.01,5.11651,2975.0
2025-06-02 18:16:00,104400.01,104410.45,104386.09,104396.22,3.16805,1883.0
2025-06-02 18:17:00,104396.23,104443.4,104385.04,104385.05,3.48724,2224.0
2025-06-02 18:18:00,104385.04,104388.0,104357.52,104388.0,2.48419,1759.0
2025-06-02 18:19:00,104388.0,104434.97,104387.99,104427.6,3.65777,2707.0
2025-06-02 18:20:00,104427.61,104490.34,104407.87,104490.33,4.82125,1950.0
2025-06-02 18:21:00,104490.34,104525.7,104490.34,104508.24,9.44727,2006.0
2025-06-02 18:22:00,104508.24,104610.23,104508.23,104596.02,14.90823,4024.0
2025-06-02 18:23:00,104596.01,104606.48,104571.76,104571.77,3.88709,1478.0
2025-06-02 18:24:00,104571.76,104606.51,104571.76,104606.5,2.73736,787.0
2025-06-02 18:25:00,104606.51,104639.9,104606.5,104639.89,9.9647,3021.0
2025-06-02 18:26:00,104639.89,104731.95,104635.73,104714.28,25.80026,7164.0
2025-06-02 18:27:00,104714.28,104714.29,104626.25,104632.07,7.14581,11102.0
2025-06-02 18:28:00,104632.08,104679.25,104632.07,104636.56,10.08213,2780.0
2025-06-02 18:29:00,104636.56,104636.57,104606.1,104606.1,3.25506,2772.0
2025-06-02 18:30:00,104606.1,104620.0,104548.5,104549.62,6.72706,2421.0
2025-06-02 18:31:00,104549.61,104563.67,104546.71,104558.97,3.66809,1646.0
2025-06-02 18:32:00,104558.97,104572.96,104525.88,104525.88,6.16065,3303.0
2025-06-02 18:33:00,104525.88,104525.89,104440.0,104443.64,13.08099,3186.0
2025-06-02 18:34:00,104443.65,104443.65,104386.0,104410.35,8.26419,2081.0
2025-06-02 18:35:00,104410.35,104410.35,104340.0,104359.99,5.91334,2945.0
2025-06-02 18:36:00,104360.0,104360.0,104340.0,104358.92,2.91004,897.0
2025-06-02 18:37:00,104358.92,104358.93,104312.94,104312.95,4.68548,1413.0
2025-06-02 18:38:00,104312.94,104350.09,104302.19,104345.48,19.4645,2240.0
2025-06-02 18:39:00,104345.49,104345.49,104301.88,104321.04,4.99589,1756.0
2025-06-02 18:40:00,104321.04,104330.79,104308.01,104330.78,3.15292,909.0
2025-06-02 18:41:00,104330.79,104382.83,104330.78,104382.82,3.49354,2185.0
2025-06-02 18:42:00,104382.82,104389.55,104352.5,104352.5,5.9178,1082.0
2025-06-02 18:43:00,104352.5,104394.48,104352.5,104394.47,1.7941,779.0
2025-06-02 18:44:00,104394.47,104394.48,104386.91,104390.74,1.48993,384.0
2025-06-02 18:45:00,104390.74,104390.74,104333.33,104362.15,6.92786,2093.0
2025-06-02 18:46:00,104362.16,104398.91,104362.15,104384.63,5.22274,1049.0
2025-06-02 18:47:00,104384.63,104384.63,104285.71,104301.74,9.26183,2756.0
2025-06-02 18:48:00,104301.75,104301.75,104200.0,104213.69,21.51145,3703.0
2025-06-02 18:49:00,104213.69,104228.66,104213.69,104228.65,1.55826,743.0
2025-06-02 18:50:00,104228.65,104230.97,104216.03,104230.96,3.94405,1124.0
2025-06-02 18:51:00,104230.96,104272.98,104230.96,104267.97,8.04428,1366.0
2025-06-02 18:52:00,104267.97,104279.24,104253.58,104275.92,4.55496,1472.0
2025-06-02 18:53:00,104275.92,104275.92,104258.93,104258.95,4.79182,694.0
2025-06-02 18:54:00,104258.95,104284.0,104258.94,104283.99,2.18369,805.0
2025-06-02 18:55:00,104283.99,104284.0,104246.57,104277.22,11.59894,2157.0
2025-06-02 18:56:00,104277.23,104321.38,104277.22,104321.38,6.70923,1089.0
2025-06-02 18:57:00,104321.37,104321.37,104305.86,104305.86,4.33743,1036.0
2025-06-02 18:58:00,104305.86,104321.53,104301.59,104321.53,7.51112,1144.0
2025-06-02 18:59:00,104321.53,104361.55,104321.53,104361.54,1.33899,725.0
2025-06-02 19:00:00,104361.54,104380.95,104357.52,104357.53,3.70573,1354.0
2025-06-02 19:01:00,104357.53,104411.99,104357.52,104411.98,3.12891,1125.0
2025-06-02 19:02:00,104411.98,104444.38,104411.98,104444.37,4.01201,913.0
2025-06-02 19:03:00,104444.38,104510.96,104444.37,104510.95,6.03922,1801.0
2025-06-02 19:04:00,104510.96,104510.96,104460.06,104488.99,6.50656,1855.0
2025-06-02 19:05:00,104488.98,104500.0,104488.98,104500.0,1.0535,412.0
2025-06-02 19:06:00,104500.0,104506.28,104490.56,104490.57,2.33652,806.0
2025-06-02 19:07:00,104490.56,104490.56,104436.91,104436.91,4.09614,2084.0
2025-06-02 19:08:00,104436.91,104436.92,104354.32,104391.48,6.03429,3219.0
2025-06-02 19:09:00,104391.47,104420.46,104385.78,104420.46,3.36683,720.0
2025-06-02 19:10:00,104420.45,104420.46,104392.11,104401.5,8.96413,986.0
2025-06-02 19:11:00,104401.51,104401.51,104333.39,104333.39,5.18499,2290.0
2025-06-02 19:12:00,104333.39,104333.39,104261.51,104261.51,4.87866,3052.0
2025-06-02 19:13:00,104261.51,104276.54,104246.57,104259.16,7.14003,2743.0
2025-06-02 19:14:00,104259.15,104271.49,104248.72,104254.27,3.65415,838.0
2025-06-02 19:15:00,104254.27,104266.59,104248.37,104248.37,2.11585,663.0
2025-06-02 19:16:00,104248.38,104277.32,104248.37,104277.31,2.33,851.0
2025-06-02 19:17:00,104277.32,104286.56,104270.0,104280.22,3.17859,701.0
2025-06-02 19:18:00,104280.22,104311.99,104280.22,104311.98,1.7654,911.0
2025-06-02 19:19:00,104311.98,104331.88,104311.98,104320.24,2.17166,726.0
2025-06-02 19:20:00,104320.25,104379.98,104320.25,104371.83,3.03213,831.0
2025-06-02 19:21:00,104371.82,104380.92,104355.78,104380.91,12.55022,1842.0
2025-06-02 19:22:00,104380.92,104394.21,104380.09,104394.2,2.56562,901.0
2025-06-02 19:23:00,104394.2,104396.23,104388.21,104396.22,4.29569,697.0
2025-06-02 19:24:00,104396.22,104471.49,104396.22,104454.13,6.40258,1064.0
2025-06-02 19:25:00,104454.13,104455.4,104448.91,104455.39,2.08385,500.0
2025-06-02 19:26:00,104455.39,104474.89,104455.39,104463.14,1.44844,607.0
2025-06-02 19:27:00,104463.14,104463.15,104380.92,104387.76,10.38503,4026.0
2025-06-02 19:28:00,104387.75,104406.57,104380.92,104380.92,2.48385,1683.0
2025-06-02 19:29:00,104380.93,104401.49,104380.93,104393.94,1.68702,703.0
2025-06-02 19:30:00,104393.94,104396.23,104364.42,104364.42,3.16534,2107.0
2025-06-02 19:31:00,104364.42,104364.43,104324.71,104324.71,3.94699,1708.0
2025-06-02 19:32:00,104324.72,104324.72,104254.71,104269.31,4.41198,2689.0
2025-06-02 19:33:00,104269.31,104269.31,104240.0,104254.71,3.2097,1704.0
2025-06-02 19:34:00,104254.71,104260.0,104234.3,104234.3,2.77679,928.0
2025-06-02 19:35:00,104234.3,104254.72,104234.3,104254.71,3.59562,932.0
2025-06-02 19:36:00,104254.72,104279.61,104254.71,104279.61,2.44194,594.0
2025-06-02 19:37:00,104279.6,104285.72,104267.83,104285.71,3.25545,973.0
2025-06-02 19:38:00,104285.72,104285.72,104266.23,104266.23,2.15929,572.0
2025-06-02 19:39:00,104266.23,104285.31,104255.89,104255.89,5.22231,1246.0
2025-06-02 19:40:00,104255.89,104255.9,104190.47,104199.98,13.8368,2820.0
2025-06-02 19:41:00,104199.99,104199.99,104053.4,104071.24,30.70436,4743.0
2025-06-02 19:42:00,104071.24,104096.99,104063.08,104096.98,13.61764,1157.0
2025-06-02 19:43:00,104096.99,104130.76,104096.99,104119.43,5.86709,1928.0
2025-06-02 19:44:00,104119.43,104122.37,104109.12,104122.36,1.99555,724.0
2025-06-02 19:45:00,104122.37,104122.37,104089.54,104089.55,2.20893,1062.0
2025-06-02 19:46:00,104089.55,104142.33,104050.96,104115.15,12.51223,3415.0
2025-06-02 19:47:00,104115.15,104165.09,104115.14,104160.37,2.17706,1378.0
2025-06-02 19:48:00,104160.38,104172.0,104157.59,104157.6,2.47637,709.0
2025-06-02 19:49:00,104157.59,104250.14,104157.59,104250.14,12.36743,2224.0
2025-06-02 19:50:00,104250.14,104368.0,104250.14,104342.94,22.70293,4964.0
2025-06-02 19:51:00,104342.95,104380.96,104337.41,104380.96,8.87785,1861.0
2025-06-02 19:52:00,104380.95,104380.96,104360.36,104365.92,8.22937,1077.0
2025-06-02 19:53:00,104365.93,104380.01,104365.92,104380.0,1.67078,449.0
2025-06-02 19:54:00,104380.0,104396.23,104360.49,104396.22,4.7098,1208.0
2025-06-02 19:55:00,104396.23,104422.81,104396.23,104422.81,2.62651,770.0
2025-06-02 19:56:00,104422.8,104422.81,104406.77,104419.81,3.22544,735.0
2025-06-02 19:57:00,104420.15,104450.07,104420.15,104434.56,8.89327,1043.0
2025-06-02 19:58:00,104434.55,104458.28,104412.37,104458.27,5.57954,1583.0
2025-06-02 19:59:00,104458.27,104458.28,104399.44,104425.63,12.79954,3195.0
2025-06-02 20:00:00,104425.64,104487.9,104425.64,104487.9,9.69336,2100.0
2025-06-02 20:01:00,104487.9,104498.78,104476.19,104488.77,4.5896,1818.0
2025-06-02 20:02:00,104488.78,104488.78,104472.76,104472.77,1.73198,550.0
2025-06-02 20:03:00,104472.76,104498.8,104452.17,104452.17,4.18585,1337.0
2025-06-02 20:04:00,104452.17,104518.53,104452.17,104518.52,2.79301,694.0
2025-06-02 20:05:00,104518.53,104518.53,104480.64,104480.64,1.56925,969.0
2025-06-02 20:06:00,104480.65,104570.58,104480.64,104570.58,5.55039,1500.0
2025-06-02 20:07:00,104570.58,104653.39,104570.57,104653.39,5.8325,1385.0
2025-06-02 20:08:00,104653.39,104675.44,104639.26,104653.78,10.30996,2566.0
2025-06-02 20:09:00,104653.77,104726.42,104653.77,104726.42,6.61052,1158.0
2025-06-02 20:10:00,104726.41,104833.51,104676.91,104798.24,29.52017,5252.0
2025-06-02 20:11:00,104798.24,104829.71,104785.38,104829.71,8.74833,1428.0
2025-06-02 20:12:00,104829.7,104900.0,104818.23,104895.92,26.075,2473.0
2025-06-02 20:13:00,104895.91,104929.07,104846.73,104928.17,65.04602,2709.0
2025-06-02 20:14:00,104928.18,104928.18,104891.11,104895.1,4.96938,1784.0
2025-06-02 20:15:00,104895.11,104907.37,104857.14,104857.25,4.32235,1919.0
2025-06-02 20:16:00,104857.26,104860.0,104830.14,104854.92,5.79196,2296.0
2025-06-02 20:17:00,104854.91,104867.93,104830.96,104867.93,5.85721,1698.0
2025-06-02 20:18:00,104867.92,104995.93,104867.92,104961.38,23.57412,3984.0
2025-06-02 20:19:00,104961.37,104961.37,104783.38,104796.81,28.97163,4388.0
2025-06-02 20:20:00,104796.82,104831.79,104769.31,104774.98,11.21109,2423.0
2025-06-02 20:21:00,104774.97,104774.98,104748.59,104751.41,3.48478,1218.0
2025-06-02 20:22:00,104751.42,104816.88,104751.42,104816.88,2.71864,1696.0
2025-06-02 20:23:00,104816.88,104831.46,104766.91,104766.91,10.9401,2978.0
2025-06-02 20:24:00,104766.92,104805.12,104766.91,104805.08,4.21716,1658.0
2025-06-02 20:25:00,104805.08,104805.09,104780.0,104780.01,1.74805,1515.0
2025-06-02 20:26:00,104780.0,104792.01,104766.8,104792.0,4.6612,1212.0
2025-06-02 20:27:00,104792.0,104807.37,104792.0,104807.36,2.41263,466.0
2025-06-02 20:28:00,104807.36,104833.84,104807.36,104833.83,2.60643,768.0
2025-06-02 20:29:00,104833.82,104833.83,104833.82,104833.82,0.98462,158.0
2025-06-02 20:30:00,104833.83,104864.67,104833.82,104842.51,5.65298,2806.0
2025-06-02 20:31:00,104842.52,104842.52,104787.57,104800.04,4.63943,1773.0
2025-06-02 20:32:00,104800.04,104816.88,104792.84,104792.85,3.658,1553.0
2025-06-02 20:33:00,104792.85,104792.85,104743.74,104753.48,5.48313,2495.0
2025-06-02 20:34:00,104753.48,104773.58,104726.41,104726.41,3.24767,1859.0
2025-06-02 20:35:00,104726.41,104731.85,104726.41,104731.84,2.22281,288.0
2025-06-02 20:36:00,104731.85,104751.05,104714.28,104751.04,3.93268,2104.0
2025-06-02 20:37:00,104751.04,104751.05,104730.08,104730.08,2.89397,998.0
2025-06-02 20:38:00,104730.09,104747.99,104725.07,104747.99,5.57103,1811.0
2025-06-02 20:39:00,104747.99,104753.72,104747.98,104753.72,0.39331,245.0
2025-06-02 20:40:00,104753.71,104822.76,104753.71,104809.53,9.11222,1736.0
2025-06-02 20:41:00,104809.53,104809.53,104784.64,104793.36,3.62197,1697.0
2025-06-02 20:42:00,104793.36,104818.65,104793.23,104793.23,8.35341,1456.0
2025-06-02 20:43:00,104793.23,104793.24,104793.23,104793.24,1.1349,130.0
2025-06-02 20:44:00,104793.23,104805.75,104793.23,104805.75,1.04354,455.0
2025-06-02 20:45:00,104805.74,104814.48,104790.53,104790.53,5.31277,1285.0
2025-06-02 20:46:00,104790.54,104796.36,104763.51,104796.35,1.8813,1634.0
2025-06-02 20:47:00,104796.35,104796.36,104750.86,104750.86,2.22334,1070.0
2025-06-02 20:48:00,104750.87,104792.19,104750.86,104792.18,1.93037,974.0
2025-06-02 20:49:00,104792.18,104799.73,104787.18,104799.72,3.71335,782.0
2025-06-02 20:50:00,104799.72,104809.53,104758.43,104758.43,6.25864,2361.0
2025-06-02 20:51:00,104758.43,104758.44,104692.36,104692.36,9.06353,3622.0
2025-06-02 20:52:00,104692.36,104696.09,104674.01,104696.08,4.96194,1124.0
2025-06-02 20:53:00,104696.08,104696.09,104671.81,104679.25,5.03699,880.0
2025-06-02 20:54:00,104679.24,104715.17,104679.24,104715.16,2.37751,419.0
2025-06-02 20:55:00,104715.16,104773.59,104715.16,104755.29,13.2501,1562.0
2025-06-02 20:56:00,104755.3,104771.72,104755.29,104755.3,3.22991,905.0
2025-06-02 20:57:00,104755.3,104857.15,104755.29,104857.14,6.12975,2230.0
2025-06-02 20:58:00,104857.15,104904.77,104843.48,104858.63,12.41995,2750.0
2025-06-02 20:59:00,104858.63,104878.62,104858.63,104878.62,1.49877,860.0
2025-06-02 21:00:00,104878.61,104896.95,104874.4,104896.94,3.91273,1624.0
2025-06-02 21:01:00,104896.94,104949.51,104896.94,104949.51,4.84571,1972.0
2025-06-02 21:02:00,104949.5,104977.33,104949.5,104965.27,6.45181,2051.0
2025-06-02 21:03:00,104965.28,104995.35,104965.27,104969.57,3.91026,1676.0
2025-06-02 21:04:00,104969.57,104979.85,104956.78,104979.84,3.32859,975.0
2025-06-02 21:05:00,104979.84,105018.53,104979.84,105000.0,15.6848,3247.0
2025-06-02 21:06:00,105000.01,105096.66,105000.0,105045.52,16.67726,5328.0
2025-06-02 21:07:00,105045.53,105056.82,104999.89,105022.71,22.6216,2068.0
2025-06-02 21:08:00,105022.71,105056.61,105022.71,105056.61,5.37907,1154.0
2025-06-02 21:09:00,105056.6,105074.78,105027.96,105028.01,7.08527,1666.0
2025-06-02 21:10:00,105028.0,105028.01,105014.77,105014.77,2.07638,489.0
2025-06-02 21:11:00,105014.78,105025.27,104957.45,104957.45,23.62915,2545.0
2025-06-02 21:12:00,104957.45,104985.99,104957.45,104985.99,2.54699,589.0
2025-06-02 21:13:00,104985.99,104985.99,104959.64,104959.64,3.64056,855.0
2025-06-02 21:14:00,104959.64,104993.2,104959.64,104993.2,3.79337,737.0
2025-06-02 21:15:00,104993.19,104997.74,104965.01,104965.02,2.89062,1342.0
2025-06-02 21:16:00,104965.02,104996.1,104965.01,104996.09,0.98755,565.0
2025-06-02 21:17:00,104996.09,104996.1,104968.32,104968.32,3.35691,755.0
2025-06-02 21:18:00,104968.32,104968.33,104878.8,104892.75,7.17042,2741.0
2025-06-02 21:19:00,104892.75,104894.97,104876.17,104876.17,7.91836,978.0
2025-06-02 21:20:00,104876.18,104876.18,104800.0,104800.0,6.20634,1650.0
2025-06-02 21:21:00,104800.0,104800.01,104752.04,104752.04,3.37308,2020.0
2025-06-02 21:22:00,104752.05,104793.95,104752.04,104793.95,4.06941,1223.0
2025-06-02 21:23:00,104793.94,104805.5,104793.94,104805.5,1.22905,414.0
2025-06-02 21:24:00,104805.5,104809.53,104805.5,104809.53,3.13443,615.0
2025-06-02 21:25:00,104809.52,104809.52,104785.02,104785.03,5.68382,1175.0
2025-06-02 21:26:00,104785.03,104785.03,104785.02,104785.02,1.23578,147.0
2025-06-02 21:27:00,104785.02,104785.03,104785.02,104785.02,0.31921,107.0
2025-06-02 21:28:00,104785.02,104792.62,104785.02,104792.62,2.25314,386.0
2025-06-02 21:29:00,104792.61,104792.62,104792.61,104792.61,0.77362,164.0
2025-06-02 21:30:00,104792.61,104792.62,104792.61,104792.62,1.29317,168.0
2025-06-02 21:31:00,104792.61,104792.62,104764.4,104764.4,6.97223,1129.0
2025-06-02 21:32:00,104764.4,104764.41,104710.18,104721.85,6.69465,1959.0
2025-06-02 21:33:00,104721.85,104721.86,104704.44,104704.45,1.39506,632.0
2025-06-02 21:34:00,104704.44,104704.44,104617.02,104617.02,16.39368,2735.0
2025-06-02 21:35:00,104617.02,104617.03,104575.37,104575.37,5.3015,1110.0
2025-06-02 21:36:00,104575.37,104685.55,104575.37,104685.55,6.5737,3650.0
2025-06-02 21:37:00,104685.54,104761.91,104685.54,104745.93,6.06348,3188.0
2025-06-02 21:38:00,104745.93,104761.91,104727.14,104727.15,4.59873,2555.0
2025-06-02 21:39:00,104727.14,104791.94,104727.14,104791.93,3.04252,1612.0
2025-06-02 21:40:00,104791.94,104799.79,104763.87,104763.87,2.74021,1060.0
2025-06-02 21:41:00,104763.87,104776.39,104727.3,104727.31,3.25687,1651.0
2025-06-02 21:42:00,104727.3,104727.31,104714.28,104714.28,1.47087,619.0
2025-06-02 21:43:00,104714.29,104745.82,104700.83,104700.84,5.80059,2165.0
2025-06-02 21:44:00,104700.83,104723.54,104679.24,104700.01,4.42709,2338.0
2025-06-02 21:45:00,104700.01,104751.75,104700.01,104715.23,5.34397,3623.0
2025-06-02 21:46:00,104715.23,104755.16,104715.22,104755.16,1.63531,632.0
2025-06-02 21:47:00,104755.15,104755.16,104732.59,104755.15,3.84555,982.0
2025-06-02 21:48:00,104755.16,104800.98,104755.15,104800.98,1.69634,1012.0
2025-06-02 21:49:00,104800.97,104800.98,104778.51,104778.52,4.10016,1227.0
2025-06-02 21:50:00,104778.52,104831.96,104778.52,104831.96,3.38408,1620.0
2025-06-02 21:51:00,104831.95,104831.96,104831.95,104831.96,1.73953,259.0
2025-06-02 21:52:00,104831.96,104851.04,104831.95,104843.43,2.53782,1057.0
2025-06-02 21:53:00,104843.42,104843.42,104823.33,104823.34,3.51552,981.0
2025-06-02 21:54:00,104823.34,104855.92,104823.33,104855.91,2.42664,854.0
2025-06-02 21:55:00,104855.92,104855.92,104855.91,104855.92,0.90172,163.0
2025-06-02 21:56:00,104855.92,104855.92,104855.91,104855.92,1.24676,220.0
2025-06-02 21:57:00,104855.92,104855.92,104855.91,104855.92,0.74287,180.0
2025-06-02 21:58:00,104855.91,104904.77,104855.91,104904.76,4.07985,1985.0
2025-06-02 21:59:00,104904.76,104942.04,104904.76,104942.0,14.17435,1229.0
2025-06-02 22:00:00,104941.99,105061.09,104941.99,105043.92,34.60915,5273.0
2025-06-02 22:01:00,105043.91,105212.27,105043.91,105190.47,33.53589,6981.0
2025-06-02 22:02:00,105190.47,105236.17,105111.0,105142.86,15.03803,5855.0
2025-06-02 22:03:00,105142.85,105222.42,105141.21,105190.47,4.5826,2661.0
2025-06-02 22:04:00,105190.48,105198.12,105150.94,105165.1,4.5129,1824.0
2025-06-02 22:05:00,105165.1,105226.61,105111.0,105111.01,7.65991,3150.0
2025-06-02 22:06:00,105111.0,105179.98,105111.0,105179.98,3.8746,1880.0
2025-06-02 22:07:00,105179.97,105198.12,105048.85,105094.2,22.69727,4258.0
2025-06-02 22:08:00,105094.2,105150.95,105087.1,105150.95,4.00876,2410.0
2025-06-02 22:09:00,105150.94,105150.95,105095.23,105104.52,4.0171,2211.0
2025-06-02 22:10:00,105104.52,105104.52,105061.47,105071.99,10.53705,4196.0
2025-06-02 22:11:00,105071.99,105129.88,105071.99,105129.88,12.24286,2194.0
2025-06-02 22:12:00,105129.87,105140.39,105129.59,105129.59,5.30722,888.0
2025-06-02 22:13:00,105129.6,105220.48,105129.6,105200.09,6.34075,3812.0
2025-06-02 22:14:00,105200.1,105228.44,105200.09,105228.43,1.56296,1115.0
2025-06-02 22:15:00,105228.43,105270.36,105193.98,105203.17,10.11031,4013.0
2025-06-02 22:16:00,105203.16,105267.58,105196.5,105267.57,3.66923,1827.0
2025-06-02 22:17:00,105267.57,105295.97,105228.89,105283.74,12.77873,3207.0
2025-06-02 22:18:00,105283.74,105414.99,105283.74,105413.78,55.62613,6199.0
2025-06-02 22:19:00,105413.77,105421.99,105394.43,105400.57,16.47501,1169.0
2025-06-02 22:20:00,105400.58,105400.58,105369.73,105399.99,6.85839,2588.0
2025-06-02 22:21:00,105399.99,105449.99,105380.0,105380.01,9.4754,3981.0
2025-06-02 22:22:00,105380.0,105380.0,105333.33,105335.88,18.1,3114.0
2025-06-02 22:23:00,105335.88,105550.0,105335.88,105505.27,64.70917,6771.0
2025-06-02 22:24:00,105505.27,105571.43,105505.26,105560.13,19.25058,3267.0
2025-06-02 22:25:00,105560.13,105711.89,105557.08,105701.93,39.24675,6904.0
2025-06-02 22:26:00,105701.93,105780.0,105660.99,105776.48,40.33867,7148.0
2025-06-02 22:27:00,105776.49,105799.0,105749.24,105751.32,23.38393,4476.0
2025-06-02 22:28:00,105751.3,105799.98,105704.32,105764.15,16.34807,9566.0
2025-06-02 22:29:00,105764.15,105800.0,105741.1,105750.52,16.60828,2262.0
2025-06-02 22:30:00,105750.52,105771.76,105691.84,105723.35,14.04978,6992.0
2025-06-02 22:31:00,105723.35,105723.35,105669.81,105692.51,14.02323,2653.0
2025-06-02 22:32:00,105692.5,105719.74,105649.76,105665.05,29.79856,2046.0
2025-06-02 22:33:00,105665.06,105677.11,105643.71,105677.1,4.14528,1672.0
2025-06-02 22:34:00,105677.11,105697.57,105666.66,105666.66,11.26704,1204.0
2025-06-02 22:35:00,105666.66,105717.37,105645.33,105717.36,13.551,1729.0
2025-06-02 22:36:00,105717.37,105717.37,105670.09,105697.71,23.04269,1599.0
2025-06-02 22:37:00,105697.7,105697.71,105638.1,105658.02,6.30835,1465.0
2025-06-02 22:38:00,105658.03,105669.82,105573.45,105585.4,29.05845,3219.0
2025-06-02 22:39:00,105585.4,105585.4,105528.3,105570.15,10.44403,3650.0
2025-06-02 22:40:00,105570.14,105570.14,105513.9,105537.11,8.21909,2476.0
2025-06-02 22:41:00,105537.12,105537.12,105507.83,105509.95,8.66585,1872.0
2025-06-02 22:42:00,105509.95,105509.95,105481.13,105481.13,3.66365,1269.0
2025-06-02 22:43:00,105481.14,105495.61,105481.13,105495.6,3.1419,626.0
2025-06-02 22:44:00,105495.61,105514.62,105472.01,105514.62,4.03488,1572.0
2025-06-02 22:45:00,105514.61,105581.28,105514.61,105549.16,9.93497,2286.0
2025-06-02 22:46:00,105549.17,105580.0,105549.16,105577.31,2.1816,1146.0
2025-06-02 22:47:00,105577.31,105577.32,105506.89,105559.29,6.57133,2506.0
2025-06-02 22:48:00,105559.29,105600.0,105558.48,105600.0,8.28766,2094.0
2025-06-02 22:49:00,105599.99,105669.99,105599.99,105669.41,3.8718,1290.0
2025-06-02 22:50:00,105669.42,105690.03,105648.47,105684.13,8.11253,2164.0
2025-06-02 22:51:00,105684.13,105684.13,105650.04,105676.08,4.80051,1573.0
2025-06-02 22:52:00,105676.08,105690.85,105670.24,105684.74,3.41176,1333.0
2025-06-02 22:53:00,105684.74,105700.0,105677.72,105700.0,11.05932,1366.0
2025-06-02 22:54:00,105699.99,105710.57,105699.99,105710.56,1.32677,367.0
2025-06-02 22:55:00,105710.56,105710.57,105673.0,105673.0,5.31182,1687.0
2025-06-02 22:56:00,105673.01,105679.27,105659.68,105659.68,5.95292,1733.0
2025-06-02 22:57:00,105659.69,105667.11,105644.28,105667.1,2.14718,1029.0
2025-06-02 22:58:00,105667.1,105667.11,105651.69,105655.36,1.90547,1311.0
2025-06-02 22:59:00,105655.36,105695.5,105655.36,105695.49,2.22511,1010.0
2025-06-02 23:00:00,105695.5,105750.0,105676.32,105707.4,14.91549,4406.0
2025-06-02 23:01:00,105707.39,105707.4,105643.17,105679.04,10.76499,4346.0
2025-06-02 23:02:00,105679.04,105777.28,105679.04,105772.41,15.03081,3505.0
2025-06-02 23:03:00,105772.42,105781.03,105735.99,105739.21,4.68943,2077.0
2025-06-02 23:04:00,105739.22,105785.12,105713.49,105765.48,15.83627,3883.0
2025-06-02 23:05:00,105765.48,105765.49,105666.47,105666.48,10.11454,4436.0
2025-06-02 23:06:00,105666.47,105666.48,105575.47,105622.57,12.37831,4188.0
2025-06-02 23:07:00,105622.57,105702.0,105607.78,105701.99,4.78011,2560.0
2025-06-02 23:08:00,105701.99,105789.37,105701.99,105789.36,8.6703,2198.0
2025-06-02 23:09:00,105789.36,105789.37,105753.91,105753.92,11.00762,1513.0
2025-06-02 23:10:00,105753.91,105777.8,105751.87,105754.93,4.10018,1842.0
2025-06-02 23:11:00,105754.92,105754.92,105716.98,105719.7,2.87487,1737.0
2025-06-02 23:12:00,105719.71,105727.76,105719.7,105727.76,2.40539,365.0
2025-06-02 23:13:00,105727.76,105764.16,105720.0,105764.16,8.85288,1649.0
2025-06-02 23:14:00,105764.16,105764.16,105750.83,105750.84,13.27419,858.0
2025-06-02 23:15:00,105750.83,105759.76,105727.34,105759.75,3.9095,1396.0
2025-06-02 23:16:00,105759.75,105773.69,105744.64,105744.65,10.28493,2173.0
2025-06-02 23:17:00,105744.64,105745.49,105683.19,105745.49,8.14049,3062.0
2025-06-02 23:18:00,105745.48,105772.0,105716.98,105740.75,6.00797,2537.0
2025-06-02 23:19:00,105742.0,105774.07,105733.78,105770.43,3.80422,1152.0
2025-06-02 23:20:00,105770.44,105850.0,105770.43,105847.39,17.17133,2505.0
2025-06-02 23:21:00,105847.39,105899.0,105847.38,105899.0,16.0523,2345.0
2025-06-02 23:22:00,105899.0,105900.0,105892.38,105900.0,21.13142,1015.0
2025-06-02 23:23:00,105899.99,105899.99,105865.79,105874.47,14.08592,2047.0
2025-06-02 23:24:00,105874.47,105909.0,105874.31,105908.99,16.93004,1103.0
2025-06-02 23:25:00,105908.99,105915.89,105849.98,105858.08,14.64927,1816.0
2025-06-02 23:26:00,105858.07,105909.0,105815.29,105838.75,23.05504,4397.0
2025-06-02 23:27:00,105838.75,105838.75,105786.42,105786.42,4.76753,1868.0
2025-06-02 23:28:00,105786.42,105869.05,105786.42,105861.91,32.42245,1573.0
2025-06-02 23:29:00,105861.9,105886.56,105858.49,105860.2,15.36175,1908.0
2025-06-02 23:30:00,105860.2,105869.23,105802.44,105802.45,21.61687,2647.0
2025-06-02 23:31:00,105802.45,105802.45,105768.87,105796.42,7.20343,1782.0
2025-06-02 23:32:00,105796.41,105836.08,105795.73,105795.73,5.16113,1934.0
2025-06-02 23:33:00,105795.73,105795.74,105725.6,105769.79,14.85061,3401.0
2025-06-02 23:34:00,105769.79,105795.85,105769.78,105795.85,0.76895,702.0
2025-06-02 23:35:00,105795.85,105821.99,105795.84,105809.53,3.80476,959.0
2025-06-02 23:36:00,105809.52,105809.53,105786.25,105786.25,2.3823,795.0
2025-06-02 23:37:00,105786.26,105834.04,105786.26,105834.04,4.90794,1252.0
2025-06-02 23:38:00,105834.03,105834.04,105804.78,105822.12,5.78405,1741.0
2025-06-02 23:39:00,105822.11,105837.97,105809.52,105837.97,2.54839,846.0
2025-06-02 23:40:00,105837.96,105890.14,105837.96,105868.78,8.04739,1326.0
2025-06-02 23:41:00,105868.77,105868.78,105795.56,105824.5,9.54037,2211.0
2025-06-02 23:42:00,105824.5,105839.97,105821.42,105821.42,2.41272,1244.0
2025-06-02 23:43:00,105821.42,105872.54,105815.55,105872.54,6.90532,1359.0
2025-06-02 23:44:00,105872.54,105931.44,105872.53,105905.66,14.0377,2715.0
2025-06-02 23:45:00,105905.67,105916.27,105896.38,105912.57,6.90411,1016.0
2025-06-02 23:46:00,105912.56,105912.56,105878.64,105882.38,10.94589,1442.0
2025-06-02 23:47:00,105882.38,105882.39,105836.75,105857.14,12.33469,1781.0
2025-06-02 23:48:00,105857.14,105858.29,105843.52,105858.29,1.99093,663.0
2025-06-02 23:49:00,105858.28,105904.77,105858.28,105904.76,2.76181,1105.0
2025-06-02 23:50:00,105904.76,105916.23,105904.76,105905.63,7.45354,965.0
2025-06-02 23:51:00,105905.62,105908.96,105888.3,105908.95,3.21273,1177.0
2025-06-02 23:52:00,105908.95,105908.95,105876.96,105879.98,2.4419,1312.0
2025-06-02 23:53:00,105879.98,105881.83,105879.35,105879.35,2.32588,628.0
2025-06-02 23:54:00,105879.35,105879.35,105839.53,105858.49,9.04742,2374.0
2025-06-02 23:55:00,105858.49,105881.83,105858.49,105861.63,2.17276,704.0
2025-06-02 23:56:00,105861.62,105873.36,105861.6,105861.6,2.96197,662.0
2025-06-02 23:57:00,105861.6,105861.61,105832.66,105832.66,4.47668,1435.0
2025-06-02 23:58:00,105832.66,105833.09,105821.07,105824.45,9.55738,1076.0
2025-06-02 23:59:00,105824.46,105857.99,105824.45,105857.99,4.67507,891.0
2025-06-03 00:00:00,105858.0,105890.9,105771.07,105771.08,16.13795,3761.0
2025-06-03 00:01:00,105771.07,105777.12,105749.42,105777.12,9.33884,1482.0
2025-06-03 00:02:00,105777.11,105777.12,105761.9,105777.12,5.32936,1515.0
2025-06-03 00:03:00,105777.11,105818.31,105777.11,105805.09,10.68523,1410.0
2025-06-03 00:04:00,105805.08,105805.09,105751.54,105771.87,16.90976,3775.0
2025-06-03 00:05:00,105771.88,105820.0,105768.79,105774.63,6.46478,3345.0
2025-06-03 00:06:00,105774.63,105774.64,105747.14,105764.16,4.66629,1847.0
2025-06-03 00:07:00,105764.16,105819.97,105764.15,105784.97,9.12182,2179.0
2025-06-03 00:08:00,105784.97,105830.93,105771.9,105830.93,8.05278,1727.0
2025-06-03 00:09:00,105830.92,105875.06,105830.92,105875.05,2.91306,914.0
2025-06-03 00:10:00,105875.06,105991.75,105875.05,105938.0,22.36884,4426.0
2025-06-03 00:11:00,105938.0,106010.61,105909.86,105999.99,40.22261,4836.0
2025-06-03 00:12:00,105999.99,106133.91,105978.07,106070.16,57.58166,7258.0
2025-06-03 00:13:00,106070.16,106129.83,106063.1,106101.98,18.6603,3450.0
2025-06-03 00:14:00,106101.99,106170.0,106087.11,106150.0,14.09341,3527.0
2025-06-03 00:15:00,106150.01,106190.48,106142.85,106177.46,13.49912,2937.0
2025-06-03 00:16:00,106177.47,106238.1,106159.25,106193.25,32.02823,5595.0
2025-06-03 00:17:00,106193.24,106236.0,106148.23,106205.19,22.36076,4586.0
2025-06-03 00:18:00,106205.2,106280.0,106200.0,106279.99,25.66301,3871.0
2025-06-03 00:19:00,106279.99,106280.0,106238.71,106269.38,11.04197,2317.0
2025-06-03 00:20:00,106269.37,106350.0,106269.37,106342.56,38.20209,4021.0
2025-06-03 00:21:00,106342.55,106386.5,106333.33,106386.49,15.74024,3110.0
2025-06-03 00:22:00,106386.5,106400.0,106333.33,106339.32,14.96409,4810.0
2025-06-03 00:23:00,106339.33,106339.33,106286.63,106302.16,10.43876,3282.0
2025-06-03 00:24:00,106302.17,106372.0,106293.4,106371.99,14.20516,2720.0
2025-06-03 00:25:00,106372.0,106399.98,106295.83,106308.16,11.07218,3971.0
2025-06-03 00:26:00,106308.16,106324.37,106233.42,106287.72,13.22255,3301.0
2025-06-03 00:27:00,106287.71,106287.72,106109.35,106122.02,25.81012,5999.0
2025-06-03 00:28:00,106122.03,106132.72,106081.51,106081.51,12.96637,4324.0
2025-06-03 00:29:00,106081.52,106113.47,106068.28,106068.29,16.10393,1868.0
2025-06-03 00:30:00,106068.28,106120.27,106004.41,106049.99,19.99875,8260.0
2025-06-03 00:31:00,106049.98,106079.04,105988.69,106009.86,19.83818,4442.0
2025-06-03 00:32:00,106009.85,106076.26,106009.85,106071.73,9.67699,2713.0
2025-06-03 00:33:00,106071.73,106190.48,106064.5,106190.48,6.48777,4521.0
2025-06-03 00:34:00,106190.47,106311.69,106190.47,106304.76,10.05731,4919.0
2025-06-03 00:35:00,106304.77,106333.04,106210.4,106210.41,11.94469,4994.0
2025-06-03 00:36:00,106210.4,106219.68,106149.58,106149.59,8.64952,2427.0
2025-06-03 00:37:00,106149.58,106204.43,106139.79,106149.93,6.07896,3289.0
2025-06-03 00:38:00,106149.93,106184.44,106112.03,106184.44,5.39173,2413.0
2025-06-03 00:39:00,106184.44,106276.85,106184.44,106220.53,5.35659,3321.0
2025-06-03 00:40:00,106220.52,106238.32,106218.01,106218.01,5.18608,1727.0
2025-06-03 00:41:00,106218.01,106222.38,106200.0,106211.73,2.28883,1114.0
2025-06-03 00:42:00,106211.73,106211.74,106146.03,106146.03,5.27344,1951.0
2025-06-03 00:43:00,106146.03,106186.1,106146.03,106186.1,4.22162,1114.0
2025-06-03 00:44:00,106186.09,106232.65,106186.09,106211.42,4.2078,1751.0
2025-06-03 00:45:00,106211.43,106277.82,106211.42,106272.61,16.68617,2157.0
2025-06-03 00:46:00,106272.6,106330.0,106261.5,106316.65,9.01327,2151.0
2025-06-03 00:47:00,106316.65,106316.66,106285.71,106297.2,7.70212,2246.0
2025-06-03 00:48:00,106297.2,106297.21,106233.16,106253.41,6.54628,2599.0
2025-06-03 00:49:00,106253.41,106260.0,106224.65,106238.85,3.16747,1984.0
2025-06-03 00:50:00,106238.84,106279.72,106230.0,106269.08,5.26392,2379.0
2025-06-03 00:51:00,106269.09,106269.09,106228.12,106264.29,4.01315,2285.0
2025-06-03 00:52:00,106264.28,106264.29,106210.0,106248.17,3.89325,1694.0
2025-06-03 00:53:00,106248.16,106253.53,106210.0,106210.01,4.57837,1742.0
2025-06-03 00:54:00,106210.01,106290.24,106210.0,106290.23,11.10374,1317.0
2025-06-03 00:55:00,106290.24,106290.24,106210.01,106223.71,6.92627,1882.0
2025-06-03 00:56:00,106223.71,106223.71,106177.21,106210.35,5.48774,1747.0
2025-06-03 00:57:00,106210.35,106227.05,106210.34,106227.05,2.05617,580.0
2025-06-03 00:58:00,106227.04,106253.0,106198.01,106253.0,15.1551,2254.0
2025-06-03 00:59:00,106252.99,106295.99,106252.99,106285.72,6.49386,1447.0
2025-06-03 01:00:00,106285.72,106317.34,106273.07,106276.75,6.86985,1936.0
2025-06-03 01:01:00,106276.74,106276.75,106208.17,106255.01,8.54403,2636.0
2025-06-03 01:02:00,106255.0,106311.44,106244.46,106311.44,6.97951,1508.0
2025-06-03 01:03:00,106311.43,106311.43,106289.72,106309.51,3.11838,955.0
2025-06-03 01:04:00,106309.51,106344.66,106309.5,106344.65,7.51522,1196.0
2025-06-03 01:05:00,106344.66,106358.01,106304.99,106304.99,10.69581,2606.0
2025-06-03 01:06:00,106305.0,106362.46,106300.79,106310.7,8.29307,3033.0
2025-06-03 01:07:00,106310.69,106344.03,106296.05,106344.02,7.61795,1580.0
2025-06-03 01:08:00,106344.02,106375.23,106295.66,106295.66,11.08691,3312.0
2025-06-03 01:09:00,106295.66,106343.02,106293.79,106333.34,5.40924,1424.0
2025-06-03 01:10:00,106333.33,106360.0,106325.42,106340.05,3.75281,1808.0
2025-06-03 01:11:00,106340.05,106340.05,106186.17,106202.68,13.52613,3670.0
2025-06-03 01:12:00,106202.68,106212.97,106158.95,106158.95,4.8144,1412.0
2025-06-03 01:13:00,106158.96,106210.58,106158.96,106199.54,2.21635,1266.0
2025-06-03 01:14:00,106199.55,106199.55,106123.58,106151.44,59.64364,1563.0
2025-06-03 01:15:00,106151.43,106208.0,106151.43,106192.39,7.05993,2020.0
2025-06-03 01:16:00,106192.38,106192.38,106131.54,106131.54,10.81317,2002.0
2025-06-03 01:17:00,106131.55,106185.33,106110.53,106185.3,5.34365,1799.0
2025-06-03 01:18:00,106185.29,106191.32,106138.21,106191.31,8.2888,2173.0
2025-06-03 01:19:00,106191.31,106224.97,106177.65,106224.97,6.46069,1836.0
2025-06-03 01:20:00,106224.97,106311.52,106224.96,106258.86,5.59262,2564.0
2025-06-03 01:21:00,106258.85,106290.71,106252.75,106275.93,3.92608,1799.0
2025-06-03 01:22:00,106275.93,106303.16,106272.66,106291.64,8.85039,1823.0
2025-06-03 01:23:00,106291.63,106296.14,106291.63,106296.13,0.61277,267.0
2025-06-03 01:24:00,106296.13,106333.33,106296.13,106311.39,4.18758,1342.0
2025-06-03 01:25:00,106311.38,106311.39,106291.63,106297.21,12.64898,736.0
2025-06-03 01:26:00,106297.2,106323.72,106253.59,106285.35,9.04154,2121.0
2025-06-03 01:27:00,106285.35,106323.52,106285.35,106323.5,3.9551,1861.0
2025-06-03 01:28:00,106323.5,106343.77,106323.5,106343.76,2.15233,621.0
2025-06-03 01:29:00,106343.77,106349.27,106303.42,106303.43,5.57602,1202.0
2025-06-03 01:30:00,106303.43,106323.49,106280.8,106296.26,7.98655,2271.0
2025-06-03 01:31:00,106296.25,106296.25,106247.26,106247.27,1.96271,903.0
2025-06-03 01:32:00,106247.27,106263.55,106242.29,106242.3,7.48698,1163.0
2025-06-03 01:33:00,106242.29,106276.78,106216.83,106216.83,4.64159,1908.0
2025-06-03 01:34:00,106216.84,106273.94,106216.84,106225.58,4.69286,1756.0
2025-06-03 01:35:00,106225.59,106299.48,106211.35,106299.47,4.14288,2143.0
2025-06-03 01:36:00,106299.47,106326.05,106299.47,106300.62,4.35113,1296.0
2025-06-03 01:37:00,106300.61,106300.62,106265.13,106265.13,4.21105,1322.0
2025-06-03 01:38:00,106265.13,106265.14,106219.55,106219.55,13.75323,2477.0
2025-06-03 01:39:00,106219.55,106249.27,106211.96,106249.23,4.2303,1769.0
2025-06-03 01:40:00,106249.23,106280.0,106238.09,106244.21,11.81014,1868.0
2025-06-03 01:41:00,106244.2,106244.21,106238.1,106244.21,7.98258,808.0
2025-06-03 01:42:00,106244.21,106285.72,106244.21,106264.46,6.11837,1681.0
2025-06-03 01:43:00,106264.45,106264.46,106240.0,106240.0,4.10866,745.0
2025-06-03 01:44:00,106240.01,106240.01,106220.0,106220.01,5.20356,1479.0
2025-06-03 01:45:00,106220.0,106220.01,106192.59,106206.61,9.2066,1986.0
2025-06-03 01:46:00,106206.61,106315.74,106206.61,106289.5,12.22083,2629.0
2025-06-03 01:47:00,106289.5,106304.57,106289.36,106289.37,2.57611,769.0
2025-06-03 01:48:00,106289.36,106312.89,106284.06,106312.89,6.01155,1492.0
2025-06-03 01:49:00,106312.88,106333.0,106312.88,106328.16,5.40523,973.0
2025-06-03 01:50:00,106328.15,106359.77,106328.15,106359.77,5.47741,1043.0
2025-06-03 01:51:00,106359.76,106359.77,106285.72,106285.72,7.59536,2532.0
2025-06-03 01:52:00,106285.71,106299.0,106273.63,106275.71,2.79348,1654.0
2025-06-03 01:53:00,106275.71,106313.92,106268.96,106285.87,5.08194,2312.0
2025-06-03 01:54:00,106285.86,106347.09,106285.86,106347.08,3.59841,1301.0
2025-06-03 01:55:00,106347.08,106356.73,106334.29,106342.08,4.76038,1067.0
2025-06-03 01:56:00,106342.08,106359.77,106324.04,106359.77,2.90345,1138.0
2025-06-03 01:57:00,106359.77,106366.86,106352.3,106352.31,2.42336,723.0
2025-06-03 01:58:00,106352.31,106484.19,106352.31,106477.38,56.39433,5390.0
2025-06-03 01:59:00,106477.37,106488.0,106433.92,106481.75,11.38082,2731.0
2025-06-03 02:00:00,106481.76,106500.0,106449.72,106449.73,18.42822,3178.0
2025-06-03 02:01:00,106449.72,106449.73,106396.36,106396.36,10.6514,2613.0
2025-06-03 02:02:00,106396.36,106476.19,106396.36,106476.18,7.99195,1603.0
2025-06-03 02:03:00,106476.18,106476.2,106448.76,106448.76,12.3117,1628.0
2025-06-03 02:04:00,106448.76,106486.78,106408.45,106408.46,15.47937,2958.0
2025-06-03 02:05:00,106408.45,106417.37,106354.16,106375.86,15.03642,3363.0
2025-06-03 02:06:00,106375.86,106379.99,106313.91,106313.91,15.28496,1528.0
2025-06-03 02:07:00,106313.92,106336.15,106313.91,106334.41,11.40042,1067.0
2025-06-03 02:08:00,106334.4,106334.41,106310.69,106311.35,5.83254,1281.0
2025-06-03 02:09:00,106311.36,106311.36,106300.0,106300.0,3.02806,526.0
2025-06-03 02:10:00,106300.01,106300.01,106275.59,106275.59,4.48337,843.0
2025-06-03 02:11:00,106275.59,106285.72,106267.93,106267.94,4.01748,694.0
2025-06-03 02:12:00,106267.94,106297.02,106259.54,106259.54,7.52722,1585.0
2025-06-03 02:13:00,106259.53,106271.49,106258.11,106258.11,3.35477,849.0
2025-06-03 02:14:00,106258.11,106258.12,106232.6,106232.6,4.18558,1161.0
2025-06-03 02:15:00,106232.61,106242.99,106231.26,106231.27,7.67231,858.0
2025-06-03 02:16:00,106231.27,106231.27,106165.22,106167.07,8.84679,2787.0
2025-06-03 02:17:00,106167.07,106167.08,106070.25,106094.58,21.88478,4089.0
2025-06-03 02:18:00,106094.59,106127.83,106073.81,106127.83,10.64628,1423.0
2025-06-03 02:19:00,106127.82,106141.64,106089.68,106089.68,9.4735,1610.0
2025-06-03 02:20:00,106089.69,106105.63,106071.9,106082.98,12.72658,2055.0
2025-06-03 02:21:00,106082.99,106093.3,106082.98,106093.3,7.04469,489.0
2025-06-03 02:22:00,106093.29,106093.3,106093.28,106093.29,6.6093,340.0
2025-06-03 02:23:00,106093.28,106093.29,106063.01,106063.01,2.98826,1437.0
2025-06-03 02:24:00,106063.02,106100.0,106063.01,106099.99,4.44492,866.0
2025-06-03 02:25:00,106100.0,106112.13,106093.41,106093.42,9.85243,1157.0
2025-06-03 02:26:00,106093.41,106093.42,106077.71,106092.99,4.76548,1476.0
2025-06-03 02:27:00,106093.0,106108.71,106078.76,106078.77,5.66764,1469.0
2025-06-03 02:28:00,106078.76,106078.77,106045.97,106058.31,13.40065,1687.0
2025-06-03 02:29:00,106058.3,106058.31,106041.11,106052.29,4.17751,1208.0
2025-06-03 02:30:00,106052.28,106073.39,106047.61,106073.39,6.61374,1248.0
2025-06-03 02:31:00,106073.38,106088.62,106047.64,106047.64,2.46806,1140.0
2025-06-03 02:32:00,106047.65,106090.0,106021.1,106089.99,13.35243,2706.0
2025-06-03 02:33:00,106089.99,106089.99,106016.19,106016.2,13.19082,1759.0
2025-06-03 02:34:00,106016.2,106080.0,106008.54,106077.73,37.20052,2396.0
2025-06-03 02:35:00,106077.73,106137.57,106077.73,106132.58,14.27327,2320.0
2025-06-03 02:36:00,106132.58,106132.59,106104.4,106104.4,11.76454,794.0
2025-06-03 02:37:00,106104.4,106108.33,106076.03,106104.0,7.28114,1699.0
2025-06-03 02:38:00,106104.01,106119.08,106074.14,106074.14,17.83053,1351.0
2025-06-03 02:39:00,106074.15,106094.64,106063.46,106078.67,3.14746,865.0
2025-06-03 02:40:00,106078.67,106078.67,106019.69,106020.01,5.11718,1509.0
2025-06-03 02:41:00,106020.0,106033.14,106020.0,106026.4,3.57762,574.0
2025-06-03 02:42:00,106026.39,106048.51,106018.48,106048.5,9.56043,932.0
2025-06-03 02:43:00,106048.5,106048.51,106037.22,106037.22,3.65778,460.0
2025-06-03 02:44:00,106037.22,106052.91,106029.07,106047.62,3.35632,892.0
2025-06-03 02:45:00,106047.62,106047.62,105933.33,105933.33,25.64336,3781.0
2025-06-03 02:46:00,105933.34,105936.93,105826.14,105833.27,23.44419,3250.0
2025-06-03 02:47:00,105833.25,105873.32,105727.1,105739.98,53.80528,5946.0
2025-06-03 02:48:00,105739.99,105739.99,105653.28,105724.47,24.9324,3238.0
2025-06-03 02:49:00,105724.46,105739.98,105652.7,105666.66,13.27747,3101.0
2025-06-03 02:50:00,105666.66,105666.67,105577.36,105650.45,47.76827,4975.0
2025-06-03 02:51:00,105650.46,105651.74,105627.29,105636.7,9.05575,1564.0
2025-06-03 02:52:00,105636.7,105654.37,105597.61,105597.62,11.78509,2338.0
2025-06-03 02:53:00,105597.62,105629.11,105597.37,105629.1,8.4879,896.0
2025-06-03 02:54:00,105629.1,105653.97,105629.1,105653.96,6.84405,852.0
2025-06-03 02:55:00,105653.97,105663.3,105613.48,105613.48,4.83958,1506.0
2025-06-03 02:56:00,105613.49,105638.76,105609.05,105638.75,6.01198,1059.0
2025-06-03 02:57:00,105638.76,105710.32,105626.98,105701.92,10.06372,2652.0
2025-06-03 02:58:00,105701.93,105708.07,105698.19,105698.2,11.62037,783.0
2025-06-03 02:59:00,105698.19,105710.7,105611.1,105612.46,12.44903,1744.0
2025-06-03 03:00:00,105612.47,105660.0,105590.02,105660.0,5.90807,2249.0
2025-06-03 03:01:00,105659.99,105712.72,105659.99,105710.74,10.18127,1221.0
2025-06-03 03:02:00,105710.74,105710.74,105604.9,105604.9,13.31907,1910.0
2025-06-03 03:03:00,105604.9,105604.91,105579.8,105579.8,8.61255,1300.0
2025-06-03 03:04:00,105579.8,105604.9,105579.8,105604.9,8.62328,895.0
2025-06-03 03:05:00,105604.9,105604.9,105575.47,105575.47,2.66125,601.0
2025-06-03 03:06:00,105575.47,105575.48,105481.13,105495.24,20.81332,3428.0
2025-06-03 03:07:00,105495.24,105500.0,105471.06,105473.1,7.82415,1866.0
2025-06-03 03:08:00,105473.11,105500.0,105473.1,105486.92,13.54315,836.0
2025-06-03 03:09:00,105486.93,105486.93,105453.33,105454.55,13.53073,976.0
2025-06-03 03:10:00,105454.54,105490.95,105449.46,105490.94,10.34507,1455.0
2025-06-03 03:11:00,105490.95,105490.95,105467.72,105467.73,2.89517,463.0
2025-06-03 03:12:00,105467.72,105467.72,105340.18,105362.35,19.30845,4154.0
2025-06-03 03:13:00,105362.34,105431.42,105348.9,105426.14,12.72557,1793.0
2025-06-03 03:14:00,105426.14,105431.4,105411.62,105411.62,2.24841,813.0
2025-06-03 03:15:00,105411.63,105591.5,105411.63,105591.5,9.69495,3354.0
2025-06-03 03:16:00,105591.49,105591.5,105542.43,105578.2,5.31946,1591.0
2025-06-03 03:17:00,105578.2,105616.56,105578.2,105585.28,5.41747,1544.0
2025-06-03 03:18:00,105585.27,105619.05,105576.25,105593.34,3.3304,1674.0
2025-06-03 03:19:00,105593.33,105602.99,105593.33,105602.98,3.74701,483.0
2025-06-03 03:20:00,105602.99,105677.96,105602.98,105630.42,8.5637,2421.0
2025-06-03 03:21:00,105630.42,105630.43,105604.08,105604.09,1.7671,787.0
2025-06-03 03:22:00,105604.08,105634.24,105604.08,105634.24,17.68725,900.0
2025-06-03 03:23:00,105634.24,105654.99,105604.09,105604.1,15.37984,1108.0
2025-06-03 03:24:00,105604.1,105604.1,105567.39,105575.87,5.67044,869.0
2025-06-03 03:25:00,105575.88,105592.47,105560.04,105568.32,6.47838,1813.0
2025-06-03 03:26:00,105568.32,105625.83,105568.32,105601.53,26.8974,1538.0
2025-06-03 03:27:00,105601.53,105601.53,105531.0,105542.9,16.16814,1509.0
2025-06-03 03:28:00,105542.91,105545.81,105457.01,105457.02,3.84297,1901.0
2025-06-03 03:29:00,105457.01,105474.43,105457.01,105474.42,2.13622,505.0
2025-06-03 03:30:00,105474.43,105500.0,105474.42,105500.0,5.28925,734.0
2025-06-03 03:31:00,105500.0,105500.0,105438.52,105438.53,3.29949,1722.0
2025-06-03 03:32:00,105438.53,105466.29,105405.99,105461.26,12.95738,2445.0
2025-06-03 03:33:00,105461.25,105461.26,105435.39,105442.3,4.87313,1296.0
2025-06-03 03:34:00,105442.31,105442.31,105371.14,105371.15,6.93415,1564.0
2025-06-03 03:35:00,105371.14,105446.9,105371.14,105417.78,9.35468,3321.0
2025-06-03 03:36:00,105417.78,105462.92,105409.35,105462.92,5.01643,1350.0
2025-06-03 03:37:00,105462.92,105521.79,105462.92,105510.77,5.87366,2471.0
2025-06-03 03:38:00,105510.76,105534.88,105510.76,105534.88,5.37069,1003.0
2025-06-03 03:39:00,105534.88,105559.48,105534.87,105559.48,2.03207,561.0
2025-06-03 03:40:00,105559.48,105570.8,105540.43,105540.43,7.06589,900.0
2025-06-03 03:41:00,105540.44,105540.44,105500.0,105500.0,2.1668,611.0
2025-06-03 03:42:00,105500.01,105500.01,105500.0,105500.01,0.39101,91.0
2025-06-03 03:43:00,105500.01,105500.01,105500.0,105500.0,3.05294,137.0
2025-06-03 03:44:00,105500.0,105546.5,105500.0,105546.5,18.07962,1819.0
2025-06-03 03:45:00,105546.49,105572.26,105546.49,105572.26,2.64218,772.0
2025-06-03 03:46:00,105572.25,105588.05,105562.69,105571.43,5.87296,1594.0
2025-06-03 03:47:00,105571.42,105571.43,105547.03,105547.03,2.40381,691.0
2025-06-03 03:48:00,105547.04,105547.04,105545.08,105545.09,0.64204,278.0
2025-06-03 03:49:00,105545.08,105578.69,105545.08,105545.65,8.13643,1291.0
2025-06-03 03:50:00,105545.65,105551.78,105532.75,105551.77,6.37015,1050.0
2025-06-03 03:51:00,105551.77,105551.78,105530.66,105551.09,2.89374,782.0
2025-06-03 03:52:00,105551.09,105551.09,105503.36,105503.37,9.25326,1273.0
2025-06-03 03:53:00,105503.36,105503.37,105503.36,105503.36,1.67823,166.0
2025-06-03 03:54:00,105503.36,105524.15,105501.12,105501.13,7.35976,1025.0
2025-06-03 03:55:00,105501.12,105501.13,105480.0,105480.0,2.28192,719.0
2025-06-03 03:56:00,105480.01,105483.14,105480.0,105483.14,5.55971,254.0
2025-06-03 03:57:00,105483.14,105483.14,105470.11,105470.12,1.77061,374.0
2025-06-03 03:58:00,105470.12,105470.12,105470.11,105470.11,0.62932,177.0
2025-06-03 03:59:00,105470.11,105482.03,105470.11,105482.02,7.44582,916.0
2025-06-03 04:00:00,105482.03,105503.32,105482.02,105486.11,9.63284,1275.0
2025-06-03 04:01:00,105486.11,105486.12,105486.11,105486.12,0.66365,165.0
2025-06-03 04:02:00,105486.12,105513.02,105486.11,105492.92,6.58981,1043.0
2025-06-03 04:03:00,105492.92,105492.92,105454.84,105454.84,4.55201,1297.0
2025-06-03 04:04:00,105454.85,105476.42,105432.66,105476.41,8.64664,1866.0
2025-06-03 04:05:00,105476.41,105476.41,105418.56,105418.56,14.62039,1788.0
2025-06-03 04:06:00,105418.56,105418.57,105400.0,105412.3,5.38774,1101.0
2025-06-03 04:07:00,105412.3,105412.3,105371.65,105371.68,6.04284,1389.0
2025-06-03 04:08:00,105371.68,105385.85,105370.81,105370.82,5.5645,844.0
2025-06-03 04:09:00,105370.81,105385.26,105370.81,105385.26,1.84755,467.0
2025-06-03 04:10:00,105385.26,105385.26,105304.45,105337.57,16.09719,2801.0
2025-06-03 04:11:00,105337.58,105337.58,105337.57,105337.58,0.79154,155.0
2025-06-03 04:12:00,105337.58,105357.59,105335.97,105339.46,14.1481,1499.0
2025-06-03 04:13:00,105339.46,105353.03,105339.46,105353.03,12.80159,619.0
2025-06-03 04:14:00,105353.03,105353.03,105343.26,105343.27,0.91142,451.0
2025-06-03 04:15:00,105343.26,105343.27,105303.01,105308.47,7.2276,1288.0
2025-06-03 04:16:00,105308.48,105311.85,105303.0,105303.0,9.39442,924.0
2025-06-03 04:17:00,105303.01,105314.86,105303.0,105314.86,23.10354,1232.0
2025-06-03 04:18:00,105314.86,105338.13,105314.85,105321.07,2.90911,1027.0
2025-06-03 04:19:00,105321.07,105349.66,105321.06,105335.7,6.14587,1095.0
2025-06-03 04:20:00,105335.69,105349.66,105335.69,105349.66,6.25674,785.0
2025-06-03 04:21:00,105349.66,105349.66,105344.19,105344.2,3.1642,615.0
2025-06-03 04:22:00,105344.19,105354.72,105344.19,105354.71,5.44809,751.0
2025-06-03 04:23:00,105354.72,105354.72,105344.19,105344.19,2.04964,433.0
2025-06-03 04:24:00,105344.19,105354.72,105344.19,105354.71,3.48746,414.0
2025-06-03 04:25:00,105354.71,105379.51,105354.71,105366.51,4.93798,1472.0
2025-06-03 04:26:00,105366.51,105366.52,105313.06,105313.06,10.58715,1447.0
2025-06-03 04:27:00,105313.06,105323.28,105313.06,105322.47,3.77927,575.0
2025-06-03 04:28:00,105322.47,105322.48,105303.0,105303.0,20.42066,1017.0
2025-06-03 04:29:00,105303.0,105306.89,105303.0,105303.01,12.6403,711.0
2025-06-03 04:30:00,105303.01,105331.8,105303.0,105305.88,7.28677,1705.0
2025-06-03 04:31:00,105305.89,105305.89,105200.0,105209.98,35.22953,3474.0
2025-06-03 04:32:00,105209.98,105209.98,105187.8,105198.17,12.15335,1141.0
2025-06-03 04:33:00,105198.18,105202.67,105192.49,105202.67,6.06163,840.0
2025-06-03 04:34:00,105202.66,105202.67,105202.66,105202.66,2.51008,214.0
2025-06-03 04:35:00,105202.67,105239.26,105202.66,105239.25,7.73587,708.0
2025-06-03 04:36:00,105239.26,105239.26,105211.73,105213.19,10.38931,882.0
2025-06-03 04:37:00,105213.18,105236.56,105213.18,105236.56,2.6338,556.0
2025-06-03 04:38:00,105236.55,105240.0,105236.55,105239.99,1.27652,323.0
2025-06-03 04:39:00,105240.0,105263.54,105239.99,105240.11,4.06464,1134.0
2025-06-03 04:40:00,105240.11,105271.41,105240.1,105262.87,2.61515,799.0
2025-06-03 04:41:00,105262.87,105262.88,105240.0,105240.0,4.52763,727.0
2025-06-03 04:42:00,105240.0,105259.8,105240.0,105248.95,3.10622,755.0
2025-06-03 04:43:00,105248.94,105248.94,105245.94,105245.95,6.9343,291.0
2025-06-03 04:44:00,105245.95,105259.09,105243.25,105243.25,14.27667,952.0
2025-06-03 04:45:00,105243.25,105254.64,105243.25,105254.63,2.19072,395.0
2025-06-03 04:46:00,105254.63,105254.64,105254.63,105254.64,3.13255,198.0
2025-06-03 04:47:00,105254.63,105254.64,105254.63,105254.64,3.31865,227.0
2025-06-03 04:48:00,105254.63,105254.63,105203.1,105203.1,8.10954,1173.0
2025-06-03 04:49:00,105203.1,105203.1,105154.95,105154.95,19.16212,1252.0
2025-06-03 04:50:00,105154.96,105177.5,105154.95,105177.49,2.27586,698.0
2025-06-03 04:51:00,105177.5,105177.5,105151.02,105151.03,3.8471,604.0
2025-06-03 04:52:00,105151.03,105151.03,105151.02,105151.02,0.62906,196.0
2025-06-03 04:53:00,105151.02,105151.03,105116.2,105129.66,10.1166,1428.0
2025-06-03 04:54:00,105129.66,105193.48,105129.66,105192.2,12.88334,1423.0
2025-06-03 04:55:00,105192.2,105192.21,105167.46,105167.47,1.78432,587.0
2025-06-03 04:56:00,105167.46,105167.47,105141.17,105141.17,2.9851,789.0
2025-06-03 04:57:00,105141.17,105146.76,105140.77,105146.75,6.18288,612.0
2025-06-03 04:58:00,105146.75,105146.76,105142.85,105142.86,1.95438,324.0
2025-06-03 04:59:00,105142.85,105166.92,105142.85,105166.92,4.6219,954.0
2025-06-03 05:00:00,105166.93,105223.78,105166.92,105199.97,6.41941,5370.0
2025-06-03 05:01:00,105199.97,105199.98,105197.93,105197.94,3.35782,320.0
2025-06-03 05:02:00,105197.93,105217.06,105197.93,105216.77,2.59109,532.0
2025-06-03 05:03:00,105216.77,105285.72,105216.77,105285.72,12.14021,3896.0
2025-06-03 05:04:00,105285.71,105292.43,105285.71,105292.43,2.28885,308.0
2025-06-03 05:05:00,105292.42,105296.84,105292.42,105292.55,10.58668,773.0
2025-06-03 05:06:00,105292.55,105396.67,105292.54,105350.9,23.04353,3358.0
2025-06-03 05:07:00,105350.9,105372.6,105350.9,105372.59,4.0598,632.0
2025-06-03 05:08:00,105372.6,105372.6,105351.74,105351.75,3.80566,668.0
2025-06-03 05:09:00,105351.75,105358.14,105351.74,105358.14,3.66145,458.0
2025-06-03 05:10:00,105358.14,105358.14,105358.12,105358.12,2.1559,245.0
2025-06-03 05:11:00,105358.12,105358.13,105337.32,105337.32,2.85029,431.0
2025-06-03 05:12:00,105337.33,105350.22,105337.32,105350.22,2.57448,392.0
2025-06-03 05:13:00,105350.21,105358.13,105350.21,105358.12,4.1944,509.0
2025-06-03 05:14:00,105358.13,105358.13,105337.59,105357.78,14.97581,945.0
2025-06-03 05:15:00,105357.77,105379.86,105357.77,105369.36,13.16268,735.0
2025-06-03 05:16:00,105369.36,105369.37,105339.76,105339.76,10.46128,987.0
2025-06-03 05:17:00,105339.77,105339.77,105339.76,105339.76,4.48201,203.0
2025-06-03 05:18:00,105339.76,105355.82,105339.76,105346.03,6.07416,1018.0
2025-06-03 05:19:00,105346.03,105346.03,105301.6,105301.61,8.24209,1317.0
2025-06-03 05:20:00,105301.61,105313.62,105301.6,105303.28,12.56697,676.0
2025-06-03 05:21:00,105303.29,105303.29,105266.4,105286.55,6.56834,1490.0
2025-06-03 05:22:00,105286.55,105288.4,105286.54,105288.4,9.05137,791.0
2025-06-03 05:23:00,105288.4,105288.4,105273.57,105273.57,17.05567,923.0
2025-06-03 05:24:00,105273.58,105288.39,105273.57,105288.38,11.66637,967.0
2025-06-03 05:25:00,105288.38,105288.39,105278.0,105278.01,3.75046,481.0
2025-06-03 05:26:00,105278.01,105278.01,105273.58,105273.59,4.1666,564.0
2025-06-03 05:27:00,105273.59,105273.59,105273.58,105273.59,3.64009,144.0
2025-06-03 05:28:00,105273.59,105285.61,105273.58,105285.61,9.29601,681.0
2025-06-03 05:29:00,105285.61,105285.61,105274.1,105274.1,6.01834,510.0
2025-06-03 05:30:00,105274.11,105285.56,105274.1,105285.56,4.70951,599.0
2025-06-03 05:31:00,105285.56,105285.56,105285.55,105285.56,2.31196,194.0
2025-06-03 05:32:00,105285.56,105329.78,105260.01,105260.01,12.84109,2987.0
2025-06-03 05:33:00,105260.02,105260.02,105239.15,105255.42,5.37878,1160.0
2025-06-03 05:34:00,105255.43,105307.0,105255.42,105306.99,5.53422,1843.0
2025-06-03 05:35:00,105307.0,105330.29,105307.0,105330.29,4.42857,677.0
2025-06-03 05:36:00,105330.29,105330.29,105318.82,105321.96,4.8456,650.0
2025-06-03 05:37:00,105321.97,105321.97,105321.85,105321.86,23.70788,775.0
2025-06-03 05:38:00,105321.86,105377.32,105321.85,105377.31,19.16584,2389.0
2025-06-03 05:39:00,105377.31,105436.36,105377.31,105426.27,9.09278,1917.0
2025-06-03 05:40:00,105426.27,105426.28,105352.23,105352.23,6.31697,1511.0
2025-06-03 05:41:00,105352.23,105360.6,105352.23,105360.59,3.88516,493.0
2025-06-03 05:42:00,105360.59,105360.6,105333.33,105333.33,4.20218,744.0
2025-06-03 05:43:00,105333.33,105333.34,105322.29,105333.34,7.79516,731.0
2025-06-03 05:44:00,105333.34,105333.34,105323.91,105323.91,3.08301,382.0
2025-06-03 05:45:00,105323.91,105323.92,105263.82,105274.35,9.01437,1620.0
2025-06-03 05:46:00,105274.36,105295.72,105265.87,105289.72,9.10911,1614.0
2025-06-03 05:47:00,105289.73,105289.73,105289.72,105289.72,1.96068,215.0
2025-06-03 05:48:00,105289.73,105333.33,105289.72,105333.32,6.53803,1237.0
2025-06-03 05:49:00,105333.33,105333.33,105274.95,105319.6,8.08921,1898.0
2025-06-03 05:50:00,105319.61,105360.0,105298.39,105359.99,5.84922,1472.0
2025-06-03 05:51:00,105360.0,105360.0,105333.37,105333.37,3.70429,561.0
2025-06-03 05:52:00,105333.37,105369.73,105333.37,105369.72,5.86179,1012.0
2025-06-03 05:53:00,105369.73,105387.92,105369.72,105387.91,5.07181,650.0
2025-06-03 05:54:00,105387.92,105422.0,105387.91,105421.87,7.3852,1606.0
2025-06-03 05:55:00,105421.88,105421.88,105414.44,105414.44,11.16451,534.0
2025-06-03 05:56:00,105414.45,105414.45,105414.43,105414.43,9.61746,395.0
2025-06-03 05:57:00,105414.44,105472.1,105414.43,105445.23,31.7769,2514.0
2025-06-03 05:58:00,105445.24,105459.74,105445.23,105459.74,2.60864,360.0
2025-06-03 05:59:00,105459.73,105459.74,105452.08,105452.08,5.46654,511.0
2025-06-03 06:00:00,105452.09,105452.09,105414.78,105440.17,7.16434,1449.0
2025-06-03 06:01:00,105440.18,105450.58,105440.17,105447.88,3.52771,775.0
2025-06-03 06:02:00,105447.89,105463.19,105447.88,105452.2,17.40874,902.0
2025-06-03 06:03:00,105452.19,105452.2,105422.23,105422.23,9.35955,704.0
2025-06-03 06:04:00,105422.24,105422.24,105422.23,105422.24,2.47779,217.0
2025-06-03 06:05:00,105422.24,105422.24,105422.23,105422.23,2.24128,203.0
2025-06-03 06:06:00,105422.24,105422.24,105417.79,105417.79,4.47953,440.0
2025-06-03 06:07:00,105417.79,105417.8,105399.27,105399.28,5.39565,954.0
2025-06-03 06:08:00,105399.27,105399.28,105399.27,105399.27,2.53504,315.0
2025-06-03 06:09:00,105399.28,105417.79,105397.15,105397.15,7.89577,1290.0
2025-06-03 06:10:00,105397.15,105397.16,105374.07,105374.08,3.47759,567.0
2025-06-03 06:11:00,105374.08,105388.55,105374.07,105388.55,5.65017,503.0
2025-06-03 06:12:00,105388.55,105397.16,105386.51,105386.52,8.20498,688.0
2025-06-03 06:13:00,105386.52,105391.79,105372.02,105372.02,5.69759,1264.0
2025-06-03 06:14:00,105372.02,105372.03,105367.43,105367.44,3.10967,482.0
2025-06-03 06:15:00,105367.43,105367.44,105363.81,105363.82,6.60267,424.0
2025-06-03 06:16:00,105363.81,105390.75,105363.81,105390.74,4.53578,887.0
2025-06-03 06:17:00,105390.75,105390.76,105390.74,105390.76,3.60909,269.0
2025-06-03 06:18:00,105390.76,105390.76,105381.58,105381.58,4.19609,585.0
2025-06-03 06:19:00,105381.58,105381.59,105366.25,105366.25,4.10889,610.0
2025-06-03 06:20:00,105366.25,105366.26,105366.25,105366.25,3.6347,251.0
2025-06-03 06:21:00,105366.25,105366.26,105320.84,105320.84,9.24828,1824.0
2025-06-03 06:22:00,105320.85,105320.85,105300.0,105315.82,7.06046,1132.0
2025-06-03 06:23:00,105315.83,105338.13,105315.82,105338.13,6.41853,1540.0
2025-06-03 06:24:00,105338.13,105338.13,105332.12,105332.12,2.19005,386.0
2025-06-03 06:25:00,105332.13,105332.13,105316.4,105316.4,3.47885,917.0
2025-06-03 06:26:00,105316.41,105316.41,105252.89,105252.89,10.41826,1997.0
2025-06-03 06:27:00,105252.9,105280.0,105250.0,105279.99,13.49132,1255.0
2025-06-03 06:28:00,105280.0,105280.0,105266.36,105266.36,3.30694,567.0
2025-06-03 06:29:00,105266.36,105266.37,105247.84,105247.84,3.08015,595.0
2025-06-03 06:30:00,105247.85,105247.85,105218.0,105218.01,10.27084,1205.0
2025-06-03 06:31:00,105218.0,105231.08,105218.0,105231.08,4.10123,564.0
2025-06-03 06:32:00,105231.08,105236.51,105231.07,105236.5,3.05952,675.0
2025-06-03 06:33:00,105236.51,105236.51,105218.0,105222.64,8.7481,1452.0
2025-06-03 06:34:00,105222.65,105231.92,105222.64,105231.91,3.29067,436.0
2025-06-03 06:35:00,105231.92,105247.71,105231.39,105231.4,4.50023,1058.0
2025-06-03 06:36:00,105231.4,105231.4,105231.39,105231.4,2.87226,260.0
2025-06-03 06:37:00,105231.4,105253.15,105231.39,105253.15,3.51253,947.0
2025-06-03 06:38:00,105253.15,105253.15,105245.53,105245.53,2.60504,588.0
2025-06-03 06:39:00,105245.54,105245.54,105222.37,105222.38,14.7814,638.0
2025-06-03 06:40:00,105222.38,105263.39,105222.37,105263.38,7.8237,1046.0
2025-06-03 06:41:00,105263.39,105285.72,105257.04,105257.04,14.32516,1466.0
2025-06-03 06:42:00,105257.04,105279.29,105257.04,105279.28,3.9809,900.0
2025-06-03 06:43:00,105279.28,105279.29,105256.47,105269.51,10.8022,1406.0
2025-06-03 06:44:00,105269.52,105279.05,105248.73,105248.74,28.10057,909.0
2025-06-03 06:45:00,105248.73,105275.33,105248.73,105264.44,15.16749,1009.0
2025-06-03 06:46:00,105264.45,105279.28,105264.44,105279.27,5.34392,616.0
2025-06-03 06:47:00,105279.27,105296.53,105279.27,105296.52,6.28927,544.0
2025-06-03 06:48:00,105296.52,105296.53,105290.88,105290.89,7.14198,694.0
2025-06-03 06:49:00,105290.89,105316.21,105290.89,105316.21,10.44667,1183.0
2025-06-03 06:50:00,105316.21,105343.93,105316.2,105343.93,6.83719,1090.0
2025-06-03 06:51:00,105343.92,105372.24,105343.92,105372.24,5.86456,1201.0
2025-06-03 06:52:00,105372.23,105385.06,105372.23,105385.06,5.57636,1143.0
2025-06-03 06:53:00,105385.05,105385.06,105372.23,105372.24,7.931,613.0
2025-06-03 06:54:00,105372.23,105372.24,105306.28,105321.37,14.75763,2092.0
2025-06-03 06:55:00,105321.37,105340.0,105321.37,105330.24,5.29885,1069.0
2025-06-03 06:56:00,105330.24,105330.25,105330.24,105330.24,2.50912,287.0
2025-06-03 06:57:00,105330.24,105330.25,105330.24,105330.24,3.02734,259.0
2025-06-03 06:58:00,105330.24,105330.25,105330.24,105330.25,2.5938,281.0
2025-06-03 06:59:00,105330.24,105441.16,105330.24,105429.67,101.4771,3561.0
2025-06-03 07:00:00,105429.67,105429.68,105394.15,105394.15,8.87526,1073.0
2025-06-03 07:01:00,105394.15,105419.7,105394.15,105403.36,18.0225,1277.0
2025-06-03 07:02:00,105403.36,105420.9,105403.35,105420.89,7.00252,797.0
2025-06-03 07:03:00,105420.9,105420.9,105394.15,105403.25,6.39031,996.0
2025-06-03 07:04:00,105403.25,105437.63,105403.24,105437.63,6.86631,852.0
2025-06-03 07:05:00,105437.63,105438.02,105403.24,105403.25,6.77477,1341.0
2025-06-03 07:06:00,105403.24,105403.25,105403.24,105403.25,4.42935,343.0
2025-06-03 07:07:00,105403.25,105422.33,105403.24,105422.33,7.40483,695.0
2025-06-03 07:08:00,105422.33,105422.33,105408.55,105408.56,9.81019,720.0
2025-06-03 07:09:00,105408.56,105408.56,105408.55,105408.56,2.79255,217.0
2025-06-03 07:10:00,105408.56,105408.56,105394.15,105394.15,4.57685,755.0
2025-06-03 07:11:00,105394.16,105394.16,105381.71,105381.72,6.90041,613.0
2025-06-03 07:12:00,105381.71,105393.32,105381.71,105393.32,6.34283,565.0
2025-06-03 07:13:00,105393.32,105393.32,105385.31,105385.31,5.22527,331.0
2025-06-03 07:14:00,105385.31,105385.32,105382.15,105382.15,5.60711,362.0
2025-06-03 07:15:00,105382.15,105390.19,105382.15,105390.18,7.81145,698.0
2025-06-03 07:16:00,105390.19,105390.19,105382.16,105382.16,6.6259,461.0
2025-06-03 07:17:00,105382.17,105398.11,105382.16,105384.27,4.94023,838.0
2025-06-03 07:18:00,105384.28,105384.28,105384.27,105384.27,2.72593,187.0
2025-06-03 07:19:00,105384.28,105403.7,105384.27,105403.69,4.20305,654.0
2025-06-03 07:20:00,105403.7,105403.7,105333.45,105333.46,17.31077,1858.0
2025-06-03 07:21:00,105333.45,105333.46,105215.0,105215.01,18.81628,2664.0
2025-06-03 07:22:00,105215.0,105230.1,105211.8,105230.1,10.85994,1313.0
2025-06-03 07:23:00,105230.1,105243.38,105230.09,105242.56,10.32806,1036.0
2025-06-03 07:24:00,105242.55,105246.6,105238.09,105238.1,5.94447,596.0
2025-06-03 07:25:00,105238.1,105238.1,105211.82,105211.83,3.09266,939.0
2025-06-03 07:26:00,105211.82,105211.83,105211.82,105211.82,3.06625,241.0
2025-06-03 07:27:00,105211.83,105211.83,105211.82,105211.82,2.41016,214.0
2025-06-03 07:28:00,105211.82,105228.14,105211.82,105228.13,6.29995,615.0
2025-06-03 07:29:00,105228.13,105228.14,105212.09,105212.1,3.78836,816.0
2025-06-03 07:30:00,105212.09,105282.63,105212.09,105282.63,7.78599,1984.0
2025-06-03 07:31:00,105282.62,105282.63,105242.41,105242.41,13.81034,1065.0
2025-06-03 07:32:00,105242.41,105252.18,105242.41,105252.17,4.48034,553.0
2025-06-03 07:33:00,105252.17,105274.87,105251.68,105251.68,5.31987,1110.0
2025-06-03 07:34:00,105251.69,105273.4,105251.68,105261.56,4.47242,950.0
2025-06-03 07:35:00,105261.55,105261.56,105231.57,105231.57,4.8968,1400.0
2025-06-03 07:36:00,105231.57,105231.58,105220.0,105229.45,5.41488,1250.0
2025-06-03 07:37:00,105229.44,105229.45,105229.44,105229.45,3.25521,244.0
2025-06-03 07:38:00,105229.44,105255.59,105229.44,105255.59,5.19304,726.0
2025-06-03 07:39:00,105255.58,105268.02,105255.58,105268.02,6.04089,655.0
2025-06-03 07:40:00,105268.02,105268.02,105235.57,105235.57,2.7568,890.0
2025-06-03 07:41:00,105235.57,105266.99,105235.57,105266.98,5.50476,859.0
2025-06-03 07:42:00,105266.98,105266.99,105250.52,105250.52,3.07311,582.0
2025-06-03 07:43:00,105250.52,105266.97,105250.52,105252.02,5.0408,852.0
2025-06-03 07:44:00,105252.01,105252.02,105233.16,105233.16,5.4619,758.0
2025-06-03 07:45:00,105233.16,105251.43,105233.16,105251.43,5.37032,631.0
2025-06-03 07:46:00,105251.42,105266.08,105251.42,105266.07,5.69183,632.0
2025-06-03 07:47:00,105266.07,105266.08,105233.18,105233.19,6.47201,1207.0
2025-06-03 07:48:00,105233.18,105233.19,105223.94,105223.94,4.08869,522.0
2025-06-03 07:49:00,105223.94,105223.95,105208.28,105208.28,9.05501,1243.0
2025-06-03 07:50:00,105208.28,105208.29,105187.8,105196.18,19.18242,1037.0
2025-06-03 07:51:00,105196.18,105196.19,105196.18,105196.19,2.20112,237.0
2025-06-03 07:52:00,105196.18,105196.19,105187.8,105187.8,6.57349,560.0
2025-06-03 07:53:00,105187.8,105187.82,105187.79,105187.79,11.96989,647.0
2025-06-03 07:54:00,105187.79,105217.79,105187.79,105217.79,8.37356,918.0
2025-06-03 07:55:00,105217.78,105234.93,105217.78,105217.79,3.14924,781.0
2025-06-03 07:56:00,105217.79,105217.8,105201.37,105201.37,9.85136,759.0
2025-06-03 07:57:00,105201.37,105201.38,105187.86,105187.87,8.10717,856.0
2025-06-03 07:58:00,105187.86,105187.87,105170.75,105170.76,5.96764,642.0
2025-06-03 07:59:00,105170.75,105170.76,105161.84,105170.75,8.33267,1253.0
2025-06-03 08:00:00,105170.76,105199.9,105170.75,105199.9,11.04977,1455.0
2025-06-03 08:01:00,105199.89,105199.9,105171.68,105199.89,12.8735,1387.0
2025-06-03 08:02:00,105199.89,105237.11,105199.88,105237.11,12.48437,1603.0
2025-06-03 08:03:00,105237.1,105237.11,105233.64,105233.65,5.6153,482.0
2025-06-03 08:04:00,105233.65,105245.29,105226.23,105226.23,6.07654,1148.0
2025-06-03 08:05:00,105226.24,105226.24,105180.27,105180.27,10.23115,917.0
2025-06-03 08:06:00,105180.28,105199.58,105180.27,105199.58,6.8237,858.0
2025-06-03 08:07:00,105199.58,105199.58,105180.5,105195.18,7.35712,1155.0
2025-06-03 08:08:00,105195.18,105216.32,105184.29,105196.3,6.28537,1277.0
2025-06-03 08:09:00,105196.3,105196.32,105182.07,105182.08,5.80878,612.0
2025-06-03 08:10:00,105182.07,105182.08,105088.8,105088.8,16.49574,2928.0
2025-06-03 08:11:00,105088.8,105093.23,105070.63,105078.4,8.26564,1596.0
2025-06-03 08:12:00,105078.4,105078.4,105024.85,105045.34,19.92663,3547.0
2025-06-03 08:13:00,105045.33,105045.34,105008.88,105008.88,10.97013,1917.0
2025-06-03 08:14:00,105008.88,105037.12,105008.88,105037.12,5.79806,1504.0
2025-06-03 08:15:00,105037.11,105037.11,105015.0,105015.01,7.01702,1308.0
2025-06-03 08:16:00,105015.01,105015.01,105001.0,105014.99,9.69748,1246.0
2025-06-03 08:17:00,105014.99,105015.0,104974.79,104988.51,47.20498,3532.0
2025-06-03 08:18:00,104988.51,104988.51,104922.78,104961.9,25.12283,4073.0
2025-06-03 08:19:00,104961.91,104996.0,104929.91,104929.92,16.51417,2802.0
2025-06-03 08:20:00,104929.92,104977.39,104929.91,104977.39,17.46366,1885.0
2025-06-03 08:21:00,104977.39,104990.63,104977.38,104981.97,10.65813,944.0
2025-06-03 08:22:00,104981.97,104981.97,104952.38,104952.39,10.34679,1896.0
2025-06-03 08:23:00,104952.4,104971.84,104952.39,104952.39,9.05984,1273.0
2025-06-03 08:24:00,104952.4,104964.01,104952.38,104964.0,10.78441,1199.0
2025-06-03 08:25:00,104964.01,104969.76,104952.38,104952.39,9.63747,1023.0
2025-06-03 08:26:00,104952.38,104963.77,104952.38,104952.39,8.59721,989.0
2025-06-03 08:27:00,104952.39,104952.4,104935.99,104936.61,6.05684,2265.0
2025-06-03 08:28:00,104936.61,104936.62,104936.61,104936.61,5.92325,229.0
2025-06-03 08:29:00,104936.62,104936.62,104921.29,104928.16,8.25887,1094.0
2025-06-03 08:30:00,104928.17,104973.69,104928.16,104965.99,6.91746,1531.0
2025-06-03 08:31:00,104966.0,104968.64,104965.99,104968.64,5.34273,532.0
2025-06-03 08:32:00,104968.64,104968.64,104968.63,104968.64,2.24885,251.0
2025-06-03 08:33:00,104968.64,104968.64,104928.39,104928.39,8.35698,2429.0
2025-06-03 08:34:00,104928.4,104928.4,104900.0,104900.01,8.68673,2324.0
2025-06-03 08:35:00,104900.01,104924.0,104900.0,104924.0,8.25719,988.0
2025-06-03 08:36:00,104923.99,104924.0,104915.09,104923.28,5.6112,838.0
2025-06-03 08:37:00,104923.28,104931.42,104923.28,104931.42,3.46293,383.0
2025-06-03 08:38:00,104931.41,104968.64,104931.41,104968.63,5.48719,1341.0
2025-06-03 08:39:00,104968.63,104968.64,104935.44,104954.06,11.63031,1334.0
2025-06-03 08:40:00,104954.05,104954.06,104954.05,104954.06,3.17845,171.0
2025-06-03 08:41:00,104954.06,104954.06,104915.09,104915.1,13.64299,1741.0
2025-06-03 08:42:00,104915.1,104915.1,104900.05,104900.05,5.22723,654.0
2025-06-03 08:43:00,104900.05,104905.65,104872.5,104905.65,9.31486,2544.0
2025-06-03 08:44:00,104905.64,104943.5,104905.64,104943.5,3.64405,870.0
2025-06-03 08:45:00,104943.5,104943.5,104931.46,104931.46,5.23255,878.0
2025-06-03 08:46:00,104931.47,104931.47,104915.16,104930.38,9.43014,954.0
2025-06-03 08:47:00,104930.37,104982.08,104930.37,104982.07,5.82419,1779.0
2025-06-03 08:48:00,104982.07,104982.09,104982.07,104982.08,9.93705,442.0
2025-06-03 08:49:00,104982.08,105009.45,104982.07,104999.99,29.98384,1641.0
2025-06-03 08:50:00,105000.0,105007.87,104999.99,105007.86,6.74527,570.0
2025-06-03 08:51:00,105007.87,105049.46,105007.86,105049.46,4.34017,1394.0
2025-06-03 08:52:00,105049.45,105049.46,105035.55,105046.47,4.81647,861.0
2025-06-03 08:53:00,105046.48,105046.48,105046.47,105046.47,2.31357,297.0
2025-06-03 08:54:00,105046.47,105066.79,105046.47,105060.01,15.1077,953.0
2025-06-03 08:55:00,105060.01,105060.01,105060.0,105060.0,3.36799,254.0
2025-06-03 08:56:00,105060.01,105060.01,105060.0,105060.0,8.23848,562.0
2025-06-03 08:57:00,105060.01,105078.15,105060.0,105064.33,12.74941,1323.0
2025-06-03 08:58:00,105064.34,105078.33,105064.33,105078.32,4.2557,715.0
2025-06-03 08:59:00,105078.32,105095.24,105078.32,105094.93,8.00033,1157.0
2025-06-03 09:00:00,105094.93,105095.25,105094.93,105095.25,3.99765,676.0
2025-06-03 09:01:00,105095.25,105095.25,105095.24,105095.25,6.57706,446.0
2025-06-03 09:02:00,105095.25,105095.25,105095.24,105095.25,9.14662,547.0
2025-06-03 09:03:00,105095.24,105103.78,105095.24,105103.77,7.09085,645.0
2025-06-03 09:04:00,105103.77,105127.14,105103.77,105120.75,8.05703,1462.0
2025-06-03 09:05:00,105120.76,105124.66,105108.01,105108.01,9.66395,1163.0
2025-06-03 09:06:00,105108.01,105118.44,105108.01,105108.03,5.0975,709.0
2025-06-03 09:07:00,105108.04,105135.82,105108.03,105135.82,6.0374,2000.0
2025-06-03 09:08:00,105135.82,105142.54,105121.08,105142.54,4.76614,1254.0
2025-06-03 09:09:00,105142.54,105156.38,105142.53,105156.38,9.2987,940.0
2025-06-03 09:10:00,105156.38,105156.38,105125.0,105125.01,11.11456,1392.0
2025-06-03 09:11:00,105125.01,105148.89,105125.0,105148.88,3.88903,860.0
2025-06-03 09:12:00,105148.89,105162.55,105145.26,105145.26,2.91576,1019.0
2025-06-03 09:13:00,105145.27,105145.27,105145.26,105145.26,1.84112,248.0
2025-06-03 09:14:00,105145.27,105161.04,105145.26,105151.09,6.38039,748.0
2025-06-03 09:15:00,105151.09,105159.21,105151.09,105159.21,0.90292,322.0
2025-06-03 09:16:00,105159.2,105159.21,105153.94,105154.98,1.99287,512.0
2025-06-03 09:17:00,105154.98,105159.19,105154.98,105159.19,0.98038,262.0
2025-06-03 09:18:00,105159.19,105159.19,105148.75,105148.76,2.12465,459.0
2025-06-03 09:19:00,105148.76,105148.76,105135.98,105135.98,4.50737,803.0
2025-06-03 09:20:00,105135.99,105144.12,105129.0,105144.12,5.94622,596.0
2025-06-03 09:21:00,105144.11,105144.11,105080.0,105080.64,22.41331,2447.0
2025-06-03 09:22:00,105080.65,105080.65,105067.74,105071.32,2.58426,537.0
2025-06-03 09:23:00,105071.32,105071.33,105071.32,105071.32,0.34601,195.0
2025-06-03 09:24:00,105071.33,105071.33,105071.32,105071.33,3.38953,265.0
2025-06-03 09:25:00,105071.32,105071.33,105071.32,105071.33,0.64946,188.0
2025-06-03 09:26:00,105071.32,105071.33,105069.0,105069.01,1.72001,395.0
2025-06-03 09:27:00,105069.01,105077.52,105069.0,105077.52,3.00076,393.0
2025-06-03 09:28:00,105077.52,105077.52,105077.51,105077.51,1.37801,205.0
2025-06-03 09:29:00,105077.51,105077.52,105077.5,105077.51,1.16792,396.0
2025-06-03 09:30:00,105077.5,105077.51,105074.09,105074.09,1.57948,449.0
2025-06-03 09:31:00,105074.09,105082.26,105074.09,105082.25,4.14935,543.0
2025-06-03 09:32:00,105082.26,105082.26,105082.25,105082.26,1.63732,201.0
2025-06-03 09:33:00,105082.26,105137.89,105082.25,105137.88,14.57172,1141.0
2025-06-03 09:34:00,105137.89,105190.48,105137.88,105190.48,8.7246,1419.0
2025-06-03 09:35:00,105190.48,105221.03,105180.01,105221.01,11.98312,1340.0
2025-06-03 09:36:00,105221.01,105231.11,105210.23,105219.63,6.48679,985.0
2025-06-03 09:37:00,105219.64,105228.78,105215.12,105215.12,2.24738,646.0
2025-06-03 09:38:00,105215.12,105238.23,105215.12,105238.22,7.83251,739.0
2025-06-03 09:39:00,105238.22,105271.6,105238.22,105271.57,7.23186,1209.0
2025-06-03 09:40:00,105271.58,105271.58,105242.51,105242.51,4.97028,789.0
2025-06-03 09:41:00,105242.52,105245.29,105242.51,105244.32,2.42751,338.0
2025-06-03 09:42:00,105244.31,105244.32,105229.5,105238.64,4.87587,688.0
2025-06-03 09:43:00,105238.65,105238.66,105238.64,105238.66,9.94939,330.0
2025-06-03 09:44:00,105238.65,105284.74,105238.65,105267.36,43.91281,768.0
2025-06-03 09:45:00,105267.36,105267.36,105244.3,105244.3,5.93744,1131.0
2025-06-03 09:46:00,105244.3,105244.31,105244.3,105244.3,2.70791,234.0
2025-06-03 09:47:00,105244.31,105253.44,105244.3,105253.44,4.92074,729.0
2025-06-03 09:48:00,105253.43,105253.44,105238.65,105238.65,8.07051,713.0
2025-06-03 09:49:00,105238.65,105253.44,105238.65,105253.44,2.30066,693.0
2025-06-03 09:50:00,105253.43,105253.44,105245.27,105245.28,4.47451,659.0
2025-06-03 09:51:00,105245.27,105251.5,105245.27,105251.5,3.37629,549.0
2025-06-03 09:52:00,105251.49,105251.5,105245.35,105245.35,6.20379,694.0
2025-06-03 09:53:00,105245.35,105245.36,105229.52,105229.53,5.22556,749.0
2025-06-03 09:54:00,105229.52,105229.53,105229.52,105229.52,0.92859,201.0
2025-06-03 09:55:00,105229.52,105240.33,105229.52,105240.32,1.92735,412.0
2025-06-03 09:56:00,105240.32,105251.5,105240.32,105244.9,3.89837,785.0
2025-06-03 09:57:00,105244.91,105244.91,105200.0,105204.88,18.38016,1346.0
2025-06-03 09:58:00,105204.88,105204.89,105198.11,105198.12,1.328,301.0
2025-06-03 09:59:00,105198.11,105198.12,105198.11,105198.11,2.24399,167.0
2025-06-03 10:00:00,105198.12,105198.12,105184.23,105184.24,3.79805,567.0
2025-06-03 10:01:00,105184.23,105193.91,105184.23,105193.9,3.18826,517.0
2025-06-03 10:02:00,105193.9,105204.89,105193.9,105204.89,1.63498,474.0
2025-06-03 10:03:00,105204.89,105204.89,105146.99,105147.44,46.5077,1167.0
2025-06-03 10:04:00,105147.43,105147.44,105147.43,105147.44,1.43651,216.0
2025-06-03 10:05:00,105147.44,105166.43,105147.43,105166.42,3.17013,803.0
2025-06-03 10:06:00,105166.42,105179.48,105166.42,105179.48,6.28816,669.0
2025-06-03 10:07:00,105179.48,105267.91,105179.47,105261.3,11.06588,2111.0
2025-06-03 10:08:00,105261.3,105261.31,105245.51,105245.52,4.55995,750.0
2025-06-03 10:09:00,105245.52,105274.96,105245.02,105270.82,15.26892,846.0
2025-06-03 10:10:00,105270.83,105280.02,105260.56,105270.22,12.61567,1090.0
2025-06-03 10:11:00,105270.22,105270.23,105246.3,105246.3,1.96853,640.0
2025-06-03 10:12:00,105246.31,105249.9,105246.3,105249.89,0.90323,396.0
2025-06-03 10:13:00,105249.9,105256.21,105249.89,105256.2,0.80256,245.0
2025-06-03 10:14:00,105256.2,105290.42,105256.2,105290.42,2.99645,1296.0
2025-06-03 10:15:00,105290.43,105300.61,105268.58,105272.07,3.27591,1245.0
2025-06-03 10:16:00,105272.07,105291.88,105272.06,105291.88,5.58217,599.0
2025-06-03 10:17:00,105291.88,105300.46,105289.13,105300.45,12.44726,484.0
2025-06-03 10:18:00,105300.45,105300.46,105300.45,105300.46,0.83457,182.0
2025-06-03 10:19:00,105300.46,105300.46,105300.45,105300.45,2.26832,217.0
2025-06-03 10:20:00,105300.46,105300.46,105280.01,105280.02,2.82648,980.0
2025-06-03 10:21:00,105280.01,105280.02,105280.01,105280.01,0.91076,189.0
2025-06-03 10:22:00,105280.01,105280.02,105280.01,105280.02,1.27483,206.0
2025-06-03 10:23:00,105280.02,105280.02,105266.62,105266.62,4.49311,459.0
2025-06-03 10:24:00,105266.63,105266.63,105260.25,105260.25,0.65606,274.0
2025-06-03 10:25:00,105260.26,105260.26,105245.28,105245.28,6.60973,592.0
2025-06-03 10:26:00,105245.28,105245.28,105240.95,105243.39,2.56297,794.0
2025-06-03 10:27:00,105243.39,105254.44,105243.39,105254.43,2.90971,620.0
2025-06-03 10:28:00,105254.44,105254.44,105254.43,105254.43,4.39096,236.0
2025-06-03 10:29:00,105254.44,105278.03,105254.43,105278.0,3.60077,633.0
2025-06-03 10:30:00,105278.0,105278.0,105277.99,105278.0,3.24287,300.0
2025-06-03 10:31:00,105277.99,105295.33,105277.99,105295.32,4.99153,955.0
2025-06-03 10:32:00,105295.33,105319.54,105295.32,105317.41,6.98642,989.0
2025-06-03 10:33:00,105317.41,105336.53,105302.68,105302.68,22.20485,1685.0
2025-06-03 10:34:00,105302.69,105302.69,105287.28,105292.45,1.95578,929.0
2025-06-03 10:35:00,105292.45,105292.46,105292.45,105292.45,0.4971,161.0
2025-06-03 10:36:00,105292.45,105305.38,105292.45,105296.1,5.22295,493.0
2025-06-03 10:37:00,105296.11,105296.11,105296.1,105296.1,3.22928,287.0
2025-06-03 10:38:00,105296.1,105335.0,105296.1,105334.99,6.32874,1149.0
2025-06-03 10:39:00,105334.99,105343.01,105296.11,105319.87,13.36062,1879.0
2025-06-03 10:40:00,105319.86,105327.71,105319.86,105327.7,2.18001,354.0
2025-06-03 10:41:00,105327.7,105327.71,105297.73,105297.73,30.8283,495.0
2025-06-03 10:42:00,105297.74,105308.27,105297.73,105308.26,7.01896,422.0
2025-06-03 10:43:00,105308.26,105308.27,105303.26,105303.26,6.30721,407.0
2025-06-03 10:44:00,105303.26,105303.27,105303.26,105303.27,8.02295,354.0
2025-06-03 10:45:00,105303.26,105316.46,105301.56,105301.57,8.38669,970.0
2025-06-03 10:46:00,105301.56,105313.64,105301.56,105313.63,7.12652,609.0
2025-06-03 10:47:00,105313.63,105313.96,105313.63,105313.95,8.53568,445.0
2025-06-03 10:48:00,105313.96,105317.73,105306.88,105306.88,10.17536,860.0
2025-06-03 10:49:00,105306.88,105306.89,105280.0,105280.0,12.37506,1310.0
2025-06-03 10:50:00,105280.01,105280.01,105280.0,105280.01,6.99016,318.0
2025-06-03 10:51:00,105280.0,105280.01,105280.0,105280.01,3.41533,286.0
2025-06-03 10:52:00,105280.0,105280.0,105242.13,105242.13,2.36757,1479.0
2025-06-03 10:53:00,105242.14,105242.14,105237.66,105237.66,2.32204,305.0
2025-06-03 10:54:00,105237.66,105237.67,105229.56,105229.56,1.92563,504.0
2025-06-03 10:55:00,105229.56,105237.67,105229.56,105237.67,1.92196,352.0
2025-06-03 10:56:00,105237.67,105281.0,105237.66,105281.0,7.96646,1647.0
2025-06-03 10:57:00,105280.99,105281.0,105280.99,105280.99,1.09913,207.0
2025-06-03 10:58:00,105280.99,105281.0,105280.99,105280.99,7.19735,286.0
2025-06-03 10:59:00,105280.99,105281.0,105280.99,105280.99,1.14238,158.0
2025-06-03 11:00:00,105281.0,105328.99,105281.0,105304.33,5.29108,1973.0
2025-06-03 11:01:00,105304.34,105323.69,105292.4,105323.69,2.22715,958.0
2025-06-03 11:02:00,105323.69,105339.58,105323.69,105325.91,5.50422,978.0
2025-06-03 11:03:00,105325.91,105349.94,105325.9,105349.93,6.18886,716.0
2025-06-03 11:04:00,105349.94,105349.94,105343.36,105343.36,5.35593,610.0
2025-06-03 11:05:00,105343.37,105343.37,105343.36,105343.37,1.32025,214.0
2025-06-03 11:06:00,105343.36,105343.37,105311.0,105311.01,4.29207,1049.0
2025-06-03 11:07:00,105311.0,105311.01,105311.0,105311.0,2.86326,288.0
2025-06-03 11:08:00,105311.01,105311.01,105311.0,105311.01,0.73461,165.0
2025-06-03 11:09:00,105311.0,105318.61,105311.0,105318.36,3.22959,496.0
2025-06-03 11:10:00,105318.36,105340.57,105318.35,105323.61,6.46559,949.0
2025-06-03 11:11:00,105323.6,105334.32,105301.47,105334.31,7.4998,1402.0
2025-06-03 11:12:00,105334.31,105334.32,105326.0,105326.0,1.98589,338.0
2025-06-03 11:13:00,105326.0,105326.01,105326.0,105326.0,2.97402,168.0
2025-06-03 11:14:00,105326.0,105326.01,105326.0,105326.0,0.4048,175.0
2025-06-03 11:15:00,105326.01,105326.01,105306.69,105306.69,11.65053,803.0
2025-06-03 11:16:00,105306.7,105306.7,105306.69,105306.7,1.69664,209.0
2025-06-03 11:17:00,105306.69,105306.7,105306.25,105306.26,1.21912,333.0
2025-06-03 11:18:00,105306.25,105306.26,105275.44,105275.44,2.95588,951.0
2025-06-03 11:19:00,105275.45,105275.45,105249.66,105250.4,3.34565,982.0
2025-06-03 11:20:00,105250.4,105250.4,105248.0,105248.01,2.1772,300.0
2025-06-03 11:21:00,105248.01,105248.01,105244.82,105244.83,3.56221,647.0
2025-06-03 11:22:00,105244.83,105244.83,105225.15,105225.15,2.08461,424.0
2025-06-03 11:23:00,105225.15,105225.16,105214.06,105214.06,3.1879,572.0
2025-06-03 11:24:00,105214.07,105214.07,105203.31,105203.31,0.80764,339.0
2025-06-03 11:25:00,105203.31,105214.07,105203.31,105214.07,5.6872,503.0
2025-06-03 11:26:00,105214.07,105214.07,105214.06,105214.07,1.19104,158.0
2025-06-03 11:27:00,105214.07,105214.07,105214.06,105214.06,1.83399,263.0
2025-06-03 11:28:00,105214.07,105214.07,105214.06,105214.06,0.57693,176.0
2025-06-03 11:29:00,105214.07,105228.99,105214.06,105228.98,6.48889,857.0
2025-06-03 11:30:00,105228.98,105228.99,105228.98,105228.98,1.42179,250.0
2025-06-03 11:31:00,105228.98,105228.99,105228.98,105228.98,0.99111,197.0
2025-06-03 11:32:00,105228.98,105228.99,105203.66,105203.66,1.9499,857.0
2025-06-03 11:33:00,105203.66,105220.79,105173.87,105220.79,9.71541,2255.0
2025-06-03 11:34:00,105220.78,105233.17,105220.78,105233.17,1.72824,347.0
2025-06-03 11:35:00,105233.16,105233.17,105200.0,105200.01,2.14331,731.0
2025-06-03 11:36:00,105200.0,105208.01,105200.0,105208.0,3.85559,495.0
2025-06-03 11:37:00,105208.01,105228.04,105208.0,105228.03,4.35723,655.0
2025-06-03 11:38:00,105228.04,105228.04,105200.0,105200.01,1.90448,715.0
2025-06-03 11:39:00,105200.0,105200.01,105200.0,105200.0,0.90891,200.0
2025-06-03 11:40:00,105200.01,105200.01,105200.0,105200.01,1.45887,234.0
2025-06-03 11:41:00,105200.0,105200.01,105174.7,105194.04,6.04865,1617.0
2025-06-03 11:42:00,105194.05,105194.05,105194.04,105194.05,6.20287,342.0
2025-06-03 11:43:00,105194.05,105194.05,105185.05,105194.05,12.4201,1081.0
2025-06-03 11:44:00,105194.04,105212.09,105194.04,105212.08,10.89448,912.0
2025-06-03 11:45:00,105212.08,105245.29,105212.08,105245.28,7.45098,1170.0
2025-06-03 11:46:00,105245.28,105250.39,105245.28,105250.38,6.85032,588.0
2025-06-03 11:47:00,105250.38,105256.18,105250.38,105256.17,6.40237,437.0
2025-06-03 11:48:00,105256.17,105256.18,105230.21,105230.22,7.93814,877.0
2025-06-03 11:49:00,105230.21,105230.22,105220.0,105220.0,7.0568,699.0
2025-06-03 11:50:00,105220.01,105220.01,105208.18,105218.7,7.23201,744.0
2025-06-03 11:51:00,105218.7,105228.48,105203.18,105228.47,10.79075,1116.0
2025-06-03 11:52:00,105228.48,105279.99,105228.47,105242.51,10.51671,1999.0
2025-06-03 11:53:00,105242.51,105242.51,105220.64,105232.91,4.32973,934.0
2025-06-03 11:54:00,105232.92,105232.92,105232.91,105232.91,1.28145,275.0
2025-06-03 11:55:00,105232.92,105271.51,105232.92,105253.88,7.06967,1241.0
2025-06-03 11:56:00,105253.88,105253.89,105242.99,105242.99,2.87624,459.0
2025-06-03 11:57:00,105243.0,105270.87,105242.99,105270.86,6.67141,691.0
2025-06-03 11:58:00,105270.87,105282.59,105270.86,105282.59,3.47005,662.0
2025-06-03 11:59:00,105282.58,105311.76,105282.58,105287.24,11.2608,1648.0
2025-06-03 12:00:00,105287.24,105311.8,105262.13,105272.84,11.09127,1942.0
2025-06-03 12:01:00,105272.85,105305.66,105272.84,105305.65,3.7538,1333.0
2025-06-03 12:02:00,105305.66,105329.33,105290.37,105329.32,9.11792,1676.0
2025-06-03 12:03:00,105329.33,105358.96,105320.58,105320.59,8.54105,1803.0
2025-06-03 12:04:00,105320.59,105320.59,105298.61,105298.62,4.88049,995.0
2025-06-03 12:05:00,105298.61,105298.61,105224.25,105224.26,8.35698,2363.0
2025-06-03 12:06:00,105224.25,105232.66,105224.25,105232.65,9.80033,551.0
2025-06-03 12:07:00,105232.65,105232.66,105232.65,105232.66,1.07784,176.0
2025-06-03 12:08:00,105232.65,105260.06,105232.65,105255.39,6.44191,1317.0
2025-06-03 12:09:00,105255.39,105255.4,105248.87,105248.87,1.39149,297.0
2025-06-03 12:10:00,105248.88,105275.4,105248.87,105275.4,7.74198,2305.0
2025-06-03 12:11:00,105275.4,105285.7,105275.39,105285.69,3.268,364.0
2025-06-03 12:12:00,105285.69,105285.7,105285.69,105285.69,2.02431,262.0
2025-06-03 12:13:00,105285.69,105292.46,105285.69,105292.45,2.96986,474.0
2025-06-03 12:14:00,105292.45,105360.0,105292.45,105360.0,13.9476,4051.0
2025-06-03 12:15:00,105360.0,105425.38,105360.0,105392.47,23.61973,2939.0
2025-06-03 12:16:00,105392.46,105392.47,105377.81,105377.82,6.88237,806.0
2025-06-03 12:17:00,105377.81,105377.82,105377.81,105377.81,1.50334,230.0
2025-06-03 12:18:00,105377.81,105390.2,105377.81,105377.82,7.29203,774.0
2025-06-03 12:19:00,105377.83,105377.83,105340.64,105352.04,10.67915,1266.0
2025-06-03 12:20:00,105352.05,105374.69,105352.04,105374.68,5.58546,699.0
2025-06-03 12:21:00,105374.68,105374.69,105360.38,105360.38,1.6402,598.0
2025-06-03 12:22:00,105360.38,105360.39,105297.68,105305.64,6.43434,2087.0
2025-06-03 12:23:00,105305.64,105336.34,105304.44,105336.33,9.07954,2379.0
2025-06-03 12:24:00,105336.34,105375.54,105336.33,105375.53,3.80143,1153.0
2025-06-03 12:25:00,105375.53,105384.6,105375.53,105384.59,5.22639,655.0
2025-06-03 12:26:00,105384.6,105387.97,105372.56,105387.97,45.35827,2124.0
2025-06-03 12:27:00,105387.96,105390.2,105387.96,105390.2,10.04394,589.0
2025-06-03 12:28:00,105390.19,105390.19,105363.83,105378.97,8.58189,968.0
2025-06-03 12:29:00,105378.97,105378.97,105363.96,105363.96,4.67885,698.0
2025-06-03 12:30:00,105363.97,105363.97,105340.85,105340.85,4.16788,489.0
2025-06-03 12:31:00,105340.85,105340.86,105318.39,105318.39,2.29533,971.0
2025-06-03 12:32:00,105318.4,105318.4,105312.21,105312.21,1.00526,361.0
2025-06-03 12:33:00,105312.22,105342.69,105312.21,105312.21,9.54408,1756.0
2025-06-03 12:34:00,105312.22,105320.31,105312.22,105316.74,1.95181,557.0
2025-06-03 12:35:00,105316.75,105316.75,105292.45,105300.0,17.52898,1032.0
2025-06-03 12:36:00,105300.0,105300.01,105268.18,105285.43,9.32011,1339.0
2025-06-03 12:37:00,105285.43,105285.44,105256.0,105256.0,2.83794,962.0
2025-06-03 12:38:00,105256.01,105290.51,105256.0,105290.51,7.88085,1433.0
2025-06-03 12:39:00,105290.51,105302.06,105290.5,105300.0,7.64563,967.0
2025-06-03 12:40:00,105300.0,105320.0,105299.99,105319.99,3.75722,696.0
2025-06-03 12:41:00,105320.0,105376.34,105319.99,105376.33,16.13064,1462.0
2025-06-03 12:42:00,105376.33,105376.34,105353.32,105353.32,2.82165,905.0
2025-06-03 12:43:00,105353.32,105372.03,105353.32,105372.02,3.60817,460.0
2025-06-03 12:44:00,105372.02,105372.03,105273.2,105273.21,9.06443,1850.0
2025-06-03 12:45:00,105273.2,105299.94,105273.2,105299.94,6.05079,1419.0
2025-06-03 12:46:00,105299.94,105312.38,105299.93,105307.37,3.20008,1034.0
2025-06-03 12:47:00,105307.37,105332.0,105307.37,105331.99,6.49209,825.0
2025-06-03 12:48:00,105332.0,105332.0,105321.04,105321.05,6.24511,840.0
2025-06-03 12:49:00,105321.04,105321.05,105314.95,105314.96,3.15732,445.0
2025-06-03 12:50:00,105314.96,105314.96,105314.95,105314.95,1.12883,254.0
2025-06-03 12:51:00,105314.95,105326.37,105314.0,105326.37,7.17253,1203.0
2025-06-03 12:52:00,105326.36,105326.37,105326.36,105326.37,2.01409,241.0
2025-06-03 12:53:00,105326.37,105326.37,105300.0,105300.0,6.27266,816.0
2025-06-03 12:54:00,105300.01,105300.01,105300.0,105300.01,1.07564,247.0
2025-06-03 12:55:00,105300.01,105300.01,105286.63,105286.63,1.59999,840.0
2025-06-03 12:56:00,105286.63,105286.64,105286.63,105286.63,0.85613,252.0
2025-06-03 12:57:00,105286.64,105286.64,105286.63,105286.64,3.07808,397.0
2025-06-03 12:58:00,105286.64,105320.0,105286.63,105319.99,9.24853,1160.0
2025-06-03 12:59:00,105320.0,105320.0,105307.94,105307.94,3.00718,595.0
2025-06-03 13:00:00,105307.94,105316.89,105307.94,105316.88,5.82346,692.0
2025-06-03 13:01:00,105316.89,105339.63,105316.88,105337.99,10.01606,869.0
2025-06-03 13:02:00,105337.99,105396.34,105337.98,105394.5,19.20875,1470.0
2025-06-03 13:03:00,105394.51,105412.82,105394.5,105412.81,7.91393,702.0
2025-06-03 13:04:00,105412.82,105412.82,105398.1,105407.73,8.41188,1158.0
2025-06-03 13:05:00,105407.73,105407.74,105387.73,105387.73,3.15176,795.0
2025-06-03 13:06:00,105387.74,105395.68,105386.67,105395.68,2.82808,777.0
2025-06-03 13:07:00,105395.67,105418.85,105395.67,105418.84,5.99871,1343.0
2025-06-03 13:08:00,105418.85,105418.85,105403.77,105403.77,14.05388,1109.0
2025-06-03 13:09:00,105403.77,105403.78,105363.48,105363.49,3.26664,1367.0
2025-06-03 13:10:00,105363.48,105386.8,105363.48,105386.8,5.30117,1220.0
2025-06-03 13:11:00,105386.79,105400.0,105386.79,105399.77,10.13497,846.0
2025-06-03 13:12:00,105399.77,105399.78,105388.49,105388.49,4.73073,889.0
2025-06-03 13:13:00,105388.5,105388.5,105386.76,105386.76,2.50462,449.0
2025-06-03 13:14:00,105386.77,105386.77,105386.76,105386.77,0.89584,203.0
2025-06-03 13:15:00,105386.76,105448.35,105386.76,105443.57,17.46408,2063.0
2025-06-03 13:16:00,105443.58,105443.58,105429.13,105429.13,7.55018,1185.0
2025-06-03 13:17:00,105429.14,105429.14,105419.42,105419.42,5.12209,957.0
2025-06-03 13:18:00,105419.42,105419.43,105400.0,105414.5,7.06819,1348.0
2025-06-03 13:19:00,105414.49,105414.5,105400.0,105400.0,3.4914,828.0
2025-06-03 13:20:00,105400.0,105400.0,105390.22,105390.23,1.89917,563.0
2025-06-03 13:21:00,105390.22,105390.23,105390.22,105390.23,0.63445,229.0
2025-06-03 13:22:00,105390.23,105410.75,105384.7,105410.75,8.21953,1404.0
2025-06-03 13:23:00,105410.74,105419.31,105410.55,105419.3,3.84763,976.0
2025-06-03 13:24:00,105419.31,105433.97,105419.3,105433.96,12.75283,768.0
2025-06-03 13:25:00,105433.97,105464.85,105414.48,105452.06,11.34558,1929.0
2025-06-03 13:26:00,105452.06,105452.06,105444.17,105444.17,3.43282,488.0
2025-06-03 13:27:00,105444.17,105444.18,105423.57,105429.68,4.20301,1377.0
2025-06-03 13:28:00,105429.67,105433.22,105429.67,105433.22,2.29231,305.0
2025-06-03 13:29:00,105433.21,105433.22,105433.21,105433.22,0.3569,181.0
2025-06-03 13:30:00,105433.21,105456.38,105433.21,105434.1,16.31334,2251.0
2025-06-03 13:31:00,105434.09,105434.1,105324.39,105324.39,19.2299,2992.0
2025-06-03 13:32:00,105324.39,105324.39,105080.0,105149.39,55.82038,10932.0
2025-06-03 13:33:00,105149.4,105293.32,105149.39,105270.76,16.19078,14810.0
2025-06-03 13:34:00,105270.76,105270.76,105149.02,105175.26,11.81286,4727.0
2025-06-03 13:35:00,105175.25,105193.24,105031.6,105051.73,23.53724,6305.0
2025-06-03 13:36:00,105051.73,105232.87,105051.72,105232.87,9.50369,5749.0
2025-06-03 13:37:00,105232.86,105279.35,105175.23,105198.11,13.17082,4355.0
2025-06-03 13:38:00,105198.12,105231.95,105170.89,105207.1,5.83346,3308.0
2025-06-03 13:39:00,105207.11,105300.0,105190.47,105285.71,10.73948,3869.0
2025-06-03 13:40:00,105285.71,105386.0,105285.71,105386.0,16.09724,3788.0
2025-06-03 13:41:00,105386.0,105666.67,105386.0,105592.82,71.02233,13379.0
2025-06-03 13:42:00,105592.82,105650.57,105592.82,105599.73,17.25296,5315.0
2025-06-03 13:43:00,105599.72,105599.73,105552.7,105553.75,9.13757,2042.0
2025-06-03 13:44:00,105553.75,105580.5,105500.0,105579.94,15.38805,5053.0
2025-06-03 13:45:00,105579.95,105614.56,105511.79,105551.09,17.97161,6641.0
2025-06-03 13:46:00,105551.1,105552.76,105470.64,105470.64,12.78225,4972.0
2025-06-03 13:47:00,105470.65,105562.73,105405.95,105550.58,57.84755,6089.0
2025-06-03 13:48:00,105550.59,105562.78,105477.42,105506.85,11.22171,3617.0
2025-06-03 13:49:00,105506.84,105551.12,105433.96,105433.97,15.51836,4124.0
2025-06-03 13:50:00,105433.97,105433.97,105246.16,105304.04,30.34833,7459.0
2025-06-03 13:51:00,105304.04,105336.96,105284.29,105336.94,6.82132,3921.0
2025-06-03 13:52:00,105336.93,105381.61,105336.93,105371.65,4.89587,2544.0
2025-06-03 13:53:00,105371.64,105376.68,105298.7,105305.06,13.14598,2652.0
2025-06-03 13:54:00,105305.06,105433.56,105300.0,105416.01,13.83945,4375.0
2025-06-03 13:55:00,105416.0,105462.34,105386.79,105412.56,14.70256,3430.0
2025-06-03 13:56:00,105412.56,105458.08,105412.55,105458.07,9.16361,2863.0
2025-06-03 13:57:00,105458.08,105578.28,105458.08,105563.54,8.13995,3327.0
2025-06-03 13:58:00,105563.55,105563.55,105486.77,105506.58,4.16447,1907.0
2025-06-03 13:59:00,105506.59,105515.36,105412.0,105421.55,12.16926,3345.0
2025-06-03 14:00:00,105421.54,105555.51,105421.54,105500.46,53.25,6848.0
2025-06-03 14:01:00,105500.46,105500.46,105417.13,105422.01,12.2492,6936.0
2025-06-03 14:02:00,105422.0,105496.24,105364.0,105464.81,12.50602,7741.0
2025-06-03 14:03:00,105465.0,105491.12,105431.41,105431.41,9.39083,5121.0
2025-06-03 14:04:00,105431.41,105441.8,105348.86,105374.37,20.75435,4224.0
2025-06-03 14:05:00,105374.37,105394.36,105308.85,105316.91,10.71644,5205.0
2025-06-03 14:06:00,105316.92,105333.62,105220.36,105331.29,10.43465,5174.0
2025-06-03 14:07:00,105331.3,105352.0,105279.7,105279.71,12.17477,3679.0
2025-06-03 14:08:00,105279.7,105279.71,105150.94,105196.44,51.4336,7227.0
2025-06-03 14:09:00,105196.44,105278.81,105192.75,105278.8,10.08404,3124.0
2025-06-03 14:10:00,105278.8,105307.95,105240.0,105296.6,8.70398,3590.0
2025-06-03 14:11:00,105296.6,105315.72,105226.99,105243.39,11.96889,4563.0
2025-06-03 14:12:00,105243.4,105313.11,105243.4,105273.01,12.94,3748.0
2025-06-03 14:13:00,105273.02,105282.89,105178.13,105178.14,9.04914,2420.0
2025-06-03 14:14:00,105178.13,105206.73,105150.94,105201.73,11.80141,3330.0
2025-06-03 14:15:00,105201.73,105298.84,105201.72,105298.83,10.50327,4703.0
2025-06-03 14:16:00,105298.84,105368.35,105285.71,105359.09,6.54909,2059.0
2025-06-03 14:17:00,105359.09,105373.06,105308.0,105371.9,9.44631,2727.0
2025-06-03 14:18:00,105371.89,105500.0,105371.89,105500.0,23.00621,4748.0
2025-06-03 14:19:00,105499.99,105600.0,105499.99,105547.89,21.97128,4159.0
2025-06-03 14:20:00,105547.89,105713.17,105547.89,105694.33,32.02641,7729.0
2025-06-03 14:21:00,105694.34,105769.12,105674.04,105711.74,22.92653,5546.0
2025-06-03 14:22:00,105711.75,105779.88,105700.0,105771.94,15.49633,4086.0
2025-06-03 14:23:00,105771.94,105771.94,105725.74,105725.74,10.03533,3077.0
2025-06-03 14:24:00,105725.74,105768.02,105716.23,105716.24,10.24632,2666.0
2025-06-03 14:25:00,105716.23,105765.59,105716.23,105731.21,27.0718,3870.0
2025-06-03 14:26:00,105731.21,105739.68,105640.78,105695.03,20.57495,4464.0
2025-06-03 14:27:00,105695.02,105789.42,105695.02,105763.95,13.36397,3526.0
2025-06-03 14:28:00,105763.95,105779.42,105749.27,105771.75,10.65597,1898.0
2025-06-03 14:29:00,105771.76,105789.96,105764.26,105789.96,10.18014,1743.0
2025-06-03 14:30:00,105789.95,105907.4,105782.5,105907.39,32.22774,5162.0
2025-06-03 14:31:00,105907.39,105926.0,105866.65,105874.83,25.0693,5554.0
2025-06-03 14:32:00,105874.83,105925.85,105874.82,105925.85,9.77102,1842.0
2025-06-03 14:33:00,105925.85,105937.25,105887.28,105927.99,18.34917,4108.0
2025-06-03 14:34:00,105927.99,105928.0,105860.0,105899.5,32.79481,4820.0
2025-06-03 14:35:00,105899.5,105912.41,105834.08,105834.08,24.71134,5592.0
2025-06-03 14:36:00,105834.08,105890.64,105828.01,105848.26,85.5029,6343.0
2025-06-03 14:37:00,105848.26,105884.34,105817.34,105873.75,64.05739,7632.0
2025-06-03 14:38:00,105873.75,105889.77,105813.48,105889.76,17.5199,3047.0
2025-06-03 14:39:00,105889.77,105925.93,105885.82,105897.61,14.10316,2885.0
2025-06-03 14:40:00,105897.61,105921.27,105873.7,105917.53,11.50938,2341.0
2025-06-03 14:41:00,105917.53,106100.0,105917.53,106077.51,69.67736,7856.0
2025-06-03 14:42:00,106077.51,106108.95,106031.82,106031.83,32.9025,4017.0
2025-06-03 14:43:00,106031.82,106114.63,106013.14,106091.73,26.76053,5192.0
2025-06-03 14:44:00,106091.89,106336.01,106091.89,106336.01,122.62273,9070.0
2025-06-03 14:45:00,106336.01,106399.81,106293.27,106305.29,88.88228,8970.0
2025-06-03 14:46:00,106305.28,106305.28,106240.93,106240.93,15.65027,4006.0
2025-06-03 14:47:00,106240.93,106333.33,106240.93,106333.33,26.10956,5348.0
2025-06-03 14:48:00,106333.32,106352.81,106259.2,106276.22,34.73161,6660.0
2025-06-03 14:49:00,106276.22,106279.16,106141.83,106175.15,23.17797,7180.0
2025-06-03 14:50:00,106175.16,106327.72,106169.39,106327.71,38.02424,5148.0
2025-06-03 14:51:00,106327.71,106473.26,106327.71,106468.78,58.23649,6493.0
2025-06-03 14:52:00,106468.79,106496.0,106433.76,106494.96,21.03131,4441.0
2025-06-03 14:53:00,106494.97,106569.49,106479.99,106521.45,84.43935,8569.0
2025-06-03 14:54:00,106521.45,106534.19,106470.43,106534.18,21.00201,4127.0
2025-06-03 14:55:00,106534.18,106692.43,106534.18,106633.52,61.55832,7745.0
2025-06-03 14:56:00,106633.52,106663.67,106551.94,106551.94,38.81596,5970.0
2025-06-03 14:57:00,106551.94,106562.09,106505.75,106529.34,23.59018,4490.0
2025-06-03 14:58:00,106529.34,106571.43,106524.89,106538.08,27.5078,3858.0
2025-06-03 14:59:00,106538.08,106618.4,106531.61,106550.01,29.46318,4736.0
2025-06-03 15:00:00,106550.01,106692.43,106550.01,106573.96,47.24708,7953.0
2025-06-03 15:01:00,106573.96,106609.61,106542.72,106572.47,15.00282,6106.0
2025-06-03 15:02:00,106572.47,106590.2,106535.63,106535.64,13.84478,6368.0
2025-06-03 15:03:00,106535.63,106568.93,106497.72,106497.72,15.42183,5098.0
2025-06-03 15:04:00,106497.72,106497.73,106333.33,106370.08,68.97436,6862.0
2025-06-03 15:05:00,106370.08,106578.27,106370.08,106572.4,99.48275,6133.0
2025-06-03 15:06:00,106572.39,106652.82,106544.13,106579.65,30.61414,5963.0
2025-06-03 15:07:00,106579.65,106600.17,106552.8,106600.16,20.60728,3916.0
2025-06-03 15:08:00,106600.17,106600.17,106528.95,106538.77,11.59927,3001.0
2025-06-03 15:09:00,106537.06,106537.06,106435.93,106435.94,17.88434,3481.0
2025-06-03 15:10:00,106435.93,106566.69,106435.93,106535.43,19.48666,4007.0
2025-06-03 15:11:00,106535.43,106552.19,106512.17,106551.59,11.34835,2027.0
2025-06-03 15:12:00,106551.6,106560.0,106509.22,106528.57,21.02696,3959.0
2025-06-03 15:13:00,106528.58,106528.58,106442.49,106458.84,17.08778,3968.0
2025-06-03 15:14:00,106458.84,106486.88,106439.71,106439.71,14.12601,1357.0
2025-06-03 15:15:00,106439.71,106523.81,106430.01,106518.27,17.94524,5060.0
2025-06-03 15:16:00,106518.26,106518.27,106452.38,106472.93,12.70761,2687.0
2025-06-03 15:17:00,106472.93,106560.0,106465.53,106559.99,13.61676,3035.0
2025-06-03 15:18:00,106560.0,106571.43,106547.43,106565.9,7.45546,1271.0
2025-06-03 15:19:00,106565.91,106571.41,106538.95,106570.04,12.4967,2069.0
2025-06-03 15:20:00,106570.04,106618.91,106539.61,106586.58,39.1318,3839.0
2025-06-03 15:21:00,106586.58,106618.9,106586.58,106586.58,7.05611,1371.0
2025-06-03 15:22:00,106586.59,106685.34,106586.58,106685.33,17.77924,4042.0
2025-06-03 15:23:00,106685.33,106699.0,106666.66,106698.99,18.95716,1563.0
2025-06-03 15:24:00,106699.0,106794.67,106605.7,106637.89,67.69438,6916.0
2025-06-03 15:25:00,106637.88,106685.93,106637.88,106673.89,6.2114,2199.0
2025-06-03 15:26:00,106673.89,106753.48,106666.66,106716.99,13.1176,2422.0
2025-06-03 15:27:00,106716.98,106719.16,106697.77,106708.99,5.08533,1308.0
2025-06-03 15:28:00,106708.98,106733.77,106700.22,106700.23,12.55226,1938.0
2025-06-03 15:29:00,106700.23,106715.8,106700.22,106708.93,9.6955,957.0
2025-06-03 15:30:00,106708.94,106746.27,106708.94,106746.27,11.14305,1642.0
2025-06-03 15:31:00,106746.26,106746.27,106634.97,106643.15,14.53712,2913.0
2025-06-03 15:32:00,106643.15,106656.66,106619.04,106634.5,19.04038,2824.0
2025-06-03 15:33:00,106634.51,106639.09,106563.29,106600.0,18.65374,4111.0
2025-06-03 15:34:00,106600.01,106600.01,106564.12,106569.31,13.65339,2477.0
2025-06-03 15:35:00,106569.31,106732.3,106569.31,106663.41,27.82307,3366.0
2025-06-03 15:36:00,106663.41,106663.41,106630.37,106630.39,7.44595,1556.0
2025-06-03 15:37:00,106630.39,106661.36,106609.43,106622.51,13.28697,2638.0
2025-06-03 15:38:00,106622.52,106641.51,106584.61,106641.51,15.89696,3191.0
2025-06-03 15:39:00,106641.5,106714.13,106641.5,106686.55,19.26666,3173.0
2025-06-03 15:40:00,106686.55,106709.74,106676.73,106709.02,9.52104,1652.0
2025-06-03 15:41:00,106709.02,106709.03,106685.6,106685.6,4.82031,789.0
2025-06-03 15:42:00,106685.6,106745.66,106685.6,106745.65,7.70364,1040.0
2025-06-03 15:43:00,106745.65,106745.66,106698.82,106724.48,11.15515,1808.0
2025-06-03 15:44:00,106724.48,106728.46,106678.44,106678.45,7.98351,1838.0
2025-06-03 15:45:00,106678.45,106691.6,106622.57,106632.51,15.8146,2744.0
2025-06-03 15:46:00,106632.52,106632.52,106580.77,106588.85,25.07486,2660.0
2025-06-03 15:47:00,106588.86,106588.86,106512.78,106512.78,17.41121,3052.0
2025-06-03 15:48:00,106512.78,106536.03,106500.0,106516.47,24.01103,2180.0
2025-06-03 15:49:00,106516.47,106516.48,106454.57,106454.6,16.48402,2762.0
2025-06-03 15:50:00,106454.6,106454.6,106364.0,106401.98,28.3885,3739.0
2025-06-03 15:51:00,106401.99,106437.77,106360.0,106400.21,17.79528,3497.0
2025-06-03 15:52:00,106400.21,106500.0,106400.21,106482.88,19.62475,2243.0
2025-06-03 15:53:00,106482.88,106512.68,106436.87,106467.3,15.37357,3185.0
2025-06-03 15:54:00,106467.3,106550.0,106467.3,106550.0,8.50226,2480.0
2025-06-03 15:55:00,106549.99,106616.73,106549.99,106582.06,11.53339,2922.0
2025-06-03 15:56:00,106582.07,106653.64,106582.06,106600.01,9.46642,2350.0
2025-06-03 15:57:00,106600.0,106650.0,106584.68,106640.55,10.16033,1990.0
2025-06-03 15:58:00,106640.55,106640.56,106614.08,106614.08,4.88834,1217.0
2025-06-03 15:59:00,106614.08,106614.09,106575.22,106610.66,8.47069,1671.0
2025-06-03 16:00:00,106610.66,106666.67,106591.25,106591.25,22.05674,4148.0
2025-06-03 16:01:00,106591.25,106599.39,106511.35,106511.36,11.23663,3536.0
2025-06-03 16:02:00,106511.35,106538.46,106463.88,106466.08,11.34313,3163.0
2025-06-03 16:03:00,106466.08,106499.99,106432.0,106447.65,14.90645,4186.0
2025-06-03 16:04:00,106447.64,106447.64,106401.89,106418.5,13.97203,2808.0
2025-06-03 16:05:00,106418.5,106500.0,106411.38,106411.39,13.15849,3757.0
2025-06-03 16:06:00,106411.39,106435.32,106359.87,106395.21,24.57914,3964.0
2025-06-03 16:07:00,106395.21,106452.84,106395.2,106452.83,10.80622,2836.0
2025-06-03 16:08:00,106452.84,106452.84,106361.46,106361.46,6.17768,2759.0
2025-06-03 16:09:00,106361.47,106416.32,106361.46,106389.24,11.67868,2155.0
2025-06-03 16:10:00,106389.25,106472.24,106389.24,106468.84,7.22079,2780.0
2025-06-03 16:11:00,106468.84,106468.85,106382.02,106415.35,8.88598,2135.0
2025-06-03 16:12:00,106415.34,106431.6,106396.04,106414.61,8.32119,1548.0
2025-06-03 16:13:00,106414.6,106416.23,106373.09,106416.22,6.72226,1880.0
2025-06-03 16:14:00,106416.22,106448.51,106408.75,106448.5,16.91719,1909.0
2025-06-03 16:15:00,106448.51,106514.31,106446.59,106514.3,22.56523,4298.0
2025-06-03 16:16:00,106514.3,106543.41,106455.14,106519.99,19.3302,3220.0
2025-06-03 16:17:00,106520.0,106555.2,106483.72,106483.72,26.5888,3272.0
2025-06-03 16:18:00,106483.72,106483.73,106432.05,106432.91,8.15227,2812.0
2025-06-03 16:19:00,106432.91,106442.7,106420.0,106430.64,9.2499,1525.0
2025-06-03 16:20:00,106430.65,106430.65,106386.29,106399.99,8.67595,2938.0
2025-06-03 16:21:00,106400.0,106402.25,106380.95,106380.95,4.18303,1060.0
2025-06-03 16:22:00,106380.96,106386.0,106353.88,106372.7,5.06315,2441.0
2025-06-03 16:23:00,106372.7,106382.45,106367.38,106379.21,5.20614,1115.0
2025-06-03 16:24:00,106379.22,106411.22,106379.21,106392.86,7.21233,2459.0
2025-06-03 16:25:00,106392.87,106396.34,106382.17,106392.22,3.00683,1049.0
2025-06-03 16:26:00,106392.22,106401.63,106313.22,106313.22,5.94455,3153.0
2025-06-03 16:27:00,106313.23,106313.23,106239.99,106278.15,38.88357,3772.0
2025-06-03 16:28:00,106278.16,106278.16,106228.61,106249.97,9.54242,2397.0
2025-06-03 16:29:00,106249.97,106264.16,106249.37,106249.37,3.60284,770.0
2025-06-03 16:30:00,106249.37,106332.41,106249.36,106326.72,11.55185,1967.0
2025-06-03 16:31:00,106326.72,106405.67,106326.71,106405.66,12.6485,1911.0
2025-06-03 16:32:00,106405.66,106420.0,106405.66,106408.72,3.13813,1004.0
2025-06-03 16:33:00,106408.73,106430.65,106359.57,106389.38,7.57371,2654.0
2025-06-03 16:34:00,106389.39,106396.75,106361.16,106396.74,2.83977,1483.0
2025-06-03 16:35:00,106396.74,106413.45,106387.46,106387.47,4.08401,1170.0
2025-06-03 16:36:00,106387.47,106401.14,106362.56,106385.8,14.16752,2658.0
2025-06-03 16:37:00,106385.8,106385.81,106300.0,106300.0,4.49266,2167.0
2025-06-03 16:38:00,106300.0,106333.34,106275.57,106290.12,27.00665,2625.0
2025-06-03 16:39:00,106290.11,106290.12,106245.97,106249.06,7.89151,1843.0
2025-06-03 16:40:00,106249.06,106269.55,106240.01,106254.62,4.32284,1102.0
2025-06-03 16:41:00,106254.61,106285.73,106247.59,106247.6,3.00361,1587.0
2025-06-03 16:42:00,106247.6,106247.6,106205.89,106242.72,6.14091,1704.0
2025-06-03 16:43:00,106242.73,106242.73,106165.07,106168.33,8.16739,2248.0
2025-06-03 16:44:00,106168.32,106200.85,106156.43,106169.52,8.7601,2860.0
2025-06-03 16:45:00,106169.51,106206.69,106134.34,106199.69,30.8548,3036.0
2025-06-03 16:46:00,106199.68,106199.69,106138.44,106165.02,7.39903,2127.0
2025-06-03 16:47:00,106165.03,106165.03,106064.43,106074.87,17.67299,3111.0
2025-06-03 16:48:00,106074.88,106097.38,105990.0,106057.63,77.86231,5326.0
2025-06-03 16:49:00,106057.64,106101.03,106047.9,106101.03,4.94077,2120.0
2025-06-03 16:50:00,106101.03,106139.57,106101.02,106139.57,4.92202,1744.0
2025-06-03 16:51:00,106139.57,106139.57,106101.87,106108.38,9.79769,1588.0
2025-06-03 16:52:00,106108.38,106117.96,106062.79,106083.12,9.4694,2735.0
2025-06-03 16:53:00,106083.12,106104.48,106045.85,106045.85,14.89478,2667.0
2025-06-03 16:54:00,106045.86,106095.24,106014.37,106095.22,5.87097,2762.0
2025-06-03 16:55:00,106095.22,106095.23,105973.29,105973.29,20.93089,3887.0
2025-06-03 16:56:00,105973.3,106038.92,105951.34,105956.6,34.35138,3160.0
2025-06-03 16:57:00,105956.59,105969.89,105941.56,105958.65,6.57619,1779.0
2025-06-03 16:58:00,105958.64,105974.93,105800.0,105839.62,55.56652,7289.0
2025-06-03 16:59:00,105839.62,105839.62,105809.53,105817.63,6.8908,1923.0
2025-06-03 17:00:00,105817.63,105882.39,105758.25,105863.26,26.94464,4441.0
2025-06-03 17:01:00,105863.26,105927.08,105848.31,105927.07,11.63853,2569.0
2025-06-03 17:02:00,105927.08,105957.7,105925.09,105946.8,9.30244,2363.0
2025-06-03 17:03:00,105946.79,105956.47,105928.6,105938.42,3.50863,1290.0
2025-06-03 17:04:00,105938.42,105997.2,105938.42,105981.13,11.6592,2875.0
2025-06-03 17:05:00,105981.13,105987.71,105910.44,105977.17,8.31271,2440.0
2025-06-03 17:06:00,105977.16,105977.17,105904.76,105904.76,6.55882,2399.0
2025-06-03 17:07:00,105904.76,105934.63,105876.48,105897.71,11.84281,2771.0
2025-06-03 17:08:00,105897.64,105933.97,105886.79,105933.96,4.77834,2034.0
2025-06-03 17:09:00,105933.96,105980.44,105924.48,105972.79,7.31265,1794.0
2025-06-03 17:10:00,105972.79,106027.58,105967.93,106003.76,6.88011,2648.0
2025-06-03 17:11:00,106003.75,106003.75,105945.07,105967.04,7.27213,2444.0
2025-06-03 17:12:00,105967.03,105969.13,105936.38,105952.41,3.20492,2568.0
2025-06-03 17:13:00,105952.41,105971.57,105910.78,105952.59,10.8139,2925.0
2025-06-03 17:14:00,105952.6,105952.6,105924.12,105933.97,6.35863,1114.0
2025-06-03 17:15:00,105933.96,105971.97,105924.77,105924.77,5.35337,2596.0
2025-06-03 17:16:00,105924.76,105972.25,105910.26,105962.3,10.06694,2263.0
2025-06-03 17:17:00,105962.3,106000.0,105952.38,105952.39,2.98263,2139.0
2025-06-03 17:18:00,105952.38,106000.0,105940.63,105973.0,5.92613,3056.0
2025-06-03 17:19:00,105972.99,105972.99,105939.49,105971.83,5.72881,1957.0
2025-06-03 17:20:00,105971.83,106060.97,105971.82,106058.82,8.2093,3129.0
2025-06-03 17:21:00,106058.82,106115.1,106047.71,106085.38,12.84636,4021.0
2025-06-03 17:22:00,106085.39,106091.85,106047.73,106063.63,2.59636,1385.0
2025-06-03 17:23:00,106063.63,106083.44,106056.76,106078.62,12.27506,1593.0
2025-06-03 17:24:00,106078.62,106100.94,106070.85,106070.86,3.22771,1454.0
2025-06-03 17:25:00,106070.86,106075.48,106047.73,106063.38,4.11089,1671.0
2025-06-03 17:26:00,106063.39,106142.86,106063.39,106082.86,6.85669,3991.0
2025-06-03 17:27:00,106082.86,106082.86,105990.0,106058.35,6.88424,2944.0
2025-06-03 17:28:00,106058.35,106075.47,106022.53,106048.65,2.48084,1930.0
2025-06-03 17:29:00,106048.66,106071.85,106033.53,106033.53,6.37014,1345.0
2025-06-03 17:30:00,106033.54,106046.68,105928.0,105928.0,14.95781,2975.0
2025-06-03 17:31:00,105928.0,105964.33,105925.92,105964.32,6.14215,1450.0
2025-06-03 17:32:00,105964.32,105964.33,105899.15,105939.99,12.2821,2743.0
2025-06-03 17:33:00,105940.0,105955.15,105912.92,105917.5,3.11064,1544.0
2025-06-03 17:34:00,105917.5,105933.97,105900.0,105919.68,3.31702,2370.0
2025-06-03 17:35:00,105919.68,105919.68,105891.17,105891.18,7.46243,1471.0
2025-06-03 17:36:00,105891.18,105894.97,105871.99,105894.97,4.18315,1307.0
2025-06-03 17:37:00,105894.96,105967.26,105894.96,105952.39,6.62789,2352.0
2025-06-03 17:38:00,105952.39,105952.39,105920.01,105933.45,2.31458,1522.0
2025-06-03 17:39:00,105933.45,105947.28,105923.4,105937.62,3.20578,1608.0
2025-06-03 17:40:00,105937.62,105949.61,105937.62,105940.32,3.30654,1046.0
2025-06-03 17:41:00,105940.32,105940.32,105862.49,105879.32,23.91305,2972.0
2025-06-03 17:42:00,105879.33,105880.47,105839.62,105869.87,2.34715,1585.0
2025-06-03 17:43:00,105869.88,105882.49,105857.14,105882.49,2.29604,1256.0
2025-06-03 17:44:00,105882.48,105886.8,105860.38,105860.39,2.4111,1071.0
2025-06-03 17:45:00,105860.38,105874.96,105860.38,105866.78,1.63474,606.0
2025-06-03 17:46:00,105866.78,105866.78,105824.29,105858.04,6.20918,2664.0
2025-06-03 17:47:00,105858.05,105886.8,105858.04,105872.93,1.0951,903.0
2025-06-03 17:48:00,105872.94,105901.23,105870.0,105886.79,2.54136,1759.0
2025-06-03 17:49:00,105886.79,105904.33,105886.79,105898.54,7.98187,681.0
2025-06-03 17:50:00,105898.55,105898.55,105839.62,105847.19,3.52624,2011.0
2025-06-03 17:51:00,105847.19,105920.0,105847.19,105920.0,3.11608,1457.0
2025-06-03 17:52:00,105920.0,105933.96,105862.15,105862.15,6.26745,2104.0
2025-06-03 17:53:00,105862.15,105872.75,105862.15,105872.75,1.24057,487.0
2025-06-03 17:54:00,105872.74,105894.41,105872.74,105894.4,1.32505,608.0
2025-06-03 17:55:00,105894.41,105948.48,105894.4,105948.47,17.676,1813.0
2025-06-03 17:56:00,105948.47,105948.48,105905.4,105905.41,1.98926,1212.0
2025-06-03 17:57:00,105905.4,105909.62,105866.32,105909.62,4.15192,1871.0
2025-06-03 17:58:00,105909.62,105933.97,105909.61,105922.33,1.65399,1088.0
2025-06-03 17:59:00,105922.34,105943.99,105922.33,105943.98,1.53818,765.0
2025-06-03 18:00:00,105943.99,105943.99,105917.97,105917.98,3.15266,929.0
2025-06-03 18:01:00,105917.98,105917.98,105840.0,105840.0,13.70597,2084.0
2025-06-03 18:02:00,105840.01,105846.25,105776.62,105789.01,9.26155,2218.0
2025-06-03 18:03:00,105789.0,105789.01,105660.0,105695.0,27.39268,6353.0
2025-06-03 18:04:00,105695.0,105763.67,105694.99,105759.96,12.2173,2634.0
2025-06-03 18:05:00,105759.96,105767.07,105746.66,105746.67,2.13266,1038.0
2025-06-03 18:06:00,105746.67,105788.0,105706.45,105788.0,7.02463,3899.0
2025-06-03 18:07:00,105788.0,105788.0,105745.3,105750.59,2.87208,1149.0
2025-06-03 18:08:00,105750.6,105759.01,105740.16,105759.0,6.9408,844.0
2025-06-03 18:09:00,105759.0,105767.31,105744.83,105758.0,3.10773,1069.0
2025-06-03 18:10:00,105758.01,105758.01,105651.68,105666.3,8.99658,3795.0
2025-06-03 18:11:00,105666.29,105667.69,105622.02,105667.69,30.56325,3120.0
2025-06-03 18:12:00,105667.69,105667.69,105600.0,105650.43,9.97534,3488.0
2025-06-03 18:13:00,105650.43,105696.91,105650.43,105688.43,5.49296,1864.0
2025-06-03 18:14:00,105688.42,105688.42,105663.23,105663.24,2.86621,1097.0
2025-06-03 18:15:00,105663.24,105663.24,105612.29,105627.7,4.0934,2033.0
2025-06-03 18:16:00,105627.7,105639.75,105600.0,105603.77,5.45925,1630.0
2025-06-03 18:17:00,105603.78,105629.84,105603.78,105621.97,4.17583,1372.0
2025-06-03 18:18:00,105621.97,105639.98,105592.17,105616.61,17.03349,2094.0
2025-06-03 18:19:00,105616.61,105714.29,105616.61,105714.28,4.99106,3501.0
2025-06-03 18:20:00,105714.28,105790.1,105714.28,105790.09,24.07391,3019.0
2025-06-03 18:21:00,105790.09,105790.1,105764.31,105764.31,7.20488,927.0
2025-06-03 18:22:00,105764.31,105764.32,105720.6,105737.2,2.5503,1375.0
2025-06-03 18:23:00,105737.21,105760.71,105737.2,105760.7,2.63093,631.0
2025-06-03 18:24:00,105760.71,105808.71,105760.7,105770.57,7.74003,2459.0
2025-06-03 18:25:00,105770.57,105780.35,105761.91,105764.57,1.63518,1032.0
2025-06-03 18:26:00,105764.58,105772.93,105745.28,105745.28,1.15256,1000.0
2025-06-03 18:27:00,105745.28,105745.29,105745.28,105745.29,1.21797,185.0
2025-06-03 18:28:00,105745.29,105745.29,105729.71,105742.62,3.15938,906.0
2025-06-03 18:29:00,105742.62,105742.63,105742.62,105742.63,0.67171,175.0
2025-06-03 18:30:00,105742.63,105789.45,105742.62,105789.45,11.02718,1939.0
2025-06-03 18:31:00,105789.44,105792.46,105778.86,105778.86,5.83239,696.0
2025-06-03 18:32:00,105778.87,105806.85,105778.86,105799.44,8.01599,905.0
2025-06-03 18:33:00,105799.44,105835.05,105762.43,105762.43,15.81056,1862.0
2025-06-03 18:34:00,105762.43,105786.54,105756.0,105770.46,4.14772,1312.0
2025-06-03 18:35:00,105770.45,105780.4,105745.29,105745.29,3.8574,1215.0
2025-06-03 18:36:00,105745.29,105745.3,105689.51,105701.64,4.43227,1728.0
2025-06-03 18:37:00,105701.65,105732.31,105701.64,105732.31,2.76539,1254.0
2025-06-03 18:38:00,105732.31,105857.15,105732.31,105857.15,18.834,2427.0
2025-06-03 18:39:00,105853.05,105980.0,105853.05,105980.0,10.77233,3451.0
2025-06-03 18:40:00,105980.0,106028.93,105979.99,105984.75,22.40965,3151.0
2025-06-03 18:41:00,105984.75,106047.62,105984.75,106047.14,3.42334,1874.0
2025-06-03 18:42:00,106047.14,106047.15,106000.09,106000.09,6.87734,1399.0
2025-06-03 18:43:00,106000.1,106012.2,105984.77,106009.49,2.74753,942.0
2025-06-03 18:44:00,106009.5,106028.31,106008.84,106016.27,2.15819,1025.0
2025-06-03 18:45:00,106016.27,106016.27,105968.79,105968.8,3.2644,2196.0
2025-06-03 18:46:00,105968.8,105981.14,105961.18,105969.38,1.83992,1346.0
2025-06-03 18:47:00,105969.37,105969.38,105933.96,105933.97,1.27032,1142.0
2025-06-03 18:48:00,105933.96,105975.23,105933.96,105935.05,10.09633,1873.0
2025-06-03 18:49:00,105935.05,105955.59,105935.05,105955.58,1.27552,645.0
2025-06-03 18:50:00,105955.59,105955.59,105933.96,105942.24,1.42903,847.0
2025-06-03 18:51:00,105942.24,105949.92,105915.49,105915.5,4.60729,1211.0
2025-06-03 18:52:00,105915.49,105941.84,105911.0,105911.22,2.93624,1384.0
2025-06-03 18:53:00,105911.23,105915.22,105896.36,105915.22,4.06456,1101.0
2025-06-03 18:54:00,105915.21,105935.13,105915.04,105935.12,2.5302,1613.0
2025-06-03 18:55:00,105935.12,105971.97,105935.12,105971.96,8.04671,1364.0
2025-06-03 18:56:00,105971.96,106003.76,105971.96,105986.58,1.90424,1569.0
2025-06-03 18:57:00,105986.58,105999.56,105979.01,105994.66,2.00502,1225.0
2025-06-03 18:58:00,105994.67,105994.67,105978.91,105986.64,3.18515,1043.0
2025-06-03 18:59:00,105986.63,106013.34,105986.63,106013.15,7.39131,922.0
2025-06-03 19:00:00,106013.15,106111.69,106013.15,106079.22,11.40898,3569.0
2025-06-03 19:01:00,106079.21,106110.61,106063.01,106063.01,11.50954,1659.0
2025-06-03 19:02:00,106063.01,106089.25,106063.01,106069.55,7.82196,1241.0
2025-06-03 19:03:00,106069.55,106098.59,106066.72,106098.59,21.89267,1280.0
2025-06-03 19:04:00,106098.58,106098.59,106087.97,106087.97,2.15911,524.0
2025-06-03 19:05:00,106087.98,106087.98,106053.12,106078.95,8.4947,1447.0
2025-06-03 19:06:00,106078.95,106125.59,106078.95,106125.58,7.31759,1102.0
2025-06-03 19:07:00,106125.58,106125.59,106095.24,106106.69,7.15036,1456.0
2025-06-03 19:08:00,106106.68,106137.88,106095.23,106098.43,9.43427,1821.0
2025-06-03 19:09:00,106098.42,106098.43,106053.13,106084.95,4.79683,1597.0
2025-06-03 19:10:00,106084.94,106084.95,106051.09,106051.09,9.46052,1208.0
2025-06-03 19:11:00,106051.1,106067.25,106035.0,106067.25,3.77975,1399.0
2025-06-03 19:12:00,106067.25,106127.11,106067.24,106127.1,5.55664,1488.0
2025-06-03 19:13:00,106127.11,106127.11,106095.23,106095.24,6.78158,1096.0
2025-06-03 19:14:00,106095.23,106095.24,106088.45,106088.46,0.68307,390.0
2025-06-03 19:15:00,106088.46,106135.23,106088.45,106135.22,3.0762,938.0
2025-06-03 19:16:00,106135.23,106135.23,106125.8,106125.81,2.22773,469.0
2025-06-03 19:17:00,106125.81,106209.83,106125.8,106209.83,4.33153,2812.0
2025-06-03 19:18:00,106209.83,106216.88,106206.25,106206.25,2.67701,645.0
2025-06-03 19:19:00,106206.26,106209.38,106194.4,106209.37,2.15851,716.0
2025-06-03 19:20:00,106209.37,106209.38,106200.0,106200.0,1.22218,489.0
2025-06-03 19:21:00,106200.01,106200.01,106168.72,106189.5,2.98595,1761.0
2025-06-03 19:22:00,106189.5,106230.51,106182.23,106230.5,6.25981,1731.0
2025-06-03 19:23:00,106230.51,106288.0,106230.5,106276.67,14.0862,1588.0
2025-06-03 19:24:00,106276.68,106320.77,106276.67,106310.13,7.89515,2116.0
2025-06-03 19:25:00,106310.13,106320.74,106306.18,106306.18,3.66244,1009.0
2025-06-03 19:26:00,106306.19,106320.77,106306.18,106320.76,5.81217,661.0
2025-06-03 19:27:00,106320.76,106320.77,106320.76,106320.76,3.46561,181.0
2025-06-03 19:28:00,106320.76,106374.49,106320.76,106374.49,7.77592,1758.0
2025-06-03 19:29:00,106374.48,106400.0,106351.95,106351.96,15.86411,2930.0
2025-06-03 19:30:00,106351.96,106351.96,106287.97,106306.15,15.65967,3489.0
2025-06-03 19:31:00,106306.16,106370.53,106304.0,106304.0,12.94108,3237.0
2025-06-03 19:32:00,106304.01,106335.73,106304.0,106335.73,4.13186,760.0
2025-06-03 19:33:00,106335.74,106428.58,106335.74,106382.87,16.14639,4217.0
2025-06-03 19:34:00,106382.87,106382.87,106292.0,106299.99,7.52925,2661.0
2025-06-03 19:35:00,106299.99,106304.94,106290.27,106299.5,8.77389,1175.0
2025-06-03 19:36:00,106299.5,106299.51,106254.42,106257.7,8.98997,1753.0
2025-06-03 19:37:00,106257.71,106315.78,106257.7,106315.78,4.00418,991.0
2025-06-03 19:38:00,106315.78,106354.1,106315.78,106354.09,3.21636,1235.0
2025-06-03 19:39:00,106354.1,106366.37,106354.09,106360.42,3.18404,1008.0
2025-06-03 19:40:00,106360.41,106371.59,106360.41,106371.45,1.82325,544.0
2025-06-03 19:41:00,106371.46,106371.46,106314.83,106371.38,5.92705,3885.0
2025-06-03 19:42:00,106371.39,106371.39,106339.76,106339.77,2.79178,1322.0
2025-06-03 19:43:00,106339.76,106358.5,106289.76,106289.76,8.12436,2477.0
2025-06-03 19:44:00,106289.77,106300.18,106285.71,106300.17,4.87503,781.0
2025-06-03 19:45:00,106300.17,106307.99,106296.87,106307.97,2.95913,1004.0
2025-06-03 19:46:00,106307.97,106326.71,106305.05,106305.05,3.89759,1261.0
2025-06-03 19:47:00,106305.06,106323.9,106286.03,106323.9,3.05369,2042.0
2025-06-03 19:48:00,106323.91,106354.94,106286.66,106286.67,4.93054,1926.0
2025-06-03 19:49:00,106286.66,106286.67,106222.28,106222.29,7.2954,2904.0
2025-06-03 19:50:00,106222.28,106222.29,106157.54,106207.99,6.17853,2456.0
2025-06-03 19:51:00,106208.0,106208.0,106162.85,106169.81,7.29545,1831.0
2025-06-03 19:52:00,106169.81,106169.81,106099.18,106143.58,10.74569,2478.0
2025-06-03 19:53:00,106143.58,106189.66,106143.57,106160.66,6.33388,1702.0
2025-06-03 19:54:00,106160.65,106160.65,106122.68,106122.69,1.38092,778.0
2025-06-03 19:55:00,106122.68,106144.76,106112.07,106139.99,2.5768,1334.0
2025-06-03 19:56:00,106140.0,106150.07,106139.99,106150.06,1.29103,274.0
2025-06-03 19:57:00,106150.06,106190.47,106150.06,106190.46,2.63645,1220.0
2025-06-03 19:58:00,106190.46,106264.15,106190.46,106264.14,11.54723,1883.0
2025-06-03 19:59:00,106264.14,106264.14,106219.84,106238.81,21.88878,6300.0
2025-06-03 20:00:00,106238.81,106254.92,106168.02,106168.02,6.90206,3382.0
2025-06-03 20:01:00,106168.01,106245.85,106151.76,106245.84,4.1484,2349.0
2025-06-03 20:02:00,106245.84,106245.85,106181.26,106211.08,7.1133,2579.0
2025-06-03 20:03:00,106211.08,106211.09,106158.2,106158.21,3.53828,1538.0
2025-06-03 20:04:00,106158.2,106158.21,106118.59,106118.59,2.62279,1373.0
2025-06-03 20:05:00,106118.59,106118.59,106016.99,106043.86,20.92512,3526.0
2025-06-03 20:06:00,106043.87,106048.74,106017.34,106021.88,5.2101,1327.0
2025-06-03 20:07:00,106021.88,106021.88,105960.0,106011.65,24.72719,5900.0
2025-06-03 20:08:00,106011.66,106047.62,106011.65,106047.61,9.03146,1048.0
2025-06-03 20:09:00,106047.62,106048.61,106029.72,106046.77,3.06471,669.0
2025-06-03 20:10:00,106046.78,106046.78,106046.77,106046.77,1.12239,193.0
2025-06-03 20:11:00,106046.77,106098.63,106046.77,106086.62,10.57044,2883.0
2025-06-03 20:12:00,106086.61,106086.61,106047.61,106047.61,1.39439,901.0
2025-06-03 20:13:00,106047.61,106047.61,106046.53,106046.53,1.01034,306.0
2025-06-03 20:14:00,106046.54,106046.54,106000.0,106000.0,3.82245,1395.0
2025-06-03 20:15:00,106000.01,106000.01,105976.37,105981.14,2.58931,829.0
2025-06-03 20:16:00,105981.13,105981.14,105960.62,105960.63,3.09197,922.0
2025-06-03 20:17:00,105960.63,105960.63,105953.48,105953.48,2.54044,638.0
2025-06-03 20:18:00,105953.49,105956.54,105933.96,105940.52,4.42026,1820.0
2025-06-03 20:19:00,105940.51,105940.52,105930.79,105930.8,1.87589,530.0
2025-06-03 20:20:00,105930.79,105935.45,105910.47,105935.45,2.54669,1418.0
2025-06-03 20:21:00,105935.44,105935.45,105850.1,105850.11,13.59981,2549.0
2025-06-03 20:22:00,105850.11,105876.29,105850.1,105866.1,3.93791,916.0
2025-06-03 20:23:00,105866.11,105889.19,105866.1,105889.18,2.69623,666.0
2025-06-03 20:24:00,105889.18,105896.89,105889.18,105896.89,7.08731,424.0
2025-06-03 20:25:00,105896.89,105912.17,105896.89,105901.57,3.83513,1004.0
2025-06-03 20:26:00,105901.58,105901.58,105876.0,105876.01,3.64615,661.0
2025-06-03 20:27:00,105876.01,105876.01,105710.39,105710.4,44.26683,4685.0
2025-06-03 20:28:00,105710.39,105716.12,105650.94,105660.55,10.157,2216.0
2025-06-03 20:29:00,105660.55,105660.56,105631.45,105631.45,11.21866,2338.0
2025-06-03 20:30:00,105631.46,105644.91,105531.0,105544.16,68.34323,5963.0
2025-06-03 20:31:00,105544.15,105544.16,105471.27,105471.27,24.29064,4148.0
2025-06-03 20:32:00,105471.28,105495.62,105373.95,105403.03,30.34485,6209.0
2025-06-03 20:33:00,105403.02,105499.49,105353.5,105484.58,20.60741,5281.0
2025-06-03 20:34:00,105484.59,105547.99,105476.8,105547.99,7.00317,2937.0
2025-06-03 20:35:00,105547.99,105592.0,105547.98,105592.0,3.25328,1647.0
2025-06-03 20:36:00,105591.99,105691.04,105589.99,105691.03,21.65863,2477.0
2025-06-03 20:37:00,105691.03,105725.17,105679.78,105717.73,8.7805,3019.0
2025-06-03 20:38:00,105717.72,105769.23,105717.72,105758.64,7.58121,2333.0
2025-06-03 20:39:00,105758.64,105758.65,105701.84,105736.62,9.93972,2160.0
2025-06-03 20:40:00,105736.61,105805.88,105736.61,105793.98,8.19897,3080.0
2025-06-03 20:41:00,105793.98,105810.73,105793.98,105810.72,0.86269,879.0
2025-06-03 20:42:00,105810.73,105875.04,105799.28,105875.04,5.42587,3701.0
2025-06-03 20:43:00,105875.03,105886.8,105875.03,105886.8,4.33,1065.0
2025-06-03 20:44:00,105886.79,105898.96,105812.35,105812.35,4.99697,2695.0
2025-06-03 20:45:00,105812.35,105889.63,105804.73,105889.62,5.46164,3515.0
2025-06-03 20:46:00,105889.63,105900.17,105863.81,105863.81,2.78281,1370.0
2025-06-03 20:47:00,105863.82,105871.83,105839.39,105839.39,4.11346,1425.0
2025-06-03 20:48:00,105839.4,105891.82,105839.39,105863.2,3.44157,2507.0
2025-06-03 20:49:00,105863.19,105872.89,105832.02,105832.02,6.96514,1513.0
2025-06-03 20:50:00,105832.02,105832.02,105722.76,105722.76,6.19942,2749.0
2025-06-03 20:51:00,105722.77,105746.13,105715.08,105735.91,4.44296,1365.0
2025-06-03 20:52:00,105735.92,105735.92,105704.15,105714.29,3.17648,1008.0
2025-06-03 20:53:00,105714.29,105755.83,105714.29,105748.13,2.12638,910.0
2025-06-03 20:54:00,105748.13,105800.0,105748.12,105800.0,2.3851,1057.0
2025-06-03 20:55:00,105799.99,105800.0,105723.67,105737.6,4.7568,1561.0
2025-06-03 20:56:00,105737.61,105737.61,105701.02,105711.45,2.57198,881.0
2025-06-03 20:57:00,105711.46,105711.46,105704.7,105711.45,1.75213,634.0
2025-06-03 20:58:00,105711.45,105774.27,105711.45,105766.51,6.06596,1382.0
2025-06-03 20:59:00,105766.51,105766.52,105738.69,105738.69,8.21709,774.0
2025-06-03 21:00:00,105738.7,105761.51,105720.24,105761.51,4.58736,1285.0
2025-06-03 21:01:00,105761.96,105775.94,105741.3,105741.3,2.54,1006.0
2025-06-03 21:02:00,105741.31,105741.31,105661.92,105661.92,6.28819,2198.0
2025-06-03 21:03:00,105661.93,105668.23,105647.03,105657.08,5.46979,1202.0
2025-06-03 21:04:00,105657.08,105732.91,105657.08,105703.71,5.85234,1769.0
2025-06-03 21:05:00,105703.71,105703.72,105666.66,105703.69,5.14412,1810.0
2025-06-03 21:06:00,105703.69,105748.67,105692.83,105748.66,5.22511,1221.0
2025-06-03 21:07:00,105748.67,105847.71,105748.66,105845.54,10.71628,1782.0
2025-06-03 21:08:00,105845.54,105845.55,105845.54,105845.54,1.28936,175.0
2025-06-03 21:09:00,105845.54,105845.55,105809.52,105813.15,3.46821,845.0
2025-06-03 21:10:00,105813.15,105813.16,105745.28,105745.28,5.02365,1421.0
2025-06-03 21:11:00,105745.28,105745.29,105687.19,105692.88,5.35204,951.0
2025-06-03 21:12:00,105692.88,105692.89,105692.88,105692.88,1.04835,179.0
2025-06-03 21:13:00,105692.88,105692.89,105680.0,105680.0,1.73314,361.0
2025-06-03 21:14:00,105680.0,105680.0,105621.45,105621.46,19.88702,2196.0
2025-06-03 21:15:00,105621.46,105621.46,105561.57,105561.6,8.7542,1242.0
2025-06-03 21:16:00,105561.57,105561.57,105508.02,105514.07,6.08696,2108.0
2025-06-03 21:17:00,105514.07,105545.01,105500.01,105545.0,7.86725,1749.0
2025-06-03 21:18:00,105545.01,105579.47,105535.42,105579.46,3.26562,1580.0
2025-06-03 21:19:00,105579.47,105579.47,105559.27,105559.28,2.93408,867.0
2025-06-03 21:20:00,105559.27,105559.28,105479.89,105486.31,8.06066,2143.0
2025-06-03 21:21:00,105486.32,105486.32,105378.28,105390.63,15.82513,3217.0
2025-06-03 21:22:00,105390.63,105418.22,105377.05,105418.22,8.1103,1956.0
2025-06-03 21:23:00,105418.22,105443.55,105418.22,105435.16,4.84728,1230.0
2025-06-03 21:24:00,105435.16,105473.03,105435.15,105473.02,2.41852,1651.0
2025-06-03 21:25:00,105473.03,105505.67,105473.02,105505.66,2.21155,1026.0
2025-06-03 21:26:00,105505.67,105517.73,105489.84,105517.72,7.15381,1392.0
2025-06-03 21:27:00,105517.73,105569.94,105517.72,105569.94,2.37816,919.0
2025-06-03 21:28:00,105569.94,105579.15,105566.63,105579.14,3.2891,595.0
2025-06-03 21:29:00,105579.15,105634.4,105579.15,105634.4,3.52302,1731.0
2025-06-03 21:30:00,105634.4,105634.4,105634.39,105634.39,0.36308,276.0
2025-06-03 21:31:00,105634.4,105708.46,105634.39,105706.74,7.39923,1592.0
2025-06-03 21:32:00,105706.74,105706.75,105571.42,105571.42,6.0827,3207.0
2025-06-03 21:33:00,105571.42,105583.49,105568.84,105568.85,3.71646,824.0
2025-06-03 21:34:00,105568.84,105568.85,105500.0,105519.43,4.77643,1575.0
2025-06-03 21:35:00,105519.43,105578.98,105519.43,105578.97,1.34279,1519.0
2025-06-03 21:36:00,105578.98,105578.98,105517.15,105534.4,5.09388,1690.0
2025-06-03 21:37:00,105534.4,105583.12,105534.39,105583.11,1.36798,923.0
2025-06-03 21:38:00,105583.12,105583.12,105543.32,105543.32,1.58677,799.0
2025-06-03 21:39:00,105543.33,105543.33,105543.32,105543.33,0.59745,135.0
2025-06-03 21:40:00,105543.33,105582.21,105543.33,105569.95,7.89344,1895.0
2025-06-03 21:41:00,105569.95,105569.95,105521.74,105521.74,4.26852,1377.0
2025-06-03 21:42:00,105521.74,105538.16,105521.74,105527.65,2.86408,771.0
2025-06-03 21:43:00,105527.65,105527.65,105515.01,105515.01,3.43219,722.0
2025-06-03 21:44:00,105515.02,105515.02,105509.43,105512.0,2.20375,441.0
2025-06-03 21:45:00,105511.99,105564.51,105511.99,105564.51,5.27198,1762.0
2025-06-03 21:46:00,105564.51,105618.12,105564.5,105618.11,2.08246,1247.0
2025-06-03 21:47:00,105618.12,105618.12,105565.68,105565.68,3.01414,1224.0
2025-06-03 21:48:00,105565.68,105565.69,105553.22,105553.23,1.55606,712.0
2025-06-03 21:49:00,105553.22,105553.23,105515.44,105515.45,4.52501,1210.0
2025-06-03 21:50:00,105515.45,105515.45,105515.44,105515.44,1.23072,279.0
2025-06-03 21:51:00,105515.45,105515.45,105480.86,105495.03,4.50388,1282.0
2025-06-03 21:52:00,105495.04,105516.89,105495.03,105516.88,1.8022,1321.0
2025-06-03 21:53:00,105516.89,105570.12,105516.88,105549.8,5.52354,2712.0
2025-06-03 21:54:00,105549.55,105549.56,105521.13,105521.13,3.08529,1517.0
2025-06-03 21:55:00,105521.13,105521.14,105521.13,105521.14,2.32194,198.0
2025-06-03 21:56:00,105521.14,105521.14,105274.95,105335.75,49.7468,8509.0
2025-06-03 21:57:00,105335.74,105335.75,105284.99,105284.99,15.85658,1278.0
2025-06-03 21:58:00,105284.99,105373.14,105284.98,105364.79,27.60692,3718.0
2025-06-03 21:59:00,105364.79,105447.77,105364.78,105367.93,14.96595,5906.0
2025-06-03 22:00:00,105367.92,105397.73,105325.27,105395.55,13.63207,5011.0
2025-06-03 22:01:00,105395.54,105415.1,105308.0,105407.68,12.43905,6244.0
2025-06-03 22:02:00,105407.68,105428.57,105360.57,105428.57,8.27997,5052.0
2025-06-03 22:03:00,105428.57,105509.44,105422.45,105440.0,6.18897,4042.0
2025-06-03 22:04:00,105440.01,105495.41,105440.0,105495.4,1.48538,1642.0
2025-06-03 22:05:00,105495.4,105564.4,105495.4,105549.13,6.07992,2430.0
2025-06-03 22:06:00,105549.13,105590.89,105545.45,105546.07,5.93087,2173.0
2025-06-03 22:07:00,105546.08,105546.08,105482.55,105504.83,5.28357,2792.0
2025-06-03 22:08:00,105504.83,105619.04,105504.83,105619.04,6.14644,2260.0
2025-06-03 22:09:00,105619.03,105680.0,105619.03,105647.71,7.36603,3233.0
2025-06-03 22:10:00,105647.71,105706.73,105647.71,105673.57,5.78879,2435.0
2025-06-03 22:11:00,105673.58,105698.12,105673.57,105698.12,0.5466,664.0
2025-06-03 22:12:00,105698.11,105698.12,105660.59,105686.04,3.82548,1506.0
2025-06-03 22:13:00,105686.03,105714.29,105686.03,105714.28,1.82436,810.0
2025-06-03 22:14:00,105714.29,105714.29,105703.87,105708.14,1.77875,735.0
2025-06-03 22:15:00,105708.14,105708.14,105697.56,105700.88,1.85073,667.0
2025-06-03 22:16:00,105700.88,105730.7,105686.52,105730.7,3.49771,1628.0
2025-06-03 22:17:00,105730.7,105730.7,105723.56,105729.58,1.6815,501.0
2025-06-03 22:18:00,105729.59,105776.16,105729.58,105776.16,2.10441,1575.0
2025-06-03 22:19:00,105776.15,105776.16,105747.13,105752.5,4.37309,1789.0
2025-06-03 22:20:00,105752.49,105752.5,105737.0,105745.28,3.73768,1200.0
2025-06-03 22:21:00,105745.29,105770.63,105745.28,105770.62,4.49713,464.0
2025-06-03 22:22:00,105770.63,105770.63,105760.04,105770.62,3.99573,660.0
2025-06-03 22:23:00,105770.62,105786.14,105770.0,105786.13,3.82204,1147.0
2025-06-03 22:24:00,105786.13,105798.04,105786.13,105786.88,3.99074,996.0
2025-06-03 22:25:00,105786.88,105835.74,105786.88,105798.51,16.44353,2555.0
2025-06-03 22:26:00,105798.5,105807.39,105798.5,105801.6,1.99701,731.0
2025-06-03 22:27:00,105801.6,105801.6,105801.59,105801.59,0.81237,299.0
2025-06-03 22:28:00,105801.6,105817.01,105801.59,105817.0,5.77571,1021.0
2025-06-03 22:29:00,105817.01,105817.01,105817.0,105817.0,1.38137,169.0
2025-06-03 22:30:00,105817.01,105817.01,105767.71,105776.12,6.31127,2230.0
2025-06-03 22:31:00,105776.13,105823.87,105776.13,105823.87,3.923,1218.0
2025-06-03 22:32:00,105823.87,105851.03,105823.86,105851.02,2.7258,746.0
2025-06-03 22:33:00,105851.03,105851.03,105829.62,105829.62,2.67407,897.0
2025-06-03 22:34:00,105829.62,105849.77,105829.62,105849.76,2.17461,510.0
2025-06-03 22:35:00,105849.76,105879.01,105849.76,105879.01,3.33866,815.0
2025-06-03 22:36:00,105879.01,105880.0,105864.8,105879.99,2.96555,768.0
2025-06-03 22:37:00,105880.0,105882.96,105863.9,105863.9,5.34185,1033.0
2025-06-03 22:38:00,105863.9,105863.91,105851.9,105851.9,2.29748,895.0
2025-06-03 22:39:00,105851.9,105851.9,105797.32,105807.44,4.83946,2143.0
2025-06-03 22:40:00,105807.44,105827.58,105807.43,105827.58,1.6765,599.0
2025-06-03 22:41:00,105827.57,105850.7,105827.57,105850.69,2.27009,489.0
2025-06-03 22:42:00,105850.7,105866.0,105850.69,105865.99,3.4327,618.0
2025-06-03 22:43:00,105865.99,105865.99,105857.14,105861.9,1.06464,397.0
2025-06-03 22:44:00,105861.9,105902.93,105861.89,105888.41,41.46719,716.0
2025-06-03 22:45:00,105888.42,105888.42,105888.41,105888.41,1.33871,158.0
2025-06-03 22:46:00,105888.42,105899.88,105845.45,105871.3,13.68913,2673.0
2025-06-03 22:47:00,105871.31,105879.99,105871.3,105879.99,1.37288,384.0
2025-06-03 22:48:00,105879.98,105886.8,105879.98,105886.79,1.19145,281.0
2025-06-03 22:49:00,105886.79,105886.8,105876.2,105876.2,4.18363,705.0
2025-06-03 22:50:00,105876.21,105876.21,105829.41,105829.42,10.46117,1424.0
2025-06-03 22:51:00,105829.42,105855.46,105823.35,105855.45,4.45826,932.0
2025-06-03 22:52:00,105855.46,105855.46,105855.45,105855.45,1.05449,193.0
2025-06-03 22:53:00,105855.46,105855.46,105855.45,105855.45,0.65689,127.0
2025-06-03 22:54:00,105855.46,105855.46,105855.45,105855.45,0.94278,195.0
2025-06-03 22:55:00,105855.45,105855.46,105827.82,105827.82,6.13596,740.0
2025-06-03 22:56:00,105827.83,105827.83,105778.04,105778.04,5.5083,2093.0
2025-06-03 22:57:00,105778.05,105778.05,105731.93,105731.93,7.6832,2906.0
2025-06-03 22:58:00,105731.93,105743.74,105731.76,105743.73,6.04696,574.0
2025-06-03 22:59:00,105743.74,105743.74,105743.73,105743.74,1.2885,152.0
2025-06-03 23:00:00,105743.74,105743.74,105666.66,105666.67,11.32839,3147.0
2025-06-03 23:01:00,105666.67,105726.6,105666.66,105726.6,4.8216,1212.0
2025-06-03 23:02:00,105726.6,105726.6,105672.43,105683.01,5.52655,2232.0
2025-06-03 23:03:00,105683.01,105707.94,105672.43,105707.93,4.47714,1255.0
2025-06-03 23:04:00,105707.93,105707.94,105707.93,105707.94,0.55738,169.0
2025-06-03 23:05:00,105707.94,105707.94,105691.35,105691.35,3.70591,623.0
2025-06-03 23:06:00,105691.35,105691.36,105666.93,105666.94,1.7877,1067.0
2025-06-03 23:07:00,105666.94,105666.94,105650.94,105650.94,2.62605,788.0
2025-06-03 23:08:00,105650.94,105661.52,105650.94,105658.89,4.75303,794.0
2025-06-03 23:09:00,105658.9,105658.9,105640.62,105642.03,20.248,621.0
2025-06-03 23:10:00,105642.04,105642.04,105630.7,105641.26,12.13028,671.0
2025-06-03 23:11:00,105641.26,105696.76,105641.26,105696.76,4.64325,817.0
2025-06-03 23:12:00,105696.75,105720.0,105696.43,105696.43,4.90049,1358.0
2025-06-03 23:13:00,105696.44,105696.44,105686.63,105689.4,2.11159,691.0
2025-06-03 23:14:00,105689.39,105689.4,105686.88,105686.88,0.63529,382.0
2025-06-03 23:15:00,105686.88,105686.88,105625.35,105625.35,5.92561,1807.0
2025-06-03 23:16:00,105625.36,105650.95,105625.35,105635.27,3.01654,1007.0
2025-06-03 23:17:00,105635.27,105670.53,105620.97,105651.0,6.93382,1360.0
2025-06-03 23:18:00,105650.99,105650.99,105603.77,105603.77,3.94685,1525.0
2025-06-03 23:19:00,105603.77,105603.77,105556.6,105581.62,4.94619,2406.0
2025-06-03 23:20:00,105581.61,105581.61,105556.48,105563.64,2.23697,1284.0
2025-06-03 23:21:00,105563.64,105575.52,105561.97,105575.51,3.63314,578.0
2025-06-03 23:22:00,105575.51,105584.03,105572.36,105573.47,1.58885,835.0
2025-06-03 23:23:00,105573.47,105573.47,105523.81,105540.45,5.01328,1845.0
2025-06-03 23:24:00,105540.44,105552.9,105540.44,105552.9,0.66751,364.0
2025-06-03 23:25:00,105552.89,105552.9,105500.0,105500.01,5.94364,1729.0
2025-06-03 23:26:00,105500.01,105506.78,105489.47,105506.77,4.61071,988.0
2025-06-03 23:27:00,105506.78,105506.78,105482.56,105497.96,4.27931,1333.0
2025-06-03 23:28:00,105497.97,105497.97,105476.94,105476.95,6.79152,1065.0
2025-06-03 23:29:00,105476.95,105491.06,105476.94,105481.48,2.8468,855.0
2025-06-03 23:30:00,105481.48,105514.41,105476.95,105514.4,2.98247,1253.0
2025-06-03 23:31:00,105514.4,105514.41,105495.67,105495.67,2.66652,653.0
2025-06-03 23:32:00,105495.67,105532.72,105495.67,105497.41,4.3405,1809.0
2025-06-03 23:33:00,105497.42,105497.42,105462.26,105462.26,3.33369,1033.0
2025-06-03 23:34:00,105462.27,105470.57,105436.31,105436.31,15.38509,1682.0
2025-06-03 23:35:00,105436.32,105436.32,105385.45,105385.46,9.76052,1746.0
2025-06-03 23:36:00,105385.45,105385.46,105334.79,105334.8,24.08495,2547.0
2025-06-03 23:37:00,105334.8,105345.62,105332.28,105345.61,17.09147,1162.0
2025-06-03 23:38:00,105345.61,105385.96,105333.33,105385.95,11.73882,1721.0
2025-06-03 23:39:00,105385.96,105385.96,105341.24,105351.78,5.94084,1350.0
2025-06-03 23:40:00,105351.77,105353.89,105338.12,105351.4,7.39669,1324.0
2025-06-03 23:41:00,105351.41,105351.41,105301.4,105301.41,7.90375,2226.0
2025-06-03 23:42:00,105301.41,105311.26,105300.01,105311.26,8.3464,666.0
2025-06-03 23:43:00,105311.26,105311.26,105306.39,105306.4,1.86032,355.0
2025-06-03 23:44:00,105306.4,105347.92,105306.39,105308.0,13.14343,1527.0
2025-06-03 23:45:00,105308.0,105308.01,105287.2,105287.21,9.4344,1301.0
2025-06-03 23:46:00,105287.2,105287.21,105266.02,105266.02,4.20103,1136.0
2025-06-03 23:47:00,105266.02,105288.24,105266.02,105288.23,6.47207,1258.0
2025-06-03 23:48:00,105288.23,105320.74,105288.23,105320.63,4.31457,1422.0
2025-06-03 23:49:00,105320.63,105364.14,105320.63,105332.93,10.0638,2833.0
2025-06-03 23:50:00,105332.92,105332.93,105285.71,105330.22,5.34245,2539.0
2025-06-03 23:51:00,105330.21,105330.22,105297.58,105330.21,6.56637,1864.0
2025-06-03 23:52:00,105330.22,105370.76,105303.4,105370.75,5.81794,2517.0
2025-06-03 23:53:00,105370.76,105395.06,105344.76,105395.05,6.13704,2833.0
2025-06-03 23:54:00,105395.05,105432.97,105382.76,105431.02,9.54105,1769.0
2025-06-03 23:55:00,105431.02,105431.03,105384.01,105384.01,4.61207,1189.0
2025-06-03 23:56:00,105384.01,105410.44,105384.01,105408.02,2.97051,569.0
2025-06-03 23:57:00,105408.01,105408.01,105390.04,105390.04,4.02236,923.0
2025-06-03 23:58:00,105390.05,105390.05,105354.95,105354.95,3.23402,1186.0
2025-06-03 23:59:00,105354.95,105376.9,105354.95,105376.89,3.73696,1218.0
2025-06-04 00:00:00,105376.9,105376.9,105333.33,105333.36,7.86333,2028.0
2025-06-04 00:01:00,105333.36,105400.0,105333.35,105380.93,6.55404,2121.0
2025-06-04 00:02:00,105380.93,105462.27,105380.93,105462.26,3.86324,3219.0
2025-06-04 00:03:00,105462.27,105469.54,105456.96,105456.96,4.74476,915.0
2025-06-04 00:04:00,105456.97,105479.12,105456.97,105479.11,2.91618,665.0
2025-06-04 00:05:00,105479.12,105513.82,105475.74,105513.81,13.1417,2047.0
2025-06-04 00:06:00,105513.82,105520.01,105484.27,105484.27,9.16233,1422.0
2025-06-04 00:07:00,105484.27,105484.28,105476.79,105478.4,1.70207,672.0
2025-06-04 00:08:00,105478.4,105486.35,105467.88,105484.21,3.27493,1121.0
2025-06-04 00:09:00,105484.21,105524.96,105460.0,105460.0,9.76106,2935.0
2025-06-04 00:10:00,105460.01,105460.01,105403.63,105428.69,6.54539,2091.0
2025-06-04 00:11:00,105428.69,105437.3,105403.63,105428.85,3.04665,1750.0
2025-06-04 00:12:00,105428.84,105491.47,105417.39,105417.4,7.12458,3070.0
2025-06-04 00:13:00,105417.4,105417.4,105360.0,105360.0,3.2945,1772.0
2025-06-04 00:14:00,105360.01,105379.63,105345.42,105379.63,4.58113,1392.0
2025-06-04 00:15:00,105379.63,105457.8,105379.62,105457.8,4.09843,3101.0
2025-06-04 00:16:00,105457.8,105468.52,105457.79,105457.79,3.61952,1012.0
2025-06-04 00:17:00,105457.79,105457.8,105428.99,105436.17,4.51154,1094.0
2025-06-04 00:18:00,105436.18,105444.06,105436.17,105444.05,1.73173,400.0
2025-06-04 00:19:00,105444.06,105509.44,105444.05,105509.44,4.05384,2423.0
2025-06-04 00:20:00,105509.44,105509.45,105476.19,105486.75,5.98725,1452.0
2025-06-04 00:21:00,105486.74,105486.75,105384.42,105402.27,8.38732,2805.0
2025-06-04 00:22:00,105402.28,105428.11,105379.0,105379.01,42.26505,2012.0
2025-06-04 00:23:00,105379.0,105384.42,105379.0,105380.96,1.79857,415.0
2025-06-04 00:24:00,105380.96,105415.1,105380.95,105410.88,11.25344,1434.0
2025-06-04 00:25:00,105410.88,105410.89,105377.49,105390.61,12.21174,761.0
2025-06-04 00:26:00,105390.61,105402.01,105384.41,105384.42,4.83042,771.0
2025-06-04 00:27:00,105384.41,105384.42,105323.4,105325.03,6.98772,1675.0
2025-06-04 00:28:00,105325.04,105336.66,105325.04,105334.64,1.24179,637.0
2025-06-04 00:29:00,105334.65,105334.65,105288.0,105288.01,11.00881,1167.0
2025-06-04 00:30:00,105288.01,105293.7,105274.67,105274.68,4.73149,1297.0
2025-06-04 00:31:00,105274.68,105277.37,105244.11,105257.56,12.43561,2735.0
2025-06-04 00:32:00,105257.56,105308.3,105248.02,105295.29,10.93352,1470.0
2025-06-04 00:33:00,105295.29,105295.29,105264.01,105264.01,5.08898,1256.0
2025-06-04 00:34:00,105264.02,105319.25,105264.01,105307.11,4.41778,2061.0
2025-06-04 00:35:00,105307.12,105309.27,105296.57,105296.58,9.89957,1305.0
2025-06-04 00:36:00,105296.57,105296.58,105226.41,105228.62,16.97266,1961.0
2025-06-04 00:37:00,105228.62,105250.01,105228.61,105250.0,9.5658,1271.0
2025-06-04 00:38:00,105250.0,105315.09,105250.0,105250.01,9.61397,3741.0
2025-06-04 00:39:00,105250.0,105267.26,105229.21,105229.21,7.09073,3146.0
2025-06-04 00:40:00,105229.22,105229.22,105132.27,105136.08,46.10299,3945.0
2025-06-04 00:41:00,105136.08,105193.61,105132.3,105193.6,8.30831,2138.0
2025-06-04 00:42:00,105193.61,105207.85,105160.0,105178.96,9.93324,2072.0
2025-06-04 00:43:00,105178.96,105212.47,105178.95,105212.46,3.18106,1276.0
2025-06-04 00:44:00,105212.47,105238.1,105212.46,105238.09,4.47155,1084.0
2025-06-04 00:45:00,105238.1,105307.41,105238.09,105307.4,4.83846,2775.0
2025-06-04 00:46:00,105307.41,105307.41,105229.16,105249.31,7.42956,2527.0
2025-06-04 00:47:00,105249.3,105355.71,105239.34,105334.39,18.35749,3338.0
2025-06-04 00:48:00,105334.39,105349.48,105333.39,105349.47,5.67675,796.0
2025-06-04 00:49:00,105349.47,105359.25,105339.39,105358.23,4.50024,1316.0
2025-06-04 00:50:00,105358.24,105398.4,105358.23,105398.4,3.8897,1715.0
2025-06-04 00:51:00,105398.4,105415.1,105380.95,105401.0,4.47764,1869.0
2025-06-04 00:52:00,105401.01,105439.02,105401.0,105428.57,6.9844,1575.0
2025-06-04 00:53:00,105428.57,105453.37,105428.57,105453.37,1.61727,699.0
2025-06-04 00:54:00,105453.37,105464.85,105453.36,105464.84,1.11041,463.0
2025-06-04 00:55:00,105464.84,105464.85,105440.0,105440.0,3.81524,693.0
2025-06-04 00:56:00,105440.01,105440.01,105413.42,105432.52,5.79499,1157.0
2025-06-04 00:57:00,105432.52,105476.2,105432.52,105476.19,48.56968,1132.0
2025-06-04 00:58:00,105476.19,105476.2,105466.2,105466.2,1.70699,359.0
2025-06-04 00:59:00,105466.21,105476.2,105466.2,105476.2,0.91842,382.0
2025-06-04 01:00:00,105476.2,105509.44,105466.2,105509.44,6.06031,1219.0
2025-06-04 01:01:00,105509.43,105599.99,105509.43,105599.99,12.84517,1788.0
2025-06-04 01:02:00,105599.99,105603.78,105592.79,105603.77,3.7054,1217.0
2025-06-04 01:03:00,105603.78,105619.05,105603.77,105619.05,3.24442,689.0
2025-06-04 01:04:00,105619.04,105632.6,105619.04,105632.59,1.78199,596.0
2025-06-04 01:05:00,105632.6,105635.62,105602.12,105610.46,13.65351,2150.0
2025-06-04 01:06:00,105610.45,105630.48,105607.54,105624.44,4.62199,2491.0
2025-06-04 01:07:00,105624.44,105624.44,105612.1,105612.1,1.05138,520.0
2025-06-04 01:08:00,105612.1,105640.0,105599.35,105639.99,5.05755,1427.0
2025-06-04 01:09:00,105639.99,105660.69,105615.63,105656.4,10.3992,1866.0
2025-06-04 01:10:00,105656.4,105656.41,105626.0,105626.01,4.1219,1408.0
2025-06-04 01:11:00,105626.01,105654.41,105626.0,105654.4,4.36719,640.0
2025-06-04 01:12:00,105654.4,105666.67,105654.4,105666.66,4.4445,609.0
2025-06-04 01:13:00,105666.67,105666.67,105610.27,105610.28,10.00048,2454.0
2025-06-04 01:14:00,105610.27,105632.17,105610.27,105632.16,4.89289,464.0
2025-06-04 01:15:00,105632.17,105632.17,105584.0,105584.0,9.29355,2356.0
2025-06-04 01:16:00,105584.01,105612.46,105560.43,105612.45,10.28323,2729.0
2025-06-04 01:17:00,105612.45,105614.62,105578.26,105578.26,8.485,2793.0
2025-06-04 01:18:00,105578.26,105578.26,105523.8,105526.94,4.51382,2903.0
2025-06-04 01:19:00,105526.94,105579.99,105526.94,105562.68,8.46547,2387.0
2025-06-04 01:20:00,105562.68,105562.69,105540.69,105540.69,5.35133,1459.0
2025-06-04 01:21:00,105540.69,105566.01,105540.69,105566.0,3.91393,1172.0
2025-06-04 01:22:00,105566.0,105600.0,105566.0,105574.53,11.66506,3175.0
2025-06-04 01:23:00,105574.54,105574.54,105574.53,105574.54,3.8238,522.0
2025-06-04 01:24:00,105574.54,105681.26,105574.53,105681.26,13.13223,2111.0
2025-06-04 01:25:00,105681.25,105714.29,105681.25,105709.97,9.49313,2120.0
2025-06-04 01:26:00,105709.98,105740.0,105709.97,105719.41,15.26207,1496.0
2025-06-04 01:27:00,105719.41,105719.42,105692.43,105698.12,7.6661,1180.0
2025-06-04 01:28:00,105698.12,105698.12,105679.2,105679.2,8.25316,1066.0
2025-06-04 01:29:00,105679.21,105686.64,105668.64,105686.64,6.44589,1175.0
2025-06-04 01:30:00,105686.63,105686.64,105637.28,105637.28,8.4877,2237.0
2025-06-04 01:31:00,105637.28,105637.29,105604.39,105609.68,8.64995,2196.0
2025-06-04 01:32:00,105609.69,105615.09,105609.68,105615.09,3.96842,441.0
2025-06-04 01:33:00,105615.08,105615.09,105609.68,105609.69,6.85343,737.0
2025-06-04 01:34:00,105609.68,105609.69,105598.1,105598.11,5.1756,761.0
2025-06-04 01:35:00,105598.1,105598.11,105509.43,105510.96,13.73255,2285.0
2025-06-04 01:36:00,105510.96,105526.62,105510.96,105524.92,7.4825,1183.0
2025-06-04 01:37:00,105524.93,105570.93,105524.92,105567.7,6.81952,1518.0
2025-06-04 01:38:00,105567.71,105567.71,105509.43,105530.88,16.01378,2534.0
2025-06-04 01:39:00,105530.87,105555.59,105530.87,105543.91,9.34885,1191.0
2025-06-04 01:40:00,105543.91,105556.14,105530.87,105530.87,6.79692,1360.0
2025-06-04 01:41:00,105530.87,105549.54,105530.87,105549.53,2.65297,566.0
2025-06-04 01:42:00,105549.53,105562.71,105549.53,105562.71,3.49444,509.0
2025-06-04 01:43:00,105562.71,105586.97,105562.7,105586.96,7.3236,689.0
2025-06-04 01:44:00,105586.97,105597.16,105579.99,105597.16,7.37904,796.0
2025-06-04 01:45:00,105597.16,105650.06,105597.15,105650.05,4.63355,1582.0
2025-06-04 01:46:00,105650.05,105650.06,105470.86,105492.19,22.05116,5385.0
2025-06-04 01:47:00,105492.19,105492.2,105422.59,105439.87,9.27296,2373.0
2025-06-04 01:48:00,105439.88,105492.67,105439.87,105492.66,5.54471,1636.0
2025-06-04 01:49:00,105492.67,105523.81,105492.66,105511.22,8.11253,1325.0
2025-06-04 01:50:00,105511.22,105530.98,105511.22,105530.97,3.37032,670.0
2025-06-04 01:51:00,105530.97,105530.98,105522.99,105522.99,3.72724,750.0
2025-06-04 01:52:00,105522.99,105539.46,105483.49,105513.8,14.13655,2308.0
2025-06-04 01:53:00,105513.8,105556.61,105513.8,105556.6,1.63128,1025.0
2025-06-04 01:54:00,105556.61,105600.0,105556.6,105569.06,6.03459,2853.0
2025-06-04 01:55:00,105569.06,105569.07,105525.95,105525.95,3.90856,2662.0
2025-06-04 01:56:00,105525.96,105525.96,105513.77,105525.68,7.4964,887.0
2025-06-04 01:57:00,105525.68,105571.43,105525.68,105571.42,2.70814,1253.0
2025-06-04 01:58:00,105571.43,105571.43,105542.87,105556.51,13.3027,1462.0
2025-06-04 01:59:00,105556.51,105598.68,105556.51,105592.9,6.53115,1108.0
2025-06-04 02:00:00,105592.9,105616.97,105592.9,105616.96,5.53011,1286.0
2025-06-04 02:01:00,105616.96,105616.97,105593.58,105600.03,5.91718,2010.0
2025-06-04 02:02:00,105600.02,105639.99,105600.02,105639.98,1.74052,972.0
2025-06-04 02:03:00,105639.98,105675.45,105639.98,105672.09,3.3166,1672.0
2025-06-04 02:04:00,105672.09,105706.75,105672.08,105706.75,4.79858,1056.0
2025-06-04 02:05:00,105706.74,105706.75,105654.57,105654.58,5.93331,2053.0
2025-06-04 02:06:00,105654.58,105700.0,105654.57,105683.65,2.85949,1215.0
2025-06-04 02:07:00,105683.65,105711.18,105672.09,105711.17,3.231,1414.0
2025-06-04 02:08:00,105711.18,105777.34,105680.0,105766.76,20.75099,2377.0
2025-06-04 02:09:00,105766.76,105839.63,105766.75,105835.37,12.59046,2366.0
2025-06-04 02:10:00,105835.37,105835.37,105821.17,105821.18,3.07947,652.0
2025-06-04 02:11:00,105821.18,105821.18,105789.3,105792.46,1.32193,735.0
2025-06-04 02:12:00,105792.46,105792.46,105768.35,105779.99,2.82936,979.0
2025-06-04 02:13:00,105779.99,105792.13,105761.91,105792.12,3.82469,1447.0
2025-06-04 02:14:00,105792.13,105792.13,105772.11,105772.12,1.30487,738.0
2025-06-04 02:15:00,105772.12,105792.12,105767.29,105767.29,1.96871,823.0
2025-06-04 02:16:00,105767.3,105817.93,105767.29,105788.52,4.02669,1393.0
2025-06-04 02:17:00,105788.51,105788.52,105701.07,105701.07,2.82891,1957.0
2025-06-04 02:18:00,105701.08,105712.88,105698.11,105700.33,3.62231,1224.0
2025-06-04 02:19:00,105700.34,105783.25,105700.33,105740.81,15.03425,2333.0
2025-06-04 02:20:00,105740.82,105765.73,105725.65,105761.08,4.89215,1483.0
2025-06-04 02:21:00,105761.08,105761.08,105744.34,105744.34,6.17189,1111.0
2025-06-04 02:22:00,105744.34,105774.13,105715.09,105774.12,2.40882,1776.0
2025-06-04 02:23:00,105774.12,105774.13,105698.11,105700.01,14.14318,3395.0
2025-06-04 02:24:00,105700.01,105708.41,105673.88,105677.81,2.51595,2251.0
2025-06-04 02:25:00,105677.8,105677.81,105636.26,105636.26,4.19858,1277.0
2025-06-04 02:26:00,105636.27,105649.99,105636.26,105649.98,1.13611,401.0
2025-06-04 02:27:00,105649.99,105649.99,105636.27,105636.28,1.82586,620.0
2025-06-04 02:28:00,105636.28,105658.74,105609.71,105632.4,8.28044,1426.0
2025-06-04 02:29:00,105632.41,105646.13,105632.4,105646.13,1.11408,414.0
2025-06-04 02:30:00,105646.13,105646.13,105636.43,105636.43,1.38614,578.0
2025-06-04 02:31:00,105636.44,105654.57,105636.44,105654.57,1.02874,505.0
2025-06-04 02:32:00,105654.57,105674.14,105654.57,105664.97,2.03115,1122.0
2025-06-04 02:33:00,105664.98,105664.98,105640.0,105640.01,3.59834,973.0
2025-06-04 02:34:00,105640.01,105659.51,105640.0,105659.51,4.36622,1433.0
2025-06-04 02:35:00,105659.51,105660.68,105626.31,105626.31,4.08549,1729.0
2025-06-04 02:36:00,105626.31,105627.01,105603.77,105613.69,3.24596,2613.0
2025-06-04 02:37:00,105613.7,105613.7,105560.01,105560.01,4.33483,2024.0
2025-06-04 02:38:00,105560.02,105572.77,105484.66,105484.67,9.28846,2623.0
2025-06-04 02:39:00,105484.67,105492.43,105456.14,105492.42,5.05824,1684.0
2025-06-04 02:40:00,105492.42,105492.43,105466.6,105466.61,1.92076,1149.0
2025-06-04 02:41:00,105466.6,105478.72,105466.6,105476.2,1.55504,541.0
2025-06-04 02:42:00,105476.19,105478.71,105460.87,105475.53,4.74543,1191.0
2025-06-04 02:43:00,105475.54,105523.81,105475.53,105509.06,2.69162,1480.0
2025-06-04 02:44:00,105509.06,105509.06,105476.29,105501.83,3.72713,1211.0
2025-06-04 02:45:00,105501.82,105527.88,105487.47,105527.87,4.37761,1228.0
2025-06-04 02:46:00,105527.87,105546.28,105527.87,105546.27,2.61316,551.0
2025-06-04 02:47:00,105546.27,105546.28,105546.27,105546.27,1.26566,189.0
2025-06-04 02:48:00,105546.28,105546.28,105517.61,105517.61,5.41669,871.0
2025-06-04 02:49:00,105517.62,105517.62,105506.36,105506.36,1.78595,1066.0
2025-06-04 02:50:00,105506.37,105506.37,105506.36,105506.36,1.83953,253.0
2025-06-04 02:51:00,105506.37,105506.37,105506.36,105506.36,1.11872,285.0
2025-06-04 02:52:00,105506.37,105506.37,105473.52,105473.53,2.66092,1475.0
2025-06-04 02:53:00,105473.52,105473.53,105415.09,105438.82,13.09645,2308.0
2025-06-04 02:54:00,105438.82,105456.82,105438.82,105456.81,3.07339,596.0
2025-06-04 02:55:00,105456.81,105456.82,105456.81,105456.81,1.32027,307.0
2025-06-04 02:56:00,105456.82,105472.65,105456.81,105472.64,1.36214,605.0
2025-06-04 02:57:00,105472.64,105496.22,105472.64,105484.64,1.74451,1084.0
2025-06-04 02:58:00,105484.65,105484.65,105476.21,105476.22,2.305,557.0
2025-06-04 02:59:00,105476.22,105476.22,105476.21,105476.22,0.70223,152.0
2025-06-04 03:00:00,105476.22,105498.99,105476.21,105489.04,5.06493,1218.0
2025-06-04 03:01:00,105489.05,105506.68,105489.04,105502.96,4.37295,989.0
2025-06-04 03:02:00,105502.96,105502.96,105444.32,105494.47,5.74459,2618.0
2025-06-04 03:03:00,105494.48,105584.73,105489.41,105574.83,15.17676,2568.0
2025-06-04 03:04:00,105574.83,105610.16,105574.82,105610.16,7.40933,1262.0
2025-06-04 03:05:00,105610.16,105632.73,105589.61,105595.33,4.93401,1730.0
2025-06-04 03:06:00,105595.33,105595.33,105567.16,105582.91,6.44667,940.0
2025-06-04 03:07:00,105582.91,105582.91,105564.55,105579.2,3.76193,732.0
2025-06-04 03:08:00,105579.21,105612.92,105579.2,105612.91,1.57679,1294.0
2025-06-04 03:09:00,105612.91,105640.81,105612.91,105630.91,3.63295,1079.0
2025-06-04 03:10:00,105630.92,105698.12,105630.91,105689.95,3.28949,1871.0
2025-06-04 03:11:00,105689.96,105689.96,105661.39,105674.65,7.09728,1115.0
2025-06-04 03:12:00,105674.65,105674.65,105624.0,105642.97,3.91292,1448.0
2025-06-04 03:13:00,105642.97,105642.97,105619.04,105619.04,1.72122,535.0
2025-06-04 03:14:00,105619.05,105626.93,105616.0,105626.92,14.45685,626.0
2025-06-04 03:15:00,105626.93,105698.12,105626.93,105691.83,17.43654,1931.0
2025-06-04 03:16:00,105691.84,105712.84,105650.94,105664.13,21.47667,2587.0
2025-06-04 03:17:00,105664.14,105691.37,105664.13,105687.12,7.5284,903.0
2025-06-04 03:18:00,105687.12,105687.12,105682.07,105687.1,0.93718,343.0
2025-06-04 03:19:00,105687.11,105732.13,105687.1,105732.13,5.8596,1761.0
2025-06-04 03:20:00,105732.13,105745.29,105732.12,105740.67,5.95173,988.0
2025-06-04 03:21:00,105740.67,105745.29,105704.64,105713.78,3.54601,1342.0
2025-06-04 03:22:00,105713.78,105713.78,105704.64,105710.63,5.47538,500.0
2025-06-04 03:23:00,105710.64,105715.21,105704.36,105704.37,1.63123,916.0
2025-06-04 03:24:00,105704.37,105704.38,105667.99,105667.99,1.52147,1511.0
2025-06-04 03:25:00,105668.0,105680.59,105667.99,105680.58,2.74625,324.0
2025-06-04 03:26:00,105680.58,105680.59,105666.7,105666.71,1.07802,429.0
2025-06-04 03:27:00,105666.7,105666.71,105666.66,105666.67,3.59807,298.0
2025-06-04 03:28:00,105666.67,105666.67,105666.66,105666.66,1.01648,207.0
2025-06-04 03:29:00,105666.66,105666.67,105620.34,105620.35,4.95104,1441.0
2025-06-04 03:30:00,105620.34,105650.5,105620.34,105645.49,5.62741,1328.0
2025-06-04 03:31:00,105645.49,105645.5,105581.35,105581.35,3.06011,1198.0
2025-06-04 03:32:00,105581.36,105614.67,105581.36,105614.67,4.17512,673.0
2025-06-04 03:33:00,105614.67,105630.44,105614.67,105625.98,1.30096,539.0
2025-06-04 03:34:00,105625.99,105650.95,105620.0,105620.0,4.99369,1136.0
2025-06-04 03:35:00,105620.01,105638.64,105610.48,105638.64,2.21609,793.0
2025-06-04 03:36:00,105638.64,105646.31,105638.63,105646.3,0.95724,247.0
2025-06-04 03:37:00,105646.31,105646.31,105619.08,105639.98,1.99315,981.0
2025-06-04 03:38:00,105639.98,105639.99,105639.98,105639.98,1.44377,122.0
2025-06-04 03:39:00,105639.98,105666.66,105639.98,105666.66,2.05431,676.0
2025-06-04 03:40:00,105666.67,105709.64,105666.66,105688.71,9.99605,3371.0
2025-06-04 03:41:00,105688.71,105688.72,105680.0,105680.0,0.70562,400.0
2025-06-04 03:42:00,105680.0,105688.72,105680.0,105680.3,2.26082,450.0
2025-06-04 03:43:00,105680.31,105680.31,105660.0,105660.0,0.9917,787.0
2025-06-04 03:44:00,105660.0,105660.01,105604.85,105604.85,19.67213,2098.0
2025-06-04 03:45:00,105604.85,105613.66,105580.1,105593.31,14.15407,2757.0
2025-06-04 03:46:00,105593.31,105603.78,105593.31,105603.77,2.06612,355.0
2025-06-04 03:47:00,105603.78,105615.98,105582.09,105582.1,2.71222,1446.0
2025-06-04 03:48:00,105582.09,105582.1,105556.6,105556.6,1.02737,893.0
2025-06-04 03:49:00,105556.61,105556.61,105523.8,105540.91,5.91983,1136.0
2025-06-04 03:50:00,105540.92,105564.43,105540.91,105564.42,1.92204,1470.0
2025-06-04 03:51:00,105564.43,105576.62,105564.43,105566.97,2.38511,637.0
2025-06-04 03:52:00,105566.98,105574.58,105566.97,105574.58,0.97124,228.0
2025-06-04 03:53:00,105574.57,105580.0,105574.57,105580.0,0.41147,338.0
2025-06-04 03:54:00,105579.99,105591.19,105579.99,105591.19,1.21441,428.0
2025-06-04 03:55:00,105591.19,105591.19,105560.0,105560.01,1.94931,823.0
2025-06-04 03:56:00,105560.01,105560.01,105531.49,105531.49,1.16328,939.0
2025-06-04 03:57:00,105531.5,105531.5,105531.49,105531.49,0.40472,158.0
2025-06-04 03:58:00,105531.5,105531.5,105517.1,105528.83,1.85959,793.0
2025-06-04 03:59:00,105528.82,105528.83,105519.26,105519.27,7.72354,484.0
2025-06-04 04:00:00,105519.26,105554.64,105519.26,105554.64,6.0603,1110.0
2025-06-04 04:01:00,105554.63,105556.61,105549.73,105549.74,3.34956,711.0
2025-06-04 04:02:00,105549.74,105549.74,105501.34,105505.99,5.5342,1556.0
2025-06-04 04:03:00,105505.99,105556.5,105505.98,105556.49,10.87753,3063.0
2025-06-04 04:04:00,105556.49,105565.1,105556.49,105565.1,0.68038,471.0
2025-06-04 04:05:00,105565.1,105579.99,105559.69,105559.69,2.85257,759.0
2025-06-04 04:06:00,105559.7,105559.7,105540.92,105548.98,3.0178,991.0
2025-06-04 04:07:00,105548.98,105548.99,105527.87,105527.87,4.60183,1144.0
2025-06-04 04:08:00,105527.87,105527.87,105523.82,105523.82,0.53401,228.0
2025-06-04 04:09:00,105523.83,105541.63,105516.19,105541.63,4.25171,1285.0
2025-06-04 04:10:00,105541.63,105571.43,105541.63,105564.48,5.55131,1618.0
2025-06-04 04:11:00,105564.47,105564.48,105550.2,105550.2,2.51076,651.0
2025-06-04 04:12:00,105550.2,105561.52,105523.83,105523.84,4.53386,1383.0
2025-06-04 04:13:00,105523.84,105523.84,105523.82,105523.83,6.40718,279.0
2025-06-04 04:14:00,105523.83,105533.14,105523.82,105533.13,4.59299,373.0
2025-06-04 04:15:00,105533.13,105533.14,105528.09,105528.1,5.285,356.0
2025-06-04 04:16:00,105528.1,105528.1,105501.77,105501.78,3.45163,937.0
2025-06-04 04:17:00,105501.78,105533.14,105501.77,105533.13,3.51289,905.0
2025-06-04 04:18:00,105533.13,105533.14,105524.86,105524.86,1.38587,425.0
2025-06-04 04:19:00,105524.86,105546.73,105524.86,105532.41,9.2638,967.0
2025-06-04 04:20:00,105532.41,105532.42,105482.47,105519.2,14.58737,2153.0
2025-06-04 04:21:00,105519.2,105540.65,105514.62,105540.64,4.9784,1123.0
2025-06-04 04:22:00,105540.64,105546.72,105540.64,105546.71,3.55577,307.0
2025-06-04 04:23:00,105546.72,105587.63,105546.71,105587.63,14.4091,1345.0
2025-06-04 04:24:00,105587.63,105601.24,105579.04,105601.24,3.67357,1008.0
2025-06-04 04:25:00,105601.25,105611.96,105601.25,105611.95,1.95999,481.0
2025-06-04 04:26:00,105611.95,105611.96,105611.95,105611.95,1.37891,113.0
2025-06-04 04:27:00,105611.96,105611.96,105560.01,105560.01,5.77785,1316.0
2025-06-04 04:28:00,105560.01,105560.02,105542.76,105554.81,2.62463,819.0
2025-06-04 04:29:00,105554.82,105571.72,105554.81,105571.71,3.22315,1036.0
2025-06-04 04:30:00,105571.72,105582.27,105533.21,105533.21,6.29492,1700.0
2025-06-04 04:31:00,105533.2,105533.21,105500.48,105500.49,7.50045,1223.0
2025-06-04 04:32:00,105500.49,105500.49,105495.47,105495.47,3.24508,413.0
2025-06-04 04:33:00,105495.47,105495.48,105465.04,105465.04,6.65231,1279.0
2025-06-04 04:34:00,105465.05,105484.54,105435.83,105448.14,12.76253,2254.0
2025-06-04 04:35:00,105448.15,105448.16,105444.52,105444.52,3.25983,418.0
2025-06-04 04:36:00,105444.53,105471.81,105441.74,105466.01,10.62736,1119.0
2025-06-04 04:37:00,105466.02,105466.02,105450.81,105464.63,2.45663,859.0
2025-06-04 04:38:00,105464.64,105464.64,105456.13,105456.14,3.8635,441.0
2025-06-04 04:39:00,105456.13,105456.14,105440.0,105440.01,2.92093,501.0
2025-06-04 04:40:00,105440.01,105440.01,105440.0,105440.01,1.50408,144.0
2025-06-04 04:41:00,105440.0,105440.01,105436.42,105440.01,3.83987,609.0
2025-06-04 04:42:00,105440.0,105440.01,105436.42,105436.42,2.11931,525.0
2025-06-04 04:43:00,105436.43,105438.76,105415.09,105438.76,8.10399,1190.0
2025-06-04 04:44:00,105438.76,105451.6,105438.75,105451.59,3.37816,578.0
2025-06-04 04:45:00,105451.6,105455.58,105428.65,105428.65,3.75453,1481.0
2025-06-04 04:46:00,105428.65,105428.65,105428.64,105428.65,0.57822,195.0
2025-06-04 04:47:00,105428.64,105428.65,105418.83,105426.76,3.14435,485.0
2025-06-04 04:48:00,105426.76,105435.96,105426.76,105435.96,4.17056,706.0
2025-06-04 04:49:00,105435.96,105435.96,105435.95,105435.95,0.74606,186.0
2025-06-04 04:50:00,105435.95,105435.96,105435.95,105435.95,0.55766,189.0
2025-06-04 04:51:00,105435.95,105435.96,105404.25,105421.74,5.36435,1385.0
2025-06-04 04:52:00,105421.74,105442.71,105421.74,105442.7,4.72739,928.0
2025-06-04 04:53:00,105442.7,105446.98,105433.37,105433.37,2.27113,682.0
2025-06-04 04:54:00,105433.38,105433.38,105415.73,105415.74,2.31676,616.0
2025-06-04 04:55:00,105415.73,105415.74,105415.73,105415.73,0.84087,148.0
2025-06-04 04:56:00,105415.73,105415.74,105408.02,105408.03,0.82616,331.0
2025-06-04 04:57:00,105408.03,105421.24,105408.03,105421.23,4.93462,834.0
2025-06-04 04:58:00,105421.24,105421.24,105415.42,105415.42,0.77052,339.0
2025-06-04 04:59:00,105415.42,105415.43,105407.05,105407.05,6.25769,436.0
2025-06-04 05:00:00,105407.06,105415.1,105364.41,105388.4,12.15995,2542.0
2025-06-04 05:01:00,105388.41,105471.68,105388.41,105440.01,8.2296,4326.0
2025-06-04 05:02:00,105440.01,105440.01,105397.18,105408.54,4.69452,1774.0
2025-06-04 05:03:00,105408.54,105446.95,105408.53,105440.7,3.75618,2540.0
2025-06-04 05:04:00,105440.69,105440.7,105384.48,105384.49,54.59766,1600.0
2025-06-04 05:05:00,105384.48,105402.91,105384.48,105397.94,5.53826,944.0
2025-06-04 05:06:00,105397.94,105456.25,105397.93,105456.25,3.87759,1729.0
2025-06-04 05:07:00,105456.24,105476.2,105456.24,105469.36,3.6835,770.0
2025-06-04 05:08:00,105469.35,105469.35,105462.31,105462.31,3.90525,407.0
2025-06-04 05:09:00,105462.31,105462.32,105420.84,105425.68,9.71194,1165.0
2025-06-04 05:10:00,105425.69,105425.69,105421.73,105421.73,6.07475,318.0
2025-06-04 05:11:00,105421.74,105434.01,105421.74,105427.17,9.90817,687.0
2025-06-04 05:12:00,105427.17,105427.18,105415.09,105415.09,8.73472,890.0
2025-06-04 05:13:00,105415.09,105446.31,105415.09,105435.94,13.58199,1408.0
2025-06-04 05:14:00,105435.93,105498.93,105435.93,105497.39,65.45951,2404.0
2025-06-04 05:15:00,105497.39,105516.27,105497.39,105516.27,22.69176,1003.0
2025-06-04 05:16:00,105516.27,105519.56,105498.21,105519.56,18.99717,1036.0
2025-06-04 05:17:00,105519.55,105527.98,105506.0,105511.68,75.00863,2697.0
2025-06-04 05:18:00,105511.67,105511.68,105463.66,105483.84,29.80218,1842.0
2025-06-04 05:19:00,105483.85,105519.3,105483.85,105519.3,31.6409,1596.0
2025-06-04 05:20:00,105519.3,105530.03,105512.0,105526.66,57.499,1907.0
2025-06-04 05:21:00,105526.67,105549.03,105513.5,105513.51,27.01155,1441.0
2025-06-04 05:22:00,105513.51,105513.51,105434.67,105451.03,37.78964,2395.0
2025-06-04 05:23:00,105451.04,105465.31,105447.25,105447.25,4.41488,928.0
2025-06-04 05:24:00,105447.25,105460.31,105447.25,105447.26,8.26489,807.0
2025-06-04 05:25:00,105447.26,105474.08,105447.26,105474.07,43.02361,1362.0
2025-06-04 05:26:00,105474.07,105474.07,105461.57,105461.57,6.58557,408.0
2025-06-04 05:27:00,105461.58,105461.58,105442.41,105442.41,1.98709,516.0
2025-06-04 05:28:00,105442.41,105442.42,105367.92,105367.92,8.71249,951.0
2025-06-04 05:29:00,105367.93,105367.93,105361.0,105361.0,11.25133,511.0
2025-06-04 05:30:00,105361.01,105372.62,105361.0,105372.61,8.60812,581.0
2025-06-04 05:31:00,105372.61,105384.31,105372.61,105375.13,18.44179,878.0
2025-06-04 05:32:00,105375.13,105375.14,105372.61,105372.61,23.60454,804.0
2025-06-04 05:33:00,105372.62,105376.32,105354.37,105376.31,30.3247,1711.0
2025-06-04 05:34:00,105376.31,105388.44,105361.37,105361.37,28.50537,1531.0
2025-06-04 05:35:00,105361.38,105373.07,105353.88,105353.88,27.35371,2233.0
2025-06-04 05:36:00,105353.89,105380.0,105353.88,105363.28,30.40859,2303.0
2025-06-04 05:37:00,105363.27,105363.27,105345.97,105345.98,28.35504,1605.0
2025-06-04 05:38:00,105345.97,105349.22,105340.66,105349.22,28.98081,1065.0
2025-06-04 05:39:00,105349.22,105381.73,105349.21,105359.71,31.73017,2606.0
2025-06-04 05:40:00,105359.71,105376.66,105359.71,105375.91,29.09273,1581.0
2025-06-04 05:41:00,105375.92,105375.92,105362.11,105362.11,23.90768,1587.0
2025-06-04 05:42:00,105362.11,105372.79,105362.11,105364.55,29.0855,1535.0
2025-06-04 05:43:00,105364.55,105364.56,105345.21,105345.21,26.39628,1862.0
2025-06-04 05:44:00,105345.22,105363.12,105345.21,105359.77,27.7143,845.0
2025-06-04 05:45:00,105359.77,105382.69,105359.77,105382.69,29.04888,1466.0
2025-06-04 05:46:00,105382.69,105399.99,105382.68,105399.99,4.69855,1289.0
2025-06-04 05:47:00,105399.99,105419.67,105388.83,105419.66,9.27481,1065.0
2025-06-04 05:48:00,105419.66,105433.69,105416.68,105421.07,16.76246,1024.0
2025-06-04 05:49:00,105421.07,105452.28,105421.07,105439.13,26.91061,1392.0
2025-06-04 05:50:00,105439.12,105450.8,105439.12,105448.59,6.2417,423.0
2025-06-04 05:51:00,105448.59,105448.6,105448.59,105448.59,0.46779,113.0
2025-06-04 05:52:00,105448.6,105448.6,105448.59,105448.6,3.45397,244.0
2025-06-04 05:53:00,105448.6,105448.6,105436.0,105436.01,4.21572,452.0
2025-06-04 05:54:00,105436.01,105436.01,105428.58,105428.58,0.7309,287.0
2025-06-04 05:55:00,105428.59,105428.59,105420.03,105428.58,3.72705,443.0
2025-06-04 05:56:00,105428.58,105428.59,105420.03,105420.04,1.31569,396.0
2025-06-04 05:57:00,105420.03,105420.04,105378.01,105378.01,8.92642,1105.0
2025-06-04 05:58:00,105378.02,105378.02,105373.86,105373.86,0.63112,334.0
2025-06-04 05:59:00,105373.87,105373.87,105354.14,105354.14,10.08447,512.0
2025-06-04 06:00:00,105354.14,105378.0,105354.14,105377.99,9.2759,919.0
2025-06-04 06:01:00,105378.0,105388.8,105377.99,105388.8,2.87153,512.0
2025-06-04 06:02:00,105388.81,105394.79,105388.8,105394.79,2.12721,594.0
2025-06-04 06:03:00,105394.79,105423.81,105394.78,105423.81,4.0606,1237.0
2025-06-04 06:04:00,105423.8,105434.43,105404.63,105404.63,11.15023,920.0
2025-06-04 06:05:00,105404.64,105404.64,105404.63,105404.63,2.72871,184.0
2025-06-04 06:06:00,105404.63,105404.64,105380.95,105380.95,5.08554,640.0
2025-06-04 06:07:00,105380.96,105380.96,105367.92,105367.93,9.38541,855.0
2025-06-04 06:08:00,105367.93,105367.93,105358.0,105358.01,1.47349,782.0
2025-06-04 06:09:00,105358.0,105358.01,105337.24,105337.24,7.67713,838.0
2025-06-04 06:10:00,105337.24,105337.25,105288.59,105288.6,9.43,4391.0
2025-06-04 06:11:00,105288.6,105288.6,105272.72,105272.72,7.24082,1163.0
2025-06-04 06:12:00,105272.73,105272.73,105271.94,105271.95,5.97764,514.0
2025-06-04 06:13:00,105271.94,105305.18,105271.94,105305.18,8.92422,1306.0
2025-06-04 06:14:00,105305.19,105317.47,105304.87,105311.73,4.20919,1295.0
2025-06-04 06:15:00,105311.73,105311.74,105274.96,105274.96,3.59142,1105.0
2025-06-04 06:16:00,105274.97,105274.97,105253.81,105260.94,8.00619,898.0
2025-06-04 06:17:00,105260.94,105272.97,105260.93,105269.57,3.6553,749.0
2025-06-04 06:18:00,105269.57,105269.57,105260.5,105260.51,5.09739,558.0
2025-06-04 06:19:00,105260.51,105262.54,105260.5,105262.53,2.71478,291.0
2025-06-04 06:20:00,105262.54,105271.58,105262.53,105271.57,8.55568,601.0
2025-06-04 06:21:00,105271.58,105300.63,105271.57,105274.18,7.76227,1479.0
2025-06-04 06:22:00,105274.17,105274.18,105274.17,105274.17,1.12449,230.0
2025-06-04 06:23:00,105274.17,105274.18,105264.37,105264.37,3.69615,472.0
2025-06-04 06:24:00,105264.37,105273.58,105264.37,105273.57,2.93311,447.0
2025-06-04 06:25:00,105273.58,105273.58,105250.0,105273.57,10.24113,1288.0
2025-06-04 06:26:00,105273.57,105313.76,105257.05,105313.75,28.85192,2802.0
2025-06-04 06:27:00,105313.76,105330.45,105304.42,105304.43,11.89724,1398.0
2025-06-04 06:28:00,105304.42,105304.42,105282.17,105282.17,1.67275,710.0
2025-06-04 06:29:00,105282.17,105301.86,105282.17,105301.85,3.49497,990.0
2025-06-04 06:30:00,105301.86,105301.86,105261.36,105261.36,3.41895,821.0
2025-06-04 06:31:00,105261.36,105272.18,105259.11,105272.17,2.50943,536.0
2025-06-04 06:32:00,105272.18,105273.59,105264.6,105264.6,1.86563,339.0
2025-06-04 06:33:00,105264.6,105287.61,105264.6,105287.61,2.02709,883.0
2025-06-04 06:34:00,105287.61,105289.05,105260.13,105268.17,30.19369,1306.0
2025-06-04 06:35:00,105268.17,105283.0,105268.17,105283.0,3.27735,563.0
2025-06-04 06:36:00,105283.0,105299.04,105283.0,105287.06,3.36192,866.0
2025-06-04 06:37:00,105287.06,105287.07,105287.06,105287.06,1.21603,121.0
2025-06-04 06:38:00,105287.07,105287.07,105287.06,105287.06,1.38838,138.0
2025-06-04 06:39:00,105287.06,105332.31,105287.06,105332.31,56.47708,1878.0
2025-06-04 06:40:00,105332.31,105412.03,105332.31,105412.01,126.77765,3418.0
2025-06-04 06:41:00,105412.01,105425.71,105374.07,105425.71,79.57391,3014.0
2025-06-04 06:42:00,105424.63,105436.64,105412.18,105412.18,5.88169,732.0
2025-06-04 06:43:00,105412.18,105412.19,105399.73,105399.73,2.60466,412.0
2025-06-04 06:44:00,105399.74,105399.74,105387.83,105388.0,1.48595,274.0
2025-06-04 06:45:00,105388.01,105388.01,105388.0,105388.01,0.68038,181.0
2025-06-04 06:46:00,105388.0,105427.39,105388.0,105388.02,31.56068,1775.0
2025-06-04 06:47:00,105388.03,105388.03,105356.5,105356.5,5.13605,971.0
2025-06-04 06:48:00,105356.5,105379.57,105356.5,105379.56,4.78847,659.0
2025-06-04 06:49:00,105379.56,105379.57,105368.25,105368.25,4.81038,668.0
2025-06-04 06:50:00,105368.25,105368.26,105357.19,105357.19,2.70608,605.0
2025-06-04 06:51:00,105357.19,105371.93,105355.06,105359.92,17.43918,1277.0
2025-06-04 06:52:00,105359.91,105377.64,105359.91,105377.64,7.01439,656.0
2025-06-04 06:53:00,105377.64,105377.64,105361.43,105361.43,1.95047,535.0
2025-06-04 06:54:00,105361.43,105361.44,105323.69,105323.7,3.25692,1034.0
2025-06-04 06:55:00,105323.69,105323.7,105321.42,105321.43,2.86652,404.0
2025-06-04 06:56:00,105321.43,105321.43,105321.42,105321.43,4.1742,218.0
2025-06-04 06:57:00,105321.42,105321.43,105316.14,105316.15,2.02344,745.0
2025-06-04 06:58:00,105316.15,105316.15,105293.71,105301.02,5.95104,827.0
2025-06-04 06:59:00,105301.02,105301.03,105301.02,105301.02,2.26888,149.0
2025-06-04 07:00:00,105301.03,105351.57,105301.02,105349.42,11.62046,1365.0
2025-06-04 07:01:00,105349.42,105361.62,105349.42,105361.62,8.3271,713.0
2025-06-04 07:02:00,105361.62,105361.62,105340.0,105350.74,4.18733,940.0
2025-06-04 07:03:00,105350.75,105364.45,105350.74,105364.45,2.70907,488.0
2025-06-04 07:04:00,105364.45,105364.45,105348.36,105348.36,1.98521,714.0
2025-06-04 07:05:00,105348.36,105358.33,105337.85,105358.33,6.86392,1046.0
2025-06-04 07:06:00,105358.32,105358.33,105345.88,105345.89,1.44187,285.0
2025-06-04 07:07:00,105345.89,105367.93,105345.88,105367.92,4.32297,637.0
2025-06-04 07:08:00,105367.92,105367.92,105352.77,105352.77,1.04357,540.0
2025-06-04 07:09:00,105352.78,105352.78,105343.45,105343.45,1.27622,441.0
2025-06-04 07:10:00,105343.46,105343.46,105301.58,105301.58,2.31489,1075.0
2025-06-04 07:11:00,105301.58,105340.51,105301.58,105340.51,11.34814,1062.0
2025-06-04 07:12:00,105340.5,105340.51,105335.96,105335.96,6.26882,350.0
2025-06-04 07:13:00,105335.96,105338.28,105335.96,105338.27,12.86458,439.0
2025-06-04 07:14:00,105338.27,105338.28,105307.39,105313.65,3.81514,733.0
2025-06-04 07:15:00,105313.65,105313.65,105303.39,105303.39,2.92593,584.0
2025-06-04 07:16:00,105303.4,105303.4,105294.28,105294.28,11.65463,359.0
2025-06-04 07:17:00,105294.28,105294.29,105294.28,105294.29,1.78419,182.0
2025-06-04 07:18:00,105294.29,105320.76,105294.28,105320.75,3.99503,720.0
2025-06-04 07:19:00,105320.76,105320.76,105320.75,105320.75,1.25147,193.0
2025-06-04 07:20:00,105320.75,105320.76,105310.22,105310.23,1.2495,518.0
2025-06-04 07:21:00,105310.23,105349.79,105310.22,105349.78,2.90288,1252.0
2025-06-04 07:22:00,105349.78,105360.67,105349.78,105360.67,2.70073,1069.0
2025-06-04 07:23:00,105360.66,105360.67,105350.38,105350.38,2.02826,378.0
2025-06-04 07:24:00,105350.39,105350.39,105330.0,105330.0,3.00975,644.0
2025-06-04 07:25:00,105330.0,105330.01,105274.94,105274.95,6.90172,1591.0
2025-06-04 07:26:00,105274.95,105307.48,105264.23,105285.71,10.78692,1500.0
2025-06-04 07:27:00,105285.71,105285.72,105270.95,105270.95,1.67092,355.0
2025-06-04 07:28:00,105270.96,105270.96,105270.95,105270.96,1.04482,175.0
2025-06-04 07:29:00,105270.96,105294.45,105270.95,105294.45,3.71056,979.0
2025-06-04 07:30:00,105294.44,105294.45,105294.44,105294.45,0.47209,171.0
2025-06-04 07:31:00,105294.44,105294.45,105285.71,105285.71,1.71364,516.0
2025-06-04 07:32:00,105285.71,105300.0,105285.71,105299.99,5.38354,730.0
2025-06-04 07:33:00,105299.99,105323.01,105299.99,105323.01,4.25221,575.0
2025-06-04 07:34:00,105323.0,105340.92,105310.63,105324.73,9.23709,1323.0
2025-06-04 07:35:00,105324.73,105324.73,105296.05,105296.06,3.74819,1231.0
2025-06-04 07:36:00,105296.05,105300.0,105296.05,105300.0,1.71062,372.0
2025-06-04 07:37:00,105299.99,105348.64,105299.99,105348.63,5.14082,1491.0
2025-06-04 07:38:00,105348.64,105348.64,105319.92,105319.92,3.42369,975.0
2025-06-04 07:39:00,105319.92,105319.93,105319.92,105319.92,0.84694,200.0
2025-06-04 07:40:00,105319.92,105319.93,105319.92,105319.93,1.01577,265.0
2025-06-04 07:41:00,105319.92,105319.93,105319.92,105319.92,0.84569,168.0
2025-06-04 07:42:00,105319.92,105319.92,105290.0,105290.01,3.77556,716.0
2025-06-04 07:43:00,105290.0,105299.51,105290.0,105299.51,3.98515,490.0
2025-06-04 07:44:00,105299.5,105311.55,105299.5,105311.54,2.93678,522.0
2025-06-04 07:45:00,105311.55,105337.32,105311.54,105337.31,2.09865,925.0
2025-06-04 07:46:00,105337.31,105349.69,105337.31,105349.69,6.29609,608.0
2025-06-04 07:47:00,105349.68,105349.69,105342.05,105342.05,2.7817,412.0
2025-06-04 07:48:00,105342.06,105367.93,105342.05,105367.92,2.42621,820.0
2025-06-04 07:49:00,105367.92,105397.95,105367.92,105397.95,7.37016,1457.0
2025-06-04 07:50:00,105397.95,105427.84,105397.94,105427.84,8.93172,1579.0
2025-06-04 07:51:00,105427.83,105469.0,105406.94,105406.96,20.72131,2358.0
2025-06-04 07:52:00,105406.95,105406.96,105401.34,105401.34,1.23213,416.0
2025-06-04 07:53:00,105401.34,105401.35,105388.66,105388.67,1.29286,428.0
2025-06-04 07:54:00,105388.66,105388.67,105385.0,105385.01,0.63517,354.0
2025-06-04 07:55:00,105385.0,105385.01,105347.87,105347.88,2.66966,1432.0
2025-06-04 07:56:00,105347.88,105347.88,105342.7,105342.7,2.39249,506.0
2025-06-04 07:57:00,105342.7,105342.71,105342.7,105342.7,0.46315,158.0
2025-06-04 07:58:00,105342.7,105342.71,105342.7,105342.71,0.89707,146.0
2025-06-04 07:59:00,105342.7,105342.71,105320.75,105320.75,1.21111,886.0
2025-06-04 08:00:00,105320.75,105350.49,105320.75,105350.48,4.35446,770.0
2025-06-04 08:01:00,105350.49,105363.5,105350.47,105363.49,2.08517,709.0
2025-06-04 08:02:00,105363.49,105363.7,105363.49,105363.7,1.9112,387.0
2025-06-04 08:03:00,105363.69,105363.7,105345.76,105345.76,4.28198,740.0
2025-06-04 08:04:00,105345.77,105345.77,105345.76,105345.76,1.40505,205.0
2025-06-04 08:05:00,105345.77,105351.31,105345.76,105347.63,3.08175,513.0
2025-06-04 08:06:00,105347.64,105351.21,105347.63,105351.2,7.90475,329.0
2025-06-04 08:07:00,105351.2,105367.93,105351.2,105367.92,2.19449,496.0
2025-06-04 08:08:00,105367.93,105399.79,105347.63,105390.4,9.70417,1657.0
2025-06-04 08:09:00,105390.39,105406.94,105383.67,105406.93,34.96101,1466.0
2025-06-04 08:10:00,105406.93,105410.76,105340.0,105340.0,6.19008,2161.0
2025-06-04 08:11:00,105340.0,105340.01,105339.99,105339.99,12.86245,318.0
2025-06-04 08:12:00,105339.99,105359.8,105339.99,105359.79,3.37777,714.0
2025-06-04 08:13:00,105359.79,105388.0,105359.79,105374.02,4.53062,1095.0
2025-06-04 08:14:00,105374.03,105380.8,105374.02,105380.79,1.22408,290.0
2025-06-04 08:15:00,105380.79,105380.8,105346.52,105346.53,3.50936,1177.0
2025-06-04 08:16:00,105346.53,105377.98,105346.52,105377.98,3.2755,944.0
2025-06-04 08:17:00,105377.98,105387.99,105377.97,105387.99,0.92091,385.0
2025-06-04 08:18:00,105387.99,105493.75,105387.99,105479.33,12.08368,2432.0
2025-06-04 08:19:00,105479.32,105499.99,105444.75,105499.98,6.80952,1866.0
2025-06-04 08:20:00,105499.98,105499.99,105491.05,105491.06,2.55607,384.0
2025-06-04 08:21:00,105491.06,105491.06,105470.93,105481.31,5.59854,1130.0
2025-06-04 08:22:00,105481.31,105481.31,105479.91,105479.91,2.52984,259.0
2025-06-04 08:23:00,105479.91,105479.92,105479.91,105479.92,1.02979,224.0
2025-06-04 08:24:00,105479.92,105530.92,105479.91,105530.91,21.56523,1474.0
2025-06-04 08:25:00,105530.91,105585.45,105530.91,105555.79,28.09208,2470.0
2025-06-04 08:26:00,105555.79,105555.8,105540.0,105540.01,8.34904,1026.0
2025-06-04 08:27:00,105540.01,105545.19,105523.8,105523.8,12.06548,1235.0
2025-06-04 08:28:00,105523.8,105523.8,105510.0,105510.0,3.56894,1004.0
2025-06-04 08:29:00,105510.01,105525.82,105510.0,105525.81,13.80511,576.0
2025-06-04 08:30:00,105525.81,105525.81,105510.02,105510.03,1.07031,789.0
2025-06-04 08:31:00,105510.02,105510.03,105510.02,105510.02,4.39427,256.0
2025-06-04 08:32:00,105510.02,105518.31,105504.0,105504.0,6.34114,949.0
2025-06-04 08:33:00,105504.01,105504.01,105484.08,105484.08,5.47607,896.0
2025-06-04 08:34:00,105484.09,105484.09,105484.08,105484.08,3.86944,442.0
2025-06-04 08:35:00,105484.08,105485.93,105477.52,105485.92,4.91006,1197.0
2025-06-04 08:36:00,105485.93,105485.93,105485.92,105485.92,0.53299,140.0
2025-06-04 08:37:00,105485.92,105485.93,105441.85,105458.76,18.48305,1569.0
2025-06-04 08:38:00,105458.75,105482.38,105458.75,105482.37,1.84744,820.0
2025-06-04 08:39:00,105482.37,105505.39,105482.37,105505.38,2.57219,1214.0
2025-06-04 08:40:00,105505.39,105505.39,105496.16,105496.16,2.65207,424.0
2025-06-04 08:41:00,105496.16,105496.17,105476.7,105476.7,3.6521,869.0
2025-06-04 08:42:00,105476.71,105476.71,105476.7,105476.71,3.70339,402.0
2025-06-04 08:43:00,105476.7,105476.7,105464.64,105464.65,1.67634,452.0
2025-06-04 08:44:00,105464.65,105464.65,105443.92,105443.92,4.25763,626.0
2025-06-04 08:45:00,105443.93,105464.62,105443.93,105464.61,3.68633,692.0
2025-06-04 08:46:00,105464.62,105476.7,105464.61,105464.62,3.49659,833.0
2025-06-04 08:47:00,105464.61,105484.0,105464.61,105483.99,2.23617,512.0
2025-06-04 08:48:00,105484.0,105493.56,105472.13,105493.55,4.81998,968.0
2025-06-04 08:49:00,105493.55,105493.56,105472.14,105472.14,3.7736,871.0
2025-06-04 08:50:00,105472.14,105472.15,105452.36,105452.36,2.78038,925.0
2025-06-04 08:51:00,105452.37,105452.37,105452.36,105452.36,3.81607,257.0
2025-06-04 08:52:00,105452.36,105472.14,105452.36,105472.14,4.78282,651.0
2025-06-04 08:53:00,105472.14,105472.14,105472.13,105472.13,2.92199,178.0
2025-06-04 08:54:00,105472.14,105472.14,105472.13,105472.13,4.06086,292.0
2025-06-04 08:55:00,105472.13,105472.14,105455.29,105455.3,7.83437,565.0
2025-06-04 08:56:00,105455.3,105455.3,105444.94,105444.95,6.2376,545.0
2025-06-04 08:57:00,105444.95,105471.7,105444.94,105471.7,3.99024,876.0
2025-06-04 08:58:00,105471.69,105471.7,105435.92,105435.93,4.19813,1046.0
2025-06-04 08:59:00,105435.93,105435.93,105435.92,105435.93,1.43417,170.0
2025-06-04 09:00:00,105435.93,105450.71,105435.92,105450.71,3.04122,543.0
2025-06-04 09:01:00,105450.7,105473.71,105450.7,105473.71,3.87933,800.0
2025-06-04 09:02:00,105473.71,105495.83,105473.7,105495.82,3.3575,913.0
2025-06-04 09:03:00,105495.83,105495.83,105466.77,105466.78,2.55222,839.0
2025-06-04 09:04:00,105466.78,105466.78,105450.0,105450.01,2.78511,671.0
2025-06-04 09:05:00,105450.0,105450.0,105440.0,105440.0,13.49541,386.0
2025-06-04 09:06:00,105440.0,105440.0,105401.44,105434.53,10.34149,1904.0
2025-06-04 09:07:00,105434.53,105434.54,105372.92,105384.83,5.25437,1929.0
2025-06-04 09:08:00,105384.84,105384.84,105353.08,105368.76,17.27093,683.0
2025-06-04 09:09:00,105368.77,105368.77,105368.76,105368.77,3.22673,195.0
2025-06-04 09:10:00,105368.76,105368.77,105368.76,105368.77,2.24361,143.0
2025-06-04 09:11:00,105368.76,105440.0,105368.76,105436.61,10.27083,1129.0
2025-06-04 09:12:00,105436.61,105436.62,105405.64,105405.64,8.6421,1229.0
2025-06-04 09:13:00,105405.64,105405.64,105376.0,105399.99,11.9976,1425.0
2025-06-04 09:14:00,105400.0,105400.0,105384.13,105384.13,2.06565,807.0
2025-06-04 09:15:00,105384.14,105384.28,105369.73,105384.28,2.39884,1080.0
2025-06-04 09:16:00,105384.28,105384.28,105362.91,105362.91,2.37109,1535.0
2025-06-04 09:17:00,105362.92,105362.92,105343.72,105343.73,0.99978,2430.0
2025-06-04 09:18:00,105343.73,105358.54,105343.72,105358.53,4.15846,693.0
2025-06-04 09:19:00,105358.53,105358.54,105343.72,105353.25,1.42133,674.0
2025-06-04 09:20:00,105353.24,105353.25,105343.69,105343.69,0.89636,585.0
2025-06-04 09:21:00,105343.69,105343.7,105329.54,105329.55,5.88202,1108.0
2025-06-04 09:22:00,105329.55,105329.55,105329.54,105329.55,0.56675,229.0
2025-06-04 09:23:00,105329.54,105342.22,105329.54,105342.22,3.83885,516.0
2025-06-04 09:24:00,105342.22,105396.35,105342.21,105396.34,3.7004,3327.0
2025-06-04 09:25:00,105396.35,105400.0,105396.34,105399.99,7.33597,534.0
2025-06-04 09:26:00,105400.0,105411.1,105396.35,105396.36,3.36761,865.0
2025-06-04 09:27:00,105396.35,105397.01,105374.92,105377.33,10.78625,1639.0
2025-06-04 09:28:00,105377.34,105410.62,105377.33,105410.61,2.14782,1654.0
2025-06-04 09:29:00,105410.61,105427.07,105410.61,105424.14,1.82999,931.0
2025-06-04 09:30:00,105424.14,105424.14,105385.28,105385.28,2.87713,1786.0
2025-06-04 09:31:00,105385.28,105401.8,105385.28,105401.79,1.97319,767.0
2025-06-04 09:32:00,105401.79,105401.8,105401.79,105401.79,0.67031,221.0
2025-06-04 09:33:00,105401.8,105401.8,105401.79,105401.79,0.39219,195.0
2025-06-04 09:34:00,105401.8,105401.8,105380.95,105380.95,4.1765,1098.0
2025-06-04 09:35:00,105380.95,105392.15,105362.41,105392.14,16.68277,3630.0
2025-06-04 09:36:00,105392.15,105392.15,105392.14,105392.14,3.47218,395.0
2025-06-04 09:37:00,105392.14,105392.15,105378.93,105378.93,2.10243,880.0
2025-06-04 09:38:00,105378.89,105445.1,105377.93,105445.09,38.08078,2932.0
2025-06-04 09:39:00,105445.09,105495.14,105445.09,105454.3,36.11669,2377.0
2025-06-04 09:40:00,105454.31,105524.8,105454.29,105524.79,52.9314,1996.0
2025-06-04 09:41:00,105524.79,105554.19,105484.18,105554.19,42.2271,2292.0
2025-06-04 09:42:00,105554.18,105639.0,105539.06,105596.29,101.38697,3968.0
2025-06-04 09:43:00,105596.29,105652.47,105596.29,105650.94,67.71021,2168.0
2025-06-04 09:44:00,105650.94,105684.42,105650.94,105680.53,63.20445,2294.0
2025-06-04 09:45:00,105680.54,105757.93,105680.54,105739.13,79.90885,3114.0
2025-06-04 09:46:00,105739.12,105757.12,105715.53,105715.54,33.6057,1505.0
2025-06-04 09:47:00,105715.54,105737.0,105715.53,105719.83,6.58485,1240.0
2025-06-04 09:48:00,105719.83,105719.84,105700.0,105700.01,14.8631,906.0
2025-06-04 09:49:00,105700.01,105713.53,105700.0,105708.46,9.7291,1005.0
2025-06-04 09:50:00,105708.46,105708.47,105681.0,105689.02,19.6443,1438.0
2025-06-04 09:51:00,105689.03,105758.81,105689.02,105758.8,11.10871,2071.0
2025-06-04 09:52:00,105758.81,105758.81,105757.31,105757.31,5.05234,467.0
2025-06-04 09:53:00,105757.32,105757.32,105742.92,105755.91,5.47145,857.0
2025-06-04 09:54:00,105755.9,105849.99,105755.9,105847.61,85.13432,4669.0
2025-06-04 09:55:00,105847.62,105919.26,105840.32,105890.81,108.37442,4121.0
2025-06-04 09:56:00,105890.81,105890.82,105842.73,105851.05,9.13128,2344.0
2025-06-04 09:57:00,105851.05,105870.84,105842.12,105870.84,6.18617,1307.0
2025-06-04 09:58:00,105870.84,105870.84,105821.28,105821.29,2.60883,1280.0
2025-06-04 09:59:00,105821.29,105825.31,105821.28,105825.31,2.46841,341.0
2025-06-04 10:00:00,105825.31,105886.08,105825.3,105886.07,7.36099,2687.0
2025-06-04 10:01:00,105886.08,105898.52,105870.18,105870.19,6.95297,1385.0
2025-06-04 10:02:00,105870.19,105870.19,105812.43,105812.44,4.54072,1966.0
2025-06-04 10:03:00,105812.44,105821.3,105798.35,105798.35,3.05693,969.0
2025-06-04 10:04:00,105798.36,105825.75,105792.67,105792.68,5.14349,1350.0
2025-06-04 10:05:00,105792.68,105792.68,105766.35,105771.64,6.39401,1041.0
2025-06-04 10:06:00,105771.64,105776.14,105771.64,105776.13,2.06136,392.0
2025-06-04 10:07:00,105776.14,105864.11,105776.13,105864.1,9.78339,2392.0
2025-06-04 10:08:00,105864.1,105899.49,105864.1,105899.49,6.38118,1125.0
2025-06-04 10:09:00,105899.48,105899.49,105870.0,105899.49,5.3805,1478.0
2025-06-04 10:10:00,105899.48,105899.49,105878.6,105878.61,6.37542,678.0
2025-06-04 10:11:00,105878.6,105899.44,105878.6,105885.27,8.03892,843.0
2025-06-04 10:12:00,105885.28,105916.65,105885.27,105916.64,5.43339,1047.0
2025-06-04 10:13:00,105916.64,105946.92,105913.94,105943.47,6.46406,1653.0
2025-06-04 10:14:00,105943.47,106000.0,105943.46,105953.05,17.14085,3510.0
2025-06-04 10:15:00,105953.04,105958.7,105936.1,105958.69,7.76414,1511.0
2025-06-04 10:16:00,105958.69,105966.56,105893.96,105902.01,4.09579,3188.0
2025-06-04 10:17:00,105902.0,105929.66,105902.0,105919.23,4.81441,1575.0
2025-06-04 10:18:00,105919.24,105928.18,105900.0,105915.87,11.75833,2210.0
2025-06-04 10:19:00,105915.87,105915.88,105896.6,105896.61,8.64262,1071.0
2025-06-04 10:20:00,105896.61,105896.61,105884.73,105884.73,1.11392,607.0
2025-06-04 10:21:00,105884.73,105884.73,105784.2,105784.2,8.97797,2633.0
2025-06-04 10:22:00,105784.2,105784.21,105763.02,105778.05,3.02741,1000.0
2025-06-04 10:23:00,105778.05,105792.46,105778.04,105792.44,5.0837,1272.0
2025-06-04 10:24:00,105792.45,105792.45,105792.44,105792.45,2.87804,211.0
2025-06-04 10:25:00,105792.44,105849.08,105792.44,105818.07,8.02626,2376.0
2025-06-04 10:26:00,105818.08,105838.27,105772.79,105772.79,11.46947,1729.0
2025-06-04 10:27:00,105772.79,105789.29,105761.9,105774.25,4.41452,1281.0
2025-06-04 10:28:00,105774.26,105774.26,105745.39,105745.39,4.58169,860.0
2025-06-04 10:29:00,105745.39,105745.4,105734.34,105734.34,3.04143,530.0
2025-06-04 10:30:00,105734.34,105760.52,105734.34,105760.51,5.03335,972.0
2025-06-04 10:31:00,105760.51,105760.52,105709.54,105714.51,3.51019,1558.0
2025-06-04 10:32:00,105714.51,105714.51,105699.32,105699.32,4.47217,1010.0
2025-06-04 10:33:00,105699.32,105706.8,105672.01,105706.79,14.81988,1885.0
2025-06-04 10:34:00,105706.8,105706.8,105687.55,105698.11,1.83679,528.0
2025-06-04 10:35:00,105698.12,105732.06,105698.11,105732.06,10.00198,809.0
2025-06-04 10:36:00,105732.07,105732.07,105709.81,105721.79,6.57728,695.0
2025-06-04 10:37:00,105721.79,105721.8,105701.67,105708.3,4.57,746.0
2025-06-04 10:38:00,105708.3,105708.3,105708.29,105708.29,0.84148,287.0
2025-06-04 10:39:00,105708.29,105717.32,105708.29,105717.31,3.7547,471.0
2025-06-04 10:40:00,105717.31,105717.32,105700.93,105700.93,5.64665,630.0
2025-06-04 10:41:00,105700.93,105700.94,105677.98,105678.25,6.18528,874.0
2025-06-04 10:42:00,105678.25,105735.19,105678.25,105735.18,11.89572,1583.0
2025-06-04 10:43:00,105735.18,105735.19,105702.27,105716.95,4.78057,1571.0
2025-06-04 10:44:00,105716.95,105756.05,105716.95,105756.04,14.7768,902.0
2025-06-04 10:45:00,105756.04,105756.05,105729.71,105729.71,1.12774,559.0
2025-06-04 10:46:00,105729.72,105741.31,105729.71,105741.31,2.01625,586.0
2025-06-04 10:47:00,105741.3,105741.3,105702.28,105728.45,10.69892,1093.0
2025-06-04 10:48:00,105728.46,105728.46,105700.0,105700.0,4.65751,1267.0
2025-06-04 10:49:00,105700.0,105700.01,105650.96,105659.23,6.72082,1670.0
2025-06-04 10:50:00,105659.24,105678.58,105659.23,105666.66,5.88513,953.0
2025-06-04 10:51:00,105666.66,105666.66,105656.57,105658.69,2.7103,741.0
2025-06-04 10:52:00,105658.7,105658.7,105658.69,105658.69,4.19568,258.0
2025-06-04 10:53:00,105658.69,105658.71,105658.69,105658.7,2.03301,533.0
2025-06-04 10:54:00,105658.7,105673.3,105658.7,105673.29,11.75568,989.0
2025-06-04 10:55:00,105673.3,105673.3,105673.29,105673.3,3.76695,209.0
2025-06-04 10:56:00,105673.3,105677.08,105661.21,105661.21,4.39297,885.0
2025-06-04 10:57:00,105661.21,105681.05,105661.21,105681.04,16.05616,953.0
2025-06-04 10:58:00,105681.04,105681.05,105681.04,105681.05,0.29543,137.0
2025-06-04 10:59:00,105681.04,105705.14,105681.04,105705.13,25.74222,1123.0
2025-06-04 11:00:00,105705.13,105728.73,105688.0,105728.72,68.92825,2853.0
2025-06-04 11:01:00,105728.72,105728.73,105705.13,105718.23,19.82154,1319.0
2025-06-04 11:02:00,105718.24,105747.4,105718.23,105722.82,12.61414,1872.0
2025-06-04 11:03:00,105722.83,105756.01,105722.83,105739.95,21.19745,1910.0
2025-06-04 11:04:00,105739.94,105763.96,105739.94,105763.95,21.51801,1464.0
2025-06-04 11:05:00,105763.96,105763.96,105714.28,105734.72,18.90746,2264.0
2025-06-04 11:06:00,105734.73,105765.71,105734.72,105743.28,12.83646,2090.0
2025-06-04 11:07:00,105743.29,105755.09,105743.28,105743.28,4.83932,857.0
2025-06-04 11:08:00,105743.28,105767.35,105743.28,105767.34,44.1934,2896.0
2025-06-04 11:09:00,105767.35,105809.12,105767.34,105809.11,45.22,2067.0
2025-06-04 11:10:00,105809.12,105820.04,105744.0,105747.23,19.25477,3223.0
2025-06-04 11:11:00,105747.24,105747.24,105645.16,105653.83,10.98189,2751.0
2025-06-04 11:12:00,105653.82,105662.03,105653.82,105662.03,9.00302,760.0
2025-06-04 11:13:00,105662.03,105681.65,105646.18,105658.07,22.51778,2901.0
2025-06-04 11:14:00,105658.06,105677.99,105643.3,105667.34,48.65157,2074.0
2025-06-04 11:15:00,105667.33,105673.49,105654.56,105673.48,38.19172,1101.0
2025-06-04 11:16:00,105673.49,105681.39,105640.01,105670.22,94.4412,3387.0
2025-06-04 11:17:00,105670.21,105686.13,105653.4,105678.61,65.06886,2388.0
2025-06-04 11:18:00,105678.6,105678.61,105611.79,105611.79,11.32705,2237.0
2025-06-04 11:19:00,105611.79,105611.79,105550.0,105556.61,9.45249,2292.0
2025-06-04 11:20:00,105556.61,105565.03,105556.6,105565.03,3.63345,353.0
2025-06-04 11:21:00,105565.02,105619.05,105565.02,105605.27,37.93529,1320.0
2025-06-04 11:22:00,105605.26,105605.27,105551.6,105561.82,56.38838,2937.0
2025-06-04 11:23:00,105561.83,105608.01,105531.11,105532.19,43.47209,2521.0
2025-06-04 11:24:00,105532.2,105532.2,105500.0,105508.81,44.63839,2515.0
2025-06-04 11:25:00,105508.81,105508.81,105443.85,105450.19,34.31625,1995.0
2025-06-04 11:26:00,105450.19,105472.0,105400.05,105469.87,26.58623,2997.0
2025-06-04 11:27:00,105469.86,105479.54,105437.97,105449.19,31.87838,2619.0
2025-06-04 11:28:00,105449.19,105458.61,105420.95,105420.95,42.54762,1614.0
2025-06-04 11:29:00,105420.96,105452.99,105420.95,105442.78,11.09334,915.0
2025-06-04 11:30:00,105442.77,105467.08,105409.36,105450.03,24.81364,1713.0
2025-06-04 11:31:00,105450.03,105450.03,105432.96,105432.96,6.84354,634.0
2025-06-04 11:32:00,105432.97,105432.97,105350.0,105371.48,46.28879,2040.0
2025-06-04 11:33:00,105371.49,105371.49,105337.16,105353.59,18.45534,2328.0
2025-06-04 11:34:00,105353.6,105353.6,105205.68,105219.93,111.91773,11080.0
2025-06-04 11:35:00,105219.93,105307.45,105187.8,105307.45,58.21615,4649.0
2025-06-04 11:36:00,105307.45,105335.63,105273.58,105273.58,24.60196,2596.0
2025-06-04 11:37:00,105273.58,105303.78,105273.58,105290.01,27.60354,2419.0
2025-06-04 11:38:00,105290.0,105305.79,105290.0,105305.73,25.67162,1149.0
2025-06-04 11:39:00,105305.73,105315.85,105294.68,105300.06,29.43595,1795.0
2025-06-04 11:40:00,105300.07,105311.19,105275.35,105275.35,32.3575,2143.0
2025-06-04 11:41:00,105275.35,105293.47,105242.92,105285.94,29.56816,2876.0
2025-06-04 11:42:00,105285.94,105285.95,105227.94,105242.97,30.17886,3121.0
2025-06-04 11:43:00,105242.96,105257.82,105227.96,105257.68,29.18936,1688.0
2025-06-04 11:44:00,105257.67,105269.39,105224.0,105224.0,27.04875,2836.0
2025-06-04 11:45:00,105224.0,105237.32,105176.49,105237.32,73.65705,5033.0
2025-06-04 11:46:00,105237.32,105263.32,105237.32,105253.04,29.37817,2035.0
2025-06-04 11:47:00,105253.04,105274.87,105192.86,105274.87,78.56382,3658.0
2025-06-04 11:48:00,105274.86,105289.4,105248.67,105248.68,33.0337,3080.0
2025-06-04 11:49:00,105248.67,105249.21,105235.79,105235.79,25.75117,1265.0
2025-06-04 11:50:00,105235.79,105252.86,105235.79,105243.3,30.80776,1387.0
2025-06-04 11:51:00,105243.3,105275.2,105228.48,105253.89,34.28332,1932.0
2025-06-04 11:52:00,105253.89,105282.0,105253.89,105282.0,29.12344,892.0
2025-06-04 11:53:00,105282.0,105282.0,105260.68,105260.69,26.71209,1818.0
2025-06-04 11:54:00,105260.69,105264.0,105226.36,105226.36,44.41565,2447.0
2025-06-04 11:55:00,105226.37,105226.37,105100.86,105104.29,100.03252,4102.0
2025-06-04 11:56:00,105104.28,105119.36,105100.0,105116.71,33.35793,2073.0
2025-06-04 11:57:00,105116.71,105116.72,105080.26,105091.03,46.67609,2341.0
2025-06-04 11:58:00,105091.04,105114.79,105091.03,105097.33,33.55496,1889.0
2025-06-04 11:59:00,105097.34,105097.34,105081.26,105084.36,39.47674,1976.0
2025-06-04 12:00:00,105084.36,105085.93,105014.71,105014.72,72.82146,6786.0
2025-06-04 12:01:00,105014.72,105028.58,104974.28,105028.58,59.83355,7999.0
2025-06-04 12:02:00,105028.57,105055.05,105011.64,105025.4,64.93739,4504.0
2025-06-04 12:03:00,105025.39,105100.0,105025.39,105096.66,23.65327,3831.0
2025-06-04 12:04:00,105096.65,105115.5,105057.56,105077.06,17.61492,3606.0
2025-06-04 12:05:00,105077.07,105130.1,105071.35,105121.76,7.52314,2251.0
2025-06-04 12:06:00,105121.75,105121.75,105100.0,105100.01,1.23438,960.0
2025-06-04 12:07:00,105100.0,105130.1,105100.0,105129.87,11.26105,2532.0
2025-06-04 12:08:00,105129.87,105142.86,105129.86,105134.0,4.73473,1030.0
2025-06-04 12:09:00,105134.0,105134.0,105110.0,105110.0,2.7175,749.0
2025-06-04 12:10:00,105110.01,105153.66,105110.0,105153.64,7.47704,1520.0
2025-06-04 12:11:00,105153.64,105153.65,105134.78,105134.78,14.19042,988.0
2025-06-04 12:12:00,105134.79,105145.72,105134.78,105145.71,7.71382,762.0
2025-06-04 12:13:00,105145.71,105151.84,105145.71,105151.84,3.4201,552.0
2025-06-04 12:14:00,105151.84,105157.27,105151.83,105157.26,6.29155,456.0
2025-06-04 12:15:00,105157.27,105157.27,105077.58,105113.28,54.18857,3589.0
2025-06-04 12:16:00,105113.29,105119.97,105102.0,105102.01,16.66363,975.0
2025-06-04 12:17:00,105102.01,105114.27,105086.79,105098.06,11.01883,1288.0
2025-06-04 12:18:00,105098.07,105098.07,105065.34,105065.34,3.45037,1204.0
2025-06-04 12:19:00,105065.35,105065.35,105024.0,105024.01,5.06767,1780.0
2025-06-04 12:20:00,105024.0,105024.01,105003.5,105003.5,7.12054,1183.0
2025-06-04 12:21:00,105003.51,105021.28,104960.74,105021.27,37.56958,2912.0
2025-06-04 12:22:00,105021.28,105021.28,104916.79,104939.54,16.49089,4500.0
2025-06-04 12:23:00,104938.34,104983.99,104927.61,104972.95,13.51807,2650.0
2025-06-04 12:24:00,104972.96,104992.55,104966.64,104966.64,6.56524,1575.0
2025-06-04 12:25:00,104966.65,104966.65,104943.39,104958.84,5.91281,1319.0
2025-06-04 12:26:00,104958.85,105021.24,104941.18,105006.56,13.45706,2947.0
2025-06-04 12:27:00,105006.56,105006.57,104961.02,104970.38,6.46882,1772.0
2025-06-04 12:28:00,104970.37,105008.58,104970.37,104980.0,7.81008,1889.0
2025-06-04 12:29:00,104980.0,104980.01,104949.52,104949.52,27.0639,1685.0
2025-06-04 12:30:00,104949.53,104983.41,104949.52,104983.41,15.89715,1224.0
2025-06-04 12:31:00,104983.41,105000.0,104981.99,104981.99,3.97555,1042.0
2025-06-04 12:32:00,104982.0,104982.0,104923.79,104923.8,9.53364,1815.0
2025-06-04 12:33:00,104923.79,104923.8,104794.5,104849.15,47.92592,6519.0
2025-06-04 12:34:00,104849.14,104989.49,104849.14,104957.2,13.62981,4008.0
2025-06-04 12:35:00,104957.2,104963.56,104924.07,104940.01,8.68626,2103.0
2025-06-04 12:36:00,104940.02,104964.69,104856.56,104882.94,22.16604,3569.0
2025-06-04 12:37:00,104882.93,104983.2,104882.93,104983.19,10.15174,2857.0
2025-06-04 12:38:00,104983.2,104984.16,104952.38,104984.15,6.01759,1494.0
2025-06-04 12:39:00,104984.16,104984.16,104918.55,104943.4,9.80142,2166.0
2025-06-04 12:40:00,104943.39,104989.35,104942.43,104982.0,15.66962,2130.0
2025-06-04 12:41:00,104981.99,104986.28,104928.17,104986.28,22.17278,2200.0
2025-06-04 12:42:00,104986.28,104986.28,104971.52,104986.23,1.68411,829.0
2025-06-04 12:43:00,104986.23,104986.23,104964.5,104964.5,6.6178,1224.0
2025-06-04 12:44:00,104964.49,104978.09,104964.49,104964.88,3.21142,441.0
2025-06-04 12:45:00,104964.89,105000.0,104954.45,104999.98,9.13126,1572.0
2025-06-04 12:46:00,104999.99,105027.35,104975.48,104975.48,8.81906,2099.0
2025-06-04 12:47:00,104975.49,105000.0,104975.49,104984.5,10.91203,1096.0
2025-06-04 12:48:00,104984.5,104990.65,104984.49,104990.64,3.49261,730.0
2025-06-04 12:49:00,104990.65,105030.48,104990.64,105016.49,5.11789,2092.0
2025-06-04 12:50:00,105016.49,105016.5,104972.55,104975.2,8.84099,1796.0
2025-06-04 12:51:00,104975.2,104975.2,104972.91,104972.91,1.15426,394.0
2025-06-04 12:52:00,104972.91,105058.76,104972.91,105058.7,12.35859,2180.0
2025-06-04 12:53:00,105058.71,105058.71,105047.61,105047.61,9.52406,611.0
2025-06-04 12:54:00,105047.62,105052.53,105045.61,105052.53,15.21383,1365.0
2025-06-04 12:55:00,105052.53,105055.02,105052.52,105055.02,33.17918,1263.0
2025-06-04 12:56:00,105055.02,105084.65,105046.2,105046.21,16.8026,1937.0
2025-06-04 12:57:00,105046.21,105070.19,105046.21,105062.09,5.19997,865.0
2025-06-04 12:58:00,105062.1,105062.1,105042.38,105042.7,3.38656,569.0
2025-06-04 12:59:00,105042.69,105051.05,105039.19,105039.19,9.59416,983.0
2025-06-04 13:00:00,105039.2,105039.2,104975.92,105011.37,8.30265,3312.0
2025-06-04 13:01:00,105011.36,105035.97,105005.35,105005.35,4.18532,1492.0
2025-06-04 13:02:00,105005.35,105018.43,104988.19,104988.2,6.31767,1570.0
2025-06-04 13:03:00,104988.2,104988.2,104978.06,104981.58,2.35733,743.0
2025-06-04 13:04:00,104981.58,105006.28,104954.11,105006.28,14.69873,2127.0
2025-06-04 13:05:00,105006.27,105006.28,104985.38,104985.38,3.81528,716.0
2025-06-04 13:06:00,104985.38,105028.88,104985.38,105002.62,5.47179,1581.0
2025-06-04 13:07:00,105002.63,105008.88,104970.01,104970.03,10.37417,2092.0
2025-06-04 13:08:00,104970.04,104970.04,104943.39,104943.4,3.08029,878.0
2025-06-04 13:09:00,104943.39,104984.0,104908.0,104955.38,7.37299,3399.0
2025-06-04 13:10:00,104955.37,104979.37,104955.37,104956.82,3.51263,1335.0
2025-06-04 13:11:00,104956.82,104956.82,104933.69,104938.95,1.83661,929.0
2025-06-04 13:12:00,104938.95,104956.81,104933.94,104953.28,3.6908,1272.0
2025-06-04 13:13:00,104953.28,104967.47,104923.12,104952.38,6.32687,3181.0
2025-06-04 13:14:00,104952.38,104952.39,104917.57,104917.58,1.71745,1519.0
2025-06-04 13:15:00,104917.57,104923.97,104881.84,104915.72,6.3273,3287.0
2025-06-04 13:16:00,104915.73,104980.0,104915.73,104966.49,6.20959,2294.0
2025-06-04 13:17:00,104966.49,104971.95,104952.38,104971.94,2.1376,947.0
2025-06-04 13:18:00,104971.95,104971.95,104943.11,104953.94,2.27791,1791.0
2025-06-04 13:19:00,104953.94,104965.09,104940.0,104965.09,8.06024,1306.0
2025-06-04 13:20:00,104965.09,105110.88,104965.08,105110.88,12.71594,4060.0
2025-06-04 13:21:00,105110.87,105126.61,105099.99,105100.01,3.6981,2011.0
2025-06-04 13:22:00,105100.0,105131.08,105100.0,105131.07,2.94892,955.0
2025-06-04 13:23:00,105131.07,105188.0,105120.0,105121.58,23.85618,3992.0
2025-06-04 13:24:00,105121.58,105132.08,105121.57,105121.57,4.50779,623.0
2025-06-04 13:25:00,105121.57,105121.57,105078.32,105078.32,2.33314,1387.0
2025-06-04 13:26:00,105078.33,105094.31,105074.32,105074.33,3.69469,1185.0
2025-06-04 13:27:00,105074.33,105074.33,105008.11,105008.12,2.54306,1771.0
2025-06-04 13:28:00,105008.12,105008.12,104980.01,104994.86,7.24374,2181.0
2025-06-04 13:29:00,104994.85,105006.07,104971.02,104971.03,4.1097,1102.0
2025-06-04 13:30:00,104971.02,104979.68,104944.25,104944.26,3.4416,2436.0
2025-06-04 13:31:00,104944.26,105022.64,104930.34,105010.0,10.747,4658.0
2025-06-04 13:32:00,105010.0,105044.0,104940.0,105044.0,9.59688,5477.0
2025-06-04 13:33:00,105044.0,105120.0,105043.99,105120.0,5.53473,3030.0
2025-06-04 13:34:00,105119.99,105172.1,105119.99,105169.35,8.19005,2007.0
2025-06-04 13:35:00,105169.35,105175.6,105149.48,105161.84,7.61442,2156.0
2025-06-04 13:36:00,105161.84,105185.88,105127.99,105128.01,26.01974,3957.0
2025-06-04 13:37:00,105128.0,105159.99,105128.0,105159.99,19.12627,2086.0
2025-06-04 13:38:00,105160.0,105221.49,105159.99,105221.48,6.20064,2364.0
2025-06-04 13:39:00,105221.49,105236.64,105221.48,105233.81,5.01013,921.0
2025-06-04 13:40:00,105233.82,105233.82,105166.99,105199.47,14.69517,3034.0
2025-06-04 13:41:00,105199.46,105237.61,105180.01,105204.2,11.54311,2229.0
2025-06-04 13:42:00,105204.21,105272.3,105204.2,105209.72,12.44792,2933.0
2025-06-04 13:43:00,105209.72,105220.43,105061.83,105061.84,9.47625,4139.0
2025-06-04 13:44:00,105061.83,105061.83,104990.56,105002.72,8.21652,2542.0
2025-06-04 13:45:00,105002.72,105115.17,105002.71,105096.12,12.02057,4366.0
2025-06-04 13:46:00,105096.12,105179.63,105096.12,105142.72,10.79117,2974.0
2025-06-04 13:47:00,105142.71,105174.0,105095.23,105095.24,15.5774,3534.0
2025-06-04 13:48:00,105095.23,105163.58,105095.23,105144.96,11.84755,2613.0
2025-06-04 13:49:00,105144.95,105149.0,105054.52,105073.19,7.13828,3146.0
2025-06-04 13:50:00,105073.19,105073.2,105029.54,105032.14,7.88272,3045.0
2025-06-04 13:51:00,105032.14,105032.15,104908.14,104908.15,12.49406,3554.0
2025-06-04 13:52:00,104908.15,104928.27,104802.9,104843.96,49.68344,5119.0
2025-06-04 13:53:00,104843.97,104869.26,104822.67,104853.6,16.61591,3836.0
2025-06-04 13:54:00,104853.59,104853.59,104767.56,104767.56,36.99767,3593.0
2025-06-04 13:55:00,104767.57,104809.0,104767.57,104782.62,10.44404,2252.0
2025-06-04 13:56:00,104782.61,104792.12,104726.55,104758.99,39.24498,3746.0
2025-06-04 13:57:00,104758.99,104798.0,104720.0,104782.28,21.94939,4174.0
2025-06-04 13:58:00,104782.27,104809.94,104739.18,104744.78,28.13861,2744.0
2025-06-04 13:59:00,104744.78,104761.18,104722.76,104761.17,19.23493,1236.0
2025-06-04 14:00:00,104761.17,104761.17,104490.7,104543.04,156.81703,15254.0
2025-06-04 14:01:00,104543.04,104632.32,104429.41,104626.63,48.61438,8707.0
2025-06-04 14:02:00,104626.63,104708.09,104609.75,104642.97,17.93245,6338.0
2025-06-04 14:03:00,104642.97,104642.97,104484.69,104494.0,43.84633,5960.0
2025-06-04 14:04:00,104493.99,104494.0,104400.0,104409.69,29.90861,5549.0
2025-06-04 14:05:00,104409.7,104409.7,104331.13,104334.35,66.95954,7114.0
2025-06-04 14:06:00,104334.35,104337.12,104179.0,104238.94,82.04002,13185.0
2025-06-04 14:07:00,104238.94,104353.2,104200.01,104305.51,40.25848,8225.0
2025-06-04 14:08:00,104305.51,104326.77,104244.01,104269.42,52.24887,7682.0
2025-06-04 14:09:00,104269.42,104362.75,104244.89,104346.78,23.33935,6479.0
2025-06-04 14:10:00,104346.78,104444.84,104329.73,104424.52,34.9211,6162.0
2025-06-04 14:11:00,104424.52,104476.2,104387.67,104396.73,34.26215,4856.0
2025-06-04 14:12:00,104396.72,104470.14,104396.72,104442.57,33.46503,4394.0
2025-06-04 14:13:00,104442.56,104462.93,104383.45,104425.42,56.70519,5695.0
2025-06-04 14:14:00,104425.42,104491.66,104425.41,104491.65,9.84937,3329.0
2025-06-04 14:15:00,104491.65,104559.86,104427.43,104559.86,39.20414,5635.0
2025-06-04 14:16:00,104559.85,104659.37,104559.85,104630.92,26.43482,5134.0
2025-06-04 14:17:00,104630.91,104676.69,104543.96,104676.68,46.55087,4443.0
2025-06-04 14:18:00,104676.68,104676.69,104602.41,104626.65,15.6665,4121.0
2025-06-04 14:19:00,104626.65,104660.0,104602.42,104631.83,22.02038,4163.0
2025-06-04 14:20:00,104631.83,104639.1,104542.36,104542.37,20.86364,3364.0
2025-06-04 14:21:00,104542.37,104619.05,104540.0,104556.61,26.10837,4476.0
2025-06-04 14:22:00,104556.61,104633.85,104540.0,104633.85,20.15622,4216.0
2025-06-04 14:23:00,104633.85,104687.18,104628.87,104665.75,9.02819,2516.0
2025-06-04 14:24:00,104665.76,104678.17,104628.0,104672.64,10.04427,2426.0
2025-06-04 14:25:00,104672.64,104672.64,104608.32,104655.65,13.41629,3331.0
2025-06-04 14:26:00,104655.64,104688.87,104629.47,104660.59,15.7016,3865.0
2025-06-04 14:27:00,104660.59,104675.42,104646.16,104659.0,20.18713,2432.0
2025-06-04 14:28:00,104659.01,104683.34,104631.32,104631.33,10.24553,1764.0
2025-06-04 14:29:00,104631.32,104660.0,104613.2,104660.0,3.59524,1550.0
2025-06-04 14:30:00,104659.99,104682.06,104659.99,104681.59,5.11298,844.0
2025-06-04 14:31:00,104681.59,104728.01,104662.38,104681.0,25.6479,4157.0
2025-06-04 14:32:00,104681.01,104714.97,104680.67,104714.9,12.14601,1490.0
2025-06-04 14:33:00,104714.89,104777.78,104714.89,104768.5,16.13995,2590.0
2025-06-04 14:34:00,104768.51,104768.51,104645.3,104645.3,13.41309,2904.0
2025-06-04 14:35:00,104645.31,104663.23,104628.38,104629.46,10.79031,2129.0
2025-06-04 14:36:00,104629.46,104629.46,104587.78,104605.74,11.09458,2208.0
2025-06-04 14:37:00,104605.74,104649.55,104605.74,104633.61,6.4664,1561.0
2025-06-04 14:38:00,104633.61,104633.62,104584.82,104600.0,7.72246,2403.0
2025-06-04 14:39:00,104600.01,104669.66,104600.0,104669.65,11.05549,3574.0
2025-06-04 14:40:00,104669.66,104741.82,104669.65,104717.46,15.87178,4554.0
2025-06-04 14:41:00,104717.47,104750.18,104687.0,104721.56,7.44934,3020.0
2025-06-04 14:42:00,104721.56,104721.57,104703.43,104712.52,9.88089,1178.0
2025-06-04 14:43:00,104712.53,104721.63,104685.94,104721.63,4.25881,1711.0
2025-06-04 14:44:00,104721.63,104737.42,104718.76,104734.88,10.95431,1154.0
2025-06-04 14:45:00,104734.88,104752.0,104714.22,104714.22,11.73989,1901.0
2025-06-04 14:46:00,104714.22,104734.88,104660.37,104734.87,6.33954,2859.0
2025-06-04 14:47:00,104734.88,104801.89,104729.65,104791.35,7.81564,3289.0
2025-06-04 14:48:00,104791.35,104878.99,104791.35,104875.85,11.3106,3563.0
2025-06-04 14:49:00,104875.84,104910.77,104809.52,104809.53,25.32848,3231.0
2025-06-04 14:50:00,104809.52,104809.53,104724.46,104766.18,13.23194,2712.0
2025-06-04 14:51:00,104766.18,104801.58,104765.86,104783.03,11.89533,1670.0
2025-06-04 14:52:00,104783.03,104807.45,104783.03,104807.44,6.65134,871.0
2025-06-04 14:53:00,104807.45,104843.07,104807.44,104843.06,5.91437,820.0
2025-06-04 14:54:00,104843.07,104887.64,104843.06,104887.63,11.51768,1828.0
2025-06-04 14:55:00,104887.63,104910.76,104875.21,104910.75,10.00267,1529.0
2025-06-04 14:56:00,104910.75,104948.78,104900.71,104948.78,21.19243,1872.0
2025-06-04 14:57:00,104948.77,104962.33,104938.28,104962.32,21.3632,1663.0
2025-06-04 14:58:00,104962.32,105004.99,104962.32,105004.99,14.69891,3365.0
2025-06-04 14:59:00,105005.0,105045.79,105004.99,105033.3,68.83469,2670.0
2025-06-04 15:00:00,105033.3,105033.31,104963.27,104995.44,32.90053,4433.0
2025-06-04 15:01:00,104995.44,105043.39,104991.85,105014.29,22.54168,3112.0
2025-06-04 15:02:00,105014.3,105014.3,104989.24,104989.25,11.55031,2115.0
2025-06-04 15:03:00,104989.25,105001.1,104988.0,104995.07,8.43319,1149.0
2025-06-04 15:04:00,104995.07,105007.21,104973.64,105000.26,17.23606,2044.0
2025-06-04 15:05:00,105000.26,105023.06,104928.65,105018.85,31.73205,3912.0
2025-06-04 15:06:00,105018.86,105140.0,105018.86,105129.48,18.0661,3782.0
2025-06-04 15:07:00,105129.47,105174.15,105121.01,105121.01,8.35088,3528.0
2025-06-04 15:08:00,105121.0,105121.01,105017.16,105047.99,11.81831,3266.0
2025-06-04 15:09:00,105047.99,105069.41,105008.74,105063.7,9.81556,3960.0
2025-06-04 15:10:00,105063.7,105083.17,105054.02,105083.17,5.85666,1874.0
2025-06-04 15:11:00,105083.16,105129.55,105069.2,105113.08,11.76941,4271.0
2025-06-04 15:12:00,105113.08,105125.53,105101.86,105125.52,2.98556,1436.0
2025-06-04 15:13:00,105125.52,105130.98,105084.8,105099.28,15.26522,2930.0
2025-06-04 15:14:00,105099.28,105117.19,105082.39,105082.4,10.51417,2187.0
2025-06-04 15:15:00,105082.4,105178.82,105082.4,105157.05,12.60023,2847.0
2025-06-04 15:16:00,105157.05,105272.53,105157.05,105272.53,16.07477,4918.0
2025-06-04 15:17:00,105272.52,105376.82,105259.72,105275.14,41.49111,7347.0
2025-06-04 15:18:00,105275.13,105344.62,105245.51,105334.57,42.23399,4682.0
2025-06-04 15:19:00,105334.58,105347.43,105297.79,105341.81,18.68816,2701.0
2025-06-04 15:20:00,105341.81,105347.43,105265.09,105270.09,18.41669,4978.0
2025-06-04 15:21:00,105270.09,105305.91,105244.56,105291.98,12.06157,3034.0
2025-06-04 15:22:00,105291.98,105345.82,105284.26,105345.82,12.10277,2638.0
2025-06-04 15:23:00,105345.82,105420.0,105345.81,105376.82,27.77468,4861.0
2025-06-04 15:24:00,105376.82,105408.54,105372.42,105407.27,16.28112,2568.0
2025-06-04 15:25:00,105407.28,105443.64,105392.35,105413.94,12.65429,4149.0
2025-06-04 15:26:00,105413.94,105419.99,105390.0,105407.53,10.16653,1808.0
2025-06-04 15:27:00,105407.53,105473.03,105407.53,105452.24,38.83545,3162.0
2025-06-04 15:28:00,105452.24,105462.8,105399.18,105411.26,17.63472,3849.0
2025-06-04 15:29:00,105411.26,105430.13,105398.43,105410.34,22.63736,1674.0
2025-06-04 15:30:00,105410.35,105439.18,105330.35,105336.01,19.33198,5457.0
2025-06-04 15:31:00,105336.01,105362.03,105328.74,105361.79,11.6709,1938.0
2025-06-04 15:32:00,105361.78,105433.19,105345.69,105410.34,12.46891,2909.0
2025-06-04 15:33:00,105410.33,105439.25,105410.33,105435.01,5.56061,962.0
2025-06-04 15:34:00,105435.01,105490.45,105428.96,105460.0,14.51921,3580.0
2025-06-04 15:35:00,105460.01,105542.0,105421.51,105428.49,31.03441,6603.0
2025-06-04 15:36:00,105428.5,105504.57,105428.49,105493.96,7.71798,3717.0
2025-06-04 15:37:00,105493.96,105531.35,105449.21,105479.09,21.44462,4537.0
2025-06-04 15:38:00,105479.09,105535.5,105448.36,105513.27,16.97914,3746.0
2025-06-04 15:39:00,105513.27,105513.27,105455.24,105477.32,10.36336,2017.0
2025-06-04 15:40:00,105477.33,105497.73,105452.45,105476.4,16.39028,2661.0
2025-06-04 15:41:00,105476.4,105538.5,105476.39,105524.99,13.97175,2886.0
2025-06-04 15:42:00,105524.99,105542.0,105509.05,105520.5,7.78745,1555.0
2025-06-04 15:43:00,105520.5,105542.0,105509.67,105535.53,11.83932,1407.0
2025-06-04 15:44:00,105535.52,105542.0,105402.39,105429.56,25.64688,4742.0
2025-06-04 15:45:00,105429.57,105496.23,105429.56,105462.0,14.07741,3186.0
2025-06-04 15:46:00,105461.99,105486.75,105396.54,105464.16,16.1718,3313.0
2025-06-04 15:47:00,105464.17,105509.44,105429.95,105429.95,13.80998,3008.0
2025-06-04 15:48:00,105429.96,105447.03,105406.82,105416.14,13.31782,2646.0
2025-06-04 15:49:00,105416.14,105416.15,105341.41,105387.21,17.55966,2763.0
2025-06-04 15:50:00,105387.21,105421.56,105381.22,105381.22,7.85559,2118.0
2025-06-04 15:51:00,105381.22,105405.43,105370.67,105405.42,5.09555,1397.0
2025-06-04 15:52:00,105405.43,105427.09,105405.42,105427.08,14.03991,1399.0
2025-06-04 15:53:00,105427.09,105475.54,105415.09,105442.59,12.22624,3315.0
2025-06-04 15:54:00,105442.6,105457.48,105427.08,105453.05,5.46124,1492.0
2025-06-04 15:55:00,105453.05,105484.97,105415.09,105415.09,13.20612,3644.0
2025-06-04 15:56:00,105415.1,105447.14,105410.4,105441.68,10.34543,2201.0
2025-06-04 15:57:00,105441.67,105441.67,105363.21,105363.22,14.56112,3085.0
2025-06-04 15:58:00,105363.22,105363.22,105250.97,105261.77,13.51333,3881.0
2025-06-04 15:59:00,105261.77,105298.27,105261.76,105298.27,2.48574,1193.0
2025-06-04 16:00:00,105298.26,105363.77,105298.26,105356.44,9.69796,3296.0
2025-06-04 16:01:00,105356.43,105356.44,105288.23,105313.2,11.8698,2441.0
2025-06-04 16:02:00,105313.19,105349.17,105313.19,105349.17,7.32949,1418.0
2025-06-04 16:03:00,105349.17,105367.88,105327.35,105345.78,6.58308,2013.0
2025-06-04 16:04:00,105345.78,105345.79,105318.03,105335.19,9.57464,2673.0
2025-06-04 16:05:00,105335.19,105377.96,105335.19,105355.79,7.72117,1907.0
2025-06-04 16:06:00,105355.79,105388.6,105311.12,105366.72,8.16232,3388.0
2025-06-04 16:07:00,105366.72,105366.73,105302.93,105315.54,6.7899,3004.0
2025-06-04 16:08:00,105315.53,105320.0,105267.14,105267.14,9.07807,2332.0
2025-06-04 16:09:00,105267.15,105317.18,105267.15,105304.49,7.59272,1649.0
2025-06-04 16:10:00,105304.48,105351.82,105304.48,105351.81,5.69442,1405.0
2025-06-04 16:11:00,105351.81,105351.81,105309.7,105328.37,26.60045,2053.0
2025-06-04 16:12:00,105328.36,105363.73,105320.0,105329.29,25.94788,2088.0
2025-06-04 16:13:00,105329.3,105329.3,105302.53,105302.82,5.25422,1309.0
2025-06-04 16:14:00,105302.83,105302.83,105242.72,105242.72,15.31349,2742.0
2025-06-04 16:15:00,105242.72,105291.97,105226.41,105291.96,5.81607,2606.0
2025-06-04 16:16:00,105291.97,105291.97,105226.83,105235.9,6.16151,2422.0
2025-06-04 16:17:00,105235.9,105235.91,105191.74,105202.45,12.95963,2009.0
2025-06-04 16:18:00,105202.45,105214.49,105187.8,105201.07,14.48179,1697.0
2025-06-04 16:19:00,105201.07,105264.55,105201.06,105264.54,29.68579,2208.0
2025-06-04 16:20:00,105264.55,105364.42,105264.54,105364.41,7.05622,4182.0
2025-06-04 16:21:00,105364.41,105367.93,105316.84,105340.62,13.63567,3080.0
2025-06-04 16:22:00,105340.62,105359.71,105287.6,105287.6,11.99454,3609.0
2025-06-04 16:23:00,105287.61,105287.61,105264.14,105264.15,3.25924,1003.0
2025-06-04 16:24:00,105264.15,105264.15,105228.2,105258.67,4.71172,2227.0
2025-06-04 16:25:00,105258.68,105258.68,105209.91,105209.92,6.08652,3010.0
2025-06-04 16:26:00,105209.92,105209.92,105187.8,105187.81,5.57197,1362.0
2025-06-04 16:27:00,105187.8,105187.81,105169.07,105173.04,15.74653,1602.0
2025-06-04 16:28:00,105173.04,105192.14,105157.86,105157.87,9.51397,1713.0
2025-06-04 16:29:00,105157.87,105157.87,105124.69,105124.69,7.19522,1032.0
2025-06-04 16:30:00,105124.69,105146.27,105094.0,105146.26,7.30239,2560.0
2025-06-04 16:31:00,105146.26,105218.18,105146.26,105199.64,8.61942,2037.0
2025-06-04 16:32:00,105199.64,105202.08,105173.36,105200.49,7.39994,1536.0
2025-06-04 16:33:00,105200.48,105211.01,105180.78,105180.78,5.63701,1514.0
2025-06-04 16:34:00,105180.79,105217.37,105180.78,105217.37,1.92224,755.0
2025-06-04 16:35:00,105217.37,105226.41,105190.47,105221.16,3.89422,1798.0
2025-06-04 16:36:00,105221.17,105222.23,105186.46,105186.47,3.04051,1315.0
2025-06-04 16:37:00,105186.47,105208.87,105178.5,105208.87,3.79199,936.0
2025-06-04 16:38:00,105208.86,105253.5,105208.86,105253.5,4.0182,812.0
2025-06-04 16:39:00,105253.49,105315.55,105253.49,105305.01,6.63844,1898.0
2025-06-04 16:40:00,105305.0,105305.01,105289.12,105295.5,4.76922,631.0
2025-06-04 16:41:00,105295.51,105300.76,105257.95,105257.96,6.20874,1670.0
2025-06-04 16:42:00,105257.95,105257.96,105223.48,105233.76,2.62584,1778.0
2025-06-04 16:43:00,105233.77,105257.69,105223.03,105223.03,3.30745,1516.0
2025-06-04 16:44:00,105223.02,105257.96,105223.02,105257.95,3.14527,944.0
2025-06-04 16:45:00,105257.96,105316.88,105255.42,105307.7,7.47524,3099.0
2025-06-04 16:46:00,105307.7,105319.33,105300.0,105300.01,3.61076,1471.0
2025-06-04 16:47:00,105300.0,105358.5,105300.0,105345.62,5.51802,1725.0
2025-06-04 16:48:00,105345.62,105365.45,105345.61,105365.44,4.20916,472.0
2025-06-04 16:49:00,105365.45,105373.6,105355.7,105359.53,4.34275,1509.0
2025-06-04 16:50:00,105359.53,105420.0,105359.53,105419.99,10.42621,1156.0
2025-06-04 16:51:00,105420.0,105420.0,105387.38,105416.94,7.86824,1361.0
2025-06-04 16:52:00,105416.95,105416.95,105416.94,105416.94,1.50966,294.0
2025-06-04 16:53:00,105416.94,105418.51,105416.94,105418.5,1.64289,259.0
2025-06-04 16:54:00,105418.5,105459.99,105418.5,105459.98,4.13323,1322.0
2025-06-04 16:55:00,105459.99,105464.85,105425.05,105428.57,18.82246,1785.0
2025-06-04 16:56:00,105428.58,105428.58,105403.73,105427.22,2.68425,1013.0
2025-06-04 16:57:00,105427.22,105429.43,105413.99,105413.99,2.14161,615.0
2025-06-04 16:58:00,105414.0,105445.9,105393.73,105445.9,4.67662,1791.0
2025-06-04 16:59:00,105445.89,105445.9,105445.89,105445.89,0.39086,122.0
2025-06-04 17:00:00,105445.9,105483.14,105445.9,105460.0,12.13682,1587.0
2025-06-04 17:01:00,105460.0,105460.0,105386.47,105386.48,4.00327,2564.0
2025-06-04 17:02:00,105386.48,105410.33,105367.94,105367.95,4.98381,1629.0
2025-06-04 17:03:00,105367.95,105410.12,105367.94,105374.41,3.2441,1839.0
2025-06-04 17:04:00,105374.41,105390.02,105367.92,105367.92,2.75433,909.0
2025-06-04 17:05:00,105367.93,105375.71,105357.38,105374.81,2.14732,1233.0
2025-06-04 17:06:00,105374.82,105374.82,105374.81,105374.82,1.02086,158.0
2025-06-04 17:07:00,105374.82,105385.36,105354.34,105357.91,2.35469,1243.0
2025-06-04 17:08:00,105357.92,105382.94,105348.67,105375.81,2.46737,1302.0
2025-06-04 17:09:00,105375.81,105375.81,105306.79,105320.76,4.55312,1985.0
2025-06-04 17:10:00,105320.76,105354.82,105320.75,105353.08,2.66507,846.0
2025-06-04 17:11:00,105353.09,105354.82,105344.27,105344.28,4.20638,697.0
2025-06-04 17:12:00,105344.27,105406.92,105344.27,105380.95,10.68025,2098.0
2025-06-04 17:13:00,105380.96,105408.91,105380.95,105408.9,3.51627,795.0
2025-06-04 17:14:00,105408.9,105422.24,105408.9,105410.74,2.24312,884.0
2025-06-04 17:15:00,105410.74,105410.74,105370.47,105370.47,1.82332,1117.0
2025-06-04 17:16:00,105370.47,105370.47,105340.0,105352.67,7.18421,1941.0
2025-06-04 17:17:00,105352.67,105352.68,105344.33,105344.33,1.17677,404.0
2025-06-04 17:18:00,105344.33,105387.72,105344.33,105387.71,2.95565,1015.0
2025-06-04 17:19:00,105387.72,105404.34,105367.21,105399.99,4.74469,2206.0
2025-06-04 17:20:00,105399.99,105399.99,105368.0,105396.91,3.12225,1265.0
2025-06-04 17:21:00,105396.9,105401.08,105371.95,105371.96,6.97682,1778.0
2025-06-04 17:22:00,105371.95,105415.09,105361.14,105415.09,2.78225,1412.0
2025-06-04 17:23:00,105415.09,105415.09,105387.1,105387.1,3.58614,1686.0
2025-06-04 17:24:00,105387.1,105387.34,105358.69,105362.84,6.04864,1445.0
2025-06-04 17:25:00,105362.84,105367.88,105340.04,105340.05,2.74298,1148.0
2025-06-04 17:26:00,105340.04,105357.84,105340.04,105343.5,6.15645,907.0
2025-06-04 17:27:00,105343.51,105357.83,105343.5,105357.82,3.14958,515.0
2025-06-04 17:28:00,105357.82,105357.83,105291.55,105291.56,5.03421,2323.0
2025-06-04 17:29:00,105291.56,105291.56,105213.79,105213.8,5.92766,2747.0
2025-06-04 17:30:00,105213.79,105215.81,105202.67,105215.8,6.5297,1025.0
2025-06-04 17:31:00,105215.8,105215.81,105143.05,105169.35,24.35542,4981.0
2025-06-04 17:32:00,105169.35,105179.25,105154.05,105179.24,4.60539,1014.0
2025-06-04 17:33:00,105179.25,105231.55,105162.78,105231.54,7.75538,2898.0
2025-06-04 17:34:00,105231.54,105251.63,105221.64,105244.03,6.84668,1801.0
2025-06-04 17:35:00,105244.02,105292.0,105244.02,105278.49,4.74332,2171.0
2025-06-04 17:36:00,105278.49,105278.49,105179.24,105179.24,16.8027,4240.0
2025-06-04 17:37:00,105179.25,105179.25,105150.96,105150.96,6.16481,2193.0
2025-06-04 17:38:00,105150.97,105150.97,105121.0,105130.74,11.94995,3006.0
2025-06-04 17:39:00,105130.74,105130.74,105121.0,105121.0,3.10485,291.0
2025-06-04 17:40:00,105121.01,105173.85,105121.0,105173.84,5.99613,1585.0
2025-06-04 17:41:00,105173.84,105214.5,105173.84,105190.47,8.20984,2058.0
2025-06-04 17:42:00,105190.47,105190.48,105121.0,105134.13,7.71096,3622.0
2025-06-04 17:43:00,105134.12,105160.0,105126.06,105135.51,6.85524,1769.0
2025-06-04 17:44:00,105135.52,105146.76,105126.77,105132.07,7.95221,1499.0
2025-06-04 17:45:00,105132.07,105161.74,105129.46,105153.84,7.60201,1484.0
2025-06-04 17:46:00,105153.84,105161.74,105125.98,105125.98,8.08973,1448.0
2025-06-04 17:47:00,105125.99,105125.99,105095.23,105099.38,6.4671,1205.0
2025-06-04 17:48:00,105099.39,105115.07,105070.92,105115.07,16.33059,1963.0
2025-06-04 17:49:00,105115.06,105115.07,105095.69,105103.7,8.48726,1491.0
2025-06-04 17:50:00,105103.69,105103.7,105015.0,105015.86,21.52838,4358.0
2025-06-04 17:51:00,105015.85,105015.86,104963.64,104990.57,34.90573,3461.0
2025-06-04 17:52:00,104990.56,105019.98,104990.56,104995.76,14.90385,2420.0
2025-06-04 17:53:00,104995.77,105000.81,104974.19,105000.8,8.78809,1781.0
2025-06-04 17:54:00,105000.81,105047.55,105000.81,105037.73,2.94258,1857.0
2025-06-04 17:55:00,105037.73,105047.55,105037.73,105047.55,2.37442,490.0
2025-06-04 17:56:00,105047.55,105047.55,105024.64,105041.26,5.67301,1152.0
2025-06-04 17:57:00,105041.26,105051.11,105038.2,105051.1,3.67627,614.0
2025-06-04 17:58:00,105051.11,105051.11,105051.1,105051.1,0.71699,158.0
2025-06-04 17:59:00,105051.1,105051.11,105051.1,105051.1,0.87489,195.0
2025-06-04 18:00:00,105051.11,105193.57,105051.1,105178.5,13.97713,3979.0
2025-06-04 18:01:00,105178.51,105214.79,105178.5,105200.0,8.34153,1283.0
2025-06-04 18:02:00,105200.0,105220.0,105199.99,105208.91,3.6911,1055.0
2025-06-04 18:03:00,105208.92,105235.16,105199.94,105235.16,3.20689,2133.0
2025-06-04 18:04:00,105235.16,105273.59,105235.15,105266.65,2.72771,2175.0
2025-06-04 18:05:00,105266.66,105269.2,105258.58,105263.63,3.28966,1131.0
2025-06-04 18:06:00,105263.63,105294.97,105263.63,105294.96,2.46413,789.0
2025-06-04 18:07:00,105294.96,105300.0,105252.53,105252.54,6.86229,2108.0
2025-06-04 18:08:00,105252.54,105252.54,105146.61,105146.61,18.2965,4086.0
2025-06-04 18:09:00,105146.62,105173.96,105132.07,105164.99,5.25952,1688.0
2025-06-04 18:10:00,105165.0,105165.0,105147.13,105147.14,1.20222,695.0
2025-06-04 18:11:00,105147.13,105178.49,105147.13,105160.78,5.44487,1525.0
2025-06-04 18:12:00,105160.78,105160.79,105116.27,105116.27,4.91308,1871.0
2025-06-04 18:13:00,105116.27,105142.52,105116.27,105142.52,4.81449,710.0
2025-06-04 18:14:00,105142.51,105142.52,105124.79,105124.79,2.19771,457.0
2025-06-04 18:15:00,105124.8,105124.8,105120.0,105120.0,1.68967,620.0
2025-06-04 18:16:00,105120.01,105157.0,105120.0,105157.0,3.0377,710.0
2025-06-04 18:17:00,105156.99,105189.5,105156.99,105172.95,4.29776,1632.0
2025-06-04 18:18:00,105172.96,105172.96,105134.66,105134.66,3.67807,1055.0
2025-06-04 18:19:00,105134.66,105178.84,105116.62,105178.29,4.67649,2635.0
2025-06-04 18:20:00,105178.29,105226.41,105178.29,105204.0,5.01202,2113.0
2025-06-04 18:21:00,105204.01,105237.55,105204.0,105237.55,3.13758,760.0
2025-06-04 18:22:00,105237.54,105264.57,105180.02,105180.03,10.86719,3574.0
2025-06-04 18:23:00,105180.02,105207.35,105180.02,105207.35,2.33595,783.0
2025-06-04 18:24:00,105207.35,105207.35,105191.87,105191.87,1.97966,531.0
2025-06-04 18:25:00,105191.87,105191.87,105138.18,105148.64,3.26284,1965.0
2025-06-04 18:26:00,105148.64,105157.14,105148.63,105157.14,1.78677,536.0
2025-06-04 18:27:00,105157.13,105164.77,105151.31,105164.76,1.77686,788.0
2025-06-04 18:28:00,105164.77,105181.89,105164.76,105181.89,2.43789,752.0
2025-06-04 18:29:00,105181.88,105196.82,105166.14,105166.15,5.90165,1718.0
2025-06-04 18:30:00,105166.14,105206.31,105150.6,105163.47,7.55786,3072.0
2025-06-04 18:31:00,105163.47,105163.47,105138.0,105138.0,9.43542,1787.0
2025-06-04 18:32:00,105138.01,105153.6,105138.0,105153.59,1.61697,571.0
2025-06-04 18:33:00,105153.59,105153.6,105133.42,105141.83,2.44641,887.0
2025-06-04 18:34:00,105141.84,105141.84,105132.08,105132.08,3.34205,370.0
2025-06-04 18:35:00,105132.07,105137.74,105132.07,105137.74,2.43571,307.0
2025-06-04 18:36:00,105137.74,105137.74,105124.01,105126.6,5.72511,755.0
2025-06-04 18:37:00,105126.6,105126.6,105125.1,105125.1,5.42543,326.0
2025-06-04 18:38:00,105125.1,105125.11,105125.1,105125.1,3.96931,245.0
2025-06-04 18:39:00,105125.1,105132.08,105125.1,105130.9,3.16121,485.0
2025-06-04 18:40:00,105130.9,105130.91,105122.44,105122.44,12.39552,658.0
2025-06-04 18:41:00,105122.45,105122.45,105084.9,105098.02,14.88167,2089.0
2025-06-04 18:42:00,105098.02,105122.0,105091.32,105121.99,13.96132,1283.0
2025-06-04 18:43:00,105121.99,105139.74,105111.51,105131.99,7.11249,1511.0
2025-06-04 18:44:00,105131.98,105131.99,105116.11,105116.11,1.70014,541.0
2025-06-04 18:45:00,105116.12,105122.95,105072.73,105072.73,4.01361,1649.0
2025-06-04 18:46:00,105072.74,105072.74,105044.09,105044.09,2.15959,998.0
2025-06-04 18:47:00,105044.1,105054.2,105040.78,105040.79,5.08937,623.0
2025-06-04 18:48:00,105040.78,105043.57,105027.42,105032.67,5.75095,883.0
2025-06-04 18:49:00,105032.67,105063.23,105032.67,105039.19,6.37624,1459.0
2025-06-04 18:50:00,105039.19,105039.19,104990.56,104990.57,8.28049,2886.0
2025-06-04 18:51:00,104990.57,104990.57,104983.13,104990.53,1.90919,691.0
2025-06-04 18:52:00,104990.53,104990.53,104983.96,104983.97,2.78364,611.0
2025-06-04 18:53:00,104983.97,105018.0,104983.96,105018.0,3.35287,658.0
2025-06-04 18:54:00,105017.99,105036.29,105017.99,105036.28,2.65863,539.0
2025-06-04 18:55:00,105036.29,105036.29,104960.23,104966.76,6.08078,2671.0
2025-06-04 18:56:00,104966.75,104966.75,104920.01,104935.48,8.06643,2006.0
2025-06-04 18:57:00,104935.49,104966.63,104935.48,104966.62,2.10462,743.0
2025-06-04 18:58:00,104966.63,104966.63,104932.56,104932.56,2.4976,1391.0
2025-06-04 18:59:00,104932.56,104951.55,104932.56,104951.54,2.35727,670.0
2025-06-04 19:00:00,104951.54,104988.93,104938.91,104988.92,5.25675,1796.0
2025-06-04 19:01:00,104988.93,105031.11,104988.92,105031.11,4.21948,1197.0
2025-06-04 19:02:00,105031.11,105031.11,105007.95,105020.92,4.06187,1292.0
2025-06-04 19:03:00,105020.93,105020.93,105000.0,105008.46,2.9533,915.0
2025-06-04 19:04:00,105008.46,105034.11,105008.46,105034.1,1.94664,515.0
2025-06-04 19:05:00,105034.11,105047.61,105014.25,105032.33,4.68899,1630.0
2025-06-04 19:06:00,105032.34,105035.99,104958.58,104958.59,7.65093,3194.0
2025-06-04 19:07:00,104958.58,104958.59,104945.05,104945.06,7.03803,937.0
2025-06-04 19:08:00,104945.05,104961.71,104945.05,104954.44,5.29684,825.0
2025-06-04 19:09:00,104954.44,104969.47,104888.0,104894.43,11.68008,2522.0
2025-06-04 19:10:00,104894.44,104914.43,104885.61,104914.43,2.57392,1161.0
2025-06-04 19:11:00,104914.43,104914.43,104890.75,104890.82,4.61713,802.0
2025-06-04 19:12:00,104890.81,104901.25,104890.81,104901.25,1.44475,387.0
2025-06-04 19:13:00,104901.25,104901.25,104876.26,104888.48,4.48408,1296.0
2025-06-04 19:14:00,104888.49,104894.75,104888.48,104894.75,3.59521,535.0
2025-06-04 19:15:00,104894.75,104909.18,104875.0,104905.36,7.79049,1970.0
2025-06-04 19:16:00,104905.36,104905.36,104881.01,104881.02,3.21348,1583.0
2025-06-04 19:17:00,104881.01,104887.48,104865.25,104887.48,3.96245,1308.0
2025-06-04 19:18:00,104887.48,104974.55,104887.48,104974.54,13.25699,3042.0
2025-06-04 19:19:00,104974.55,104981.02,104965.25,104981.01,6.08736,845.0
2025-06-04 19:20:00,104981.01,104981.02,104970.51,104970.52,4.99475,881.0
2025-06-04 19:21:00,104970.52,104998.39,104957.56,104998.38,8.16222,1483.0
2025-06-04 19:22:00,104998.39,105027.66,104991.13,104999.18,6.91185,2347.0
2025-06-04 19:23:00,104999.17,104999.18,104985.26,104990.57,3.0862,1081.0
2025-06-04 19:24:00,104990.57,104990.57,104969.19,104978.65,6.67624,1087.0
2025-06-04 19:25:00,104978.65,104978.65,104950.0,104950.01,3.98337,1673.0
2025-06-04 19:26:00,104950.01,104958.97,104950.0,104950.01,1.28987,592.0
2025-06-04 19:27:00,104950.0,104950.01,104904.79,104904.79,4.64074,1539.0
2025-06-04 19:28:00,104904.79,104904.8,104900.84,104900.84,2.34703,423.0
2025-06-04 19:29:00,104900.84,104900.85,104894.27,104894.27,1.10393,484.0
2025-06-04 19:30:00,104894.27,104896.23,104881.01,104896.23,2.60527,1062.0
2025-06-04 19:31:00,104896.23,104909.77,104896.22,104909.76,1.74493,665.0
2025-06-04 19:32:00,104909.76,104936.4,104907.43,104936.39,2.21086,1354.0
2025-06-04 19:33:00,104936.39,104960.66,104936.39,104960.66,3.10451,1392.0
2025-06-04 19:34:00,104960.66,104960.66,104932.57,104932.57,1.29508,867.0
2025-06-04 19:35:00,104932.57,104932.57,104896.22,104896.23,2.40373,954.0
2025-06-04 19:36:00,104896.23,104971.14,104896.22,104971.13,5.93532,2363.0
2025-06-04 19:37:00,104971.14,105063.25,104961.53,105057.6,16.90726,2817.0
2025-06-04 19:38:00,105057.59,105057.59,105029.12,105029.12,1.28058,888.0
2025-06-04 19:39:00,105029.12,105029.12,104980.0,105002.54,3.95949,1659.0
2025-06-04 19:40:00,105002.55,105002.55,104966.24,104987.48,6.00354,1780.0
2025-06-04 19:41:00,104987.48,104987.48,104963.11,104986.21,2.03353,1003.0
2025-06-04 19:42:00,104986.2,104986.21,104977.77,104977.77,0.96913,417.0
2025-06-04 19:43:00,104977.78,105002.55,104977.77,105002.55,3.12393,1316.0
2025-06-04 19:44:00,105002.55,105066.59,105002.54,105066.58,3.12828,2646.0
2025-06-04 19:45:00,105066.59,105079.99,105066.58,105069.48,2.01819,775.0
2025-06-04 19:46:00,105069.47,105079.17,105069.47,105079.16,0.91531,357.0
2025-06-04 19:47:00,105079.16,105079.17,105048.0,105048.0,2.29532,715.0
2025-06-04 19:48:00,105048.01,105048.01,105013.7,105013.7,2.77812,865.0
2025-06-04 19:49:00,105013.7,105046.07,105013.7,105046.07,3.23487,1307.0
2025-06-04 19:50:00,105046.06,105068.97,105046.06,105064.37,9.23532,1617.0
2025-06-04 19:51:00,105064.37,105064.38,104976.74,104976.74,5.55637,2420.0
2025-06-04 19:52:00,104976.74,104976.74,104950.31,104961.51,3.48353,1369.0
2025-06-04 19:53:00,104961.5,104990.27,104961.5,104977.85,3.17844,1632.0
2025-06-04 19:54:00,104977.86,104984.41,104972.02,104984.41,1.11573,571.0
2025-06-04 19:55:00,104984.41,105006.5,104960.0,104994.8,5.13664,2312.0
2025-06-04 19:56:00,104994.8,105005.3,104994.8,104995.77,1.15056,792.0
2025-06-04 19:57:00,104995.76,104995.76,104967.38,104976.74,3.58392,1169.0
2025-06-04 19:58:00,104976.74,105071.57,104976.74,105071.57,11.77765,3731.0
2025-06-04 19:59:00,105071.56,105071.57,104905.69,104913.52,21.50819,5303.0
2025-06-04 20:00:00,104913.52,104930.24,104905.69,104930.24,2.50442,1017.0
2025-06-04 20:01:00,104930.24,104959.64,104920.03,104920.04,7.30231,1603.0
2025-06-04 20:02:00,104920.03,104920.04,104914.79,104914.79,4.13892,467.0
2025-06-04 20:03:00,104914.8,104914.8,104837.2,104837.2,13.03361,1970.0
2025-06-04 20:04:00,104837.2,104842.93,104800.0,104800.0,5.92389,1692.0
2025-06-04 20:05:00,104800.0,104830.95,104800.0,104802.9,8.84049,1988.0
2025-06-04 20:06:00,104802.91,104802.91,104750.0,104780.0,14.20964,2899.0
2025-06-04 20:07:00,104779.99,104785.5,104768.6,104770.52,3.66577,1145.0
2025-06-04 20:08:00,104770.53,104800.0,104768.24,104800.0,2.06093,1232.0
2025-06-04 20:09:00,104800.0,104819.75,104799.99,104819.75,6.00713,971.0
2025-06-04 20:10:00,104819.75,104854.89,104819.74,104846.0,5.41514,2159.0
2025-06-04 20:11:00,104846.0,104846.0,104843.85,104843.86,1.21806,281.0
2025-06-04 20:12:00,104843.86,104843.86,104812.81,104812.81,5.04869,1662.0
2025-06-04 20:13:00,104812.82,104812.82,104771.5,104772.08,6.36492,1035.0
2025-06-04 20:14:00,104772.07,104772.08,104756.61,104756.61,2.16483,702.0
2025-06-04 20:15:00,104756.62,104756.62,104679.66,104696.0,31.29987,3025.0
2025-06-04 20:16:00,104696.0,104697.43,104620.0,104620.01,20.77622,3258.0
2025-06-04 20:17:00,104620.01,104630.0,104615.4,104619.04,7.43592,1686.0
2025-06-04 20:18:00,104619.05,104619.05,104580.14,104596.34,7.1554,2282.0
2025-06-04 20:19:00,104596.35,104596.35,104567.09,104567.1,4.89257,936.0
2025-06-04 20:20:00,104567.09,104578.03,104508.0,104516.01,14.30429,2997.0
2025-06-04 20:21:00,104516.01,104516.01,104492.22,104492.23,9.24926,1565.0
2025-06-04 20:22:00,104492.23,104524.0,104434.52,104438.74,51.92677,3672.0
2025-06-04 20:23:00,104438.74,104458.2,104407.16,104436.9,10.55967,2565.0
2025-06-04 20:24:00,104436.89,104516.35,104436.89,104508.62,7.26055,2797.0
2025-06-04 20:25:00,104508.62,104576.74,104507.65,104565.42,6.80628,2481.0
2025-06-04 20:26:00,104565.41,104649.38,104546.3,104547.67,26.4665,2714.0
2025-06-04 20:27:00,104547.68,104603.22,104547.67,104603.21,9.12334,1559.0
2025-06-04 20:28:00,104603.22,104672.95,104603.22,104672.94,4.04432,2248.0
2025-06-04 20:29:00,104672.95,104697.67,104672.94,104681.96,6.80588,1228.0
2025-06-04 20:30:00,104681.96,104695.12,104681.96,104695.11,2.54613,882.0
2025-06-04 20:31:00,104695.12,104695.12,104659.83,104659.83,2.36912,1139.0
2025-06-04 20:32:00,104659.83,104659.84,104579.25,104609.71,8.31916,3436.0
2025-06-04 20:33:00,104609.72,104685.64,104609.72,104675.51,4.28037,2526.0
2025-06-04 20:34:00,104675.52,104703.82,104675.51,104688.49,5.95234,1803.0
2025-06-04 20:35:00,104688.48,104688.49,104631.18,104631.18,3.51456,1556.0
2025-06-04 20:36:00,104631.18,104671.84,104631.18,104671.84,11.48232,1997.0
2025-06-04 20:37:00,104671.84,104708.09,104671.83,104708.09,1.23398,1113.0
2025-06-04 20:38:00,104708.09,104716.64,104696.67,104716.63,3.62032,1460.0
2025-06-04 20:39:00,104716.64,104716.64,104696.68,104696.68,7.91905,522.0
2025-06-04 20:40:00,104696.69,104696.69,104668.0,104668.01,1.89132,884.0
2025-06-04 20:41:00,104668.0,104735.14,104664.84,104714.28,6.5775,2187.0
2025-06-04 20:42:00,104714.28,104714.29,104698.25,104707.54,2.14596,918.0
2025-06-04 20:43:00,104707.55,104772.64,104707.54,104772.64,14.01439,1738.0
2025-06-04 20:44:00,104772.63,104772.64,104767.39,104767.39,0.68176,280.0
2025-06-04 20:45:00,104767.39,104767.4,104724.02,104738.95,4.70477,2185.0
2025-06-04 20:46:00,104738.96,104754.72,104732.0,104735.01,5.36133,1637.0
2025-06-04 20:47:00,104735.02,104753.87,104735.01,104740.6,1.64702,675.0
2025-06-04 20:48:00,104740.6,104740.6,104724.0,104724.0,2.01559,582.0
2025-06-04 20:49:00,104724.0,104724.01,104673.88,104684.35,19.67,2787.0
2025-06-04 20:50:00,104684.36,104684.36,104636.36,104639.41,5.84812,1616.0
2025-06-04 20:51:00,104639.41,104654.63,104623.72,104654.63,5.56839,1795.0
2025-06-04 20:52:00,104654.63,104714.29,104654.62,104714.28,4.52503,1864.0
2025-06-04 20:53:00,104714.28,104733.07,104686.93,104686.94,4.04833,1518.0
2025-06-04 20:54:00,104686.94,104696.59,104686.93,104696.59,3.7644,458.0
2025-06-04 20:55:00,104696.58,104696.59,104615.12,104615.12,10.63439,3191.0
2025-06-04 20:56:00,104615.13,104642.03,104577.46,104577.47,10.03889,1513.0
2025-06-04 20:57:00,104577.47,104589.74,104550.92,104550.92,15.0294,1682.0
2025-06-04 20:58:00,104550.93,104566.04,104550.92,104566.04,1.09026,516.0
2025-06-04 20:59:00,104566.04,104609.88,104566.03,104609.87,7.86478,911.0
2025-06-04 21:00:00,104609.88,104609.88,104581.09,104590.71,5.12188,818.0
2025-06-04 21:01:00,104590.71,104590.72,104590.71,104590.72,0.9174,192.0
2025-06-04 21:02:00,104590.72,104604.66,104590.71,104594.57,3.54859,938.0
2025-06-04 21:03:00,104594.56,104594.57,104581.5,104581.51,3.61652,862.0
2025-06-04 21:04:00,104581.51,104581.51,104549.83,104549.83,3.33135,1101.0
2025-06-04 21:05:00,104549.83,104566.04,104549.83,104566.03,4.6921,746.0
2025-06-04 21:06:00,104566.04,104566.04,104556.22,104556.23,1.44952,410.0
2025-06-04 21:07:00,104556.23,104635.27,104556.23,104635.27,7.54772,2495.0
2025-06-04 21:08:00,104635.27,104635.27,104616.49,104616.49,1.38039,825.0
2025-06-04 21:09:00,104616.5,104616.5,104616.49,104616.5,0.71049,161.0
2025-06-04 21:10:00,104616.5,104616.5,104616.49,104616.5,1.23654,190.0
2025-06-04 21:11:00,104616.49,104616.5,104603.72,104603.72,1.98262,336.0
2025-06-04 21:12:00,104603.73,104616.5,104603.72,104616.5,4.89677,664.0
2025-06-04 21:13:00,104616.5,104650.61,104616.49,104650.61,3.52887,1135.0
2025-06-04 21:14:00,104650.61,104769.59,104650.61,104769.58,14.0318,3956.0
2025-06-04 21:15:00,104769.58,104769.59,104727.61,104727.61,4.41185,1099.0
2025-06-04 21:16:00,104727.62,104744.05,104707.54,104707.55,4.57777,1391.0
2025-06-04 21:17:00,104707.55,104707.55,104698.8,104698.81,1.65333,348.0
2025-06-04 21:18:00,104698.81,104698.81,104657.3,104657.3,4.13694,1439.0
2025-06-04 21:19:00,104657.31,104657.31,104657.3,104657.3,1.54821,245.0
2025-06-04 21:20:00,104657.31,104657.31,104657.3,104657.3,0.85821,147.0
2025-06-04 21:21:00,104657.3,104657.31,104632.34,104632.34,4.88426,1048.0
2025-06-04 21:22:00,104632.34,104632.35,104605.03,104605.04,3.64856,665.0
2025-06-04 21:23:00,104605.04,104624.0,104605.03,104623.99,9.32919,618.0
2025-06-04 21:24:00,104624.0,104640.0,104623.99,104639.99,4.25519,595.0
2025-06-04 21:25:00,104639.99,104648.52,104639.99,104648.51,1.92306,483.0
2025-06-04 21:26:00,104648.52,104648.52,104648.51,104648.52,0.79588,149.0
2025-06-04 21:27:00,104648.52,104671.02,104648.51,104671.02,3.74813,966.0
2025-06-04 21:28:00,104671.02,104671.02,104671.01,104671.01,0.6611,237.0
2025-06-04 21:29:00,104671.02,104692.76,104671.01,104692.75,3.33658,1095.0
2025-06-04 21:30:00,104692.76,104692.76,104692.75,104692.76,0.91437,165.0
2025-06-04 21:31:00,104692.76,104719.33,104692.75,104719.33,2.87589,804.0
2025-06-04 21:32:00,104719.33,104739.74,104719.32,104739.73,3.50034,721.0
2025-06-04 21:33:00,104739.74,104825.42,104739.74,104825.42,4.3037,2397.0
2025-06-04 21:34:00,104825.42,104859.5,104825.41,104859.5,3.76717,1346.0
2025-06-04 21:35:00,104859.49,104910.77,104859.49,104910.77,7.38685,1937.0
2025-06-04 21:36:00,104910.76,105015.11,104910.76,105000.99,21.92989,4369.0
2025-06-04 21:37:00,105001.0,105001.0,104954.98,104954.99,6.96148,2511.0
2025-06-04 21:38:00,104954.98,104954.99,104953.44,104953.45,1.34109,301.0
2025-06-04 21:39:00,104953.44,104953.45,104903.13,104903.13,5.35619,2092.0
2025-06-04 21:40:00,104903.14,104903.14,104766.26,104801.87,16.09778,4886.0
2025-06-04 21:41:00,104801.87,104875.39,104801.87,104875.39,5.70566,1756.0
2025-06-04 21:42:00,104875.39,104896.19,104875.38,104896.19,1.36083,997.0
2025-06-04 21:43:00,104896.19,104923.17,104880.0,104880.01,6.59373,2247.0
2025-06-04 21:44:00,104880.01,104893.1,104838.99,104893.1,5.93169,2397.0
2025-06-04 21:45:00,104893.1,104950.79,104893.1,104897.29,7.2863,2583.0
2025-06-04 21:46:00,104897.29,104943.4,104896.71,104939.86,14.15051,2883.0
2025-06-04 21:47:00,104939.87,104997.75,104939.86,104969.2,8.34801,1065.0
2025-06-04 21:48:00,104969.2,105045.79,104969.2,105005.01,15.70307,3450.0
2025-06-04 21:49:00,105005.01,105037.74,105005.0,105028.68,6.27189,777.0
2025-06-04 21:50:00,105028.68,105028.69,105000.0,105000.0,2.92479,1550.0
2025-06-04 21:51:00,105000.0,105022.64,104990.88,105022.64,5.0429,1928.0
2025-06-04 21:52:00,105022.64,105045.79,105022.63,105034.93,10.23385,1001.0
2025-06-04 21:53:00,105034.93,105034.93,105010.94,105014.19,6.51534,971.0
2025-06-04 21:54:00,105014.18,105014.19,104996.95,104996.95,2.71982,641.0
2025-06-04 21:55:00,104996.96,104996.96,104996.95,104996.96,0.509,167.0
2025-06-04 21:56:00,104996.95,104996.96,104952.38,104952.38,6.37689,1245.0
2025-06-04 21:57:00,104952.38,104952.39,104920.0,104920.0,5.16751,706.0
2025-06-04 21:58:00,104920.01,104968.22,104920.0,104968.21,8.72242,1775.0
2025-06-04 21:59:00,104968.22,104968.22,104930.61,104930.61,2.45221,1050.0
2025-06-04 22:00:00,104930.61,104930.62,104883.72,104919.35,6.16555,2251.0
2025-06-04 22:01:00,104919.35,104948.77,104919.35,104937.58,3.2996,1393.0
2025-06-04 22:02:00,104937.58,104937.59,104862.55,104883.73,7.4831,4311.0
2025-06-04 22:03:00,104883.72,104883.73,104830.0,104844.36,4.69475,1967.0
2025-06-04 22:04:00,104844.36,104895.29,104844.35,104876.7,3.61163,2493.0
2025-06-04 22:05:00,104876.7,104876.7,104839.98,104849.06,4.50029,1395.0
2025-06-04 22:06:00,104849.06,104849.06,104773.17,104786.67,6.67763,2459.0
2025-06-04 22:07:00,104786.68,104823.05,104786.67,104823.05,1.91644,1293.0
2025-06-04 22:08:00,104823.05,104823.05,104805.42,104818.0,3.3188,975.0
2025-06-04 22:09:00,104818.01,104818.01,104818.0,104818.0,0.78839,196.0
2025-06-04 22:10:00,104818.01,104847.35,104818.0,104847.34,2.58564,1601.0
2025-06-04 22:11:00,104847.35,104943.4,104847.34,104933.02,8.97404,3545.0
2025-06-04 22:12:00,104933.02,104948.65,104908.95,104908.95,3.21791,1790.0
2025-06-04 22:13:00,104908.96,104939.99,104908.96,104930.24,1.87743,1120.0
2025-06-04 22:14:00,104930.24,104930.24,104913.6,104917.98,2.23106,985.0
2025-06-04 22:15:00,104917.98,104943.4,104917.97,104943.4,0.96549,623.0
2025-06-04 22:16:00,104943.4,105016.71,104943.4,105016.7,3.19149,1601.0
2025-06-04 22:17:00,105016.71,105034.91,105006.2,105007.39,4.03208,1746.0
2025-06-04 22:18:00,105007.17,105007.18,105007.17,105007.18,2.61574,270.0
2025-06-04 22:19:00,105007.17,105017.68,105007.17,105007.18,2.82841,790.0
2025-06-04 22:20:00,105007.18,105018.93,104997.69,104997.69,2.5987,1306.0
2025-06-04 22:21:00,104997.7,104997.7,104944.95,104944.96,2.61196,1411.0
2025-06-04 22:22:00,104944.96,104944.96,104844.35,104844.35,6.43553,4511.0
2025-06-04 22:23:00,104844.36,104849.06,104833.8,104837.33,3.9806,1413.0
2025-06-04 22:24:00,104837.33,104839.17,104828.71,104834.48,1.93862,1285.0
2025-06-04 22:25:00,104834.47,104844.65,104834.15,104844.64,1.22801,736.0
2025-06-04 22:26:00,104844.65,104847.29,104844.64,104847.28,0.51424,357.0
2025-06-04 22:27:00,104847.28,104848.64,104790.69,104790.69,2.61739,1479.0
2025-06-04 22:28:00,104790.7,104798.79,104790.69,104790.7,1.31656,465.0
2025-06-04 22:29:00,104790.7,104799.89,104790.69,104799.89,0.88961,289.0
2025-06-04 22:30:00,104799.88,104821.28,104755.17,104821.28,3.47729,2930.0
2025-06-04 22:31:00,104821.28,104835.72,104781.11,104781.12,2.39951,1263.0
2025-06-04 22:32:00,104781.12,104801.88,104768.61,104773.85,1.5105,882.0
2025-06-04 22:33:00,104773.85,104817.25,104773.85,104780.83,2.7615,1811.0
2025-06-04 22:34:00,104780.83,104798.58,104780.82,104798.58,2.09135,746.0
2025-06-04 22:35:00,104798.58,104798.58,104772.46,104772.47,1.61933,787.0
2025-06-04 22:36:00,104772.47,104822.4,104772.46,104822.39,2.86517,1251.0
2025-06-04 22:37:00,104822.4,104830.44,104808.17,104808.18,2.31881,905.0
2025-06-04 22:38:00,104808.17,104886.27,104808.17,104886.27,2.64914,1432.0
2025-06-04 22:39:00,104886.26,104886.27,104861.97,104861.97,1.46772,488.0
2025-06-04 22:40:00,104861.97,104881.74,104861.97,104864.01,1.74119,729.0
2025-06-04 22:41:00,104864.02,104879.74,104860.7,104879.74,1.62293,661.0
2025-06-04 22:42:00,104879.73,104900.0,104879.73,104891.21,1.2989,800.0
2025-06-04 22:43:00,104891.22,104891.22,104873.06,104873.06,0.99554,612.0
2025-06-04 22:44:00,104873.06,104873.07,104867.06,104867.07,0.80638,297.0
2025-06-04 22:45:00,104867.06,104867.07,104837.2,104837.2,3.61572,1106.0
2025-06-04 22:46:00,104837.21,104837.21,104760.2,104779.45,4.41726,2298.0
2025-06-04 22:47:00,104779.45,104816.0,104779.45,104809.93,3.31513,1479.0
2025-06-04 22:48:00,104809.94,104835.63,104809.93,104826.8,1.41645,1147.0
2025-06-04 22:49:00,104826.8,104832.55,104808.0,104808.0,1.61767,821.0
2025-06-04 22:50:00,104808.0,104808.01,104744.18,104744.18,4.01564,2006.0
2025-06-04 22:51:00,104744.19,104779.99,104744.18,104779.99,2.40666,1321.0
2025-06-04 22:52:00,104780.0,104789.37,104779.99,104789.36,0.72278,264.0
2025-06-04 22:53:00,104789.36,104799.98,104776.82,104799.97,1.28537,701.0
2025-06-04 22:54:00,104799.97,104799.98,104789.61,104789.62,0.35544,239.0
2025-06-04 22:55:00,104789.62,104789.62,104772.24,104772.24,0.96638,593.0
2025-06-04 22:56:00,104772.24,104780.46,104767.78,104780.45,2.99009,577.0
2025-06-04 22:57:00,104780.45,104806.5,104780.45,104806.49,1.08586,804.0
2025-06-04 22:58:00,104806.5,104826.47,104806.49,104809.54,1.1232,1106.0
2025-06-04 22:59:00,104809.54,104809.54,104775.36,104775.36,0.72999,859.0
2025-06-04 23:00:00,104775.37,104801.89,104775.36,104801.38,1.408,1153.0
2025-06-04 23:01:00,104801.38,104801.38,104772.0,104772.0,2.55511,750.0
2025-06-04 23:02:00,104772.0,104795.69,104772.0,104783.06,3.6103,1261.0
2025-06-04 23:03:00,104783.06,104783.06,104714.31,104714.31,8.25391,1654.0
2025-06-04 23:04:00,104714.31,104728.0,104707.55,104719.25,4.6394,929.0
2025-06-04 23:05:00,104719.25,104719.25,104707.54,104712.27,3.1773,834.0
2025-06-04 23:06:00,104712.27,104790.69,104712.26,104790.68,2.48623,1836.0
2025-06-04 23:07:00,104790.69,104864.5,104790.68,104844.61,10.82387,1926.0
2025-06-04 23:08:00,104844.6,104864.5,104801.88,104801.89,4.82352,1683.0
2025-06-04 23:09:00,104801.88,104801.89,104801.88,104801.88,1.4707,141.0
2025-06-04 23:10:00,104801.88,104811.3,104800.0,104804.34,3.25938,711.0
2025-06-04 23:11:00,104804.34,104804.34,104796.41,104796.42,0.71159,360.0
2025-06-04 23:12:00,104796.41,104796.42,104787.3,104787.3,1.04637,520.0
2025-06-04 23:13:00,104787.31,104787.31,104754.71,104754.72,2.30172,638.0
2025-06-04 23:14:00,104754.72,104754.72,104744.35,104744.36,0.93175,348.0
2025-06-04 23:15:00,104744.35,104768.69,104744.35,104749.79,2.53135,745.0
2025-06-04 23:16:00,104749.8,104762.69,104749.79,104762.69,1.57761,378.0
2025-06-04 23:17:00,104762.68,104785.91,104762.68,104785.91,2.2091,731.0
2025-06-04 23:18:00,104785.91,104785.91,104706.23,104712.01,3.47032,1810.0
2025-06-04 23:19:00,104712.01,104712.01,104690.0,104690.01,4.14272,709.0
2025-06-04 23:20:00,104690.01,104690.01,104640.01,104649.93,4.82593,1775.0
2025-06-04 23:21:00,104649.94,104663.56,104649.93,104655.92,2.61342,889.0
2025-06-04 23:22:00,104655.92,104655.92,104633.73,104648.82,3.64056,876.0
2025-06-04 23:23:00,104648.82,104656.16,104625.15,104656.16,15.04576,1364.0
2025-06-04 23:24:00,104656.16,104677.79,104656.15,104677.79,2.69989,763.0
2025-06-04 23:25:00,104677.78,104695.98,104677.78,104695.98,2.20849,863.0
2025-06-04 23:26:00,104695.98,104695.98,104685.0,104685.0,1.29307,322.0
2025-06-04 23:27:00,104685.0,104695.97,104665.66,104695.97,2.84465,1002.0
2025-06-04 23:28:00,104695.96,104697.68,104681.3,104681.3,1.34413,464.0
2025-06-04 23:29:00,104681.3,104681.31,104664.0,104664.0,1.87557,590.0
2025-06-04 23:30:00,104664.0,104664.0,104628.53,104628.53,3.01753,1462.0
2025-06-04 23:31:00,104628.54,104637.14,104625.15,104637.13,3.87206,852.0
2025-06-04 23:32:00,104637.13,104649.91,104637.12,104649.9,0.58611,422.0
2025-06-04 23:33:00,104649.91,104693.45,104649.9,104693.45,3.71835,1768.0
2025-06-04 23:34:00,104693.45,104725.8,104693.44,104719.29,2.16561,1982.0
2025-06-04 23:35:00,104719.28,104719.28,104708.26,104708.27,2.56493,631.0
2025-06-04 23:36:00,104708.27,104708.27,104704.0,104704.01,0.65935,261.0
2025-06-04 23:37:00,104704.0,104717.03,104704.0,104717.03,2.39532,573.0
2025-06-04 23:38:00,104717.03,104717.03,104708.95,104714.19,0.68437,417.0
2025-06-04 23:39:00,104714.19,104723.72,104687.76,104697.67,4.07856,1378.0
2025-06-04 23:40:00,104697.67,104727.99,104697.67,104727.99,2.38204,596.0
2025-06-04 23:41:00,104727.99,104754.72,104727.98,104754.72,5.7341,842.0
2025-06-04 23:42:00,104754.72,104770.93,104754.71,104770.93,1.55737,661.0
2025-06-04 23:43:00,104770.93,104779.99,104742.38,104742.38,4.34008,964.0
2025-06-04 23:44:00,104742.37,104742.37,104738.96,104738.97,0.21472,242.0
2025-06-04 23:45:00,104738.97,104743.88,104733.4,104743.88,2.49464,604.0
2025-06-04 23:46:00,104743.87,104776.0,104743.87,104761.03,3.43517,1881.0
2025-06-04 23:47:00,104761.04,104768.82,104756.6,104756.86,5.54478,685.0
2025-06-04 23:48:00,104756.86,104756.86,104733.25,104733.25,1.40429,810.0
2025-06-04 23:49:00,104733.25,104751.71,104733.25,104751.7,2.83724,764.0
2025-06-04 23:50:00,104751.71,104768.0,104751.7,104767.99,0.80057,492.0
2025-06-04 23:51:00,104768.0,104768.0,104767.99,104768.0,0.38822,191.0
2025-06-04 23:52:00,104767.99,104768.0,104767.99,104768.0,0.47197,176.0
2025-06-04 23:53:00,104767.99,104768.0,104767.99,104768.0,0.29386,164.0
2025-06-04 23:54:00,104768.0,104768.0,104731.04,104731.04,4.96359,1161.0
2025-06-04 23:55:00,104731.04,104731.05,104708.08,104708.09,1.89709,663.0
2025-06-04 23:56:00,104708.09,104728.68,104707.54,104707.55,2.89831,1100.0
2025-06-04 23:57:00,104707.55,104707.55,104671.26,104671.26,3.29621,846.0
2025-06-04 23:58:00,104671.26,104680.1,104660.37,104680.1,2.14099,778.0
2025-06-04 23:59:00,104680.09,104696.86,104680.09,104696.86,1.6442,600.0
2025-06-05 00:00:00,104696.86,104711.82,104682.33,104711.81,4.36467,1585.0
2025-06-05 00:01:00,104711.81,104733.39,104711.81,104724.77,3.55908,1476.0
2025-06-05 00:02:00,104724.77,104748.0,104724.77,104747.99,1.67282,662.0
2025-06-05 00:03:00,104748.0,104780.84,104747.99,104780.84,2.88693,799.0
2025-06-05 00:04:00,104780.84,104786.11,104740.0,104740.01,2.51623,1066.0
2025-06-05 00:05:00,104740.0,104740.01,104720.96,104740.01,6.16934,1028.0
2025-06-05 00:06:00,104740.0,104790.08,104740.0,104790.08,5.64098,1322.0
2025-06-05 00:07:00,104790.08,104790.08,104749.53,104772.24,3.5096,2606.0
2025-06-05 00:08:00,104772.24,104784.85,104772.23,104784.85,2.53137,952.0
2025-06-05 00:09:00,104784.85,104790.08,104784.84,104790.08,0.96959,305.0
2025-06-05 00:10:00,104790.07,104796.13,104790.07,104795.99,3.59387,388.0
2025-06-05 00:11:00,104796.0,104796.0,104774.11,104776.0,3.09308,995.0
2025-06-05 00:12:00,104776.0,104779.85,104776.0,104779.85,0.93597,365.0
2025-06-05 00:13:00,104779.84,104788.3,104779.84,104781.23,2.37002,659.0
2025-06-05 00:14:00,104781.23,104781.24,104768.49,104768.49,2.15835,541.0
2025-06-05 00:15:00,104768.5,104790.08,104768.49,104790.07,2.02823,667.0
2025-06-05 00:16:00,104790.07,104790.08,104790.07,104790.07,0.32302,217.0
2025-06-05 00:17:00,104790.07,104790.08,104790.07,104790.07,0.44675,168.0
2025-06-05 00:18:00,104790.07,104799.85,104754.01,104754.02,4.98881,1521.0
2025-06-05 00:19:00,104754.02,104754.02,104671.26,104671.26,5.91427,2521.0
2025-06-05 00:20:00,104671.26,104739.99,104651.16,104739.99,11.27382,3160.0
2025-06-05 00:21:00,104739.99,104760.0,104719.28,104760.0,2.17365,1266.0
2025-06-05 00:22:00,104760.0,104787.0,104760.0,104766.64,4.31579,1213.0
2025-06-05 00:23:00,104766.65,104774.32,104746.5,104774.31,3.99826,1324.0
2025-06-05 00:24:00,104774.31,104787.0,104746.5,104746.5,3.86784,1618.0
2025-06-05 00:25:00,104746.51,104786.25,104746.5,104786.25,3.93099,1041.0
2025-06-05 00:26:00,104786.25,104791.5,104786.24,104786.25,0.9866,482.0
2025-06-05 00:27:00,104786.25,104790.7,104779.71,104779.72,0.83348,442.0
2025-06-05 00:28:00,104779.71,104814.77,104779.71,104814.76,2.89537,979.0
2025-06-05 00:29:00,104814.76,104835.11,104781.19,104781.19,16.91463,1753.0
2025-06-05 00:30:00,104781.2,104879.96,104781.2,104879.95,4.75046,2088.0
2025-06-05 00:31:00,104879.95,104904.13,104850.01,104850.02,4.51915,1907.0
2025-06-05 00:32:00,104850.02,104920.0,104850.01,104904.77,18.27425,1930.0
2025-06-05 00:33:00,104904.76,104904.76,104850.0,104879.66,3.21572,1583.0
2025-06-05 00:34:00,104879.66,104895.39,104872.5,104872.5,1.10046,779.0
2025-06-05 00:35:00,104872.5,104877.0,104856.58,104877.0,1.38119,974.0
2025-06-05 00:36:00,104877.0,104930.23,104876.99,104930.22,1.85858,1287.0
2025-06-05 00:37:00,104930.22,104930.23,104930.22,104930.23,0.54466,143.0
2025-06-05 00:38:00,104930.23,104958.55,104930.22,104933.74,7.62264,1787.0
2025-06-05 00:39:00,104933.75,104958.44,104933.74,104944.73,1.63235,955.0
2025-06-05 00:40:00,104944.73,104944.73,104896.22,104896.22,5.00815,1555.0
2025-06-05 00:41:00,104896.22,104896.22,104843.46,104887.21,9.27091,2144.0
2025-06-05 00:42:00,104887.21,104945.97,104887.2,104945.96,4.65094,1669.0
2025-06-05 00:43:00,104945.97,104949.98,104939.26,104939.27,4.1867,527.0
2025-06-05 00:44:00,104939.27,104939.27,104931.0,104931.01,2.57264,387.0
2025-06-05 00:45:00,104931.01,104940.33,104931.0,104940.33,0.77063,352.0
2025-06-05 00:46:00,104940.33,104943.4,104940.32,104943.39,1.17069,518.0
2025-06-05 00:47:00,104943.39,104958.54,104928.0,104928.01,3.4231,1592.0
2025-06-05 00:48:00,104928.0,104928.0,104870.79,104889.31,8.4906,1941.0
2025-06-05 00:49:00,104889.31,104891.07,104849.05,104858.38,7.1513,1993.0
2025-06-05 00:50:00,104858.39,104866.44,104837.2,104837.2,2.22114,1150.0
2025-06-05 00:51:00,104837.2,104856.43,104817.71,104833.78,4.62197,2184.0
2025-06-05 00:52:00,104833.77,104834.62,104821.59,104834.62,1.97309,976.0
2025-06-05 00:53:00,104834.63,104885.85,104834.63,104879.99,4.9625,2534.0
2025-06-05 00:54:00,104879.99,104914.82,104879.99,104914.81,2.30493,1389.0
2025-06-05 00:55:00,104914.81,104935.73,104914.81,104930.25,1.77954,840.0
2025-06-05 00:56:00,104930.24,104951.74,104930.24,104943.39,4.1644,1316.0
2025-06-05 00:57:00,104943.38,104952.0,104943.38,104943.39,13.53725,473.0
2025-06-05 00:58:00,104943.38,104967.97,104943.38,104967.96,1.28148,799.0
2025-06-05 00:59:00,104967.96,104976.75,104957.85,104976.74,3.3481,797.0
2025-06-05 01:00:00,104976.75,104976.75,104968.0,104976.72,3.20163,737.0
2025-06-05 01:01:00,104976.72,105009.19,104976.71,105009.19,3.50718,1357.0
2025-06-05 01:02:00,105009.18,105009.19,105004.77,105008.77,1.7809,374.0
2025-06-05 01:03:00,105008.76,105045.4,105008.76,105045.4,4.69563,988.0
2025-06-05 01:04:00,105045.39,105045.4,105045.39,105045.4,3.27479,394.0
2025-06-05 01:05:00,105045.39,105045.4,105009.32,105009.32,8.89887,1384.0
2025-06-05 01:06:00,105009.33,105037.73,105009.32,105037.73,1.15009,654.0
2025-06-05 01:07:00,105037.73,105045.79,105037.72,105045.78,0.79695,350.0
2025-06-05 01:08:00,105045.78,105084.0,105045.78,105063.82,12.70611,1721.0
2025-06-05 01:09:00,105063.81,105084.66,105063.81,105075.53,3.61092,900.0
2025-06-05 01:10:00,105075.54,105075.54,105053.38,105063.11,3.5892,945.0
2025-06-05 01:11:00,105063.11,105063.12,105053.24,105053.24,1.78529,550.0
2025-06-05 01:12:00,105053.24,105053.25,105053.24,105053.24,1.36693,220.0
2025-06-05 01:13:00,105053.24,105090.84,105053.24,105090.83,5.07027,1507.0
2025-06-05 01:14:00,105090.83,105090.84,105073.44,105073.44,6.83585,1087.0
2025-06-05 01:15:00,105073.44,105155.55,105073.44,105115.99,23.42612,4408.0
2025-06-05 01:16:00,105116.0,105116.0,105101.28,105101.28,3.2067,753.0
2025-06-05 01:17:00,105101.29,105101.29,105086.45,105086.45,2.66212,581.0
2025-06-05 01:18:00,105086.45,105086.46,105086.45,105086.46,1.00055,303.0
2025-06-05 01:19:00,105086.45,105086.45,105050.0,105050.01,7.2494,1208.0
2025-06-05 01:20:00,105050.01,105069.44,105050.0,105057.11,4.55346,872.0
2025-06-05 01:21:00,105057.12,105057.12,105047.17,105047.18,3.96361,560.0
2025-06-05 01:22:00,105047.18,105047.18,105016.21,105016.21,3.58928,1099.0
2025-06-05 01:23:00,105016.21,105016.22,105015.52,105015.53,2.84961,300.0
2025-06-05 01:24:00,105015.53,105015.53,104943.38,104943.38,5.2321,2610.0
2025-06-05 01:25:00,104943.38,104943.39,104918.58,104922.28,26.38658,2037.0
2025-06-05 01:26:00,104922.28,104939.91,104922.28,104939.91,4.74167,652.0
2025-06-05 01:27:00,104939.9,104999.99,104939.9,104990.56,10.50857,1411.0
2025-06-05 01:28:00,104990.57,104998.29,104970.43,104970.44,3.34764,845.0
2025-06-05 01:29:00,104970.43,104976.75,104970.43,104976.75,2.50949,244.0
2025-06-05 01:30:00,104976.74,104976.75,104945.29,104945.29,3.03899,1324.0
2025-06-05 01:31:00,104945.29,104945.29,104913.06,104913.06,3.38061,936.0
2025-06-05 01:32:00,104913.07,104925.5,104913.06,104913.09,2.59652,742.0
2025-06-05 01:33:00,104913.1,104922.04,104913.09,104913.09,0.86278,562.0
2025-06-05 01:34:00,104913.1,104913.1,104896.71,104896.72,2.0329,564.0
2025-06-05 01:35:00,104896.72,104896.72,104896.71,104896.71,0.7179,247.0
2025-06-05 01:36:00,104896.71,104896.71,104858.49,104868.31,10.57327,1783.0
2025-06-05 01:37:00,104868.31,104910.68,104868.31,104910.68,4.97509,1895.0
2025-06-05 01:38:00,104910.67,104910.68,104843.15,104844.22,6.32318,1665.0
2025-06-05 01:39:00,104844.21,104844.21,104814.28,104829.08,6.67167,1874.0
2025-06-05 01:40:00,104829.08,104829.09,104823.94,104823.94,1.88596,382.0
2025-06-05 01:41:00,104823.94,104843.73,104823.94,104843.72,1.48967,770.0
2025-06-05 01:42:00,104843.72,104843.73,104840.83,104840.84,1.28783,308.0
2025-06-05 01:43:00,104840.83,104857.07,104813.66,104826.24,29.21166,2188.0
2025-06-05 01:44:00,104826.24,104858.27,104826.23,104858.26,1.93763,758.0
2025-06-05 01:45:00,104858.26,104858.27,104845.16,104845.17,2.75672,616.0
2025-06-05 01:46:00,104845.17,104845.17,104804.97,104827.5,2.34993,1689.0
2025-06-05 01:47:00,104827.5,104827.5,104827.49,104827.49,0.60821,166.0
2025-06-05 01:48:00,104827.5,104827.5,104804.1,104806.46,3.59354,861.0
2025-06-05 01:49:00,104806.46,104806.46,104806.45,104806.45,1.09314,257.0
2025-06-05 01:50:00,104806.46,104806.46,104697.84,104697.85,12.74992,3334.0
2025-06-05 01:51:00,104697.85,104714.83,104697.84,104714.83,2.17231,809.0
2025-06-05 01:52:00,104714.83,104736.7,104714.82,104736.69,1.81159,2206.0
2025-06-05 01:53:00,104736.69,104736.7,104714.77,104714.78,3.12156,955.0
2025-06-05 01:54:00,104714.77,104714.78,104706.53,104706.54,2.91875,453.0
2025-06-05 01:55:00,104706.54,104710.5,104700.02,104710.49,1.80554,533.0
2025-06-05 01:56:00,104710.49,104775.07,104710.49,104775.07,2.43646,2678.0
2025-06-05 01:57:00,104775.07,104775.07,104746.8,104746.81,3.36445,665.0
2025-06-05 01:58:00,104746.81,104765.32,104746.8,104765.32,2.6084,664.0
2025-06-05 01:59:00,104765.32,104774.93,104765.31,104774.92,0.68872,292.0
2025-06-05 02:00:00,104774.92,104799.98,104774.92,104799.98,3.68616,1032.0
2025-06-05 02:01:00,104799.98,104884.72,104799.97,104884.71,9.28986,2956.0
2025-06-05 02:02:00,104884.71,104901.81,104884.71,104901.81,1.97386,841.0
2025-06-05 02:03:00,104901.8,104901.81,104899.99,104899.99,5.95953,1240.0
2025-06-05 02:04:00,104899.99,104900.0,104877.81,104882.99,5.35161,1022.0
2025-06-05 02:05:00,104882.99,104890.5,104872.12,104872.13,3.06649,902.0
2025-06-05 02:06:00,104872.12,104890.0,104872.12,104890.0,1.51689,558.0
2025-06-05 02:07:00,104890.0,104890.0,104866.17,104866.17,2.30353,1065.0
2025-06-05 02:08:00,104866.18,104880.17,104866.17,104880.17,2.62858,686.0
2025-06-05 02:09:00,104880.16,104880.17,104866.46,104866.47,2.79184,567.0
2025-06-05 02:10:00,104866.47,104867.82,104866.46,104867.81,1.35433,233.0
2025-06-05 02:11:00,104867.81,104888.8,104867.81,104888.8,1.82145,444.0
2025-06-05 02:12:00,104888.8,104936.0,104888.79,104936.0,2.71878,1782.0
2025-06-05 02:13:00,104935.99,104990.57,104935.99,104990.56,7.84589,2724.0
2025-06-05 02:14:00,104990.56,105000.0,104972.02,104972.03,4.19763,1321.0
2025-06-05 02:15:00,104972.03,104972.03,104934.41,104968.49,5.33501,1891.0
2025-06-05 02:16:00,104968.49,104973.74,104930.0,104930.0,2.51605,1499.0
2025-06-05 02:17:00,104930.01,104948.09,104930.01,104948.08,2.1978,584.0
2025-06-05 02:18:00,104948.08,104948.09,104948.08,104948.09,1.53574,207.0
2025-06-05 02:19:00,104948.09,104948.09,104930.0,104941.01,4.40304,1263.0
2025-06-05 02:20:00,104941.0,104964.16,104941.0,104952.41,5.62785,1062.0
2025-06-05 02:21:00,104952.41,104952.41,104838.08,104840.72,16.11732,3150.0
2025-06-05 02:22:00,104840.72,104857.33,104837.2,104857.33,1.97291,1265.0
2025-06-05 02:23:00,104857.32,104894.09,104857.32,104894.08,4.39081,1207.0
2025-06-05 02:24:00,104894.08,104939.99,104894.08,104904.95,6.95147,1441.0
2025-06-05 02:25:00,104904.95,104917.33,104904.95,104917.33,1.19116,672.0
2025-06-05 02:26:00,104917.33,104917.33,104917.32,104917.33,0.95841,176.0
2025-06-05 02:27:00,104917.32,104917.33,104901.59,104917.32,5.22126,800.0
2025-06-05 02:28:00,104917.32,104917.33,104917.32,104917.32,1.19269,267.0
2025-06-05 02:29:00,104917.33,104917.33,104901.61,104901.61,1.84471,567.0
2025-06-05 02:30:00,104901.61,104917.33,104901.61,104917.32,2.13811,840.0
2025-06-05 02:31:00,104917.32,104943.4,104917.32,104943.39,2.80702,1099.0
2025-06-05 02:32:00,104943.39,104952.39,104943.39,104952.39,2.66748,246.0
2025-06-05 02:33:00,104952.39,105124.69,104952.39,105117.18,28.98075,4653.0
2025-06-05 02:34:00,105117.17,105117.17,105075.21,105080.25,11.63643,2189.0
2025-06-05 02:35:00,105080.26,105108.0,105080.25,105107.99,3.63391,730.0
2025-06-05 02:36:00,105107.99,105125.29,105098.66,105125.28,10.78542,1450.0
2025-06-05 02:37:00,105125.28,105125.28,105115.97,105115.97,5.69462,859.0
2025-06-05 02:38:00,105115.97,105240.84,105115.97,105240.83,32.64725,3489.0
2025-06-05 02:39:00,105240.84,105240.84,105208.63,105208.64,11.2881,1127.0
2025-06-05 02:40:00,105208.64,105208.64,105174.94,105195.78,5.85276,1665.0
2025-06-05 02:41:00,105195.79,105195.79,105153.96,105153.97,8.62385,996.0
2025-06-05 02:42:00,105153.97,105167.21,105139.73,105167.2,8.85553,1238.0
2025-06-05 02:43:00,105167.21,105179.06,105167.2,105175.59,2.22099,720.0
2025-06-05 02:44:00,105175.59,105175.59,105170.39,105170.39,2.54307,477.0
2025-06-05 02:45:00,105170.39,105170.4,105140.0,105169.85,3.39042,1695.0
2025-06-05 02:46:00,105169.84,105208.64,105169.84,105208.63,27.34087,1337.0
2025-06-05 02:47:00,105208.63,105208.64,105207.93,105207.93,1.65521,280.0
2025-06-05 02:48:00,105207.94,105207.94,105185.2,105185.2,3.4869,697.0
2025-06-05 02:49:00,105185.2,105203.52,105185.2,105199.58,2.68957,943.0
2025-06-05 02:50:00,105199.58,105218.91,105199.57,105218.91,3.08509,565.0
2025-06-05 02:51:00,105218.9,105218.91,105218.9,105218.9,0.52839,192.0
2025-06-05 02:52:00,105218.9,105218.91,105193.11,105204.78,5.95058,1876.0
2025-06-05 02:53:00,105204.77,105204.78,105190.59,105190.6,4.2035,603.0
2025-06-05 02:54:00,105190.59,105190.6,105021.01,105058.27,36.97594,4570.0
2025-06-05 02:55:00,105058.27,105065.32,105021.01,105031.83,7.26299,2177.0
2025-06-05 02:56:00,105031.83,105031.84,105020.0,105023.25,4.05466,984.0
2025-06-05 02:57:00,105023.25,105033.44,105023.25,105033.43,1.19842,383.0
2025-06-05 02:58:00,105033.43,105033.44,105033.42,105033.43,8.98912,305.0
2025-06-05 02:59:00,105033.43,105033.43,104989.48,104989.48,27.40742,1031.0
2025-06-05 03:00:00,104989.48,105022.63,104976.74,104976.74,8.83826,2998.0
2025-06-05 03:01:00,104976.75,105009.99,104976.74,105009.99,3.47531,886.0
2025-06-05 03:02:00,105009.98,105033.31,105009.98,105033.3,1.64528,938.0
2025-06-05 03:03:00,105033.31,105033.31,104960.17,104960.17,5.0464,2941.0
2025-06-05 03:04:00,104960.17,104960.17,104952.38,104952.38,2.63925,552.0
2025-06-05 03:05:00,104952.39,104967.68,104938.76,104967.68,7.28189,1741.0
2025-06-05 03:06:00,104967.68,104967.68,104967.67,104967.68,4.18566,287.0
2025-06-05 03:07:00,104967.68,104967.68,104958.0,104967.12,2.85569,867.0
2025-06-05 03:08:00,104967.11,104967.13,104955.76,104967.12,1.49295,570.0
2025-06-05 03:09:00,104967.13,104990.56,104967.12,104990.55,1.92438,582.0
2025-06-05 03:10:00,104990.56,105006.69,104990.55,105006.68,4.68842,906.0
2025-06-05 03:11:00,105006.68,105035.2,105006.68,105035.2,1.54493,846.0
2025-06-05 03:12:00,105035.2,105035.2,105035.19,105035.19,0.35862,127.0
2025-06-05 03:13:00,105035.19,105035.2,104979.09,104979.09,11.14661,3075.0
2025-06-05 03:14:00,104979.09,105000.0,104973.51,105000.0,3.37122,1119.0
2025-06-05 03:15:00,105000.0,105000.0,104973.57,104973.58,3.39161,1210.0
2025-06-05 03:16:00,104973.58,104973.58,104973.57,104973.58,0.21538,144.0
2025-06-05 03:17:00,104973.58,104999.99,104973.57,104999.99,3.51023,748.0
2025-06-05 03:18:00,104999.99,104999.99,104958.03,104958.03,2.78936,1511.0
2025-06-05 03:19:00,104958.03,104988.0,104958.03,104988.0,0.697,748.0
2025-06-05 03:20:00,104988.0,105000.0,104988.0,105000.0,3.56727,703.0
2025-06-05 03:21:00,105000.0,105029.65,104999.99,105029.65,3.27809,743.0
2025-06-05 03:22:00,105029.65,105029.65,104999.07,104999.08,4.97554,1668.0
2025-06-05 03:23:00,104999.08,104999.08,104920.74,104920.74,3.73245,2872.0
2025-06-05 03:24:00,104920.74,104920.74,104900.0,104900.01,4.26644,1320.0
2025-06-05 03:25:00,104900.0,104912.48,104900.0,104904.63,1.53072,683.0
2025-06-05 03:26:00,104904.63,104904.63,104900.0,104900.0,1.2703,373.0
2025-06-05 03:27:00,104900.01,104900.01,104884.37,104884.38,5.86514,1012.0
2025-06-05 03:28:00,104884.38,104894.99,104880.2,104894.98,5.92823,1134.0
2025-06-05 03:29:00,104894.99,104911.56,104894.98,104911.55,1.15203,903.0
2025-06-05 03:30:00,104911.55,104911.56,104906.55,104906.56,1.80671,486.0
2025-06-05 03:31:00,104906.55,104911.56,104903.41,104903.41,2.45936,805.0
2025-06-05 03:32:00,104903.41,104911.56,104884.41,104911.55,4.18393,1656.0
2025-06-05 03:33:00,104911.55,104973.5,104911.55,104940.0,6.08801,3789.0
2025-06-05 03:34:00,104940.01,104957.37,104937.11,104950.72,0.96702,827.0
2025-06-05 03:35:00,104950.71,104950.72,104937.61,104937.61,2.61748,780.0
2025-06-05 03:36:00,104937.62,104937.62,104900.01,104900.01,1.41543,1391.0
2025-06-05 03:37:00,104900.01,104927.8,104900.01,104924.65,5.22055,598.0
2025-06-05 03:38:00,104924.64,104967.33,104921.96,104940.0,11.70139,1300.0
2025-06-05 03:39:00,104940.0,104980.0,104936.89,104964.2,14.6201,2194.0
2025-06-05 03:40:00,104964.2,104964.2,104956.59,104956.59,1.58972,397.0
2025-06-05 03:41:00,104956.6,104967.14,104956.59,104967.13,0.94886,422.0
2025-06-05 03:42:00,104967.13,104974.71,104967.13,104974.7,1.42352,292.0
2025-06-05 03:43:00,104974.7,104974.71,104974.7,104974.7,0.35108,141.0
2025-06-05 03:44:00,104974.7,104974.71,104974.7,104974.7,0.14419,112.0
2025-06-05 03:45:00,104974.7,104974.71,104940.39,104959.14,4.98791,1594.0
2025-06-05 03:46:00,104959.14,104970.47,104959.13,104966.6,0.82646,651.0
2025-06-05 03:47:00,104966.6,104974.71,104966.6,104974.7,0.62692,424.0
2025-06-05 03:48:00,104974.7,104974.71,104974.7,104974.7,3.63241,191.0
2025-06-05 03:49:00,104974.71,104974.71,104974.7,104974.7,0.38597,91.0
2025-06-05 03:50:00,104974.7,105037.16,104974.7,105037.15,4.10272,2710.0
2025-06-05 03:51:00,105037.15,105064.95,105037.15,105064.95,6.38745,971.0
2025-06-05 03:52:00,105064.94,105064.95,105049.01,105049.02,5.83064,1053.0
2025-06-05 03:53:00,105049.01,105060.01,105049.01,105060.01,1.55406,425.0
2025-06-05 03:54:00,105060.0,105060.01,105060.0,105060.01,0.71727,235.0
2025-06-05 03:55:00,105060.01,105060.01,105050.32,105050.32,1.62236,458.0
2025-06-05 03:56:00,105050.33,105056.95,105050.32,105056.95,0.4981,311.0
2025-06-05 03:57:00,105056.95,105056.95,105056.94,105056.95,0.26781,109.0
2025-06-05 03:58:00,105056.94,105056.95,105047.15,105047.15,4.98005,662.0
2025-06-05 03:59:00,105047.16,105047.16,105047.15,105047.15,0.14824,116.0
2025-06-05 04:00:00,105047.15,105052.87,105047.15,105052.86,1.63699,327.0
2025-06-05 04:01:00,105052.86,105070.47,105048.63,105048.64,8.22287,1854.0
2025-06-05 04:02:00,105048.64,105062.78,105048.64,105049.75,4.18162,756.0
2025-06-05 04:03:00,105049.75,105058.25,105049.75,105058.24,0.88967,389.0
2025-06-05 04:04:00,105058.25,105058.25,105047.54,105057.05,1.30283,822.0
2025-06-05 04:05:00,105057.05,105080.0,105057.05,105080.0,1.41809,1293.0
2025-06-05 04:06:00,105079.99,105080.0,105074.94,105074.95,2.0904,352.0
2025-06-05 04:07:00,105074.94,105108.86,105074.94,105108.86,3.81412,1369.0
2025-06-05 04:08:00,105108.85,105108.86,105095.23,105102.7,3.50121,805.0
2025-06-05 04:09:00,105102.7,105102.7,105088.0,105088.0,1.84166,624.0
2025-06-05 04:10:00,105088.0,105088.01,105053.4,105053.4,9.19078,1082.0
2025-06-05 04:11:00,105053.4,105053.4,105032.95,105041.65,3.51598,989.0
2025-06-05 04:12:00,105041.66,105071.79,105041.65,105071.79,1.37261,749.0
2025-06-05 04:13:00,105071.79,105122.54,105071.78,105121.06,6.22954,1240.0
2025-06-05 04:14:00,105121.06,105121.06,105121.0,105121.01,2.64958,230.0
2025-06-05 04:15:00,105121.01,105135.49,105121.01,105135.48,2.94163,714.0
2025-06-05 04:16:00,105135.48,105135.49,105135.48,105135.49,0.85816,132.0
2025-06-05 04:17:00,105135.49,105171.7,105135.48,105166.79,5.86563,1484.0
2025-06-05 04:18:00,105166.8,105199.0,105166.8,105198.98,6.20696,1019.0
2025-06-05 04:19:00,105198.98,105198.98,105190.47,105190.48,1.58424,411.0
2025-06-05 04:20:00,105190.47,105190.48,105153.29,105153.29,2.37081,1210.0
2025-06-05 04:21:00,105153.3,105159.72,105144.62,105159.72,1.31763,802.0
2025-06-05 04:22:00,105159.71,105167.42,105159.71,105167.41,0.49422,348.0
2025-06-05 04:23:00,105167.42,105167.45,105162.42,105162.42,2.16113,436.0
2025-06-05 04:24:00,105162.41,105162.41,105136.82,105136.83,3.08917,713.0
2025-06-05 04:25:00,105136.82,105136.82,105120.1,105120.11,5.56279,776.0
2025-06-05 04:26:00,105120.11,105120.11,105120.1,105120.11,2.14635,212.0
2025-06-05 04:27:00,105120.11,105132.08,105120.1,105132.07,5.57494,409.0
2025-06-05 04:28:00,105132.08,105132.08,105127.14,105127.15,0.71332,482.0
2025-06-05 04:29:00,105127.14,105127.15,105127.14,105127.15,0.86164,159.0
2025-06-05 04:30:00,105127.14,105127.15,105103.76,105126.76,2.72039,1144.0
2025-06-05 04:31:00,105126.77,105152.74,105126.76,105152.74,1.83839,466.0
2025-06-05 04:32:00,105152.74,105162.8,105137.23,105149.34,2.15388,1022.0
2025-06-05 04:33:00,105149.35,105149.35,105131.57,105142.21,3.55587,432.0
2025-06-05 04:34:00,105142.21,105152.17,105142.21,105152.17,1.73752,242.0
2025-06-05 04:35:00,105152.17,105159.54,105140.86,105159.53,1.49292,523.0
2025-06-05 04:36:00,105159.54,105159.54,105152.66,105152.66,3.92169,482.0
2025-06-05 04:37:00,105152.66,105152.67,105130.52,105130.52,11.94454,788.0
2025-06-05 04:38:00,105130.52,105148.9,105117.18,105148.9,1.26447,1422.0
2025-06-05 04:39:00,105148.9,105148.9,105134.05,105146.24,9.73027,691.0
2025-06-05 04:40:00,105146.25,105148.9,105146.24,105148.89,1.39703,281.0
2025-06-05 04:41:00,105148.9,105190.48,105148.89,105190.47,2.47359,881.0
2025-06-05 04:42:00,105190.47,105190.48,105189.77,105189.77,1.34756,276.0
2025-06-05 04:43:00,105189.77,105198.99,105189.77,105190.54,2.79524,594.0
2025-06-05 04:44:00,105190.54,105190.55,105182.65,105182.65,0.46242,429.0
2025-06-05 04:45:00,105182.65,105198.82,105182.65,105198.82,3.33926,522.0
2025-06-05 04:46:00,105198.81,105204.69,105193.81,105193.81,4.59054,834.0
2025-06-05 04:47:00,105193.81,105193.82,105193.81,105193.81,0.91751,149.0
2025-06-05 04:48:00,105193.82,105195.24,105193.81,105195.24,5.01492,233.0
2025-06-05 04:49:00,105195.23,105195.24,105163.16,105173.69,2.74667,1122.0
2025-06-05 04:50:00,105173.69,105193.17,105173.68,105193.16,2.26896,338.0
2025-06-05 04:51:00,105193.16,105226.14,105193.16,105226.13,3.72879,720.0
2025-06-05 04:52:00,105226.14,105226.14,105189.12,105192.25,3.59315,1475.0
2025-06-05 04:53:00,105192.24,105198.75,105192.24,105198.75,1.03585,278.0
2025-06-05 04:54:00,105198.74,105216.94,105192.25,105216.94,3.76009,642.0
2025-06-05 04:55:00,105216.95,105224.04,105216.95,105224.04,1.23272,191.0
2025-06-05 04:56:00,105224.03,105224.04,105195.29,105195.29,3.89289,1076.0
2025-06-05 04:57:00,105195.29,105195.3,105187.2,105187.2,0.99587,369.0
2025-06-05 04:58:00,105187.2,105187.2,105167.15,105167.16,2.1493,809.0
2025-06-05 04:59:00,105167.15,105173.71,105167.15,105173.71,0.94723,307.0
2025-06-05 05:00:00,105173.72,105189.22,105173.72,105189.21,3.91571,732.0
2025-06-05 05:01:00,105189.21,105189.22,105132.37,105145.24,5.05183,2064.0
2025-06-05 05:02:00,105145.25,105145.25,105121.86,105135.05,2.94128,908.0
2025-06-05 05:03:00,105135.04,105141.19,105135.04,105141.18,1.75303,280.0
2025-06-05 05:04:00,105141.19,105141.19,105100.0,105100.01,3.02334,1788.0
2025-06-05 05:05:00,105100.0,105100.01,105087.33,105087.33,1.53295,699.0
2025-06-05 05:06:00,105087.34,105087.34,105059.01,105059.01,4.98739,1312.0
2025-06-05 05:07:00,105059.02,105129.0,105059.01,105128.99,10.34567,1120.0
2025-06-05 05:08:00,105128.99,105146.82,105128.99,105146.82,1.10328,532.0
2025-06-05 05:09:00,105146.82,105146.82,105141.56,105141.57,2.34481,464.0
2025-06-05 05:10:00,105141.56,105141.57,105126.22,105126.23,2.90556,577.0
2025-06-05 05:11:00,105126.23,105126.23,105103.36,105103.37,2.40623,875.0
2025-06-05 05:12:00,105103.36,105103.37,105086.46,105086.46,1.58704,631.0
2025-06-05 05:13:00,105086.47,105086.47,105063.26,105063.26,10.50912,877.0
2025-06-05 05:14:00,105063.27,105063.27,105056.15,105060.82,11.64229,597.0
2025-06-05 05:15:00,105060.83,105060.83,105052.07,105052.07,1.30419,307.0
2025-06-05 05:16:00,105052.07,105052.08,105007.39,105033.5,13.50263,1899.0
2025-06-05 05:17:00,105033.51,105033.51,105023.01,105032.0,3.2229,545.0
2025-06-05 05:18:00,105032.0,105050.03,105031.99,105050.03,3.30747,575.0
2025-06-05 05:19:00,105050.02,105054.63,105050.02,105054.62,1.32258,280.0
2025-06-05 05:20:00,105054.62,105100.0,105050.02,105100.0,26.43167,1683.0
2025-06-05 05:21:00,105099.99,105109.09,105040.0,105040.0,26.67309,2657.0
2025-06-05 05:22:00,105040.01,105040.01,105007.46,105007.46,3.68159,1375.0
2025-06-05 05:23:00,105007.46,105007.46,104995.04,105003.91,2.33071,823.0
2025-06-05 05:24:00,105003.92,105003.92,105003.91,105003.92,0.27771,131.0
2025-06-05 05:25:00,105003.91,105003.92,105003.91,105003.92,0.36061,122.0
2025-06-05 05:26:00,105003.92,105006.89,104990.56,104991.22,4.7437,1620.0
2025-06-05 05:27:00,104991.22,104991.22,104943.39,104943.39,5.86349,1147.0
2025-06-05 05:28:00,104943.4,104943.4,104916.31,104919.51,5.07378,1087.0
2025-06-05 05:29:00,104919.5,104928.17,104919.5,104921.37,10.72223,730.0
2025-06-05 05:30:00,104921.36,104921.37,104908.78,104908.79,5.07297,1052.0
2025-06-05 05:31:00,104908.78,104928.17,104908.78,104928.16,5.43934,676.0
2025-06-05 05:32:00,104928.16,104928.17,104928.16,104928.17,0.36264,153.0
2025-06-05 05:33:00,104928.16,104928.17,104900.0,104900.0,35.48428,2747.0
2025-06-05 05:34:00,104900.0,104900.0,104826.12,104826.13,32.67002,2792.0
2025-06-05 05:35:00,104826.13,104826.13,104783.81,104787.93,13.26733,2276.0
2025-06-05 05:36:00,104787.93,104832.82,104787.92,104832.81,23.86844,2103.0
2025-06-05 05:37:00,104832.81,104832.82,104827.75,104827.76,0.94587,273.0
2025-06-05 05:38:00,104827.75,104827.76,104821.13,104821.14,2.04789,269.0
2025-06-05 05:39:00,104821.14,104830.13,104821.13,104821.14,4.11419,710.0
2025-06-05 05:40:00,104821.13,104821.14,104758.71,104767.13,26.56341,3018.0
2025-06-05 05:41:00,104767.12,104767.12,104740.95,104740.95,24.42257,2136.0
2025-06-05 05:42:00,104740.96,104754.71,104720.7,104754.71,17.05801,1899.0
2025-06-05 05:43:00,104754.71,104754.71,104726.53,104732.85,12.38249,1562.0
2025-06-05 05:44:00,104732.85,104740.58,104732.84,104740.0,3.15174,543.0
2025-06-05 05:45:00,104740.01,104740.01,104660.37,104679.95,19.66485,3082.0
2025-06-05 05:46:00,104679.96,104685.05,104664.07,104678.44,11.12686,2336.0
2025-06-05 05:47:00,104678.44,104713.39,104678.44,104709.54,4.00361,1147.0
2025-06-05 05:48:00,104709.53,104713.4,104702.96,104702.97,3.59297,831.0
2025-06-05 05:49:00,104702.96,104707.55,104672.54,104672.54,8.06753,2438.0
2025-06-05 05:50:00,104672.54,104676.5,104617.25,104676.49,34.33788,4929.0
2025-06-05 05:51:00,104676.49,104697.68,104676.49,104697.67,25.86306,1125.0
2025-06-05 05:52:00,104697.67,104697.68,104667.82,104667.83,25.24876,1862.0
2025-06-05 05:53:00,104667.82,104674.46,104613.2,104613.2,31.30121,3308.0
2025-06-05 05:54:00,104613.2,104615.04,104594.94,104594.95,26.04108,2036.0
2025-06-05 05:55:00,104594.94,104610.0,104592.97,104599.95,29.53639,2049.0
2025-06-05 05:56:00,104599.95,104643.0,104590.4,104591.63,37.0637,3682.0
2025-06-05 05:57:00,104591.64,104594.95,104570.43,104594.94,27.09251,1890.0
2025-06-05 05:58:00,104594.95,104649.23,104594.94,104649.22,8.14575,1804.0
2025-06-05 05:59:00,104649.22,104649.23,104649.22,104649.23,0.35953,176.0
2025-06-05 06:00:00,104649.22,104658.38,104649.22,104658.37,1.72341,465.0
2025-06-05 06:01:00,104658.37,104658.38,104625.54,104625.55,6.91295,972.0
2025-06-05 06:02:00,104625.55,104678.5,104625.54,104678.5,4.12053,1890.0
2025-06-05 06:03:00,104678.5,104679.82,104678.49,104679.81,2.09668,318.0
2025-06-05 06:04:00,104679.81,104696.73,104679.81,104684.41,7.45338,1099.0
2025-06-05 06:05:00,104684.42,104684.42,104630.43,104630.44,6.37289,1360.0
2025-06-05 06:06:00,104630.43,104630.44,104584.42,104584.43,3.68251,1339.0
2025-06-05 06:07:00,104584.43,104613.2,104584.42,104611.49,12.09608,1935.0
2025-06-05 06:08:00,104611.5,104620.0,104611.49,104619.99,1.53952,475.0
2025-06-05 06:09:00,104620.0,104647.85,104619.99,104640.09,2.08628,1276.0
2025-06-05 06:10:00,104640.09,104640.09,104606.81,104606.82,2.01421,991.0
2025-06-05 06:11:00,104606.82,104606.82,104600.0,104600.01,1.21983,322.0
2025-06-05 06:12:00,104600.0,104616.79,104593.21,104593.21,6.77657,1108.0
2025-06-05 06:13:00,104593.22,104609.17,104550.0,104609.17,10.50719,3165.0
2025-06-05 06:14:00,104610.0,104610.0,104599.45,104599.46,4.26164,436.0
2025-06-05 06:15:00,104599.46,104599.46,104587.6,104587.61,2.19933,671.0
2025-06-05 06:16:00,104587.61,104596.0,104587.6,104596.0,2.74008,403.0
2025-06-05 06:17:00,104596.0,104616.95,104596.0,104601.18,5.25786,1078.0
2025-06-05 06:18:00,104601.18,104601.18,104550.0,104550.01,4.01382,1267.0
2025-06-05 06:19:00,104550.01,104550.01,104523.8,104523.81,6.03313,1005.0
2025-06-05 06:20:00,104523.8,104548.99,104518.86,104518.86,11.17519,1434.0
2025-06-05 06:21:00,104518.87,104548.89,104518.86,104548.89,4.48076,1122.0
2025-06-05 06:22:00,104548.89,104548.89,104538.31,104538.32,3.46312,610.0
2025-06-05 06:23:00,104538.32,104538.32,104538.31,104538.32,2.22614,273.0
2025-06-05 06:24:00,104538.32,104639.86,104538.31,104625.79,18.89648,1760.0
2025-06-05 06:25:00,104625.79,104659.4,104625.78,104659.4,4.55823,1518.0
2025-06-05 06:26:00,104659.39,104659.4,104659.39,104659.4,0.66132,187.0
2025-06-05 06:27:00,104659.39,104687.91,104659.39,104676.34,13.44221,1800.0
2025-06-05 06:28:00,104676.34,104685.91,104676.33,104685.9,2.33702,321.0
2025-06-05 06:29:00,104685.91,104685.91,104685.9,104685.91,0.40221,164.0
2025-06-05 06:30:00,104685.9,104685.9,104629.56,104629.57,6.96171,1232.0
2025-06-05 06:31:00,104629.56,104638.32,104629.56,104630.0,1.65432,638.0
2025-06-05 06:32:00,104630.01,104630.01,104600.0,104600.01,9.60276,619.0
2025-06-05 06:33:00,104600.0,104600.01,104563.57,104563.58,4.22956,842.0
2025-06-05 06:34:00,104563.58,104563.58,104532.02,104532.02,5.77479,803.0
2025-06-05 06:35:00,104532.02,104532.03,104407.99,104429.96,35.06286,3670.0
2025-06-05 06:36:00,104429.95,104518.87,104429.95,104518.86,9.71538,3419.0
2025-06-05 06:37:00,104518.87,104529.24,104518.86,104523.81,2.92043,525.0
2025-06-05 06:38:00,104523.8,104523.81,104487.3,104510.89,5.55482,1230.0
2025-06-05 06:39:00,104510.89,104510.9,104501.51,104509.83,3.85834,543.0
2025-06-05 06:40:00,104509.83,104509.84,104504.59,104509.83,3.18689,354.0
2025-06-05 06:41:00,104509.82,104509.83,104509.82,104509.83,1.24034,130.0
2025-06-05 06:42:00,104509.82,104509.82,104482.02,104489.0,3.7374,941.0
2025-06-05 06:43:00,104489.01,104489.01,104476.19,104476.19,6.56956,477.0
2025-06-05 06:44:00,104476.19,104476.2,104396.68,104407.0,8.8046,2561.0
2025-06-05 06:45:00,104407.0,104465.09,104406.99,104457.78,38.09439,1369.0
2025-06-05 06:46:00,104457.79,104457.79,104424.54,104445.45,7.31232,1717.0
2025-06-05 06:47:00,104445.45,104445.45,104445.44,104445.45,0.89277,178.0
2025-06-05 06:48:00,104445.44,104457.13,104445.0,104445.01,5.83809,1124.0
2025-06-05 06:49:00,104445.0,104445.0,104396.86,104410.0,14.97269,1272.0
2025-06-05 06:50:00,104410.01,104420.0,104410.01,104419.99,1.75674,592.0
2025-06-05 06:51:00,104419.99,104420.0,104380.0,104380.01,17.56135,1457.0
2025-06-05 06:52:00,104380.01,104440.0,104380.0,104439.99,16.91167,2127.0
2025-06-05 06:53:00,104439.99,104440.0,104432.0,104432.0,2.48181,358.0
2025-06-05 06:54:00,104432.0,104436.0,104427.46,104436.0,3.41477,919.0
2025-06-05 06:55:00,104436.0,104455.97,104435.99,104450.78,2.38521,1304.0
2025-06-05 06:56:00,104450.79,104465.13,104444.42,104465.12,4.41071,1243.0
2025-06-05 06:57:00,104465.13,104472.75,104445.0,104445.01,5.09349,1198.0
2025-06-05 06:58:00,104445.01,104445.01,104445.0,104445.0,1.63737,182.0
2025-06-05 06:59:00,104445.0,104506.76,104445.0,104452.93,29.97947,2362.0
2025-06-05 07:00:00,104452.94,104462.11,104424.52,104450.58,12.45599,2572.0
2025-06-05 07:01:00,104450.58,104485.09,104450.57,104484.16,5.79268,2410.0
2025-06-05 07:02:00,104484.16,104510.0,104484.16,104492.85,5.51252,1824.0
2025-06-05 07:03:00,104492.86,104510.0,104492.85,104509.99,2.17305,598.0
2025-06-05 07:04:00,104509.99,104518.87,104488.0,104509.29,12.40486,2544.0
2025-06-05 07:05:00,104509.3,104509.3,104471.69,104471.7,7.63003,1171.0
2025-06-05 07:06:00,104471.69,104518.87,104471.69,104518.87,7.53581,1904.0
2025-06-05 07:07:00,104518.87,104518.87,104513.63,104513.64,3.1164,504.0
2025-06-05 07:08:00,104513.64,104539.53,104513.63,104539.53,6.95803,1057.0
2025-06-05 07:09:00,104539.53,104539.53,104529.2,104529.2,3.57715,658.0
2025-06-05 07:10:00,104529.2,104538.91,104529.2,104538.9,7.71301,612.0
2025-06-05 07:11:00,104538.91,104550.99,104538.9,104550.98,3.26616,882.0
2025-06-05 07:12:00,104550.99,104577.24,104550.98,104571.43,4.1352,1758.0
2025-06-05 07:13:00,104571.42,104580.83,104571.42,104571.42,4.44026,883.0
2025-06-05 07:14:00,104571.43,104571.43,104560.0,104560.01,3.8338,579.0
2025-06-05 07:15:00,104560.01,104636.46,104560.0,104611.81,33.45446,2618.0
2025-06-05 07:16:00,104611.81,104621.47,104600.0,104600.01,4.85976,1142.0
2025-06-05 07:17:00,104600.01,104600.01,104599.99,104600.0,3.75193,362.0
2025-06-05 07:18:00,104600.0,104600.0,104599.99,104599.99,2.27575,377.0
2025-06-05 07:19:00,104599.99,104600.0,104599.99,104600.0,5.61773,419.0
2025-06-05 07:20:00,104600.0,104600.0,104599.99,104599.99,2.89585,317.0
2025-06-05 07:21:00,104599.99,104600.0,104578.85,104592.99,7.07082,1406.0
2025-06-05 07:22:00,104592.99,104592.99,104583.2,104583.21,4.21224,472.0
2025-06-05 07:23:00,104583.2,104596.95,104583.2,104596.95,4.84468,724.0
2025-06-05 07:24:00,104596.94,104617.34,104592.0,104592.0,13.3511,1199.0
2025-06-05 07:25:00,104592.0,104592.01,104578.56,104578.56,1.22681,375.0
2025-06-05 07:26:00,104578.57,104589.54,104578.56,104589.53,3.54257,781.0
2025-06-05 07:27:00,104589.54,104589.54,104583.16,104583.17,1.27162,288.0
2025-06-05 07:28:00,104583.17,104590.24,104583.16,104590.24,1.17053,392.0
2025-06-05 07:29:00,104590.24,104601.82,104590.23,104591.46,2.86238,701.0
2025-06-05 07:30:00,104591.46,104601.49,104578.44,104578.44,7.67605,1107.0
2025-06-05 07:31:00,104578.45,104585.7,104578.44,104585.69,3.765,530.0
2025-06-05 07:32:00,104585.7,104601.49,104581.86,104581.86,2.45797,785.0
2025-06-05 07:33:00,104581.87,104598.86,104578.44,104578.44,6.11496,808.0
2025-06-05 07:34:00,104578.45,104587.23,104578.44,104583.68,2.93444,530.0
2025-06-05 07:35:00,104583.68,104583.68,104583.67,104583.67,1.34449,191.0
2025-06-05 07:36:00,104583.67,104583.68,104583.67,104583.68,1.52908,253.0
2025-06-05 07:37:00,104583.68,104583.68,104493.63,104493.63,13.87518,1657.0
2025-06-05 07:38:00,104493.64,104511.63,104493.63,104511.63,5.91824,1051.0
2025-06-05 07:39:00,104511.63,104511.63,104511.62,104511.63,0.84927,220.0
2025-06-05 07:40:00,104511.63,104546.55,104511.62,104546.55,6.03924,1043.0
2025-06-05 07:41:00,104546.55,104552.0,104546.55,104551.99,1.792,401.0
2025-06-05 07:42:00,104552.0,104552.0,104544.0,104546.71,2.20235,480.0
2025-06-05 07:43:00,104546.71,104546.71,104532.52,104537.77,3.34224,598.0
2025-06-05 07:44:00,104537.77,104544.0,104537.77,104544.0,1.59396,310.0
2025-06-05 07:45:00,104544.0,104544.0,104489.36,104489.36,7.77122,1243.0
2025-06-05 07:46:00,104489.37,104489.37,104465.11,104469.95,5.25282,1022.0
2025-06-05 07:47:00,104469.95,104469.95,104469.94,104469.94,0.78641,182.0
2025-06-05 07:48:00,104469.94,104488.82,104469.94,104487.66,2.84925,488.0
2025-06-05 07:49:00,104487.66,104487.66,104466.23,104466.24,3.8454,875.0
2025-06-05 07:50:00,104466.24,104466.24,104460.16,104465.12,3.08206,736.0
2025-06-05 07:51:00,104465.12,104465.12,104465.11,104465.11,3.95168,238.0
2025-06-05 07:52:00,104465.11,104469.75,104450.57,104469.75,7.8576,1106.0
2025-06-05 07:53:00,104469.75,104512.42,104469.74,104512.42,5.74404,1659.0
2025-06-05 07:54:00,104512.42,104537.18,104512.41,104537.17,7.43187,953.0
2025-06-05 07:55:00,104537.18,104537.18,104529.47,104529.48,3.63629,628.0
2025-06-05 07:56:00,104529.48,104539.0,104529.47,104539.0,3.34376,596.0
2025-06-05 07:57:00,104539.0,104539.0,104538.99,104538.99,2.22467,179.0
2025-06-05 07:58:00,104539.0,104539.0,104509.85,104509.85,14.19678,1148.0
2025-06-05 07:59:00,104509.86,104518.05,104509.85,104518.05,5.14656,512.0
2025-06-05 08:00:00,104518.05,104575.5,104518.05,104575.5,4.52094,1451.0
2025-06-05 08:01:00,104575.5,104630.96,104575.49,104627.98,4.88516,2048.0
2025-06-05 08:02:00,104627.98,104627.98,104602.86,104602.87,2.06453,792.0
2025-06-05 08:03:00,104602.86,104604.67,104602.86,104604.66,3.75877,456.0
2025-06-05 08:04:00,104604.66,104604.67,104604.66,104604.66,2.20196,256.0
2025-06-05 08:05:00,104604.66,104636.1,104604.66,104636.1,7.15397,683.0
2025-06-05 08:06:00,104636.1,104636.1,104613.67,104613.68,4.89716,589.0
2025-06-05 08:07:00,104613.68,104613.68,104555.71,104580.94,9.09663,2036.0
2025-06-05 08:08:00,104580.95,104660.0,104580.94,104644.29,9.38894,1665.0
2025-06-05 08:09:00,104644.3,104649.53,104586.98,104586.99,7.41441,1819.0
2025-06-05 08:10:00,104586.98,104586.99,104521.81,104521.81,5.70318,1437.0
2025-06-05 08:11:00,104521.81,104543.87,104521.81,104543.86,3.21955,948.0
2025-06-05 08:12:00,104543.87,104571.43,104543.87,104571.41,4.22549,856.0
2025-06-05 08:13:00,104571.42,104571.42,104563.57,104564.2,2.71981,562.0
2025-06-05 08:14:00,104564.2,104570.67,104551.74,104570.66,3.89508,1095.0
2025-06-05 08:15:00,104570.67,104587.0,104566.03,104586.99,4.94365,749.0
2025-06-05 08:16:00,104587.0,104587.0,104557.34,104557.35,13.79707,1116.0
2025-06-05 08:17:00,104557.34,104557.35,104535.5,104535.5,5.14513,753.0
2025-06-05 08:18:00,104535.5,104535.5,104489.89,104499.0,5.71905,1522.0
2025-06-05 08:19:00,104498.99,104499.0,104476.31,104485.0,2.93428,1007.0
2025-06-05 08:20:00,104485.01,104498.04,104424.52,104492.27,11.37901,3414.0
2025-06-05 08:21:00,104492.26,104543.79,104492.26,104543.79,7.82242,1770.0
2025-06-05 08:22:00,104543.79,104576.35,104543.78,104566.04,4.30877,842.0
2025-06-05 08:23:00,104566.04,104582.13,104561.63,104575.77,6.64276,1096.0
2025-06-05 08:24:00,104575.78,104599.55,104575.77,104599.54,4.41952,478.0
2025-06-05 08:25:00,104599.55,104599.55,104593.39,104593.4,7.29974,562.0
2025-06-05 08:26:00,104593.39,104638.44,104593.39,104638.44,6.37986,1150.0
2025-06-05 08:27:00,104638.43,104650.29,104629.29,104633.02,7.33684,1030.0
2025-06-05 08:28:00,104633.03,104642.52,104630.28,104631.51,12.3163,627.0
2025-06-05 08:29:00,104631.52,104631.52,104623.48,104623.48,0.97398,346.0
2025-06-05 08:30:00,104623.48,104623.48,104580.0,104599.98,9.27661,1449.0
2025-06-05 08:31:00,104599.99,104622.87,104599.98,104622.86,3.43198,611.0
2025-06-05 08:32:00,104622.86,104622.87,104622.86,104622.87,1.56806,160.0
2025-06-05 08:33:00,104622.87,104622.87,104622.86,104622.86,2.50017,161.0
2025-06-05 08:34:00,104622.87,104622.87,104622.86,104622.86,1.49057,163.0
2025-06-05 08:35:00,104622.87,104622.87,104607.71,104607.72,3.60883,500.0
2025-06-05 08:36:00,104607.72,104644.14,104607.72,104644.13,4.39453,524.0
2025-06-05 08:37:00,104644.14,104644.14,104591.22,104591.23,13.46976,1518.0
2025-06-05 08:38:00,104591.22,104598.0,104571.84,104581.71,4.64612,1104.0
2025-06-05 08:39:00,104581.71,104595.9,104575.7,104595.89,2.29948,545.0
2025-06-05 08:40:00,104595.9,104600.0,104595.89,104599.99,2.36618,401.0
2025-06-05 08:41:00,104600.0,104613.2,104599.99,104613.2,1.95691,442.0
2025-06-05 08:42:00,104613.19,104613.2,104591.47,104591.48,2.58852,627.0
2025-06-05 08:43:00,104591.47,104601.72,104591.47,104601.71,2.16857,300.0
2025-06-05 08:44:00,104601.72,104611.61,104601.71,104611.61,1.97444,355.0
2025-06-05 08:45:00,104611.61,104611.61,104591.47,104611.61,3.80415,1110.0
2025-06-05 08:46:00,104611.6,104631.36,104606.08,104606.09,3.6519,1078.0
2025-06-05 08:47:00,104606.09,104611.31,104599.45,104611.31,2.34794,849.0
2025-06-05 08:48:00,104611.3,104618.03,104611.3,104618.03,0.85122,270.0
2025-06-05 08:49:00,104618.02,104666.0,104618.02,104666.0,6.04733,807.0
2025-06-05 08:50:00,104665.99,104681.28,104660.55,104670.58,3.07918,1105.0
2025-06-05 08:51:00,104670.58,104678.81,104666.67,104666.67,3.9455,681.0
2025-06-05 08:52:00,104666.68,104666.68,104664.01,104664.01,1.11093,247.0
2025-06-05 08:53:00,104664.01,104664.02,104664.01,104664.02,1.70203,180.0
2025-06-05 08:54:00,104664.02,104664.02,104650.98,104650.99,3.54196,496.0
2025-06-05 08:55:00,104650.98,104653.28,104633.84,104653.28,5.02041,1006.0
2025-06-05 08:56:00,104653.27,104675.38,104648.64,104675.38,2.38271,742.0
2025-06-05 08:57:00,104675.38,104675.38,104675.37,104675.37,3.22432,247.0
2025-06-05 08:58:00,104675.38,104675.38,104666.66,104671.89,0.93826,355.0
2025-06-05 08:59:00,104671.89,104675.36,104671.88,104675.36,1.48749,401.0
2025-06-05 09:00:00,104675.36,104688.84,104675.35,104688.83,1.88667,657.0
2025-06-05 09:01:00,104688.83,104714.19,104688.83,104698.61,3.79885,1053.0
2025-06-05 09:02:00,104698.61,104698.61,104698.6,104698.61,1.09218,199.0
2025-06-05 09:03:00,104698.6,104728.0,104698.6,104720.26,4.92603,1022.0
2025-06-05 09:04:00,104720.26,104720.27,104720.26,104720.27,0.93961,152.0
2025-06-05 09:05:00,104720.26,104720.27,104720.26,104720.27,0.74707,171.0
2025-06-05 09:06:00,104720.27,104750.99,104720.26,104750.98,1.40476,786.0
2025-06-05 09:07:00,104750.98,104785.52,104750.98,104785.51,6.40994,720.0
2025-06-05 09:08:00,104785.51,104785.52,104768.06,104768.07,8.40948,627.0
2025-06-05 09:09:00,104768.07,104768.07,104749.0,104749.0,4.53015,1058.0
2025-06-05 09:10:00,104749.0,104749.01,104748.77,104748.78,2.92472,361.0
2025-06-05 09:11:00,104748.78,104748.78,104748.77,104748.77,2.88701,263.0
2025-06-05 09:12:00,104748.77,104748.78,104742.36,104742.36,11.85309,569.0
2025-06-05 09:13:00,104742.36,104742.37,104727.88,104727.89,2.20713,767.0
2025-06-05 09:14:00,104727.88,104746.68,104727.88,104745.78,3.76886,755.0
2025-06-05 09:15:00,104745.77,104746.0,104743.98,104746.0,7.81888,552.0
2025-06-05 09:16:00,104745.99,104790.21,104744.99,104770.17,23.53378,1803.0
2025-06-05 09:17:00,104770.17,104770.17,104769.61,104769.99,3.59397,343.0
2025-06-05 09:18:00,104769.99,104785.9,104769.99,104785.89,7.99436,508.0
2025-06-05 09:19:00,104785.9,104817.72,104785.9,104813.3,5.95265,1187.0
2025-06-05 09:20:00,104813.31,104813.31,104813.3,104813.3,2.79729,246.0
2025-06-05 09:21:00,104813.3,104830.85,104813.3,104816.11,7.11317,1099.0
2025-06-05 09:22:00,104816.11,104816.11,104805.54,104805.55,3.23898,586.0
2025-06-05 09:23:00,104805.55,104805.55,104760.0,104760.0,22.51585,1111.0
2025-06-05 09:24:00,104760.01,104781.3,104760.0,104779.62,3.91326,622.0
2025-06-05 09:25:00,104779.62,104789.65,104779.61,104789.65,0.69206,190.0
2025-06-05 09:26:00,104789.65,104801.89,104789.64,104801.88,1.7904,411.0
2025-06-05 09:27:00,104801.89,104801.89,104773.71,104773.71,3.41172,1148.0
2025-06-05 09:28:00,104773.71,104773.72,104768.06,104768.06,0.80127,454.0
2025-06-05 09:29:00,104768.06,104768.07,104755.22,104755.22,1.49305,586.0
2025-06-05 09:30:00,104755.23,104765.93,104755.22,104765.92,3.30967,373.0
2025-06-05 09:31:00,104765.92,104765.93,104755.5,104755.5,3.12178,421.0
2025-06-05 09:32:00,104755.5,104755.51,104677.52,104677.52,10.06394,3609.0
2025-06-05 09:33:00,104677.52,104697.52,104676.92,104697.52,3.33605,824.0
2025-06-05 09:34:00,104697.52,104697.52,104697.51,104697.51,5.09049,291.0
2025-06-05 09:35:00,104697.51,104738.42,104697.51,104738.41,7.02254,1102.0
2025-06-05 09:36:00,104738.41,104738.42,104715.18,104715.18,6.26541,734.0
2025-06-05 09:37:00,104715.19,104726.22,104715.18,104715.55,5.85586,1280.0
2025-06-05 09:38:00,104715.55,104731.93,104715.54,104731.93,4.53699,415.0
2025-06-05 09:39:00,104731.93,104731.93,104731.92,104731.93,0.59495,172.0
2025-06-05 09:40:00,104731.93,104751.79,104731.92,104751.79,5.22467,667.0
2025-06-05 09:41:00,104751.79,104807.55,104751.78,104807.55,3.7513,1045.0
2025-06-05 09:42:00,104807.54,104807.55,104807.54,104807.55,4.19369,180.0
2025-06-05 09:43:00,104807.54,104815.09,104807.54,104815.09,2.5211,274.0
2025-06-05 09:44:00,104815.09,104815.09,104815.08,104815.08,1.87428,174.0
2025-06-05 09:45:00,104815.08,104864.66,104815.08,104864.65,9.4396,1105.0
2025-06-05 09:46:00,104864.65,104891.5,104864.65,104881.76,9.13445,1308.0
2025-06-05 09:47:00,104881.75,104920.0,104881.75,104908.84,16.17954,1471.0
2025-06-05 09:48:00,104908.83,104908.84,104889.09,104889.09,1.93517,689.0
2025-06-05 09:49:00,104889.09,104889.1,104878.44,104878.44,9.56998,493.0
2025-06-05 09:50:00,104878.45,104892.6,104871.76,104892.59,6.74433,899.0
2025-06-05 09:51:00,104892.59,104907.41,104890.24,104890.25,3.10918,1071.0
2025-06-05 09:52:00,104890.25,104890.25,104883.84,104883.84,2.9831,558.0
2025-06-05 09:53:00,104883.84,104883.85,104867.13,104882.84,3.58101,574.0
2025-06-05 09:54:00,104882.85,104882.85,104872.93,104872.94,3.64589,336.0
2025-06-05 09:55:00,104872.93,104872.94,104861.42,104870.17,2.48779,463.0
2025-06-05 09:56:00,104870.16,104870.17,104870.16,104870.16,1.08477,192.0
2025-06-05 09:57:00,104870.16,104870.17,104870.16,104870.17,0.90393,141.0
2025-06-05 09:58:00,104870.17,104911.98,104870.16,104911.97,5.23394,814.0
2025-06-05 09:59:00,104911.98,104911.98,104900.0,104900.0,1.38862,555.0
2025-06-05 10:00:00,104900.0,104900.01,104880.0,104880.01,3.37909,1138.0
2025-06-05 10:01:00,104880.01,104880.01,104849.05,104849.06,2.75507,1036.0
2025-06-05 10:02:00,104849.06,104855.99,104822.53,104844.46,6.42887,1482.0
2025-06-05 10:03:00,104844.47,104844.47,104844.46,104844.47,2.15371,177.0
2025-06-05 10:04:00,104844.47,104875.4,104844.46,104875.4,2.72438,668.0
2025-06-05 10:05:00,104875.39,104875.39,104838.74,104838.74,1.4474,1145.0
2025-06-05 10:06:00,104838.75,104861.99,104836.46,104861.99,1.99649,728.0
2025-06-05 10:07:00,104861.98,104870.86,104861.98,104870.85,2.17239,344.0
2025-06-05 10:08:00,104870.86,104874.98,104870.85,104874.97,0.62344,178.0
2025-06-05 10:09:00,104874.97,104880.0,104874.97,104880.0,0.82318,210.0
2025-06-05 10:10:00,104879.99,104880.0,104851.49,104852.1,4.4767,709.0
2025-06-05 10:11:00,104852.1,104852.11,104852.1,104852.1,4.42203,204.0
2025-06-05 10:12:00,104852.1,104852.11,104834.19,104834.19,1.0996,574.0
2025-06-05 10:13:00,104834.19,104846.32,104834.19,104846.32,2.96716,512.0
2025-06-05 10:14:00,104846.32,104846.32,104824.21,104824.21,2.33459,569.0
2025-06-05 10:15:00,104824.22,104834.56,104824.21,104834.56,2.9455,322.0
2025-06-05 10:16:00,104834.55,104834.56,104795.28,104795.28,5.73489,1209.0
2025-06-05 10:17:00,104795.28,104795.29,104747.26,104754.72,8.71529,1822.0
2025-06-05 10:18:00,104754.72,104754.72,104750.0,104750.0,2.50412,483.0
2025-06-05 10:19:00,104750.01,104796.98,104750.0,104796.97,13.03831,1085.0
2025-06-05 10:20:00,104796.97,104796.98,104782.99,104782.99,2.18797,531.0
2025-06-05 10:21:00,104783.0,104783.0,104762.82,104781.91,5.59774,904.0
2025-06-05 10:22:00,104781.91,104781.91,104755.46,104755.47,7.02298,909.0
2025-06-05 10:23:00,104755.46,104755.47,104750.0,104754.72,0.77834,473.0
2025-06-05 10:24:00,104754.72,104754.72,104754.71,104754.72,0.4188,163.0
2025-06-05 10:25:00,104754.71,104754.72,104707.54,104707.54,10.26667,1548.0
2025-06-05 10:26:00,104707.55,104707.55,104694.98,104707.54,4.04375,927.0
2025-06-05 10:27:00,104707.53,104707.54,104699.02,104699.03,1.16889,427.0
2025-06-05 10:28:00,104699.02,104707.03,104699.02,104699.92,1.53677,410.0
2025-06-05 10:29:00,104699.91,104699.92,104699.9,104699.91,1.54836,305.0
2025-06-05 10:30:00,104699.91,104707.03,104694.41,104707.02,3.28213,818.0
2025-06-05 10:31:00,104707.03,104724.79,104707.02,104724.78,3.16788,691.0
2025-06-05 10:32:00,104724.78,104732.74,104724.78,104732.74,2.16855,310.0
2025-06-05 10:33:00,104732.74,104732.74,104725.28,104725.29,3.49576,759.0
2025-06-05 10:34:00,104725.28,104725.29,104702.19,104702.19,3.79011,1140.0
2025-06-05 10:35:00,104702.2,104723.16,104702.19,104715.92,3.97773,415.0
2025-06-05 10:36:00,104715.91,104715.92,104715.91,104715.92,1.94357,167.0
2025-06-05 10:37:00,104715.92,104715.92,104703.4,104715.06,4.55379,693.0
2025-06-05 10:38:00,104715.06,104725.16,104591.47,104591.48,23.20381,2493.0
2025-06-05 10:39:00,104591.47,104624.55,104542.64,104558.11,25.75067,2553.0
2025-06-05 10:40:00,104558.11,104590.78,104558.11,104576.04,7.89984,1581.0
2025-06-05 10:41:00,104576.04,104585.14,104523.8,104523.8,12.08892,2294.0
2025-06-05 10:42:00,104523.8,104563.71,104518.86,104563.7,10.74997,1154.0
2025-06-05 10:43:00,104563.71,104575.77,104563.7,104575.77,2.54032,526.0
2025-06-05 10:44:00,104575.77,104575.77,104530.25,104571.99,4.78685,1913.0
2025-06-05 10:45:00,104571.98,104604.66,104571.98,104604.66,8.56656,956.0
2025-06-05 10:46:00,104604.65,104604.66,104517.43,104517.43,7.36986,2608.0
2025-06-05 10:47:00,104517.43,104550.21,104517.43,104550.2,3.62101,1458.0
2025-06-05 10:48:00,104550.21,104567.75,104550.2,104567.75,3.26311,619.0
2025-06-05 10:49:00,104567.74,104613.2,104567.74,104603.38,5.14008,1366.0
2025-06-05 10:50:00,104603.39,104616.1,104603.38,104604.86,3.95596,500.0
2025-06-05 10:51:00,104604.87,104613.2,104604.86,104613.2,1.8592,464.0
2025-06-05 10:52:00,104613.2,104620.51,104613.19,104620.51,2.19746,780.0
2025-06-05 10:53:00,104620.5,104632.24,104620.5,104632.23,1.87556,452.0
2025-06-05 10:54:00,104632.24,104656.0,104632.23,104652.83,17.41005,1076.0
2025-06-05 10:55:00,104652.83,104675.17,104652.83,104675.16,16.3001,619.0
2025-06-05 10:56:00,104675.17,104675.17,104656.26,104656.27,5.74405,545.0
2025-06-05 10:57:00,104656.26,104656.27,104636.37,104636.37,5.08341,566.0
2025-06-05 10:58:00,104636.37,104659.25,104636.37,104659.25,1.10561,606.0
2025-06-05 10:59:00,104659.25,104659.25,104659.24,104659.24,0.67683,208.0
2025-06-05 11:00:00,104659.25,104659.25,104645.92,104645.92,16.15759,915.0
2025-06-05 11:01:00,104645.93,104671.9,104645.93,104671.9,6.32933,897.0
2025-06-05 11:02:00,104671.9,104671.9,104640.79,104640.8,3.33031,1154.0
2025-06-05 11:03:00,104640.8,104644.9,104621.88,104644.9,2.01001,959.0
2025-06-05 11:04:00,104644.9,104644.9,104640.84,104640.85,1.38237,360.0
2025-06-05 11:05:00,104640.85,104693.9,104640.84,104678.13,3.69892,1435.0
2025-06-05 11:06:00,104678.13,104678.14,104646.53,104651.16,1.2637,724.0
2025-06-05 11:07:00,104651.16,104660.38,104651.16,104660.38,2.37337,544.0
2025-06-05 11:08:00,104660.38,104660.38,104632.32,104632.33,1.6259,765.0
2025-06-05 11:09:00,104632.32,104643.0,104624.16,104624.16,3.44341,840.0
2025-06-05 11:10:00,104624.16,104624.17,104604.65,104604.65,3.60466,649.0
2025-06-05 11:11:00,104604.66,104604.66,104575.53,104575.54,6.02738,567.0
2025-06-05 11:12:00,104575.53,104575.54,104551.64,104551.99,8.09293,1153.0
2025-06-05 11:13:00,104552.0,104591.78,104551.99,104591.77,4.1146,1491.0
2025-06-05 11:14:00,104591.77,104601.27,104591.77,104601.26,1.15436,352.0
2025-06-05 11:15:00,104601.27,104601.27,104585.07,104585.08,1.85595,738.0
2025-06-05 11:16:00,104585.07,104585.08,104584.96,104584.97,1.92485,312.0
2025-06-05 11:17:00,104584.97,104594.96,104584.17,104584.17,2.28977,710.0
2025-06-05 11:18:00,104584.18,104611.99,104580.19,104611.99,1.92305,912.0
2025-06-05 11:19:00,104611.98,104649.82,104611.98,104649.81,3.48696,1017.0
2025-06-05 11:20:00,104649.82,104672.83,104642.5,104670.63,7.26822,995.0
2025-06-05 11:21:00,104670.63,104670.63,104656.31,104656.32,1.74324,1015.0
2025-06-05 11:22:00,104656.31,104707.54,104656.31,104707.54,2.03139,1207.0
2025-06-05 11:23:00,104707.54,104779.6,104707.53,104779.59,6.84816,2227.0
2025-06-05 11:24:00,104779.6,104779.6,104768.66,104768.67,2.73124,410.0
2025-06-05 11:25:00,104768.66,104768.67,104757.94,104762.67,2.8248,701.0
2025-06-05 11:26:00,104762.67,104768.67,104762.67,104768.66,3.5991,404.0
2025-06-05 11:27:00,104768.67,104768.67,104767.0,104767.01,1.34404,505.0
2025-06-05 11:28:00,104767.01,104767.01,104749.02,104749.02,3.49497,545.0
2025-06-05 11:29:00,104749.03,104765.14,104749.02,104765.14,1.2237,531.0
2025-06-05 11:30:00,104765.13,104789.89,104765.13,104789.89,3.76465,1026.0
2025-06-05 11:31:00,104789.89,104836.0,104789.88,104835.99,4.99494,1332.0
2025-06-05 11:32:00,104836.0,104843.86,104831.71,104843.86,2.0279,870.0
2025-06-05 11:33:00,104843.85,104843.86,104820.69,104820.69,3.87334,1240.0
2025-06-05 11:34:00,104820.69,104847.11,104820.69,104830.07,4.69679,1072.0
2025-06-05 11:35:00,104830.07,104830.07,104812.55,104812.55,1.79274,1034.0
2025-06-05 11:36:00,104812.55,104812.55,104802.52,104805.53,1.8189,777.0
2025-06-05 11:37:00,104805.54,104824.25,104805.53,104816.0,1.26686,578.0
2025-06-05 11:38:00,104816.01,104816.01,104802.35,104802.35,1.15394,574.0
2025-06-05 11:39:00,104802.35,104802.36,104793.62,104793.63,4.38234,424.0
2025-06-05 11:40:00,104793.62,104801.86,104793.62,104801.85,1.26692,343.0
2025-06-05 11:41:00,104801.86,104801.86,104793.62,104793.63,1.4892,323.0
2025-06-05 11:42:00,104793.62,104801.86,104793.62,104801.86,4.0067,434.0
2025-06-05 11:43:00,104801.85,104801.86,104801.85,104801.86,0.82524,139.0
2025-06-05 11:44:00,104801.85,104801.86,104796.56,104801.85,2.14431,479.0
2025-06-05 11:45:00,104801.85,104828.92,104801.85,104828.92,3.98726,993.0
2025-06-05 11:46:00,104828.91,104847.52,104828.91,104838.6,1.30067,768.0
2025-06-05 11:47:00,104838.6,104838.61,104813.98,104813.99,3.07319,948.0
2025-06-05 11:48:00,104813.98,104832.04,104813.98,104832.03,2.46467,598.0
2025-06-05 11:49:00,104832.04,104832.04,104832.03,104832.03,0.67935,164.0
2025-06-05 11:50:00,104832.04,104832.04,104820.75,104820.75,1.98026,539.0
2025-06-05 11:51:00,104820.75,104829.64,104820.75,104829.63,1.02246,496.0
2025-06-05 11:52:00,104829.64,104841.44,104827.93,104827.94,2.93001,1241.0
2025-06-05 11:53:00,104827.93,104827.94,104821.63,104821.64,1.64375,356.0
2025-06-05 11:54:00,104821.63,104834.25,104821.63,104834.25,0.98398,374.0
2025-06-05 11:55:00,104834.24,104834.25,104820.75,104820.75,1.69283,587.0
2025-06-05 11:56:00,104820.76,104847.52,104818.62,104847.52,6.98499,1017.0
2025-06-05 11:57:00,104847.51,104847.52,104836.35,104836.35,0.89237,480.0
2025-06-05 11:58:00,104836.35,104836.35,104827.79,104827.8,1.36188,601.0
2025-06-05 11:59:00,104827.8,104827.8,104827.79,104827.8,1.10452,172.0
2025-06-05 12:00:00,104827.79,104827.8,104820.23,104820.24,2.7114,486.0
2025-06-05 12:01:00,104820.23,104820.24,104815.23,104815.23,2.56968,775.0
2025-06-05 12:02:00,104815.24,104846.84,104790.69,104846.83,6.28134,1899.0
2025-06-05 12:03:00,104846.83,104847.52,104846.83,104847.52,1.20868,263.0
2025-06-05 12:04:00,104847.52,104883.37,104847.51,104873.91,4.01969,1786.0
2025-06-05 12:05:00,104873.91,104873.91,104837.59,104837.59,3.7536,1788.0
2025-06-05 12:06:00,104837.59,104846.38,104818.19,104846.37,5.59215,2018.0
2025-06-05 12:07:00,104846.37,104910.76,104846.37,104910.73,7.03134,1135.0
2025-06-05 12:08:00,104910.74,104939.65,104910.73,104932.21,14.82517,1489.0
2025-06-05 12:09:00,104932.21,104982.77,104932.2,104953.9,31.43096,1856.0
2025-06-05 12:10:00,104953.91,104953.91,104950.28,104950.28,1.51571,438.0
2025-06-05 12:11:00,104950.29,105000.0,104950.29,104993.14,10.94715,1430.0
2025-06-05 12:12:00,104993.14,105014.89,104992.7,105007.22,14.79438,969.0
2025-06-05 12:13:00,105007.22,105155.0,104980.0,105155.0,35.73681,4372.0
2025-06-05 12:14:00,105154.99,105161.14,105094.64,105104.09,24.76594,2299.0
2025-06-05 12:15:00,105104.09,105125.43,105088.56,105099.02,15.99681,2079.0
2025-06-05 12:16:00,105099.01,105190.05,105099.01,105190.04,11.00916,2056.0
2025-06-05 12:17:00,105190.05,105193.25,105174.85,105178.84,19.77039,1449.0
2025-06-05 12:18:00,105178.83,105192.38,105178.83,105186.86,6.25088,963.0
2025-06-05 12:19:00,105186.86,105328.33,105186.85,105328.32,50.04593,4419.0
2025-06-05 12:20:00,105328.33,105379.24,105302.59,105302.6,24.40981,5819.0
2025-06-05 12:21:00,105302.59,105364.17,105302.59,105348.01,15.05538,1787.0
2025-06-05 12:22:00,105348.0,105348.01,105309.94,105314.0,8.10066,2112.0
2025-06-05 12:23:00,105314.01,105379.24,105314.0,105379.24,7.51439,1876.0
2025-06-05 12:24:00,105379.24,105379.24,105320.75,105336.09,18.88926,1858.0
2025-06-05 12:25:00,105336.1,105379.25,105336.1,105375.08,13.97969,4008.0
2025-06-05 12:26:00,105375.08,105408.45,105353.97,105353.97,11.21882,6560.0
2025-06-05 12:27:00,105353.98,105480.0,105353.97,105390.5,42.29545,3957.0
2025-06-05 12:28:00,105390.51,105412.27,105390.51,105412.0,4.63884,863.0
2025-06-05 12:29:00,105411.99,105412.0,105408.73,105408.74,3.8373,648.0
2025-06-05 12:30:00,105408.74,105438.2,105311.52,105324.63,26.44587,4749.0
2025-06-05 12:31:00,105324.64,105409.73,105311.52,105401.83,15.51344,2267.0
2025-06-05 12:32:00,105401.82,105401.83,105360.26,105363.14,8.74942,1568.0
2025-06-05 12:33:00,105363.13,105376.0,105333.25,105343.34,9.26495,2297.0
2025-06-05 12:34:00,105343.35,105359.44,105334.91,105340.15,9.26895,1683.0
2025-06-05 12:35:00,105340.15,105380.46,105325.23,105373.04,5.55662,1534.0
2025-06-05 12:36:00,105373.04,105433.05,105373.04,105433.05,9.39818,1420.0
2025-06-05 12:37:00,105433.04,105469.82,105424.55,105424.61,24.18886,2778.0
2025-06-05 12:38:00,105424.62,105454.78,105424.61,105438.37,16.98469,1457.0
2025-06-05 12:39:00,105438.37,105438.38,105419.71,105419.71,12.27121,895.0
2025-06-05 12:40:00,105419.71,105500.0,105419.71,105495.01,26.92326,2129.0
2025-06-05 12:41:00,105495.0,105504.67,105485.7,105485.7,21.50486,1233.0
2025-06-05 12:42:00,105485.71,105504.67,105476.7,105499.48,10.64116,1202.0
2025-06-05 12:43:00,105499.47,105499.48,105477.56,105477.57,5.40073,1156.0
2025-06-05 12:44:00,105477.57,105477.57,105416.92,105439.1,22.26839,2903.0
2025-06-05 12:45:00,105439.11,105460.0,105439.1,105460.0,5.92756,970.0
2025-06-05 12:46:00,105459.99,105463.65,105436.0,105455.02,16.5908,1698.0
2025-06-05 12:47:00,105455.01,105455.01,105396.72,105421.31,18.90939,3532.0
2025-06-05 12:48:00,105421.31,105421.31,105400.0,105410.52,6.40366,1292.0
2025-06-05 12:49:00,105410.53,105761.91,105410.52,105685.21,128.32865,11999.0
2025-06-05 12:50:00,105685.22,105685.22,105590.58,105639.99,34.78107,5009.0
2025-06-05 12:51:00,105639.99,105773.48,105638.47,105748.86,27.52931,6101.0
2025-06-05 12:52:00,105748.86,105760.58,105675.5,105714.29,18.61309,3803.0
2025-06-05 12:53:00,105714.29,105756.44,105704.12,105735.17,13.90098,3120.0
2025-06-05 12:54:00,105735.17,105774.45,105714.5,105714.51,50.47188,3108.0
2025-06-05 12:55:00,105714.5,105736.0,105714.5,105723.19,6.49734,1150.0
2025-06-05 12:56:00,105723.18,105776.99,105723.16,105768.38,13.69383,2090.0
2025-06-05 12:57:00,105768.39,105768.39,105755.23,105755.23,19.65638,1432.0
2025-06-05 12:58:00,105755.23,105755.24,105647.23,105681.23,13.14757,2466.0
2025-06-05 12:59:00,105681.23,105681.24,105649.59,105649.59,10.96415,1166.0
2025-06-05 13:00:00,105649.6,105731.94,105649.6,105700.04,17.81388,4033.0
2025-06-05 13:01:00,105700.03,105722.75,105681.4,105722.75,10.98014,2430.0
2025-06-05 13:02:00,105722.75,105795.0,105722.75,105775.47,27.0403,3596.0
2025-06-05 13:03:00,105775.48,105791.45,105765.5,105790.58,4.89861,904.0
2025-06-05 13:04:00,105790.59,105805.5,105770.66,105770.67,22.2196,2269.0
2025-06-05 13:05:00,105770.67,105807.01,105770.66,105807.01,12.11447,2956.0
2025-06-05 13:06:00,105806.76,105824.68,105806.75,105824.68,9.35918,1203.0
2025-06-05 13:07:00,105824.67,105880.0,105824.67,105880.0,37.67772,3480.0
2025-06-05 13:08:00,105879.99,105882.0,105867.07,105881.97,13.06228,1539.0
2025-06-05 13:09:00,105881.97,105888.0,105881.97,105887.99,26.61755,979.0
2025-06-05 13:10:00,105887.99,105909.71,105843.66,105843.66,30.58693,3651.0
2025-06-05 13:11:00,105843.67,105843.67,105797.0,105839.29,18.52478,3187.0
2025-06-05 13:12:00,105839.29,105904.77,105839.28,105904.76,5.2631,2013.0
2025-06-05 13:13:00,105904.77,105904.77,105835.47,105835.47,17.24979,2041.0
2025-06-05 13:14:00,105835.47,105835.48,105782.77,105813.83,26.09302,2656.0
2025-06-05 13:15:00,105813.83,105855.27,105783.88,105799.92,19.02726,3831.0
2025-06-05 13:16:00,105799.93,105799.93,105727.16,105765.82,34.30492,4207.0
2025-06-05 13:17:00,105765.83,105778.84,105759.38,105759.39,5.93208,1459.0
2025-06-05 13:18:00,105759.39,105772.82,105700.0,105730.43,30.88633,2802.0
2025-06-05 13:19:00,105730.43,105740.51,105707.31,105710.9,7.99183,2132.0
2025-06-05 13:20:00,105710.9,105789.99,105710.9,105765.14,8.97619,2198.0
2025-06-05 13:21:00,105765.14,105789.41,105710.9,105739.98,36.36918,3207.0
2025-06-05 13:22:00,105739.97,105739.98,105668.79,105690.51,30.92417,1568.0
2025-06-05 13:23:00,105690.51,105690.52,105648.21,105648.27,15.32439,2067.0
2025-06-05 13:24:00,105648.28,105650.95,105648.27,105650.94,2.56658,406.0
2025-06-05 13:25:00,105650.94,105688.0,105648.34,105687.99,6.52891,1353.0
2025-06-05 13:26:00,105688.0,105688.0,105675.44,105683.41,11.49503,836.0
2025-06-05 13:27:00,105683.41,105683.42,105669.55,105669.55,9.62171,1093.0
2025-06-05 13:28:00,105669.56,105683.15,105669.55,105683.14,4.87899,594.0
2025-06-05 13:29:00,105683.14,105683.15,105683.14,105683.15,3.77908,409.0
2025-06-05 13:30:00,105683.15,105718.88,105658.57,105661.13,20.10322,4452.0
2025-06-05 13:31:00,105661.12,105672.69,105480.23,105509.43,32.66864,7479.0
2025-06-05 13:32:00,105509.44,105526.57,105448.89,105492.32,21.2153,3972.0
2025-06-05 13:33:00,105492.33,105509.43,105450.51,105482.73,16.42758,4218.0
2025-06-05 13:34:00,105482.73,105494.82,105447.35,105447.36,12.79139,4343.0
2025-06-05 13:35:00,105447.35,105570.54,105400.0,105546.35,20.15025,5342.0
2025-06-05 13:36:00,105546.35,105555.91,105489.15,105549.07,15.64723,3609.0
2025-06-05 13:37:00,105549.07,105650.84,105549.07,105600.02,10.14748,3678.0
2025-06-05 13:38:00,105600.03,105623.78,105580.0,105603.78,6.44416,2685.0
2025-06-05 13:39:00,105603.78,105603.78,105369.73,105369.73,24.11065,5384.0
2025-06-05 13:40:00,105369.73,105391.5,105323.99,105391.49,20.77034,5649.0
2025-06-05 13:41:00,105391.5,105452.8,105355.17,105450.7,12.51023,3679.0
2025-06-05 13:42:00,105450.71,105502.42,105420.0,105420.0,5.07481,2779.0
2025-06-05 13:43:00,105420.0,105420.01,105381.31,105409.53,20.12439,2154.0
2025-06-05 13:44:00,105409.53,105409.53,105387.19,105398.86,4.78009,1704.0
2025-06-05 13:45:00,105398.86,105398.86,105153.13,105153.13,37.22155,9817.0
2025-06-05 13:46:00,105153.13,105179.25,105100.74,105112.64,16.99681,5894.0
2025-06-05 13:47:00,105112.65,105112.65,105014.73,105024.96,24.10425,5209.0
2025-06-05 13:48:00,105024.96,105042.74,104943.39,105012.52,42.48871,6055.0
2025-06-05 13:49:00,105012.51,105019.9,104924.24,104940.01,29.4188,6200.0
2025-06-05 13:50:00,104940.0,104989.54,104908.46,104908.47,15.05119,5118.0
2025-06-05 13:51:00,104908.46,104908.47,104744.18,104753.47,34.91342,8170.0
2025-06-05 13:52:00,104753.47,104771.63,104537.13,104581.7,79.45988,11166.0
2025-06-05 13:53:00,104581.7,104714.44,104548.18,104666.67,58.58266,11227.0
2025-06-05 13:54:00,104666.66,104666.66,104476.11,104515.47,71.78033,8726.0
2025-06-05 13:55:00,104515.47,104566.04,104343.25,104389.78,73.9508,11909.0
2025-06-05 13:56:00,104389.77,104442.57,104303.64,104423.36,37.10597,12338.0
2025-06-05 13:57:00,104423.36,104500.48,104400.0,104400.0,105.14848,7845.0
2025-06-05 13:58:00,104400.0,104516.54,104391.01,104497.31,37.12191,5982.0
2025-06-05 13:59:00,104497.3,104527.0,104462.5,104527.0,35.5314,3358.0
2025-06-05 14:00:00,104527.0,104535.63,104450.57,104492.42,35.18363,7080.0
2025-06-05 14:01:00,104492.43,104551.05,104450.0,104450.0,29.3248,5035.0
2025-06-05 14:02:00,104450.01,104459.97,104305.01,104306.96,37.60343,5901.0
2025-06-05 14:03:00,104306.97,104397.62,104306.26,104330.19,39.40465,7184.0
2025-06-05 14:04:00,104330.19,104514.91,104330.18,104468.51,63.69147,7333.0
2025-06-05 14:05:00,104468.51,104471.7,104368.85,104399.66,20.70426,4607.0
2025-06-05 14:06:00,104399.67,104399.67,104279.06,104279.07,98.14109,6126.0
2025-06-05 14:07:00,104279.06,104283.02,104206.0,104244.32,86.05607,9601.0
2025-06-05 14:08:00,104244.33,104316.73,104206.0,104271.74,17.10751,5473.0
2025-06-05 14:09:00,104271.73,104315.85,104224.99,104277.75,24.92538,6968.0
2025-06-05 14:10:00,104277.75,104303.06,104234.22,104244.37,23.28044,6984.0
2025-06-05 14:11:00,104244.38,104258.35,104206.0,104224.91,17.71145,3061.0
2025-06-05 14:12:00,104224.91,104288.78,104206.77,104225.77,20.10199,4045.0
2025-06-05 14:13:00,104225.77,104279.07,104216.77,104279.07,17.85723,3507.0
2025-06-05 14:14:00,104279.07,104303.06,104245.62,104274.27,13.06221,3742.0
2025-06-05 14:15:00,104274.55,104303.06,104104.25,104133.02,53.19617,7744.0
2025-06-05 14:16:00,104133.01,104195.0,104104.0,104104.0,20.55469,5581.0
2025-06-05 14:17:00,104104.01,104117.0,104064.73,104079.61,46.72975,4846.0
2025-06-05 14:18:00,104079.61,104111.75,103972.0,104049.07,100.00836,10675.0
2025-06-05 14:19:00,104049.08,104067.26,103970.0,104018.64,56.97561,6020.0
2025-06-05 14:20:00,104018.63,104058.94,103919.71,103941.3,49.6704,8427.0
2025-06-05 14:21:00,103941.29,104018.75,103900.0,104009.99,43.1799,8035.0
2025-06-05 14:22:00,104010.0,104080.0,103959.32,104079.99,33.48166,4882.0
2025-06-05 14:23:00,104079.99,104199.0,104072.0,104150.29,38.90831,6029.0
2025-06-05 14:24:00,104150.29,104168.0,104039.61,104111.09,55.35929,5198.0
2025-06-05 14:25:00,104111.09,104154.24,104091.68,104096.89,22.78773,4159.0
2025-06-05 14:26:00,104096.89,104141.51,104096.88,104128.65,12.49064,3364.0
2025-06-05 14:27:00,104128.64,104267.63,104128.64,104241.59,24.97008,5260.0
2025-06-05 14:28:00,104241.59,104271.31,104240.63,104240.63,12.94213,1980.0
2025-06-05 14:29:00,104240.63,104279.07,104240.63,104279.05,14.66244,2764.0
2025-06-05 14:30:00,104279.06,104279.06,104180.0,104186.98,20.80486,3525.0
2025-06-05 14:31:00,104186.98,104217.94,104157.1,104191.12,17.74889,3087.0
2025-06-05 14:32:00,104191.12,104191.12,104100.0,104100.0,16.33864,4149.0
2025-06-05 14:33:00,104100.0,104250.45,104100.0,104250.45,29.80788,7508.0
2025-06-05 14:34:00,104250.45,104250.45,104186.04,104186.05,7.15488,2044.0
2025-06-05 14:35:00,104186.05,104200.72,104065.69,104079.23,30.98731,3999.0
2025-06-05 14:36:00,104079.23,104142.85,104011.24,104124.01,19.68368,5158.0
2025-06-05 14:37:00,104124.01,104297.17,104114.35,104283.02,25.58712,5375.0
2025-06-05 14:38:00,104283.02,104415.15,104264.8,104378.79,34.33276,7125.0
2025-06-05 14:39:00,104378.78,104415.15,104354.24,104398.98,13.72732,3623.0
2025-06-05 14:40:00,104398.97,104398.98,104290.65,104363.17,20.60866,4757.0
2025-06-05 14:41:00,104363.17,104540.0,104363.17,104524.01,27.60958,5699.0
2025-06-05 14:42:00,104524.0,104633.27,104514.82,104630.36,25.85982,5683.0
2025-06-05 14:43:00,104630.36,104630.36,104564.44,104575.93,20.09994,3835.0
2025-06-05 14:44:00,104575.93,104651.17,104572.93,104612.0,23.3828,4793.0
2025-06-05 14:45:00,104612.0,104612.01,104502.53,104503.04,22.7303,5104.0
2025-06-05 14:46:00,104503.04,104927.79,104503.03,104884.58,103.69051,16339.0
2025-06-05 14:47:00,104884.58,104884.58,104720.07,104754.71,43.12858,7599.0
2025-06-05 14:48:00,104754.72,104766.44,104651.73,104651.74,35.50121,6055.0
2025-06-05 14:49:00,104651.73,104666.21,104588.95,104607.09,24.98871,5745.0
2025-06-05 14:50:00,104607.09,104613.21,104523.05,104571.71,22.00778,5743.0
2025-06-05 14:51:00,104571.7,104571.71,104487.2,104487.21,17.0112,4312.0
2025-06-05 14:52:00,104487.21,104512.96,104440.0,104479.09,11.49808,5246.0
2025-06-05 14:53:00,104479.09,104503.45,104429.9,104429.9,17.8842,3402.0
2025-06-05 14:54:00,104429.91,104480.78,104429.91,104480.78,12.98953,2255.0
2025-06-05 14:55:00,104480.78,104480.78,104426.04,104427.97,12.56113,1972.0
2025-06-05 14:56:00,104427.96,104464.73,104311.11,104464.73,25.51375,9014.0
2025-06-05 14:57:00,104464.74,104566.04,104464.74,104535.38,14.46446,4968.0
2025-06-05 14:58:00,104535.38,104600.01,104535.37,104600.0,15.96324,3656.0
2025-06-05 14:59:00,104599.99,104666.66,104599.99,104639.2,30.41213,3158.0
2025-06-05 15:00:00,104639.21,104692.41,104639.2,104660.37,17.56688,2596.0
2025-06-05 15:01:00,104660.38,104660.38,104613.2,104614.17,8.41952,2225.0
2025-06-05 15:02:00,104614.18,104637.44,104580.52,104604.04,9.17613,2445.0
2025-06-05 15:03:00,104604.04,104613.21,104573.55,104580.01,13.90425,3062.0
2025-06-05 15:04:00,104580.0,104594.69,104544.86,104566.04,10.568,2517.0
2025-06-05 15:05:00,104566.04,104566.04,104431.04,104471.69,17.15723,3690.0
2025-06-05 15:06:00,104471.7,104477.69,104433.07,104463.05,12.365,2922.0
2025-06-05 15:07:00,104463.06,104476.1,104454.55,104471.69,9.66989,1626.0
2025-06-05 15:08:00,104471.7,104471.7,104406.52,104406.73,10.7454,1903.0
2025-06-05 15:09:00,104406.72,104484.55,104342.1,104484.55,20.47776,6112.0
2025-06-05 15:10:00,104484.55,104548.0,104484.55,104548.0,6.46838,2767.0
2025-06-05 15:11:00,104548.0,104548.0,104479.06,104487.99,5.24843,1613.0
2025-06-05 15:12:00,104488.0,104511.63,104454.62,104454.62,7.25371,1817.0
2025-06-05 15:13:00,104454.62,104454.63,104402.07,104402.08,4.20028,1695.0
2025-06-05 15:14:00,104402.07,104402.08,104333.33,104356.88,13.9001,2469.0
2025-06-05 15:15:00,104356.88,104400.99,104342.18,104342.18,8.6181,2853.0
2025-06-05 15:16:00,104342.17,104425.8,104330.18,104394.74,13.22422,2695.0
2025-06-05 15:17:00,104394.48,104437.6,104380.59,104428.58,7.71895,1765.0
2025-06-05 15:18:00,104428.57,104471.7,104428.57,104444.5,7.91138,2420.0
2025-06-05 15:19:00,104444.5,104453.23,104412.85,104440.0,4.93711,1914.0
2025-06-05 15:20:00,104439.99,104450.88,104422.23,104450.88,4.1316,1221.0
2025-06-05 15:21:00,104450.87,104600.0,104450.87,104541.61,52.21866,6485.0
2025-06-05 15:22:00,104541.6,104585.44,104541.6,104564.86,8.71463,2052.0
2025-06-05 15:23:00,104564.85,104587.62,104564.85,104587.62,2.67933,1328.0
2025-06-05 15:24:00,104587.63,104714.29,104587.62,104714.28,9.55131,4023.0
2025-06-05 15:25:00,104714.28,104833.23,104697.8,104784.25,65.79565,5625.0
2025-06-05 15:26:00,104784.24,104784.25,104733.35,104750.66,11.52587,2468.0
2025-06-05 15:27:00,104750.66,104864.4,104750.65,104849.52,47.03099,2682.0
2025-06-05 15:28:00,104849.52,104860.9,104786.74,104786.75,25.08421,2355.0
2025-06-05 15:29:00,104786.74,104855.73,104786.74,104843.98,11.63232,2491.0
2025-06-05 15:30:00,104843.99,104871.31,104843.98,104850.89,8.91941,2589.0
2025-06-05 15:31:00,104850.89,104861.94,104790.69,104816.49,16.68576,3654.0
2025-06-05 15:32:00,104816.49,104817.92,104793.54,104817.92,7.88181,1662.0
2025-06-05 15:33:00,104817.91,104817.92,104762.46,104762.46,6.9302,2666.0
2025-06-05 15:34:00,104762.47,104762.47,104729.43,104729.43,9.96016,1331.0
2025-06-05 15:35:00,104729.43,104729.43,104693.41,104707.54,4.56891,2230.0
2025-06-05 15:36:00,104707.54,104772.94,104707.54,104772.94,3.53825,1709.0
2025-06-05 15:37:00,104772.93,104790.48,104720.72,104720.73,4.4429,2020.0
2025-06-05 15:38:00,104720.73,104750.66,104708.45,104739.83,5.0771,2652.0
2025-06-05 15:39:00,104739.83,104744.19,104722.1,104744.19,3.88319,1583.0
2025-06-05 15:40:00,104744.19,104754.7,104710.23,104712.38,3.98016,1544.0
2025-06-05 15:41:00,104712.38,104712.39,104687.77,104707.55,3.72699,1295.0
2025-06-05 15:42:00,104707.55,104735.7,104707.54,104713.71,2.71279,1318.0
2025-06-05 15:43:00,104713.71,104731.64,104712.0,104731.63,2.05713,1008.0
2025-06-05 15:44:00,104731.63,104788.15,104731.63,104743.39,3.53391,2274.0
2025-06-05 15:45:00,104743.4,104743.4,104664.01,104666.69,4.42375,2727.0
2025-06-05 15:46:00,104666.68,104666.69,104619.04,104636.23,6.89255,2585.0
2025-06-05 15:47:00,104636.23,104646.53,104604.45,104617.33,15.75353,2269.0
2025-06-05 15:48:00,104617.33,104625.09,104571.83,104625.09,14.52236,2195.0
2025-06-05 15:49:00,104625.09,104625.09,104603.35,104603.36,2.05589,779.0
2025-06-05 15:50:00,104603.36,104646.91,104603.35,104638.03,4.94574,1627.0
2025-06-05 15:51:00,104638.02,104769.38,104638.02,104752.15,20.47373,2836.0
2025-06-05 15:52:00,104752.15,104752.15,104651.25,104651.26,13.80472,2667.0
2025-06-05 15:53:00,104651.26,104680.76,104651.25,104666.67,16.31285,2046.0
2025-06-05 15:54:00,104666.66,104697.66,104666.66,104697.65,29.678,795.0
2025-06-05 15:55:00,104697.66,104700.0,104690.46,104690.46,4.31287,680.0
2025-06-05 15:56:00,104690.47,104754.72,104690.46,104741.64,11.29842,3206.0
2025-06-05 15:57:00,104741.64,104746.45,104738.73,104738.73,5.00126,873.0
2025-06-05 15:58:00,104738.72,104748.45,104660.37,104660.37,11.23384,3440.0
2025-06-05 15:59:00,104660.36,104660.37,104521.05,104531.49,17.18574,3939.0
2025-06-05 16:00:00,104531.5,104549.44,104530.36,104549.43,4.13814,1277.0
2025-06-05 16:01:00,104549.44,104569.71,104549.43,104566.03,5.71497,1612.0
2025-06-05 16:02:00,104566.02,104586.94,104566.02,104581.89,2.3475,1384.0
2025-06-05 16:03:00,104581.9,104592.34,104529.54,104545.1,7.45258,2603.0
2025-06-05 16:04:00,104545.09,104584.0,104545.09,104583.99,3.2081,1273.0
2025-06-05 16:05:00,104584.0,104598.87,104572.99,104586.21,2.10375,1231.0
2025-06-05 16:06:00,104586.21,104586.22,104582.83,104582.83,1.76885,360.0
2025-06-05 16:07:00,104582.83,104582.84,104518.86,104518.87,6.67046,2677.0
2025-06-05 16:08:00,104518.87,104529.32,104472.95,104478.68,10.2813,1931.0
2025-06-05 16:09:00,104478.68,104478.68,104447.37,104468.55,11.33136,2179.0
2025-06-05 16:10:00,104468.55,104485.4,104418.6,104442.08,10.63923,2958.0
2025-06-05 16:11:00,104442.08,104471.7,104436.58,104471.69,2.90817,1649.0
2025-06-05 16:12:00,104471.69,104487.06,104443.43,104487.06,3.50675,1974.0
2025-06-05 16:13:00,104487.05,104487.06,104460.0,104463.54,2.99179,1097.0
2025-06-05 16:14:00,104463.53,104483.18,104381.31,104381.32,7.45751,3384.0
2025-06-05 16:15:00,104381.32,104381.32,104286.58,104294.02,19.07105,3992.0
2025-06-05 16:16:00,104294.02,104306.73,104262.12,104269.27,9.53569,3331.0
2025-06-05 16:17:00,104269.27,104269.27,104134.36,104134.37,22.74671,7442.0
2025-06-05 16:18:00,104134.36,104146.43,104068.07,104110.59,35.23569,9407.0
2025-06-05 16:19:00,104110.59,104137.25,104089.58,104092.04,8.67032,4279.0
2025-06-05 16:20:00,104092.04,104104.99,103951.5,103999.99,83.49134,11640.0
2025-06-05 16:21:00,104000.0,104095.24,103951.5,104095.24,42.91894,6268.0
2025-06-05 16:22:00,104095.24,104127.62,104064.04,104083.58,15.26352,5398.0
2025-06-05 16:23:00,104083.58,104180.83,104060.0,104180.83,11.77765,4523.0
2025-06-05 16:24:00,104180.83,104180.83,104068.55,104078.85,14.47918,4573.0
2025-06-05 16:25:00,104078.85,104139.14,104040.15,104139.14,12.11979,5120.0
2025-06-05 16:26:00,104139.14,104139.14,104022.86,104022.86,12.18003,4605.0
2025-06-05 16:27:00,104022.86,104078.27,103985.45,104049.29,31.0292,6705.0
2025-06-05 16:28:00,104049.3,104093.03,103999.97,103999.98,23.49109,4869.0
2025-06-05 16:29:00,103999.98,104046.52,103975.27,104036.01,11.54418,3767.0
2025-06-05 16:30:00,104036.0,104058.0,103960.22,104032.87,26.8436,5407.0
2025-06-05 16:31:00,104032.87,104058.0,103934.24,103941.97,22.11405,5605.0
2025-06-05 16:32:00,103941.98,103964.78,103899.0,103917.67,44.45319,4134.0
2025-06-05 16:33:00,103917.67,104065.65,103899.0,104065.65,23.04338,3221.0
2025-06-05 16:34:00,104065.64,104073.04,103988.11,103988.11,20.03908,4535.0
2025-06-05 16:35:00,103988.11,103988.11,103919.99,103926.87,19.25486,6428.0
2025-06-05 16:36:00,103926.86,104015.41,103926.86,103981.68,10.39237,3895.0
2025-06-05 16:37:00,103981.68,103988.4,103900.45,103962.3,10.58405,3725.0
2025-06-05 16:38:00,103962.3,103977.75,103800.01,103810.74,47.4687,8955.0
2025-06-05 16:39:00,103810.73,103847.29,103746.8,103847.29,89.57519,8195.0
2025-06-05 16:40:00,103847.3,103847.3,103756.85,103787.45,32.66872,5954.0
2025-06-05 16:41:00,103787.46,103891.88,103700.0,103869.81,51.95277,11384.0
2025-06-05 16:42:00,103869.8,103983.03,103869.8,103904.53,35.89016,8077.0
2025-06-05 16:43:00,103904.53,103904.53,103777.32,103777.95,17.04163,4975.0
2025-06-05 16:44:00,103777.94,103830.79,103744.04,103754.42,18.88349,5745.0
2025-06-05 16:45:00,103754.42,103754.43,103700.0,103730.44,15.68694,6550.0
2025-06-05 16:46:00,103730.45,103761.9,103691.0,103761.9,12.74213,5583.0
2025-06-05 16:47:00,103761.91,103795.78,103680.68,103711.28,16.21166,7846.0
2025-06-05 16:48:00,103711.28,103750.85,103679.47,103719.0,21.79707,6593.0
2025-06-05 16:49:00,103718.57,103793.85,103696.2,103770.89,15.95683,5380.0
2025-06-05 16:50:00,103770.88,103869.14,103679.48,103869.13,15.43978,6891.0
2025-06-05 16:51:00,103869.14,103907.68,103693.73,103697.91,17.43013,8340.0
2025-06-05 16:52:00,103697.91,103705.7,103557.34,103578.55,60.64794,9186.0
2025-06-05 16:53:00,103578.55,103578.55,103468.0,103500.02,126.04856,11681.0
2025-06-05 16:54:00,103500.03,103515.56,103468.0,103486.03,23.05686,5249.0
2025-06-05 16:55:00,103486.02,103571.08,103421.96,103513.48,36.77942,8930.0
2025-06-05 16:56:00,103513.47,103552.62,103440.03,103487.33,14.10331,5582.0
2025-06-05 16:57:00,103487.34,103487.34,103409.61,103439.81,13.79517,5822.0
2025-06-05 16:58:00,103439.8,103463.68,103402.29,103406.47,23.02243,5484.0
2025-06-05 16:59:00,103406.47,103406.48,103258.0,103262.53,71.74519,8052.0
2025-06-05 17:00:00,103262.54,103270.0,103140.0,103234.84,75.87024,13515.0
2025-06-05 17:01:00,103234.83,103342.27,103174.63,103339.53,37.00118,10201.0
2025-06-05 17:02:00,103339.52,103515.11,103324.03,103406.17,46.17207,11270.0
2025-06-05 17:03:00,103406.17,103488.25,103309.76,103438.5,67.09242,10269.0
2025-06-05 17:04:00,103438.51,103508.77,103401.32,103430.62,50.95841,7315.0
2025-06-05 17:05:00,103430.62,103475.77,103340.51,103452.62,16.25736,6674.0
2025-06-05 17:06:00,103452.62,103468.94,103350.96,103350.96,25.30359,5454.0
2025-06-05 17:07:00,103350.96,103488.39,103350.96,103463.16,16.44874,5855.0
2025-06-05 17:08:00,103463.17,103565.01,103463.16,103549.42,24.15339,4721.0
2025-06-05 17:09:00,103549.43,103553.28,103450.0,103450.0,13.69042,4065.0
2025-06-05 17:10:00,103450.01,103450.01,103411.97,103431.83,9.85709,2676.0
2025-06-05 17:11:00,103431.83,103470.51,103411.98,103445.68,12.85609,3616.0
2025-06-05 17:12:00,103445.68,103446.49,103400.0,103446.49,9.8433,3867.0
2025-06-05 17:13:00,103446.49,103530.96,103421.55,103436.89,26.08748,5060.0
2025-06-05 17:14:00,103436.89,103439.56,103400.0,103410.35,19.42972,3046.0
2025-06-05 17:15:00,103410.36,103500.0,103410.36,103492.91,25.48751,4959.0
2025-06-05 17:16:00,103492.92,103559.47,103492.92,103547.41,14.37748,2468.0
2025-06-05 17:17:00,103547.41,103577.25,103499.88,103577.25,7.52774,3517.0
2025-06-05 17:18:00,103577.25,103577.25,103546.27,103546.28,3.35609,1077.0
2025-06-05 17:19:00,103546.27,103581.4,103546.27,103566.65,6.28855,2427.0
2025-06-05 17:20:00,103566.65,103566.65,103509.09,103566.29,9.11345,3179.0
2025-06-05 17:21:00,103566.28,103566.28,103523.49,103535.87,13.52625,2611.0
2025-06-05 17:22:00,103535.88,103539.74,103413.66,103423.01,12.22477,3817.0
2025-06-05 17:23:00,103423.0,103466.51,103372.16,103445.15,18.19589,4112.0
2025-06-05 17:24:00,103445.15,103495.78,103445.14,103481.63,13.04085,3321.0
2025-06-05 17:25:00,103481.64,103486.16,103337.4,103345.12,25.59055,3832.0
2025-06-05 17:26:00,103345.11,103374.77,103345.11,103371.1,5.74041,1905.0
2025-06-05 17:27:00,103371.1,103392.18,103340.0,103380.95,14.16807,3252.0
2025-06-05 17:28:00,103380.95,103443.34,103380.95,103443.33,12.60208,3101.0
2025-06-05 17:29:00,103443.33,103460.0,103443.33,103453.59,5.79965,1303.0
2025-06-05 17:30:00,103453.59,103453.67,103400.65,103400.66,9.84498,3236.0
2025-06-05 17:31:00,103400.65,103400.66,103312.19,103367.08,11.91886,3841.0
2025-06-05 17:32:00,103367.09,103437.27,103367.08,103428.24,12.0961,2683.0
2025-06-05 17:33:00,103428.24,103428.24,103404.6,103417.89,4.77187,1645.0
2025-06-05 17:34:00,103417.88,103426.59,103368.29,103368.3,6.25227,2919.0
2025-06-05 17:35:00,103368.3,103369.02,103270.1,103334.95,24.56502,6164.0
2025-06-05 17:36:00,103334.96,103366.22,103331.26,103339.4,4.85579,2022.0
2025-06-05 17:37:00,103339.4,103414.6,103339.4,103412.13,10.14264,2619.0
2025-06-05 17:38:00,103412.13,103441.87,103412.12,103415.54,9.1764,2024.0
2025-06-05 17:39:00,103415.54,103452.0,103415.54,103436.0,12.30315,2072.0
2025-06-05 17:40:00,103436.0,103436.01,103390.05,103397.57,9.88611,1867.0
2025-06-05 17:41:00,103397.58,103397.58,103355.33,103355.33,5.4035,1522.0
2025-06-05 17:42:00,103355.02,103355.02,103267.9,103285.97,24.15041,2559.0
2025-06-05 17:43:00,103285.98,103358.65,103285.98,103358.64,9.9907,1762.0
2025-06-05 17:44:00,103358.65,103384.57,103348.83,103348.84,3.26792,1603.0
2025-06-05 17:45:00,103348.83,103348.84,103308.7,103312.39,5.80061,1851.0
2025-06-05 17:46:00,103312.39,103312.39,103213.77,103223.97,13.55494,2691.0
2025-06-05 17:47:00,103223.98,103279.62,103211.31,103214.63,28.47133,3374.0
2025-06-05 17:48:00,103214.62,103267.82,103214.62,103240.49,13.08913,2516.0
2025-06-05 17:49:00,103240.49,103240.5,103220.01,103220.01,3.27354,1337.0
2025-06-05 17:50:00,103220.02,103266.32,103220.01,103247.13,18.05969,1680.0
2025-06-05 17:51:00,103247.13,103247.13,103190.47,103190.48,14.46025,1987.0
2025-06-05 17:52:00,103190.48,103275.54,103176.6,103244.75,22.53866,3679.0
2025-06-05 17:53:00,103244.76,103302.33,103244.75,103288.49,6.71914,1826.0
2025-06-05 17:54:00,103288.48,103288.48,103242.8,103267.77,7.17841,2425.0
2025-06-05 17:55:00,103267.77,103268.32,103192.72,103193.76,6.3043,2809.0
2025-06-05 17:56:00,103193.76,103278.1,103193.76,103243.0,10.11989,2741.0
2025-06-05 17:57:00,103243.01,103243.01,103203.19,103203.2,5.1264,2176.0
2025-06-05 17:58:00,103203.2,103271.06,103190.55,103271.06,4.34124,1996.0
2025-06-05 17:59:00,103271.06,103275.38,103227.77,103240.04,6.82966,1861.0
2025-06-05 18:00:00,103240.04,103272.4,103213.12,103272.4,4.38765,1719.0
2025-06-05 18:01:00,103272.4,103318.69,103256.71,103262.44,17.29892,3901.0
2025-06-05 18:02:00,103262.44,103318.23,103255.8,103273.56,6.06413,3467.0
2025-06-05 18:03:00,103273.55,103273.56,103226.24,103230.97,8.30766,3889.0
2025-06-05 18:04:00,103230.97,103276.76,103223.98,103269.3,5.27294,3880.0
2025-06-05 18:05:00,103269.31,103269.31,103202.57,103237.45,28.10925,3905.0
2025-06-05 18:06:00,103237.45,103240.3,103100.01,103125.52,49.68886,5679.0
2025-06-05 18:07:00,103125.52,103160.0,103106.3,103127.01,15.25586,2435.0
2025-06-05 18:08:00,103127.0,103199.14,103115.14,103163.88,7.71555,3281.0
2025-06-05 18:09:00,103163.88,103190.65,103126.17,103190.64,10.87666,3010.0
2025-06-05 18:10:00,103190.65,103236.41,103150.28,103150.28,7.67411,3440.0
2025-06-05 18:11:00,103150.27,103230.68,103141.77,103200.0,11.24215,2874.0
2025-06-05 18:12:00,103200.0,103200.01,103124.0,103124.01,21.16645,3524.0
2025-06-05 18:13:00,103124.01,103142.87,102709.8,102770.66,433.26212,27822.0
2025-06-05 18:14:00,102770.66,102792.0,102717.25,102736.39,48.25569,10247.0
2025-06-05 18:15:00,102736.38,102817.0,102720.27,102792.91,26.59781,7944.0
2025-06-05 18:16:00,102792.91,102857.15,102623.34,102630.19,57.99089,14236.0
2025-06-05 18:17:00,102630.19,102880.0,102581.56,102879.99,60.57551,12377.0
2025-06-05 18:18:00,102880.0,102976.64,102863.67,102952.43,38.06003,8194.0
2025-06-05 18:19:00,102952.44,103043.56,102952.44,103004.87,30.54029,5393.0
2025-06-05 18:20:00,103004.87,103046.53,102974.44,103003.82,14.51451,4337.0
2025-06-05 18:21:00,103003.81,103055.34,102971.26,103055.34,12.86707,3545.0
2025-06-05 18:22:00,103055.33,103149.42,103055.33,103055.34,11.15533,6413.0
2025-06-05 18:23:00,103055.34,103176.6,103047.61,103151.62,21.52669,5247.0
2025-06-05 18:24:00,103151.62,103197.43,103151.62,103183.68,11.5883,2394.0
2025-06-05 18:25:00,103183.68,103200.0,103183.67,103187.11,4.45928,1679.0
2025-06-05 18:26:00,103187.1,103200.38,103166.71,103175.36,6.31805,2074.0
2025-06-05 18:27:00,103175.36,103222.22,103175.35,103222.21,4.34124,1552.0
2025-06-05 18:28:00,103222.22,103237.13,103203.01,103237.12,9.66623,2200.0
2025-06-05 18:29:00,103237.13,103275.16,103237.12,103275.16,14.57093,2421.0
2025-06-05 18:30:00,103275.16,103347.22,103275.16,103335.34,10.6677,4057.0
2025-06-05 18:31:00,103335.33,103348.8,103325.78,103325.78,8.14501,2268.0
2025-06-05 18:32:00,103325.79,103354.56,103230.53,103254.72,12.35331,6798.0
2025-06-05 18:33:00,103254.71,103277.29,103163.18,103163.19,15.5606,6572.0
2025-06-05 18:34:00,103163.19,103202.21,103123.69,103202.21,16.63759,5441.0
2025-06-05 18:35:00,103202.21,103308.12,103202.2,103308.12,15.12638,3416.0
2025-06-05 18:36:00,103308.11,103336.0,103258.03,103269.83,17.1954,5383.0
2025-06-05 18:37:00,103269.83,103294.38,103194.38,103222.68,28.27734,4276.0
2025-06-05 18:38:00,103222.67,103246.61,103181.78,103181.79,9.05171,3545.0
2025-06-05 18:39:00,103181.79,103181.79,103150.02,103177.23,8.51179,2382.0
2025-06-05 18:40:00,103177.24,103181.77,103080.66,103108.13,12.56272,4441.0
2025-06-05 18:41:00,103108.12,103108.99,103000.93,103000.93,7.60505,3363.0
2025-06-05 18:42:00,103000.94,103011.24,102873.3,102878.53,28.51144,6920.0
2025-06-05 18:43:00,102878.53,102923.96,102867.26,102897.51,33.36423,3889.0
2025-06-05 18:44:00,102897.51,102907.82,102806.21,102901.94,24.90512,5730.0
2025-06-05 18:45:00,102901.94,102988.59,102901.94,102949.76,13.95365,4641.0
2025-06-05 18:46:00,102949.76,102965.91,102848.59,102848.59,6.84078,3846.0
2025-06-05 18:47:00,102848.6,102914.81,102830.62,102914.81,9.45915,3323.0
2025-06-05 18:48:00,102914.8,102980.0,102914.8,102976.76,4.37143,1852.0
2025-06-05 18:49:00,102976.75,103008.76,102964.07,103008.75,10.49386,2734.0
2025-06-05 18:50:00,103008.75,103065.82,103008.75,103043.38,20.31687,3970.0
2025-06-05 18:51:00,103043.39,103168.75,103030.68,103128.01,13.89753,5405.0
2025-06-05 18:52:00,103128.01,103152.77,103079.07,103079.08,11.56984,2728.0
2025-06-05 18:53:00,103079.07,103115.67,103060.0,103115.67,7.1318,2609.0
2025-06-05 18:54:00,103115.67,103143.43,103115.66,103116.28,4.46463,1743.0
2025-06-05 18:55:00,103116.27,103162.77,103098.43,103162.77,6.70841,2348.0
2025-06-05 18:56:00,103162.76,103175.7,103060.78,103060.78,7.58661,2862.0
2025-06-05 18:57:00,103060.78,103060.78,102996.37,103045.47,7.93774,3654.0
2025-06-05 18:58:00,103045.47,103054.65,103029.59,103039.93,6.21395,1471.0
2025-06-05 18:59:00,103039.92,103039.93,102983.0,103006.05,7.07779,2156.0
2025-06-05 19:00:00,103006.04,103032.0,102967.41,103005.84,10.277,5019.0
2025-06-05 19:01:00,103005.84,103036.91,102988.03,103036.89,18.81434,3739.0
2025-06-05 19:02:00,103036.88,103036.89,102979.81,102979.82,27.17395,3235.0
2025-06-05 19:03:00,102979.82,103008.07,102944.12,102944.12,11.173,4215.0
2025-06-05 19:04:00,102944.12,102944.13,102860.72,102861.63,11.00124,2768.0
2025-06-05 19:05:00,102861.64,102866.56,102820.01,102829.37,15.4997,4605.0
2025-06-05 19:06:00,102829.36,102868.93,102800.0,102859.09,10.13456,3095.0
2025-06-05 19:07:00,102859.1,102862.73,102809.63,102825.36,8.55113,3708.0
2025-06-05 19:08:00,102825.35,102923.66,102825.35,102914.85,7.48384,3632.0
2025-06-05 19:09:00,102914.84,102954.92,102905.88,102945.86,6.63594,3157.0
2025-06-05 19:10:00,102945.86,102984.3,102910.22,102910.22,18.82075,3048.0
2025-06-05 19:11:00,102910.23,102910.23,102820.0,102860.28,8.88566,4102.0
2025-06-05 19:12:00,102860.28,102878.96,102819.83,102819.84,10.0143,5723.0
2025-06-05 19:13:00,102819.84,102838.35,102709.33,102715.55,16.99651,4302.0
2025-06-05 19:14:00,102715.55,102715.56,102603.83,102634.14,41.00533,5724.0
2025-06-05 19:15:00,102634.14,102672.66,102474.28,102479.99,110.63979,11070.0
2025-06-05 19:16:00,102479.98,102509.5,102378.75,102378.75,76.54695,9788.0
2025-06-05 19:17:00,102378.75,102378.76,102001.0,102001.0,279.06312,22157.0
2025-06-05 19:18:00,102001.0,102065.45,101596.62,101779.14,472.61064,31929.0
2025-06-05 19:19:00,101779.14,101846.16,101608.76,101811.0,122.64303,17414.0
2025-06-05 19:20:00,101811.0,101893.93,101689.86,101881.99,98.38519,15285.0
2025-06-05 19:21:00,101881.99,101922.27,101785.96,101912.0,60.31389,13621.0
2025-06-05 19:22:00,101912.0,101935.16,101761.88,101798.7,34.73183,10546.0
2025-06-05 19:23:00,101798.7,102043.92,101779.48,101924.18,72.04008,11150.0
2025-06-05 19:24:00,101924.18,101971.68,101867.26,101897.5,40.96525,7584.0
2025-06-05 19:25:00,101897.49,101986.09,101784.47,101978.22,38.24654,10010.0
2025-06-05 19:26:00,101978.22,102220.81,101978.22,102206.73,51.47729,9657.0
2025-06-05 19:27:00,102206.74,102255.35,102172.82,102228.18,27.90521,5479.0
2025-06-05 19:28:00,102228.19,102228.19,102108.14,102122.44,61.31864,6651.0
2025-06-05 19:29:00,102122.44,102217.43,102109.02,102215.04,23.14933,4450.0
2025-06-05 19:30:00,102215.03,102309.8,102202.34,102205.22,32.22542,9931.0
2025-06-05 19:31:00,102205.22,102324.63,102200.0,102305.0,19.23837,7165.0
2025-06-05 19:32:00,102304.99,102350.32,102226.85,102343.05,20.53006,7349.0
2025-06-05 19:33:00,102343.05,102438.54,102320.0,102409.48,33.59096,6379.0
2025-06-05 19:34:00,102410.25,102436.63,102333.14,102390.42,21.69904,5266.0
2025-06-05 19:35:00,102390.41,102390.42,102270.41,102354.45,18.52972,6965.0
2025-06-05 19:36:00,102354.45,102469.5,102354.44,102356.36,34.4444,10099.0
2025-06-05 19:37:00,102356.36,102444.1,102356.35,102407.74,23.62126,5820.0
2025-06-05 19:38:00,102407.74,102474.84,102387.55,102455.95,16.78427,5155.0
2025-06-05 19:39:00,102455.94,102459.48,102336.9,102336.91,9.84106,5099.0
2025-06-05 19:40:00,102336.9,102354.96,102267.15,102354.96,19.80828,4860.0
2025-06-05 19:41:00,102354.96,102400.33,102347.33,102353.26,6.4016,3894.0
2025-06-05 19:42:00,102353.25,102356.7,102178.05,102200.92,26.57419,4906.0
2025-06-05 19:43:00,102200.91,102200.92,102169.82,102169.82,12.31423,2331.0
2025-06-05 19:44:00,102169.83,102200.92,102151.74,102200.92,19.94582,2853.0
2025-06-05 19:45:00,102200.92,102200.92,102161.6,102161.61,7.78183,4566.0
2025-06-05 19:46:00,102161.61,102177.31,102123.0,102141.15,14.73988,4130.0
2025-06-05 19:47:00,102141.15,102161.03,102100.16,102106.13,12.18869,5216.0
2025-06-05 19:48:00,102106.13,102116.6,102085.19,102085.19,19.04775,3100.0
2025-06-05 19:49:00,102085.19,102095.07,101979.23,101993.95,35.20907,3638.0
2025-06-05 19:50:00,101993.94,101993.94,101915.03,101950.0,31.56023,8213.0
2025-06-05 19:51:00,101950.0,101950.0,101910.93,101949.57,14.58761,4696.0
2025-06-05 19:52:00,101949.58,102036.86,101938.34,102036.81,26.77302,5358.0
2025-06-05 19:53:00,102036.81,102115.56,101999.94,102053.86,41.2042,7389.0
2025-06-05 19:54:00,102053.85,102095.94,102001.2,102010.63,14.00636,5195.0
2025-06-05 19:55:00,102010.63,102073.44,102001.21,102034.17,18.02435,6115.0
2025-06-05 19:56:00,102034.17,102079.31,102014.43,102026.88,23.96985,5086.0
2025-06-05 19:57:00,102026.88,102087.84,102026.87,102044.06,9.40021,3539.0
2025-06-05 19:58:00,102044.06,102064.36,101989.93,101993.44,15.5119,3265.0
2025-06-05 19:59:00,101993.44,102015.51,101863.34,101914.77,56.3271,7343.0
2025-06-05 20:00:00,101914.76,101968.26,101901.51,101903.77,41.52165,7679.0
2025-06-05 20:01:00,101903.77,101989.84,101854.49,101897.57,38.56758,10156.0
2025-06-05 20:02:00,101897.57,101931.68,101820.25,101891.22,20.88186,6295.0
2025-06-05 20:03:00,101891.22,101981.8,101818.01,101981.8,23.31201,7655.0
2025-06-05 20:04:00,101981.81,102093.03,101871.8,102093.02,45.98289,7960.0
2025-06-05 20:05:00,102093.03,102140.39,102023.78,102039.3,44.7201,8055.0
2025-06-05 20:06:00,102039.3,102171.44,102009.21,102121.23,27.43283,7146.0
2025-06-05 20:07:00,102120.54,102134.07,101966.44,101980.0,16.25739,7571.0
2025-06-05 20:08:00,101980.0,101980.01,101850.0,101850.01,17.83698,4416.0
2025-06-05 20:09:00,101850.01,101878.46,101786.01,101800.01,23.50622,4955.0
2025-06-05 20:10:00,101800.0,101800.01,101611.04,101699.99,85.89462,8518.0
2025-06-05 20:11:00,101700.0,101738.62,101617.55,101700.01,38.14146,6494.0
2025-06-05 20:12:00,101700.0,101715.1,101517.07,101517.08,48.79048,7042.0
2025-06-05 20:13:00,101517.07,101560.01,101380.0,101407.01,133.32819,12833.0
2025-06-05 20:14:00,101407.0,101651.91,101407.0,101618.84,56.05501,7942.0
2025-06-05 20:15:00,101618.84,101618.84,101436.9,101465.2,27.47293,7826.0
2025-06-05 20:16:00,101465.21,101520.0,101408.12,101408.12,13.64683,8237.0
2025-06-05 20:17:00,101408.12,101437.64,101369.0,101420.9,32.13954,7080.0
2025-06-05 20:18:00,101420.9,101500.0,101382.7,101470.85,32.22347,6711.0
2025-06-05 20:19:00,101470.86,101488.38,101218.0,101236.0,106.25056,10726.0
2025-06-05 20:20:00,101235.99,101245.69,101112.36,101178.34,103.50703,10456.0
2025-06-05 20:21:00,101178.34,101215.63,100948.44,101008.87,231.06451,17393.0
2025-06-05 20:22:00,101008.88,101177.99,100988.6,101149.43,69.53376,9948.0
2025-06-05 20:23:00,101149.42,101360.99,101092.01,101350.01,58.41339,11025.0
2025-06-05 20:24:00,101350.01,101548.2,101320.6,101484.25,53.92717,10703.0
2025-06-05 20:25:00,101484.26,101540.0,101316.3,101320.02,53.47352,9616.0
2025-06-05 20:26:00,101320.03,101512.0,101317.96,101501.65,41.56683,7835.0
2025-06-05 20:27:00,101501.65,101613.08,101501.65,101567.67,43.42201,7753.0
2025-06-05 20:28:00,101567.66,101635.39,101567.66,101624.16,15.64459,4324.0
2025-06-05 20:29:00,101624.15,101629.11,101452.16,101452.16,31.33671,6043.0
2025-06-05 20:30:00,101452.16,101500.0,101414.75,101414.76,26.35766,4772.0
2025-06-05 20:31:00,101414.75,101481.58,101363.46,101462.9,26.62468,6899.0
2025-06-05 20:32:00,101462.9,101500.0,101413.77,101416.01,11.06682,4790.0
2025-06-05 20:33:00,101416.0,101451.37,101320.52,101375.63,52.05215,9875.0
2025-06-05 20:34:00,101375.64,101404.38,101186.63,101203.42,41.01538,7736.0
2025-06-05 20:35:00,101203.42,101218.07,101055.72,101129.51,60.83433,10304.0
2025-06-05 20:36:00,101129.51,101300.0,101129.51,101264.54,27.09219,7332.0
2025-06-05 20:37:00,101264.55,101293.46,101184.97,101232.69,27.46619,8749.0
2025-06-05 20:38:00,101232.69,101232.69,101096.68,101111.21,16.01008,5128.0
2025-06-05 20:39:00,101111.21,101296.0,101111.2,101288.45,26.20125,5612.0
2025-06-05 20:40:00,101288.44,101310.78,101189.03,101189.03,18.31998,5917.0
2025-06-05 20:41:00,101189.03,101213.47,100830.9,100849.26,128.66811,12490.0
2025-06-05 20:42:00,100849.26,101006.59,100812.25,100997.41,69.69276,10855.0
2025-06-05 20:43:00,100997.41,101048.99,100827.95,100860.19,47.30243,9520.0
2025-06-05 20:44:00,100860.19,100860.2,100763.63,100845.93,94.46155,8791.0
2025-06-05 20:45:00,100845.93,101142.13,100845.93,101065.59,47.87991,10119.0
2025-06-05 20:46:00,101065.58,101128.83,100850.0,100942.87,47.00651,9785.0
2025-06-05 20:47:00,100942.88,101023.07,100875.48,101000.0,81.60001,11114.0
2025-06-05 20:48:00,101000.0,101233.8,100964.7,101174.99,96.78392,10443.0
2025-06-05 20:49:00,101175.0,101205.38,101134.42,101138.15,43.00558,6473.0
2025-06-05 20:50:00,101138.16,101138.16,100885.9,100910.98,51.17857,7662.0
2025-06-05 20:51:00,100910.98,100971.59,100865.62,100865.63,33.62428,6596.0
2025-06-05 20:52:00,100865.63,101000.0,100705.88,100953.92,83.99375,12277.0
2025-06-05 20:53:00,100953.91,101002.23,100779.83,100822.93,128.64952,11307.0
2025-06-05 20:54:00,100822.92,100834.79,100674.27,100679.38,74.42929,9285.0
2025-06-05 20:55:00,100679.37,100712.79,100441.12,100510.04,183.15128,15954.0
2025-06-05 20:56:00,100510.05,100672.25,100372.26,100657.19,84.46809,13215.0
2025-06-05 20:57:00,100657.18,100815.46,100580.58,100744.19,85.42176,10468.0
2025-06-05 20:58:00,100744.18,100789.4,100452.95,100452.95,47.92912,9950.0
2025-06-05 20:59:00,100452.96,100534.95,100434.75,100483.91,45.28009,8636.0
2025-06-05 21:00:00,100483.92,100658.45,100429.87,100616.73,86.12663,14229.0
2025-06-05 21:01:00,100616.74,100616.74,100439.83,100440.0,46.93772,10159.0
2025-06-05 21:02:00,100440.0,100936.37,100428.0,100936.33,52.99756,10517.0
2025-06-05 21:03:00,100936.34,100999.84,100799.88,100799.88,82.92821,11446.0
2025-06-05 21:04:00,100799.88,101032.23,100799.88,101018.81,50.24527,12526.0
2025-06-05 21:05:00,101018.81,101032.24,100849.61,100866.03,51.79159,12876.0
2025-06-05 21:06:00,100866.03,101097.48,100866.03,101097.48,47.3771,7030.0
2025-06-05 21:07:00,101097.47,101139.54,100976.74,100981.53,62.81167,11133.0
2025-06-05 21:08:00,100981.53,101083.22,100972.77,101078.14,69.56714,8725.0
2025-06-05 21:09:00,101078.15,101117.52,100810.0,100810.94,54.46683,9998.0
2025-06-05 21:10:00,100810.95,100999.16,100810.94,100991.58,34.16647,6889.0
2025-06-05 21:11:00,100991.59,100999.62,100777.34,100779.3,45.21452,8243.0
2025-06-05 21:12:00,100779.31,100881.28,100519.55,100577.66,86.7245,13871.0
2025-06-05 21:13:00,100577.66,100697.68,100554.66,100623.98,29.33564,7609.0
2025-06-05 21:14:00,100623.98,100623.99,100480.6,100489.24,79.41395,7003.0
2025-06-05 21:15:00,100489.24,100614.58,100480.6,100604.65,48.26362,5940.0
2025-06-05 21:16:00,100604.64,100767.45,100604.64,100765.72,29.91162,5377.0
2025-06-05 21:17:00,100765.71,100831.23,100720.0,100720.01,28.70047,7253.0
2025-06-05 21:18:00,100720.0,100812.4,100700.93,100812.4,24.94443,7575.0
2025-06-05 21:19:00,100812.4,100834.12,100732.97,100779.04,19.7056,7106.0
2025-06-05 21:20:00,100779.03,100900.0,100755.18,100854.31,15.71142,5726.0
2025-06-05 21:21:00,100854.3,100920.14,100780.85,100797.98,15.8695,4812.0
2025-06-05 21:22:00,100797.98,101032.23,100790.86,100963.13,41.46606,7391.0
2025-06-05 21:23:00,100963.14,101047.95,100952.31,101023.16,29.96918,3302.0
2025-06-05 21:24:00,101023.15,101107.24,101014.21,101107.23,19.70768,4273.0
2025-06-05 21:25:00,101107.23,101136.37,101024.84,101084.47,39.91946,6046.0
2025-06-05 21:26:00,101084.47,101084.48,101005.72,101005.72,19.84402,3979.0
2025-06-05 21:27:00,101005.72,101077.05,100920.0,101048.43,39.19317,8861.0
2025-06-05 21:28:00,101048.44,101049.3,101021.55,101048.4,11.89392,2421.0
2025-06-05 21:29:00,101048.4,101084.14,101005.71,101005.72,10.87493,2823.0
2025-06-05 21:30:00,101005.72,101005.72,100944.25,100966.8,6.84444,2383.0
2025-06-05 21:31:00,100966.8,101156.66,100966.79,101138.89,29.77497,4804.0
2025-06-05 21:32:00,101138.88,101384.61,101096.68,101318.01,116.17394,11443.0
2025-06-05 21:33:00,101318.01,101453.6,101244.0,101447.5,58.63789,6595.0
2025-06-05 21:34:00,101447.5,101447.5,101324.99,101373.06,39.00794,6274.0
2025-06-05 21:35:00,101373.06,101440.19,101292.57,101440.18,39.75549,7448.0
2025-06-05 21:36:00,101440.18,101440.19,101402.47,101402.48,13.1291,2516.0
2025-06-05 21:37:00,101402.48,101534.52,101338.89,101523.2,36.55152,7354.0
2025-06-05 21:38:00,101523.2,101658.17,101501.61,101561.44,68.11093,8952.0
2025-06-05 21:39:00,101561.44,101612.88,101395.34,101456.98,59.27345,8124.0
2025-06-05 21:40:00,101456.99,101552.13,101456.99,101534.89,17.34261,3925.0
2025-06-05 21:41:00,101534.89,101571.3,101416.01,101571.3,21.24356,6573.0
2025-06-05 21:42:00,101571.3,101644.56,101553.97,101575.77,41.55183,4215.0
2025-06-05 21:43:00,101575.77,101579.54,101500.0,101567.31,13.49338,4198.0
2025-06-05 21:44:00,101567.31,101644.56,101552.79,101620.32,22.4283,2945.0
2025-06-05 21:45:00,101620.32,101644.56,101527.97,101557.49,20.80512,2937.0
2025-06-05 21:46:00,101557.48,101557.49,101368.0,101434.35,46.06654,5676.0
2025-06-05 21:47:00,101434.34,101468.56,101359.12,101363.41,24.83737,3873.0
2025-06-05 21:48:00,101363.41,101363.42,101188.87,101231.98,50.24009,7099.0
2025-06-05 21:49:00,101231.98,101346.9,101228.43,101329.16,19.62665,4675.0
2025-06-05 21:50:00,101329.17,101335.88,101243.34,101253.87,16.18694,3499.0
2025-06-05 21:51:00,101253.87,101342.03,101253.86,101342.03,13.97825,1300.0
2025-06-05 21:52:00,101342.02,101342.03,101274.01,101277.41,8.47297,1686.0
2025-06-05 21:53:00,101277.42,101283.09,101256.75,101283.08,7.28593,1797.0
2025-06-05 21:54:00,101283.08,101487.86,101283.08,101487.86,40.93148,2997.0
2025-06-05 21:55:00,101487.86,101546.35,101482.6,101514.41,20.37747,3664.0
2025-06-05 21:56:00,101514.4,101517.12,101501.77,101507.08,12.33786,1761.0
2025-06-05 21:57:00,101507.08,101520.68,101501.92,101517.46,10.36067,1320.0
2025-06-05 21:58:00,101517.45,101618.18,101517.45,101618.18,18.38648,2280.0
2025-06-05 21:59:00,101618.18,101624.57,101542.82,101542.82,18.82441,2184.0
2025-06-05 22:00:00,101542.82,101542.83,101340.0,101340.01,16.79286,6460.0
2025-06-05 22:01:00,101340.01,101340.01,101256.75,101279.91,34.28699,3046.0
2025-06-05 22:02:00,101279.91,101296.81,101257.28,101268.63,18.01039,3145.0
2025-06-05 22:03:00,101268.62,101268.63,101119.89,101200.0,34.78183,5880.0
2025-06-05 22:04:00,101200.0,101203.32,101105.1,101115.32,8.02287,3786.0
2025-06-05 22:05:00,101115.31,101283.96,101082.96,101278.36,20.24007,5955.0
2025-06-05 22:06:00,101277.97,101332.07,101242.7,101317.76,24.6213,5963.0
2025-06-05 22:07:00,101317.76,101326.58,101257.26,101324.69,11.37704,2952.0
2025-06-05 22:08:00,101324.69,101331.0,101029.46,101033.82,45.58163,4351.0
2025-06-05 22:09:00,101033.83,101162.8,101033.82,101151.75,21.80453,4021.0
2025-06-05 22:10:00,101151.76,101291.21,101151.76,101278.02,13.95759,3488.0
2025-06-05 22:11:00,101278.02,101291.21,101169.58,101180.99,10.51047,4196.0
2025-06-05 22:12:00,101180.99,101250.24,101180.99,101249.56,7.19406,2060.0
2025-06-05 22:13:00,101249.56,101301.03,101214.76,101214.76,11.18897,3305.0
2025-06-05 22:14:00,101214.76,101214.76,101147.02,101147.03,4.5439,2117.0
2025-06-05 22:15:00,101147.02,101248.04,101088.62,101248.04,25.4381,9372.0
2025-06-05 22:16:00,101248.04,101266.66,101136.0,101147.05,19.60708,6064.0
2025-06-05 22:17:00,101147.04,101186.12,101069.76,101163.86,28.20127,5859.0
2025-06-05 22:18:00,101163.86,101276.86,101163.85,101276.85,24.44799,3215.0
2025-06-05 22:19:00,101276.86,101319.45,101276.85,101279.76,12.87088,3150.0
2025-06-05 22:20:00,101279.77,101296.17,101258.08,101283.99,9.43527,1822.0
2025-06-05 22:21:00,101284.0,101296.27,101258.0,101296.26,12.59197,1866.0
2025-06-05 22:22:00,101296.26,101316.77,101260.1,101286.37,12.01846,3929.0
2025-06-05 22:23:00,101286.38,101361.54,101286.37,101338.2,7.80014,2467.0
2025-06-05 22:24:00,101338.2,101348.07,101310.56,101332.11,13.52622,2437.0
2025-06-05 22:25:00,101332.11,101348.0,101312.16,101316.98,13.43815,1414.0
2025-06-05 22:26:00,101316.98,101365.16,101316.97,101337.0,9.6251,2246.0
2025-06-05 22:27:00,101337.0,101337.0,101327.16,101336.94,2.44062,797.0
2025-06-05 22:28:00,101336.94,101371.14,101336.94,101354.39,6.40454,1430.0
2025-06-05 22:29:00,101354.39,101354.39,101322.48,101325.85,12.11584,1845.0
2025-06-05 22:30:00,101325.85,101341.9,101300.0,101341.9,21.48665,3165.0
2025-06-05 22:31:00,101341.89,101428.45,101341.89,101409.06,7.2184,4132.0
2025-06-05 22:32:00,101409.06,101462.49,101398.66,101442.63,11.57614,2231.0
2025-06-05 22:33:00,101442.63,101463.79,101442.62,101462.53,21.04664,1344.0
2025-06-05 22:34:00,101462.52,101476.29,101449.59,101460.46,24.84679,2879.0
2025-06-05 22:35:00,101460.45,101479.59,101460.44,101479.59,16.00851,758.0
2025-06-05 22:36:00,101479.59,101482.69,101460.0,101467.99,9.71236,1335.0
2025-06-05 22:37:00,101468.0,101471.21,101419.49,101422.26,13.80756,2754.0
2025-06-05 22:38:00,101422.27,101521.73,101422.26,101521.73,9.0041,2263.0
2025-06-05 22:39:00,101521.72,101530.88,101459.51,101485.94,13.97042,3106.0
2025-06-05 22:40:00,101485.94,101557.05,101485.94,101557.05,11.70843,1934.0
2025-06-05 22:41:00,101557.04,101565.44,101541.83,101559.95,5.73757,1346.0
2025-06-05 22:42:00,101559.95,101559.95,101516.7,101535.51,10.72736,2543.0
2025-06-05 22:43:00,101535.51,101580.35,101535.51,101556.54,16.05419,1536.0
2025-06-05 22:44:00,101556.54,101559.74,101534.49,101534.5,6.63947,1436.0
2025-06-05 22:45:00,101534.5,101534.5,101505.0,101528.07,17.9525,1696.0
2025-06-05 22:46:00,101528.07,101573.47,101513.62,101565.46,8.83648,1756.0
2025-06-05 22:47:00,101565.46,101613.08,101565.46,101613.07,27.33299,1382.0
2025-06-05 22:48:00,101613.08,101646.25,101613.07,101646.24,5.79327,1567.0
2025-06-05 22:49:00,101646.25,101707.77,101646.24,101692.44,46.6472,3341.0
2025-06-05 22:50:00,101692.43,101706.57,101692.43,101706.57,6.09293,1055.0
2025-06-05 22:51:00,101706.57,101706.57,101700.01,101704.39,6.91939,759.0
2025-06-05 22:52:00,101704.39,101704.4,101669.2,101669.21,30.22,2768.0
2025-06-05 22:53:00,101669.2,101669.21,101569.92,101569.92,19.08554,3079.0
2025-06-05 22:54:00,101569.93,101569.93,101464.11,101498.74,44.81788,3203.0
2025-06-05 22:55:00,101498.74,101551.87,101498.73,101507.16,14.9735,3032.0
2025-06-05 22:56:00,101507.16,101522.34,101506.47,101508.91,5.26692,768.0
2025-06-05 22:57:00,101508.9,101529.47,101508.89,101508.9,11.25982,1246.0
2025-06-05 22:58:00,101508.91,101508.91,101473.97,101500.0,7.81723,1945.0
2025-06-05 22:59:00,101499.99,101502.61,101499.5,101502.61,4.53596,754.0
2025-06-05 23:00:00,101502.61,101553.31,101502.61,101548.97,38.82965,1650.0
2025-06-05 23:01:00,101548.98,101573.36,101505.31,101561.79,11.3619,4018.0
2025-06-05 23:02:00,101561.79,101619.97,101561.78,101609.49,8.0808,1937.0
2025-06-05 23:03:00,101609.48,101692.94,101609.0,101681.48,18.29103,2747.0
2025-06-05 23:04:00,101681.47,101723.6,101681.47,101687.13,17.22449,2602.0
2025-06-05 23:05:00,101687.14,101697.17,101544.74,101544.75,19.67992,4606.0
2025-06-05 23:06:00,101544.74,101576.22,101540.02,101570.13,6.96388,1805.0
2025-06-05 23:07:00,101570.12,101598.19,101523.7,101598.19,8.28625,3185.0
2025-06-05 23:08:00,101598.19,101688.08,101591.58,101688.08,11.9415,2981.0
2025-06-05 23:09:00,101688.08,101705.16,101688.08,101692.29,22.55053,1607.0
2025-06-05 23:10:00,101692.29,101692.29,101660.51,101660.52,8.10384,1416.0
2025-06-05 23:11:00,101660.51,101691.32,101660.51,101670.57,30.70536,1571.0
2025-06-05 23:12:00,101670.57,101703.39,101670.56,101703.39,6.54654,1372.0
2025-06-05 23:13:00,101703.39,101703.39,101666.94,101681.97,9.57289,1949.0
2025-06-05 23:14:00,101681.97,101702.97,101662.41,101662.42,7.19226,1997.0
2025-06-05 23:15:00,101662.42,101687.62,101627.9,101675.24,13.89409,3639.0
2025-06-05 23:16:00,101675.24,101675.25,101605.42,101605.42,12.71587,2492.0
2025-06-05 23:17:00,101605.42,101627.91,101599.0,101618.92,10.29355,2948.0
2025-06-05 23:18:00,101618.92,101641.33,101590.02,101605.3,11.26721,3085.0
2025-06-05 23:19:00,101605.31,101641.85,101605.3,101641.85,8.13781,1720.0
2025-06-05 23:20:00,101641.85,101651.05,101607.49,101630.24,20.86825,2101.0
2025-06-05 23:21:00,101630.24,101742.97,101630.24,101742.96,13.08456,3692.0
2025-06-05 23:22:00,101742.97,101785.37,101732.88,101765.0,26.89723,2753.0
2025-06-05 23:23:00,101765.0,101796.59,101764.99,101779.62,8.71591,1614.0
2025-06-05 23:24:00,101779.62,101779.63,101700.0,101753.3,17.44748,3943.0
2025-06-05 23:25:00,101753.3,101815.99,101753.29,101797.49,23.63975,2259.0
2025-06-05 23:26:00,101797.49,101807.67,101767.44,101790.12,15.02889,1855.0
2025-06-05 23:27:00,101790.12,101803.31,101763.42,101803.3,9.25121,1777.0
2025-06-05 23:28:00,101803.31,101835.7,101793.8,101793.81,16.42586,2338.0
2025-06-05 23:29:00,101793.81,101793.88,101767.78,101787.97,8.81957,1328.0
2025-06-05 23:30:00,101787.97,101795.68,101735.72,101748.23,10.54908,2048.0
2025-06-05 23:31:00,101748.24,101748.24,101674.53,101683.3,9.22071,2396.0
2025-06-05 23:32:00,101683.3,101692.58,101657.69,101668.03,7.49863,1515.0
2025-06-05 23:33:00,101668.02,101690.72,101660.19,101690.72,5.89173,1540.0
2025-06-05 23:34:00,101690.72,101705.44,101627.91,101627.92,9.47072,2115.0
2025-06-05 23:35:00,101627.92,101640.51,101609.73,101609.74,4.8742,1603.0
2025-06-05 23:36:00,101609.74,101627.9,101609.73,101622.24,9.46248,1269.0
2025-06-05 23:37:00,101622.25,101641.06,101622.24,101638.91,9.39666,1266.0
2025-06-05 23:38:00,101638.92,101674.42,101632.0,101632.0,12.79272,2581.0
2025-06-05 23:39:00,101632.01,101632.01,101534.88,101602.06,21.76543,4323.0
2025-06-05 23:40:00,101602.06,101608.42,101559.23,101569.42,10.25121,1925.0
2025-06-05 23:41:00,101569.41,101569.41,101520.36,101546.78,12.57027,2184.0
2025-06-05 23:42:00,101546.78,101620.24,101546.78,101620.23,10.73823,2143.0
2025-06-05 23:43:00,101620.24,101620.24,101561.64,101561.65,6.43726,1470.0
2025-06-05 23:44:00,101561.65,101561.65,101525.31,101532.0,5.70983,1012.0
2025-06-05 23:45:00,101531.99,101534.88,101488.37,101488.38,68.70744,1804.0
2025-06-05 23:46:00,101488.38,101533.02,101488.37,101531.83,9.80455,2682.0
2025-06-05 23:47:00,101531.83,101577.1,101531.82,101577.1,10.67163,2061.0
2025-06-05 23:48:00,101577.1,101598.13,101577.1,101590.68,6.05,990.0
2025-06-05 23:49:00,101590.68,101627.13,101588.0,101604.81,10.13984,2172.0
2025-06-05 23:50:00,101604.81,101604.81,101553.69,101557.31,8.04331,1818.0
2025-06-05 23:51:00,101557.31,101567.96,101557.3,101567.95,4.57261,883.0
2025-06-05 23:52:00,101567.96,101636.77,101567.95,101636.76,5.30635,2956.0
2025-06-05 23:53:00,101636.77,101643.49,101633.01,101634.09,6.58156,1064.0
2025-06-05 23:54:00,101634.08,101634.08,101594.11,101594.12,7.79337,1688.0
2025-06-05 23:55:00,101594.13,101608.03,101585.83,101585.84,3.5656,791.0
2025-06-05 23:56:00,101585.84,101606.16,101585.83,101601.63,4.8702,1313.0
2025-06-05 23:57:00,101601.63,101601.63,101558.53,101563.56,10.06636,1894.0
2025-06-05 23:58:00,101563.57,101563.57,101488.37,101498.54,10.76164,2378.0
2025-06-05 23:59:00,101498.54,101508.69,101498.53,101508.68,7.29962,552.0
2025-06-06 00:00:00,101508.69,101519.99,101471.44,101489.73,18.71334,2513.0
2025-06-06 00:01:00,101489.73,101539.12,101472.92,101506.17,24.71446,3997.0
2025-06-06 00:02:00,101506.17,101520.0,101468.0,101471.53,11.88261,3037.0
2025-06-06 00:03:00,101471.54,101471.54,101407.19,101429.04,18.41711,2473.0
2025-06-06 00:04:00,101429.05,101446.07,101409.91,101446.06,19.37969,2073.0
2025-06-06 00:05:00,101446.07,101512.76,101427.28,101453.03,21.16632,4056.0
2025-06-06 00:06:00,101453.03,101469.92,101410.01,101455.52,13.22657,3612.0
2025-06-06 00:07:00,101455.52,101466.13,101411.07,101411.07,14.48086,5958.0
2025-06-06 00:08:00,101411.08,101468.48,101372.2,101463.41,22.0027,5999.0
2025-06-06 00:09:00,101463.41,101463.41,101392.0,101408.97,14.94322,3247.0
2025-06-06 00:10:00,101408.97,101500.0,101408.96,101414.72,37.58439,5664.0
2025-06-06 00:11:00,101414.71,101499.43,101396.15,101400.0,18.21427,4944.0
2025-06-06 00:12:00,101400.01,101430.89,101360.0,101360.01,11.64687,4497.0
2025-06-06 00:13:00,101360.01,101392.58,101351.51,101359.8,4.79518,3000.0
2025-06-06 00:14:00,101359.8,101359.81,101309.26,101309.26,22.53633,3597.0
2025-06-06 00:15:00,101309.27,101328.0,101211.67,101211.7,35.4293,3616.0
2025-06-06 00:16:00,101211.71,101269.5,101177.49,101233.0,30.20766,4301.0
2025-06-06 00:17:00,101233.0,101319.12,101225.97,101319.12,18.42614,3454.0
2025-06-06 00:18:00,101319.12,101375.55,101272.43,101368.69,31.29621,4512.0
2025-06-06 00:19:00,101368.7,101387.41,101294.91,101312.0,8.37636,3983.0
2025-06-06 00:20:00,101312.0,101339.4,101248.46,101248.46,12.73821,5205.0
2025-06-06 00:21:00,101248.47,101248.47,101171.0,101181.36,17.70323,4978.0
2025-06-06 00:22:00,101181.35,101185.88,101095.8,101146.51,64.62862,6396.0
2025-06-06 00:23:00,101146.5,101400.0,101146.5,101368.0,26.11539,6285.0
2025-06-06 00:24:00,101368.0,101375.51,101320.82,101356.34,11.15346,3750.0
2025-06-06 00:25:00,101356.35,101437.74,101356.34,101392.08,16.94868,4800.0
2025-06-06 00:26:00,101392.08,101407.04,101336.3,101336.3,12.77453,2755.0
2025-06-06 00:27:00,101336.31,101388.9,101336.3,101355.21,12.21037,1531.0
2025-06-06 00:28:00,101355.22,101441.71,101355.21,101441.71,6.46905,2214.0
2025-06-06 00:29:00,101441.71,101488.38,101441.7,101474.88,5.24622,1952.0
2025-06-06 00:30:00,101474.88,101615.2,101474.88,101598.25,43.6799,4815.0
2025-06-06 00:31:00,101598.25,101600.2,101570.1,101575.83,9.1043,1713.0
2025-06-06 00:32:00,101575.82,101605.96,101549.99,101555.2,20.88826,2529.0
2025-06-06 00:33:00,101556.32,101617.77,101553.82,101603.02,6.73177,2747.0
2025-06-06 00:34:00,101603.02,101652.0,101590.0,101629.42,11.6126,3825.0
2025-06-06 00:35:00,101629.42,101660.0,101629.42,101653.01,13.47229,2119.0
2025-06-06 00:36:00,101653.01,101700.0,101631.31,101699.99,14.16141,3600.0
2025-06-06 00:37:00,101699.99,101700.0,101675.05,101700.0,8.91748,2128.0
2025-06-06 00:38:00,101700.0,101717.23,101682.02,101682.03,6.26761,2007.0
2025-06-06 00:39:00,101682.02,101744.42,101682.02,101732.25,6.47015,2091.0
2025-06-06 00:40:00,101732.01,101732.01,101656.5,101656.51,11.24965,3411.0
2025-06-06 00:41:00,101656.5,101745.0,101656.5,101744.99,12.10828,2613.0
2025-06-06 00:42:00,101745.0,101767.3,101744.99,101767.3,5.09682,1251.0
2025-06-06 00:43:00,101767.3,101767.3,101741.44,101745.23,5.18164,1383.0
2025-06-06 00:44:00,101745.22,101786.08,101745.22,101765.24,8.34608,1455.0
2025-06-06 00:45:00,101765.24,101765.24,101747.59,101747.59,2.06883,697.0
2025-06-06 00:46:00,101747.6,101747.6,101710.61,101710.62,8.02468,1271.0
2025-06-06 00:47:00,101710.61,101717.49,101701.61,101701.61,3.3299,1097.0
2025-06-06 00:48:00,101701.62,101720.93,101701.62,101709.43,5.25486,1736.0
2025-06-06 00:49:00,101709.42,101709.43,101700.04,101700.05,2.46095,638.0
2025-06-06 00:50:00,101700.06,101750.0,101700.05,101750.0,5.53561,1915.0
2025-06-06 00:51:00,101749.99,101788.32,101732.38,101788.32,10.01738,2424.0
2025-06-06 00:52:00,101788.31,101885.85,101788.31,101885.84,20.01059,4289.0
2025-06-06 00:53:00,101885.85,101898.86,101865.03,101883.85,15.61795,2139.0
2025-06-06 00:54:00,101883.85,101906.91,101883.84,101906.9,10.34698,1162.0
2025-06-06 00:55:00,101906.91,101906.98,101886.27,101889.22,10.76048,1427.0
2025-06-06 00:56:00,101889.21,101905.62,101886.27,101905.62,5.59621,1207.0
2025-06-06 00:57:00,101905.61,101907.0,101905.61,101907.0,2.03035,475.0
2025-06-06 00:58:00,101907.0,101907.0,101894.04,101899.3,5.15756,1868.0
2025-06-06 00:59:00,101899.31,101900.77,101899.3,101900.77,1.46317,454.0
2025-06-06 01:00:00,101900.77,101900.77,101869.03,101869.04,9.53685,1752.0
2025-06-06 01:01:00,101869.03,101869.04,101860.46,101860.47,4.97552,577.0
2025-06-06 01:02:00,101860.47,101870.0,101860.46,101860.49,11.26717,1121.0
2025-06-06 01:03:00,101860.48,101860.49,101838.06,101848.86,7.50023,1161.0
2025-06-06 01:04:00,101848.87,101848.87,101816.28,101816.29,3.32655,1049.0
2025-06-06 01:05:00,101816.29,101837.11,101816.28,101831.79,2.8188,1265.0
2025-06-06 01:06:00,101831.79,101831.79,101806.9,101812.62,6.899,1267.0
2025-06-06 01:07:00,101812.62,101855.91,101812.62,101855.91,2.40061,1450.0
2025-06-06 01:08:00,101855.91,101902.83,101855.9,101898.97,8.61522,2878.0
2025-06-06 01:09:00,101898.98,101926.82,101898.97,101926.82,3.81287,1532.0
2025-06-06 01:10:00,101926.82,101926.82,101902.83,101902.83,5.37717,1173.0
2025-06-06 01:11:00,101902.84,101902.84,101887.04,101899.99,6.48942,1190.0
2025-06-06 01:12:00,101899.99,101900.01,101889.82,101889.82,8.24846,651.0
2025-06-06 01:13:00,101889.82,101893.16,101886.48,101886.49,5.26428,570.0
2025-06-06 01:14:00,101886.49,101886.49,101886.48,101886.48,2.61402,365.0
2025-06-06 01:15:00,101886.48,101886.49,101886.48,101886.49,8.70857,461.0
2025-06-06 01:16:00,101886.49,101886.49,101790.34,101790.35,11.55283,3284.0
2025-06-06 01:17:00,101790.35,101790.35,101780.87,101780.88,4.46785,656.0
2025-06-06 01:18:00,101780.88,101791.73,101742.99,101743.0,4.07878,1682.0
2025-06-06 01:19:00,101742.99,101766.75,101742.99,101763.82,4.89834,1153.0
2025-06-06 01:20:00,101763.82,101763.82,101685.15,101690.81,8.34525,1841.0
2025-06-06 01:21:00,101690.81,101724.68,101686.21,101724.68,4.16318,2165.0
2025-06-06 01:22:00,101724.68,101738.76,101723.45,101738.76,2.49967,622.0
2025-06-06 01:23:00,101738.76,101832.62,101738.76,101832.62,9.53574,3344.0
2025-06-06 01:24:00,101832.62,101832.62,101800.0,101822.96,3.86264,1502.0
2025-06-06 01:25:00,101822.97,101936.67,101822.97,101926.01,16.05063,3738.0
2025-06-06 01:26:00,101926.01,101938.75,101926.0,101938.75,4.02256,393.0
2025-06-06 01:27:00,101938.75,101938.75,101850.29,101850.3,8.03174,1946.0
2025-06-06 01:28:00,101850.3,101850.3,101788.59,101810.13,5.18178,1592.0
2025-06-06 01:29:00,101810.12,101835.73,101810.12,101830.61,6.18427,1401.0
2025-06-06 01:30:00,101830.6,101839.99,101830.6,101839.99,2.23252,455.0
2025-06-06 01:31:00,101839.99,101857.86,101839.99,101847.79,5.92973,2021.0
2025-06-06 01:32:00,101847.79,101870.79,101841.04,101841.04,4.84007,1251.0
2025-06-06 01:33:00,101841.04,101885.83,101767.44,101864.92,8.14627,4691.0
2025-06-06 01:34:00,101864.93,101933.93,101864.92,101918.63,6.28778,2293.0
2025-06-06 01:35:00,101918.62,101925.66,101890.37,101890.37,7.57933,1296.0
2025-06-06 01:36:00,101890.37,101926.88,101866.83,101926.88,7.98598,2106.0
2025-06-06 01:37:00,101926.87,101944.89,101880.48,101880.49,6.46344,1729.0
2025-06-06 01:38:00,101880.49,101908.51,101880.48,101908.02,8.05002,1320.0
2025-06-06 01:39:00,101908.01,101930.74,101906.67,101930.73,3.35838,1248.0
2025-06-06 01:40:00,101930.74,101930.74,101888.45,101900.26,6.96838,1517.0
2025-06-06 01:41:00,101900.26,101906.97,101900.25,101906.97,0.96237,399.0
2025-06-06 01:42:00,101906.96,101906.97,101900.25,101900.26,2.21042,451.0
2025-06-06 01:43:00,101900.25,101919.12,101900.25,101919.11,4.24206,843.0
2025-06-06 01:44:00,101919.12,101919.12,101919.11,101919.11,1.18035,225.0
2025-06-06 01:45:00,101919.12,101919.12,101906.08,101906.08,2.8987,520.0
2025-06-06 01:46:00,101906.08,101916.95,101883.87,101889.3,19.66178,1985.0
2025-06-06 01:47:00,101889.3,101889.3,101867.93,101867.94,2.17074,850.0
2025-06-06 01:48:00,101867.94,101899.91,101867.93,101871.37,9.17585,1267.0
2025-06-06 01:49:00,101871.36,101871.37,101860.46,101860.46,2.01543,534.0
2025-06-06 01:50:00,101860.47,101894.6,101855.23,101870.62,10.53631,1389.0
2025-06-06 01:51:00,101870.62,101870.62,101750.08,101756.94,12.94173,3997.0
2025-06-06 01:52:00,101756.95,101756.95,101681.77,101681.78,10.5338,3092.0
2025-06-06 01:53:00,101681.78,101720.94,101681.77,101720.93,6.4,1076.0
2025-06-06 01:54:00,101720.94,101801.18,101720.94,101801.18,6.62087,2036.0
2025-06-06 01:55:00,101801.17,101848.92,101801.17,101848.92,9.6326,1266.0
2025-06-06 01:56:00,101848.93,101874.58,101848.93,101854.09,4.66489,1425.0
2025-06-06 01:57:00,101854.09,101857.83,101821.21,101857.82,7.24003,2132.0
2025-06-06 01:58:00,101857.83,101857.83,101844.91,101844.92,2.6838,611.0
2025-06-06 01:59:00,101844.91,101844.92,101828.51,101841.2,3.91552,895.0
2025-06-06 02:00:00,101841.19,101841.2,101841.19,101841.2,0.88184,270.0
2025-06-06 02:01:00,101841.2,101841.2,101800.0,101800.01,7.33031,1372.0
2025-06-06 02:02:00,101800.01,101822.5,101779.97,101822.49,4.84524,2163.0
2025-06-06 02:03:00,101822.5,101847.14,101772.29,101772.3,9.19886,2295.0
2025-06-06 02:04:00,101772.29,101780.91,101748.36,101780.9,4.62023,1095.0
2025-06-06 02:05:00,101780.91,101820.7,101780.9,101820.7,2.89562,1262.0
2025-06-06 02:06:00,101820.69,101820.7,101787.28,101810.45,3.42167,1244.0
2025-06-06 02:07:00,101810.44,101844.72,101810.44,101844.72,3.11197,1009.0
2025-06-06 02:08:00,101844.72,101852.29,101844.71,101852.28,3.3787,360.0
2025-06-06 02:09:00,101852.29,101852.29,101767.44,101767.45,15.36244,2241.0
2025-06-06 02:10:00,101767.44,101782.6,101751.37,101751.38,6.61522,1469.0
2025-06-06 02:11:00,101751.37,101751.38,101712.24,101733.97,3.67877,2105.0
2025-06-06 02:12:00,101733.97,101733.98,101716.06,101716.06,2.17774,801.0
2025-06-06 02:13:00,101716.06,101733.51,101708.89,101733.51,9.55616,1567.0
2025-06-06 02:14:00,101733.5,101767.15,101733.5,101760.01,13.17097,920.0
2025-06-06 02:15:00,101760.0,101760.0,101674.41,101674.42,11.05316,2571.0
2025-06-06 02:16:00,101674.42,101684.58,101562.94,101581.4,17.88596,3786.0
2025-06-06 02:17:00,101581.4,101581.4,101576.11,101581.4,3.97509,642.0
2025-06-06 02:18:00,101581.4,101581.4,101581.39,101581.39,2.63447,242.0
2025-06-06 02:19:00,101581.4,101581.4,101564.67,101564.68,8.88218,777.0
2025-06-06 02:20:00,101564.68,101564.68,101537.57,101537.57,6.57049,1428.0
2025-06-06 02:21:00,101537.58,101578.32,101535.61,101578.32,8.81185,1460.0
2025-06-06 02:22:00,101578.32,101626.01,101578.31,101626.01,6.65164,1345.0
2025-06-06 02:23:00,101626.01,101626.01,101578.57,101578.57,9.15901,1697.0
2025-06-06 02:24:00,101578.58,101591.88,101552.57,101591.88,36.09412,2954.0
2025-06-06 02:25:00,101591.87,101620.0,101566.93,101594.94,17.03853,2434.0
2025-06-06 02:26:00,101594.94,101611.7,101594.93,101611.7,12.06676,1038.0
2025-06-06 02:27:00,101611.7,101620.53,101596.32,101609.36,37.23699,2285.0
2025-06-06 02:28:00,101609.36,101631.7,101609.35,101631.7,6.42268,710.0
2025-06-06 02:29:00,101631.7,101641.6,101620.54,101641.6,8.98112,995.0
2025-06-06 02:30:00,101641.6,101672.94,101613.0,101613.01,18.56584,2750.0
2025-06-06 02:31:00,101613.0,101629.01,101601.17,101625.51,23.15724,2180.0
2025-06-06 02:32:00,101625.68,101660.24,101625.68,101638.24,19.71115,1547.0
2025-06-06 02:33:00,101638.23,101666.75,101635.97,101646.96,4.53193,1540.0
2025-06-06 02:34:00,101646.97,101673.19,101646.96,101673.18,3.80219,834.0
2025-06-06 02:35:00,101673.19,101711.77,101673.18,101686.1,7.98616,1908.0
2025-06-06 02:36:00,101686.1,101707.4,101686.1,101707.39,7.96997,1132.0
2025-06-06 02:37:00,101707.4,101709.24,101686.64,101692.72,4.87584,927.0
2025-06-06 02:38:00,101692.73,101699.7,101687.41,101699.7,5.35396,674.0
2025-06-06 02:39:00,101699.69,101862.42,101699.69,101848.97,25.42444,5216.0
2025-06-06 02:40:00,101848.97,101872.98,101821.02,101872.97,7.14735,2215.0
2025-06-06 02:41:00,101872.98,101877.86,101854.92,101876.31,10.06767,1679.0
2025-06-06 02:42:00,101876.31,101877.34,101876.3,101876.7,6.70518,801.0
2025-06-06 02:43:00,101876.69,101899.92,101876.69,101899.91,5.75836,1213.0
2025-06-06 02:44:00,101899.91,101899.92,101899.91,101899.92,1.03333,283.0
2025-06-06 02:45:00,101899.92,101924.7,101899.91,101924.69,15.52325,1526.0
2025-06-06 02:46:00,101924.69,101924.7,101900.63,101900.63,20.04103,1774.0
2025-06-06 02:47:00,101900.64,101948.03,101900.63,101932.09,10.76527,1498.0
2025-06-06 02:48:00,101932.09,101940.53,101932.08,101932.09,3.72595,760.0
2025-06-06 02:49:00,101932.1,101932.1,101881.65,101881.66,8.60685,2355.0
2025-06-06 02:50:00,101881.65,101881.65,101856.0,101870.82,11.00295,1992.0
2025-06-06 02:51:00,101870.83,101933.56,101870.82,101933.56,5.79056,1439.0
2025-06-06 02:52:00,101933.56,101956.19,101915.19,101930.15,7.64094,2183.0
2025-06-06 02:53:00,101930.14,101996.41,101930.14,101994.19,11.05528,2129.0
2025-06-06 02:54:00,101994.19,101998.41,101976.72,101998.41,8.02175,1153.0
2025-06-06 02:55:00,101998.41,102130.27,101998.4,102103.0,109.31237,5985.0
2025-06-06 02:56:00,102103.0,102116.97,102096.33,102116.97,10.39419,1203.0
2025-06-06 02:57:00,102116.96,102116.97,102088.16,102093.57,19.96879,1889.0
2025-06-06 02:58:00,102093.57,102151.62,102093.57,102133.0,31.79464,3108.0
2025-06-06 02:59:00,102133.0,102208.28,102132.99,102203.52,15.74765,3040.0
2025-06-06 03:00:00,102203.53,102207.94,102140.24,102148.27,23.94719,3703.0
2025-06-06 03:01:00,102148.26,102163.55,102110.9,102116.42,25.37042,2805.0
2025-06-06 03:02:00,102116.42,102138.97,102116.41,102122.83,10.57231,1249.0
2025-06-06 03:03:00,102122.82,102122.83,102088.17,102091.23,14.33855,2267.0
2025-06-06 03:04:00,102091.23,102091.23,102056.23,102060.01,8.85721,1960.0
2025-06-06 03:05:00,102060.0,102072.34,102056.23,102061.2,3.94141,1757.0
2025-06-06 03:06:00,102061.21,102078.29,102061.2,102072.16,6.7162,2559.0
2025-06-06 03:07:00,102072.17,102102.0,102072.16,102080.62,8.37722,1462.0
2025-06-06 03:08:00,102080.62,102085.94,102072.18,102085.93,6.84655,1007.0
2025-06-06 03:09:00,102085.93,102085.93,102085.92,102085.93,3.81542,290.0
2025-06-06 03:10:00,102085.92,102085.94,102072.17,102085.93,7.37654,739.0
2025-06-06 03:11:00,102085.94,102106.21,102073.88,102080.84,5.34639,1582.0
2025-06-06 03:12:00,102080.85,102118.25,102080.84,102117.9,7.25378,1571.0
2025-06-06 03:13:00,102117.9,102184.72,102117.9,102174.46,8.65435,1915.0
2025-06-06 03:14:00,102174.45,102203.63,102135.94,102138.44,48.94218,2388.0
2025-06-06 03:15:00,102138.44,102162.17,102138.43,102150.81,4.39812,918.0
2025-06-06 03:16:00,102150.8,102176.05,102150.8,102176.05,3.856,769.0
2025-06-06 03:17:00,102176.05,102247.1,102176.05,102218.6,42.7692,2711.0
2025-06-06 03:18:00,102217.51,102217.52,102216.42,102216.42,4.08164,668.0
2025-06-06 03:19:00,102216.43,102247.1,102206.29,102238.46,13.65399,1392.0
2025-06-06 03:20:00,102238.45,102247.34,102227.1,102247.32,7.72991,1023.0
2025-06-06 03:21:00,102247.32,102299.13,102247.32,102299.12,34.88142,2441.0
2025-06-06 03:22:00,102299.12,102299.13,102266.57,102274.38,12.47937,1396.0
2025-06-06 03:23:00,102274.38,102308.81,102274.38,102295.09,14.36657,1928.0
2025-06-06 03:24:00,102295.09,102296.15,102266.57,102296.15,11.23274,1273.0
2025-06-06 03:25:00,102296.14,102296.15,102246.45,102255.96,26.63821,1860.0
2025-06-06 03:26:00,102255.96,102273.6,102255.95,102256.37,9.85477,1063.0
2025-06-06 03:27:00,102256.38,102290.18,102256.37,102290.17,8.65305,1209.0
2025-06-06 03:28:00,102290.17,102305.11,102290.17,102305.1,8.37546,1105.0
2025-06-06 03:29:00,102305.09,102311.15,102284.67,102303.24,31.56166,1983.0
2025-06-06 03:30:00,102303.25,102312.33,102303.24,102312.33,14.5873,762.0
2025-06-06 03:31:00,102312.33,102368.5,102312.32,102368.49,15.32831,2911.0
2025-06-06 03:32:00,102368.49,102410.21,102368.49,102409.83,27.16741,3073.0
2025-06-06 03:33:00,102409.82,102416.88,102383.27,102385.21,17.76596,2092.0
2025-06-06 03:34:00,102385.21,102466.0,102385.21,102444.86,40.17901,3231.0
2025-06-06 03:35:00,102444.86,102444.87,102422.7,102436.38,23.19993,1201.0
2025-06-06 03:36:00,102436.38,102467.06,102436.38,102467.05,11.13812,963.0
2025-06-06 03:37:00,102467.05,102467.06,102383.7,102383.7,22.78024,3795.0
2025-06-06 03:38:00,102383.7,102383.71,102350.0,102350.0,10.57984,1493.0
2025-06-06 03:39:00,102350.01,102380.0,102341.52,102380.0,5.72772,1558.0
2025-06-06 03:40:00,102380.0,102433.79,102380.0,102419.12,10.36988,2803.0
2025-06-06 03:41:00,102419.13,102445.43,102419.12,102445.42,5.09574,959.0
2025-06-06 03:42:00,102445.43,102460.45,102445.42,102460.45,4.92112,922.0
2025-06-06 03:43:00,102460.45,102478.4,102460.44,102478.16,4.56526,1163.0
2025-06-06 03:44:00,102478.16,102478.16,102411.25,102459.39,14.22972,2900.0
2025-06-06 03:45:00,102459.39,102470.7,102459.39,102470.69,9.48511,1244.0
2025-06-06 03:46:00,102470.7,102478.16,102470.69,102478.16,3.90958,549.0
2025-06-06 03:47:00,102478.16,102500.0,102478.15,102500.0,9.54086,1277.0
2025-06-06 03:48:00,102500.0,102500.0,102464.46,102500.0,17.76879,2287.0
2025-06-06 03:49:00,102500.0,102514.81,102499.99,102511.62,6.82693,1292.0
2025-06-06 03:50:00,102511.62,102511.63,102484.2,102507.3,5.29136,1788.0
2025-06-06 03:51:00,102507.3,102507.3,102487.03,102497.05,6.79679,932.0
2025-06-06 03:52:00,102497.05,102504.41,102497.04,102504.39,5.47924,748.0
2025-06-06 03:53:00,102504.4,102520.0,102504.39,102519.99,7.81826,1160.0
2025-06-06 03:54:00,102519.99,102520.0,102519.99,102520.0,1.10284,251.0
2025-06-06 03:55:00,102520.0,102520.0,102503.27,102505.08,10.41304,885.0
2025-06-06 03:56:00,102505.09,102511.05,102484.24,102484.24,12.28438,1086.0
2025-06-06 03:57:00,102484.24,102488.89,102484.24,102486.21,5.06249,742.0
2025-06-06 03:58:00,102486.21,102493.31,102486.2,102493.31,6.50693,643.0
2025-06-06 03:59:00,102493.3,102493.31,102493.29,102493.3,13.76978,468.0
2025-06-06 04:00:00,102493.3,102500.0,102484.2,102484.21,6.72003,929.0
2025-06-06 04:01:00,102484.21,102484.21,102423.83,102478.19,22.86835,4833.0
2025-06-06 04:02:00,102478.18,102478.19,102418.66,102470.96,17.24462,2495.0
2025-06-06 04:03:00,102470.97,102498.43,102463.29,102483.51,8.85768,1819.0
2025-06-06 04:04:00,102483.52,102483.52,102390.3,102399.06,17.40306,2936.0
2025-06-06 04:05:00,102399.06,102418.61,102394.0,102418.61,6.20928,1199.0
2025-06-06 04:06:00,102418.61,102418.61,102387.38,102387.5,8.84734,1357.0
2025-06-06 04:07:00,102387.49,102415.73,102387.49,102415.72,3.91127,664.0
2025-06-06 04:08:00,102415.73,102426.23,102388.58,102409.6,9.10486,1644.0
2025-06-06 04:09:00,102409.6,102409.6,102409.59,102409.59,2.80451,244.0
2025-06-06 04:10:00,102409.59,102465.12,102405.46,102465.11,12.48995,2682.0
2025-06-06 04:11:00,102465.12,102495.39,102465.11,102495.39,5.8116,1962.0
2025-06-06 04:12:00,102495.38,102508.0,102488.42,102496.67,7.28301,1741.0
2025-06-06 04:13:00,102496.67,102496.67,102486.5,102486.51,3.97964,617.0
2025-06-06 04:14:00,102486.51,102520.0,102486.5,102519.99,3.81143,919.0
2025-06-06 04:15:00,102520.0,102550.0,102519.99,102550.0,6.08158,1561.0
2025-06-06 04:16:00,102550.0,102606.06,102549.99,102590.0,15.02787,2846.0
2025-06-06 04:17:00,102590.01,102590.01,102564.35,102568.55,12.12077,2407.0
2025-06-06 04:18:00,102568.55,102568.56,102461.76,102461.76,21.12293,3155.0
2025-06-06 04:19:00,102461.77,102568.38,102461.76,102568.38,31.48713,2688.0
2025-06-06 04:20:00,102568.37,102568.38,102532.4,102532.41,29.27668,1278.0
2025-06-06 04:21:00,102532.41,102532.41,102501.51,102504.61,16.20267,2145.0
2025-06-06 04:22:00,102504.6,102504.61,102405.29,102409.05,17.30136,3391.0
2025-06-06 04:23:00,102409.06,102432.87,102409.05,102432.87,10.08893,971.0
2025-06-06 04:24:00,102432.87,102450.0,102432.87,102450.0,7.67099,955.0
2025-06-06 04:25:00,102449.99,102456.89,102429.5,102449.9,11.98966,1547.0
2025-06-06 04:26:00,102449.91,102504.87,102449.9,102504.87,14.82836,1680.0
2025-06-06 04:27:00,102504.86,102532.25,102494.37,102520.0,20.27467,2116.0
2025-06-06 04:28:00,102520.0,102529.87,102519.99,102529.86,2.49968,639.0
2025-06-06 04:29:00,102529.87,102546.31,102529.86,102541.56,3.24936,722.0
2025-06-06 04:30:00,102541.55,102541.56,102481.91,102512.88,9.95196,2924.0
2025-06-06 04:31:00,102512.88,102591.74,102512.87,102591.73,5.58201,2280.0
2025-06-06 04:32:00,102591.74,102597.99,102585.85,102597.98,5.04265,909.0
2025-06-06 04:33:00,102597.98,102597.99,102580.99,102581.01,15.57673,563.0
2025-06-06 04:34:00,102581.01,102604.66,102573.49,102604.66,6.89237,1584.0
2025-06-06 04:35:00,102604.65,102633.06,102604.65,102633.05,5.98788,1300.0
2025-06-06 04:36:00,102633.06,102694.47,102633.05,102690.0,23.71063,3229.0
2025-06-06 04:37:00,102690.0,102694.47,102687.09,102694.47,4.50577,634.0
2025-06-06 04:38:00,102694.46,102694.47,102671.14,102671.14,9.48191,1259.0
2025-06-06 04:39:00,102671.15,102700.0,102671.14,102700.0,9.83201,801.0
2025-06-06 04:40:00,102700.0,102748.43,102699.99,102748.43,9.68823,1560.0
2025-06-06 04:41:00,102748.42,102748.43,102702.1,102722.06,16.76067,2186.0
2025-06-06 04:42:00,102722.07,102733.0,102703.1,102732.97,12.43007,1512.0
2025-06-06 04:43:00,102732.97,102732.99,102720.97,102720.98,7.11345,812.0
2025-06-06 04:44:00,102720.97,102731.0,102720.97,102730.99,1.60343,442.0
2025-06-06 04:45:00,102730.99,102773.09,102730.99,102755.17,12.91663,2580.0
2025-06-06 04:46:00,102755.17,102773.86,102743.75,102773.86,5.71244,1017.0
2025-06-06 04:47:00,102773.85,102799.23,102773.85,102786.97,6.62993,1404.0
2025-06-06 04:48:00,102786.97,102790.7,102755.56,102755.56,8.53499,1568.0
2025-06-06 04:49:00,102755.56,102755.57,102736.57,102736.58,8.51236,1458.0
2025-06-06 04:50:00,102736.58,102772.79,102736.58,102772.79,6.29839,1136.0
2025-06-06 04:51:00,102772.79,102777.6,102772.78,102777.6,5.44449,742.0
2025-06-06 04:52:00,102777.6,102777.6,102765.31,102772.44,3.89924,806.0
2025-06-06 04:53:00,102772.45,102772.45,102772.44,102772.45,3.03594,227.0
2025-06-06 04:54:00,102772.45,102772.45,102752.0,102767.53,6.24263,846.0
2025-06-06 04:55:00,102767.54,102767.54,102728.17,102728.17,10.13592,1784.0
2025-06-06 04:56:00,102728.17,102748.89,102720.97,102748.88,5.55365,1134.0
2025-06-06 04:57:00,102748.89,102766.0,102748.88,102755.77,3.94308,767.0
2025-06-06 04:58:00,102755.78,102777.0,102755.77,102777.0,2.80695,696.0
2025-06-06 04:59:00,102777.0,102777.01,102776.99,102777.0,2.64902,295.0
2025-06-06 05:00:00,102777.01,102790.69,102777.0,102777.01,10.90745,1150.0
2025-06-06 05:01:00,102777.01,102799.99,102777.0,102799.98,5.34007,920.0
2025-06-06 05:02:00,102799.99,102809.56,102799.98,102809.56,8.90056,845.0
2025-06-06 05:03:00,102809.55,102831.65,102789.71,102802.09,17.14919,1998.0
2025-06-06 05:04:00,102802.1,102809.85,102791.81,102799.56,6.07465,1076.0
2025-06-06 05:05:00,102799.55,102799.56,102766.56,102766.56,9.72216,1850.0
2025-06-06 05:06:00,102766.56,102844.93,102766.56,102836.05,16.60605,2114.0
2025-06-06 05:07:00,102836.05,102847.5,102826.14,102845.21,8.48617,1267.0
2025-06-06 05:08:00,102845.21,102851.02,102845.2,102851.02,5.68747,408.0
2025-06-06 05:09:00,102851.01,102864.05,102851.01,102862.83,5.15153,702.0
2025-06-06 05:10:00,102862.84,102900.0,102862.83,102899.99,5.31498,1288.0
2025-06-06 05:11:00,102899.99,102900.0,102899.99,102900.0,6.8582,243.0
2025-06-06 05:12:00,102900.0,102900.0,102875.9,102875.9,15.68154,1683.0
2025-06-06 05:13:00,102875.91,102883.73,102875.9,102875.9,8.69002,682.0
2025-06-06 05:14:00,102875.91,102894.0,102875.9,102893.99,5.07219,588.0
2025-06-06 05:15:00,102894.0,102908.37,102893.99,102905.36,15.23849,1012.0
2025-06-06 05:16:00,102905.36,102917.07,102887.74,102888.65,25.64275,1950.0
2025-06-06 05:17:00,102888.64,102888.64,102794.22,102795.59,18.81843,2590.0
2025-06-06 05:18:00,102795.6,102814.14,102774.92,102794.57,17.11555,2155.0
2025-06-06 05:19:00,102794.58,102833.29,102775.84,102775.85,10.93812,3082.0
2025-06-06 05:20:00,102775.85,102775.85,102683.22,102700.0,18.24389,3615.0
2025-06-06 05:21:00,102699.99,102724.8,102699.99,102720.27,11.15085,1240.0
2025-06-06 05:22:00,102720.28,102720.28,102710.85,102717.96,8.70702,770.0
2025-06-06 05:23:00,102717.97,102717.97,102684.11,102684.11,8.09222,1058.0
2025-06-06 05:24:00,102684.11,102715.9,102684.11,102703.27,9.56093,1471.0
2025-06-06 05:25:00,102703.27,102714.0,102703.27,102714.0,5.60737,515.0
2025-06-06 05:26:00,102714.0,102714.0,102700.79,102700.8,4.85799,699.0
2025-06-06 05:27:00,102700.8,102717.17,102700.79,102707.61,4.74566,1090.0
2025-06-06 05:28:00,102707.6,102707.61,102707.6,102707.61,1.41256,215.0
2025-06-06 05:29:00,102707.61,102737.64,102707.6,102737.63,6.07538,1213.0
2025-06-06 05:30:00,102737.64,102756.85,102737.63,102756.84,2.47719,678.0
2025-06-06 05:31:00,102756.85,102756.85,102702.8,102725.63,14.38283,1889.0
2025-06-06 05:32:00,102725.64,102725.64,102725.63,102725.63,2.79856,236.0
2025-06-06 05:33:00,102725.63,102776.12,102725.63,102776.12,4.99875,1006.0
2025-06-06 05:34:00,102776.11,102792.0,102776.11,102792.0,2.33292,713.0
2025-06-06 05:35:00,102792.0,102819.99,102791.99,102819.99,2.61964,717.0
2025-06-06 05:36:00,102819.99,102843.9,102805.35,102805.35,17.32118,1471.0
2025-06-06 05:37:00,102805.36,102815.94,102789.14,102815.94,7.3861,1209.0
2025-06-06 05:38:00,102815.93,102815.94,102815.93,102815.94,1.72735,199.0
2025-06-06 05:39:00,102815.94,102815.94,102797.94,102797.95,8.26599,946.0
2025-06-06 05:40:00,102797.94,102808.01,102797.94,102808.0,1.71817,384.0
2025-06-06 05:41:00,102808.01,102819.12,102808.0,102819.12,2.88385,362.0
2025-06-06 05:42:00,102819.11,102879.17,102819.11,102879.16,4.63047,2286.0
2025-06-06 05:43:00,102879.17,102883.73,102879.16,102883.73,2.73223,405.0
2025-06-06 05:44:00,102883.73,102883.73,102883.72,102883.72,1.2322,263.0
2025-06-06 05:45:00,102883.72,102883.73,102869.83,102869.83,9.03514,602.0
2025-06-06 05:46:00,102869.83,102869.84,102842.52,102842.52,6.23145,1339.0
2025-06-06 05:47:00,102842.52,102842.53,102825.4,102825.41,5.41976,867.0
2025-06-06 05:48:00,102825.4,102833.7,102825.4,102833.69,4.01129,441.0
2025-06-06 05:49:00,102833.69,102858.99,102833.69,102858.99,2.60672,623.0
2025-06-06 05:50:00,102858.98,102883.73,102858.98,102872.1,4.59557,883.0
2025-06-06 05:51:00,102872.1,102872.1,102872.09,102872.1,1.19646,185.0
2025-06-06 05:52:00,102872.1,102882.31,102872.09,102882.29,4.81255,827.0
2025-06-06 05:53:00,102882.29,102882.31,102882.29,102882.3,3.53027,306.0
2025-06-06 05:54:00,102882.31,102882.31,102874.23,102874.24,8.73732,1351.0
2025-06-06 05:55:00,102874.23,102887.08,102874.23,102887.08,6.23359,782.0
2025-06-06 05:56:00,102887.08,102914.83,102887.08,102914.82,5.84572,1038.0
2025-06-06 05:57:00,102914.83,102954.24,102914.83,102954.23,15.48489,2018.0
2025-06-06 05:58:00,102954.24,102954.24,102954.23,102954.24,2.18053,286.0
2025-06-06 05:59:00,102954.23,102954.24,102954.23,102954.24,2.15636,303.0
2025-06-06 06:00:00,102954.23,102954.24,102919.37,102947.84,28.01012,2748.0
2025-06-06 06:01:00,102947.84,102947.85,102924.13,102924.14,12.87786,1219.0
2025-06-06 06:02:00,102924.14,102935.39,102924.13,102935.38,2.69213,534.0
2025-06-06 06:03:00,102935.39,102945.97,102935.38,102945.97,7.39376,571.0
2025-06-06 06:04:00,102945.96,102945.97,102945.96,102945.96,1.61424,230.0
2025-06-06 06:05:00,102945.97,102945.97,102933.08,102943.34,3.30037,719.0
2025-06-06 06:06:00,102943.34,102954.41,102933.0,102933.01,6.7415,1119.0
2025-06-06 06:07:00,102933.0,102933.01,102896.1,102896.1,9.10992,1937.0
2025-06-06 06:08:00,102896.1,102933.0,102896.1,102933.0,12.12148,1420.0
2025-06-06 06:09:00,102933.0,102979.71,102933.0,102979.71,11.96628,1557.0
2025-06-06 06:10:00,102979.71,103067.0,102979.7,103066.99,45.69354,3612.0
2025-06-06 06:11:00,103067.0,103150.0,103015.79,103140.58,57.68922,4442.0
2025-06-06 06:12:00,103140.58,103140.59,103107.15,103120.66,21.21384,2042.0
2025-06-06 06:13:00,103120.66,103120.66,103083.46,103093.66,15.21662,1675.0
2025-06-06 06:14:00,103093.66,103199.0,103093.65,103190.98,25.42977,2389.0
2025-06-06 06:15:00,103190.97,103210.06,103190.97,103201.68,7.96229,1546.0
2025-06-06 06:16:00,103201.68,103201.69,103096.4,103096.4,10.90606,2770.0
2025-06-06 06:17:00,103096.4,103101.51,103082.7,103082.7,4.54593,1062.0
2025-06-06 06:18:00,103082.7,103128.56,103082.7,103128.56,10.9244,1542.0
2025-06-06 06:19:00,103128.55,103138.87,103054.8,103055.0,16.01577,1621.0
2025-06-06 06:20:00,103054.99,103054.99,103012.34,103012.35,17.23094,2502.0
2025-06-06 06:21:00,103012.35,103012.35,102946.67,102972.77,15.06999,2530.0
2025-06-06 06:22:00,102972.78,102972.78,102916.77,102941.41,23.24372,2712.0
2025-06-06 06:23:00,102941.41,102941.42,102924.47,102924.47,7.75469,916.0
2025-06-06 06:24:00,102924.48,102941.42,102924.47,102941.41,5.29526,1116.0
2025-06-06 06:25:00,102941.42,103000.0,102941.41,102989.89,6.46593,2132.0
2025-06-06 06:26:00,102989.89,102991.63,102982.31,102991.62,4.89668,630.0
2025-06-06 06:27:00,102991.62,103034.0,102991.62,103033.99,5.7434,1523.0
2025-06-06 06:28:00,103033.99,103034.0,103033.99,103033.99,0.63426,250.0
2025-06-06 06:29:00,103034.0,103072.0,103033.99,103072.0,3.10155,1692.0
2025-06-06 06:30:00,103071.99,103081.01,103071.99,103081.01,4.87486,581.0
2025-06-06 06:31:00,103081.01,103149.42,103081.0,103149.42,9.61254,1967.0
2025-06-06 06:32:00,103149.42,103149.42,103138.99,103143.54,5.16595,657.0
2025-06-06 06:33:00,103143.53,103187.88,103143.53,103187.88,7.14974,1334.0
2025-06-06 06:34:00,103187.88,103208.0,103187.88,103195.92,3.68993,1119.0
2025-06-06 06:35:00,103195.92,103195.92,103161.06,103161.07,22.50203,1028.0
2025-06-06 06:36:00,103161.07,103161.07,103150.74,103150.75,1.60426,385.0
2025-06-06 06:37:00,103150.75,103150.75,103105.2,103105.21,9.7699,2272.0
2025-06-06 06:38:00,103105.2,103122.43,103104.65,103104.66,6.07279,1090.0
2025-06-06 06:39:00,103104.65,103110.53,103093.61,103093.62,13.43683,1256.0
2025-06-06 06:40:00,103093.61,103115.32,103089.28,103115.31,7.754,1701.0
2025-06-06 06:41:00,103115.32,103115.32,103033.99,103034.0,11.06868,2738.0
2025-06-06 06:42:00,103033.99,103034.0,103000.16,103023.41,10.24809,2356.0
2025-06-06 06:43:00,103023.41,103024.25,102979.28,102979.28,11.62793,1366.0
2025-06-06 06:44:00,102979.29,103000.0,102979.28,102999.99,6.16294,754.0
2025-06-06 06:45:00,102999.99,103082.92,102999.99,103082.91,4.27212,2658.0
2025-06-06 06:46:00,103082.92,103098.28,103070.3,103070.31,10.96937,1758.0
2025-06-06 06:47:00,103070.31,103070.31,103070.3,103070.31,1.81075,185.0
2025-06-06 06:48:00,103070.31,103085.99,103070.3,103085.99,2.37999,599.0
2025-06-06 06:49:00,103085.98,103110.53,103085.98,103110.52,10.2128,794.0
2025-06-06 06:50:00,103110.53,103137.04,103110.52,103131.79,18.38756,939.0
2025-06-06 06:51:00,103131.79,103131.8,103131.79,103131.79,2.45321,238.0
2025-06-06 06:52:00,103131.79,103160.0,103131.79,103160.0,15.70864,890.0
2025-06-06 06:53:00,103160.0,103160.01,103159.99,103160.01,3.05753,297.0
2025-06-06 06:54:00,103160.01,103160.01,103160.0,103160.0,3.8137,339.0
2025-06-06 06:55:00,103160.01,103160.01,103160.0,103160.01,1.66308,291.0
2025-06-06 06:56:00,103160.0,103161.07,103160.0,103161.06,3.95899,332.0
2025-06-06 06:57:00,103161.07,103161.07,103117.4,103132.85,16.36732,2646.0
2025-06-06 06:58:00,103132.85,103166.67,103132.85,103159.99,7.00748,1235.0
2025-06-06 06:59:00,103160.0,103160.0,103159.99,103160.0,5.024,240.0
2025-06-06 07:00:00,103160.0,103192.92,103159.99,103192.91,5.00799,1289.0
2025-06-06 07:01:00,103192.91,103192.92,103160.74,103175.75,14.09932,1550.0
2025-06-06 07:02:00,103175.75,103175.75,103159.99,103160.0,6.67946,1127.0
2025-06-06 07:03:00,103159.99,103175.75,103159.99,103160.79,15.03272,1113.0
2025-06-06 07:04:00,103160.78,103210.05,103160.78,103210.04,6.08631,1568.0
2025-06-06 07:05:00,103210.04,103210.05,103210.04,103210.05,6.77971,300.0
2025-06-06 07:06:00,103210.05,103228.0,103210.04,103218.14,7.30517,1890.0
2025-06-06 07:07:00,103218.14,103236.68,103210.86,103236.67,9.94817,1259.0
2025-06-06 07:08:00,103236.68,103236.68,103225.77,103225.78,8.05372,814.0
2025-06-06 07:09:00,103225.78,103225.78,103214.69,103214.69,14.79677,589.0
2025-06-06 07:10:00,103214.7,103222.78,103214.69,103222.77,3.48354,506.0
2025-06-06 07:11:00,103222.77,103241.27,103222.77,103241.27,2.16676,937.0
2025-06-06 07:12:00,103241.27,103241.27,103241.26,103241.26,2.27072,290.0
2025-06-06 07:13:00,103241.27,103241.27,103241.26,103241.26,2.56668,336.0
2025-06-06 07:14:00,103241.27,103241.27,103225.32,103225.33,6.70828,900.0
2025-06-06 07:15:00,103225.32,103234.17,103225.32,103230.76,3.8494,823.0
2025-06-06 07:16:00,103230.77,103230.77,103208.15,103225.15,7.68843,1106.0
2025-06-06 07:17:00,103225.15,103225.15,103225.14,103225.14,1.33215,233.0
2025-06-06 07:18:00,103225.14,103225.15,103225.14,103225.15,8.13398,333.0
2025-06-06 07:19:00,103225.15,103225.15,103209.24,103209.24,3.77414,544.0
2025-06-06 07:20:00,103209.24,103209.25,103209.24,103209.24,1.36899,206.0
2025-06-06 07:21:00,103209.25,103209.25,103190.41,103190.41,14.05943,733.0
2025-06-06 07:22:00,103190.42,103190.42,103162.79,103173.03,8.34296,1616.0
2025-06-06 07:23:00,103173.04,103237.71,103173.04,103237.7,10.40549,2303.0
2025-06-06 07:24:00,103237.71,103262.14,103237.7,103262.13,20.34995,1220.0
2025-06-06 07:25:00,103262.13,103407.03,103262.13,103374.97,31.32756,6540.0
2025-06-06 07:26:00,103374.98,103429.34,103374.97,103425.07,7.51216,1934.0
2025-06-06 07:27:00,103425.08,103468.66,103389.65,103430.95,24.5366,4217.0
2025-06-06 07:28:00,103430.95,103430.95,103378.58,103381.86,9.52677,1950.0
2025-06-06 07:29:00,103381.87,103381.87,103349.11,103349.11,9.39927,1868.0
2025-06-06 07:30:00,103349.12,103349.12,103293.64,103302.33,16.22018,1894.0
2025-06-06 07:31:00,103302.33,103302.33,103244.48,103246.62,16.41351,1762.0
2025-06-06 07:32:00,103246.62,103246.62,103228.02,103240.79,9.53853,1711.0
2025-06-06 07:33:00,103240.78,103240.79,103157.26,103168.0,22.4149,1654.0
2025-06-06 07:34:00,103168.0,103168.01,103116.4,103116.41,17.93675,1447.0
2025-06-06 07:35:00,103116.41,103116.41,103100.0,103114.19,15.38007,950.0
2025-06-06 07:36:00,103114.18,103114.19,103109.13,103109.14,6.46791,455.0
2025-06-06 07:37:00,103109.14,103109.14,103050.9,103065.39,11.58485,2372.0
2025-06-06 07:38:00,103065.4,103100.81,103065.4,103088.77,13.67276,1792.0
2025-06-06 07:39:00,103088.77,103088.77,103060.46,103060.47,7.18088,1107.0
2025-06-06 07:40:00,103060.47,103100.0,103060.47,103100.0,8.13135,865.0
2025-06-06 07:41:00,103100.0,103100.0,103099.99,103099.99,5.93647,368.0
2025-06-06 07:42:00,103100.0,103124.9,103099.99,103124.89,7.55454,1068.0
2025-06-06 07:43:00,103124.9,103149.7,103124.89,103149.7,7.54893,983.0
2025-06-06 07:44:00,103149.7,103155.79,103132.81,103155.79,7.22586,1551.0
2025-06-06 07:45:00,103155.78,103155.79,103144.43,103144.44,6.39666,960.0
2025-06-06 07:46:00,103144.44,103144.44,103120.94,103120.94,5.73174,908.0
2025-06-06 07:47:00,103120.95,103135.07,103118.39,103118.39,11.72259,1485.0
2025-06-06 07:48:00,103118.4,103118.4,103103.64,103103.65,5.56755,972.0
2025-06-06 07:49:00,103103.65,103118.52,103103.64,103118.52,5.0207,592.0
2025-06-06 07:50:00,103118.52,103160.71,103118.51,103160.71,8.78783,1284.0
2025-06-06 07:51:00,103160.71,103160.71,103119.18,103119.19,16.22209,1597.0
2025-06-06 07:52:00,103119.19,103153.5,103119.18,103153.49,11.8757,974.0
2025-06-06 07:53:00,103153.5,103153.5,103153.49,103153.5,2.95436,373.0
2025-06-06 07:54:00,103153.5,103153.5,103112.43,103112.43,8.87857,1471.0
2025-06-06 07:55:00,103112.44,103142.3,103112.43,103142.28,24.04416,1039.0
2025-06-06 07:56:00,103142.29,103144.4,103142.28,103144.4,8.00746,506.0
2025-06-06 07:57:00,103144.4,103144.4,103134.12,103134.12,9.40183,852.0
2025-06-06 07:58:00,103134.13,103134.13,103105.99,103106.0,4.6117,1037.0
2025-06-06 07:59:00,103106.0,103150.44,103105.99,103150.44,10.45193,1181.0
2025-06-06 08:00:00,103150.44,103212.96,103150.43,103201.99,9.30079,2638.0
2025-06-06 08:01:00,103202.0,103202.0,103185.42,103185.43,6.31483,1094.0
2025-06-06 08:02:00,103185.43,103185.43,103184.57,103184.58,4.04624,384.0
2025-06-06 08:03:00,103184.58,103232.62,103184.57,103232.61,7.02597,1805.0
2025-06-06 08:04:00,103232.62,103283.24,103232.61,103283.24,6.8016,2141.0
2025-06-06 08:05:00,103283.23,103283.24,103269.28,103269.28,4.73355,1037.0
2025-06-06 08:06:00,103269.28,103269.29,103242.84,103242.85,6.08157,1032.0
2025-06-06 08:07:00,103242.84,103262.92,103242.84,103262.92,3.21163,933.0
2025-06-06 08:08:00,103262.92,103330.59,103262.91,103330.59,6.47491,2905.0
2025-06-06 08:09:00,103330.58,103330.59,103301.16,103305.8,9.07714,1466.0
2025-06-06 08:10:00,103305.8,103330.08,103305.79,103330.08,4.16727,1112.0
2025-06-06 08:11:00,103330.08,103330.08,103307.41,103307.41,5.64651,1226.0
2025-06-06 08:12:00,103307.41,103308.89,103273.78,103308.89,6.64636,1671.0
2025-06-06 08:13:00,103308.88,103354.63,103308.88,103342.42,10.84914,1996.0
2025-06-06 08:14:00,103342.42,103366.23,103342.41,103366.22,4.4041,1113.0
2025-06-06 08:15:00,103366.22,103377.78,103366.22,103366.79,14.75392,1106.0
2025-06-06 08:16:00,103366.79,103370.0,103344.82,103365.65,16.04992,1694.0
2025-06-06 08:17:00,103365.64,103370.0,103347.0,103369.98,9.17828,1314.0
2025-06-06 08:18:00,103369.97,103452.48,103369.97,103452.47,23.22118,2365.0
2025-06-06 08:19:00,103452.48,103489.0,103452.47,103488.38,14.6619,2490.0
2025-06-06 08:20:00,103488.37,103488.38,103413.93,103413.93,12.57616,2317.0
2025-06-06 08:21:00,103413.94,103419.11,103387.38,103387.38,5.84781,1090.0
2025-06-06 08:22:00,103387.38,103436.61,103387.38,103419.92,6.7698,1991.0
2025-06-06 08:23:00,103419.92,103419.93,103419.92,103419.93,5.03537,470.0
2025-06-06 08:24:00,103419.93,103419.93,103419.92,103419.93,2.2575,260.0
2025-06-06 08:25:00,103419.93,103419.93,103401.97,103414.89,9.03722,1453.0
2025-06-06 08:26:00,103414.9,103419.93,103378.52,103384.99,26.66955,1448.0
2025-06-06 08:27:00,103385.0,103395.36,103384.99,103395.35,3.20717,1666.0
2025-06-06 08:28:00,103395.35,103402.21,103395.35,103402.18,6.99671,689.0
2025-06-06 08:29:00,103402.18,103402.18,103402.17,103402.18,0.97414,160.0
2025-06-06 08:30:00,103402.17,103417.71,103402.17,103417.71,5.94078,3085.0
2025-06-06 08:31:00,103417.71,103496.16,103417.7,103496.16,8.20755,2930.0
2025-06-06 08:32:00,103496.16,103496.16,103460.08,103460.08,11.45168,1966.0
2025-06-06 08:33:00,103460.08,103460.09,103435.03,103435.19,10.05183,1639.0
2025-06-06 08:34:00,103435.2,103435.2,103412.37,103412.38,17.72065,1267.0
2025-06-06 08:35:00,103412.37,103412.38,103406.79,103409.93,5.0005,859.0
2025-06-06 08:36:00,103409.93,103409.93,103376.32,103376.32,7.85225,1410.0
2025-06-06 08:37:00,103376.32,103408.21,103376.32,103400.85,12.66063,2271.0
2025-06-06 08:38:00,103400.84,103400.85,103400.84,103400.84,4.71386,257.0
2025-06-06 08:39:00,103400.85,103400.85,103383.69,103383.7,9.61084,1485.0
2025-06-06 08:40:00,103383.69,103398.92,103383.69,103398.91,2.964,556.0
2025-06-06 08:41:00,103398.92,103477.27,103398.92,103477.27,6.99368,1935.0
2025-06-06 08:42:00,103477.27,103479.87,103477.26,103477.27,1.78617,406.0
2025-06-06 08:43:00,103477.26,103500.0,103477.26,103499.99,8.39664,1376.0
2025-06-06 08:44:00,103500.0,103521.73,103499.99,103521.72,12.61534,1120.0
2025-06-06 08:45:00,103521.73,103534.59,103521.72,103531.59,9.2852,1384.0
2025-06-06 08:46:00,103531.59,103589.0,103531.58,103575.43,14.17333,4031.0
2025-06-06 08:47:00,103575.43,103575.43,103550.51,103550.51,11.92363,1418.0
2025-06-06 08:48:00,103550.52,103550.52,103531.13,103549.77,10.01893,1563.0
2025-06-06 08:49:00,103549.77,103562.61,103549.77,103562.61,3.09947,400.0
2025-06-06 08:50:00,103562.61,103567.23,103526.27,103549.91,9.43565,1849.0
2025-06-06 08:51:00,103549.92,103567.0,103549.91,103567.0,3.11826,603.0
2025-06-06 08:52:00,103566.99,103567.0,103566.99,103567.0,2.99175,316.0
2025-06-06 08:53:00,103566.99,103567.0,103552.79,103552.8,9.08814,765.0
2025-06-06 08:54:00,103552.79,103552.8,103500.84,103511.23,9.33614,2107.0
2025-06-06 08:55:00,103511.23,103544.46,103511.23,103537.84,6.78459,1637.0
2025-06-06 08:56:00,103537.85,103545.01,103537.84,103545.0,4.89729,843.0
2025-06-06 08:57:00,103545.01,103558.24,103535.81,103535.81,10.8399,2311.0
2025-06-06 08:58:00,103535.81,103535.82,103510.24,103510.24,6.44202,1251.0
2025-06-06 08:59:00,103510.24,103510.25,103510.24,103510.25,2.6296,259.0
2025-06-06 09:00:00,103510.25,103578.96,103510.24,103578.95,15.49703,2439.0
2025-06-06 09:01:00,103578.95,103583.5,103567.0,103575.24,7.92174,1368.0
2025-06-06 09:02:00,103575.24,103583.65,103565.0,103566.0,11.56158,1218.0
2025-06-06 09:03:00,103566.0,103572.5,103560.59,103572.5,13.65759,1874.0
2025-06-06 09:04:00,103572.5,103592.51,103572.49,103592.51,9.74081,1648.0
2025-06-06 09:05:00,103592.5,103592.51,103561.79,103561.79,9.79852,1512.0
2025-06-06 09:06:00,103561.79,103588.69,103561.79,103588.68,4.955,1177.0
2025-06-06 09:07:00,103588.69,103588.69,103568.27,103568.28,12.60271,1067.0
2025-06-06 09:08:00,103568.28,103568.28,103517.01,103517.02,7.3765,1709.0
2025-06-06 09:09:00,103517.02,103564.58,103517.01,103564.57,14.82525,1597.0
2025-06-06 09:10:00,103564.57,103585.5,103564.57,103585.5,3.49677,1274.0
2025-06-06 09:11:00,103585.5,103585.5,103562.97,103576.88,9.43743,1495.0
2025-06-06 09:12:00,103576.88,103579.21,103569.41,103579.2,4.10159,916.0
2025-06-06 09:13:00,103579.2,103591.08,103579.2,103591.08,4.38822,956.0
2025-06-06 09:14:00,103591.08,103600.0,103591.07,103600.0,3.86992,725.0
2025-06-06 09:15:00,103600.0,103637.82,103599.99,103616.69,15.24518,2498.0
2025-06-06 09:16:00,103616.7,103627.91,103601.53,103601.54,9.5645,1721.0
2025-06-06 09:17:00,103601.54,103612.55,103590.26,103590.26,6.8065,1324.0
2025-06-06 09:18:00,103590.27,103602.1,103590.26,103602.1,5.51931,483.0
2025-06-06 09:19:00,103602.1,103667.14,103602.09,103667.14,8.47225,2299.0
2025-06-06 09:20:00,103667.13,103749.73,103667.13,103713.98,30.96185,3881.0
2025-06-06 09:21:00,103713.97,103733.73,103700.0,103732.22,12.81108,1252.0
2025-06-06 09:22:00,103732.23,103750.0,103663.77,103663.77,18.47329,4056.0
2025-06-06 09:23:00,103663.78,103750.0,103609.4,103749.99,13.79854,3795.0
2025-06-06 09:24:00,103750.0,103750.0,103653.45,103653.45,13.82937,2698.0
2025-06-06 09:25:00,103653.45,103679.01,103647.28,103647.29,5.51905,1383.0
2025-06-06 09:26:00,103647.28,103647.29,103602.76,103602.77,7.90913,2032.0
2025-06-06 09:27:00,103602.76,103608.89,103579.86,103595.15,16.64006,1962.0
2025-06-06 09:28:00,103595.15,103599.3,103566.33,103567.03,17.14398,1719.0
2025-06-06 09:29:00,103567.04,103576.58,103567.03,103576.57,5.58893,612.0
2025-06-06 09:30:00,103576.57,103590.44,103555.03,103563.0,12.21358,1945.0
2025-06-06 09:31:00,103563.01,103683.32,103560.21,103681.98,54.03867,3874.0
2025-06-06 09:32:00,103681.98,103681.99,103649.93,103649.94,9.89256,1579.0
2025-06-06 09:33:00,103649.93,103656.48,103649.93,103654.23,5.146,538.0
2025-06-06 09:34:00,103654.22,103670.93,103654.22,103664.09,5.27671,1693.0
2025-06-06 09:35:00,103664.08,103685.74,103664.08,103679.89,7.09996,1495.0
2025-06-06 09:36:00,103679.89,103697.58,103679.89,103692.4,3.50314,897.0
2025-06-06 09:37:00,103692.4,103692.4,103681.87,103691.85,10.772,881.0
2025-06-06 09:38:00,103691.85,103703.32,103691.84,103703.31,3.95859,651.0
2025-06-06 09:39:00,103703.32,103703.32,103703.31,103703.31,3.6468,330.0
2025-06-06 09:40:00,103703.31,103738.96,103703.31,103738.95,4.54199,1814.0
2025-06-06 09:41:00,103738.96,103738.96,103706.35,103723.14,19.91917,1138.0
2025-06-06 09:42:00,103723.15,103723.15,103706.35,103706.35,10.96156,1203.0
2025-06-06 09:43:00,103706.36,103706.36,103706.35,103706.36,5.12595,344.0
2025-06-06 09:44:00,103706.36,103709.77,103703.31,103703.31,9.6777,841.0
2025-06-06 09:45:00,103703.32,103703.32,103677.74,103677.74,5.8844,1172.0
2025-06-06 09:46:00,103677.75,103677.75,103630.07,103630.07,15.56261,3018.0
2025-06-06 09:47:00,103630.07,103630.08,103604.79,103604.8,9.81672,1090.0
2025-06-06 09:48:00,103604.8,103636.46,103604.79,103636.46,10.16932,1416.0
2025-06-06 09:49:00,103637.07,103645.66,103637.07,103645.65,4.47375,673.0
2025-06-06 09:50:00,103645.65,103665.05,103645.65,103665.04,5.8254,1133.0
2025-06-06 09:51:00,103665.04,103665.05,103604.23,103640.75,26.1788,2811.0
2025-06-06 09:52:00,103640.76,103640.76,103637.56,103637.57,3.58873,660.0
2025-06-06 09:53:00,103637.56,103637.57,103617.49,103626.49,14.04978,956.0
2025-06-06 09:54:00,103626.49,103633.36,103626.47,103633.36,10.61231,1204.0
2025-06-06 09:55:00,103633.35,103684.2,103633.35,103684.19,9.7777,1271.0
2025-06-06 09:56:00,103684.19,103684.2,103673.82,103673.83,3.96196,978.0
2025-06-06 09:57:00,103673.82,103673.83,103647.26,103647.26,7.60274,1321.0
2025-06-06 09:58:00,103647.27,103647.27,103633.34,103633.35,4.45859,1097.0
2025-06-06 09:59:00,103633.34,103643.99,103633.34,103643.98,2.32119,727.0
2025-06-06 10:00:00,103643.99,103673.35,103643.98,103666.45,4.40189,1194.0
2025-06-06 10:01:00,103666.45,103673.35,103666.44,103673.35,4.57133,637.0
2025-06-06 10:02:00,103673.35,103693.85,103673.34,103693.85,3.57148,1277.0
2025-06-06 10:03:00,103693.84,103704.21,103691.24,103704.2,12.28464,813.0
2025-06-06 10:04:00,103704.2,103717.52,103704.2,103717.51,11.91755,629.0
2025-06-06 10:05:00,103717.52,103733.64,103717.51,103733.63,6.45118,1028.0
2025-06-06 10:06:00,103733.63,103741.71,103733.63,103741.7,3.82322,881.0
2025-06-06 10:07:00,103741.7,103741.71,103741.7,103741.71,2.37113,346.0
2025-06-06 10:08:00,103741.71,103780.0,103741.7,103779.99,12.58616,1977.0
2025-06-06 10:09:00,103779.99,103780.0,103745.79,103745.79,25.28812,2479.0
2025-06-06 10:10:00,103745.8,103745.8,103720.94,103720.94,10.61897,1870.0
2025-06-06 10:11:00,103720.94,103759.18,103720.94,103759.17,9.78254,1422.0
2025-06-06 10:12:00,103759.18,103759.18,103735.53,103750.25,12.02035,1106.0
2025-06-06 10:13:00,103750.25,103776.38,103750.25,103776.37,3.2795,746.0
2025-06-06 10:14:00,103776.37,103779.78,103776.37,103779.77,6.55843,403.0
2025-06-06 10:15:00,103779.77,103791.3,103773.66,103773.66,16.05968,1932.0
2025-06-06 10:16:00,103773.66,103773.67,103738.51,103738.51,9.30178,2558.0
2025-06-06 10:17:00,103738.51,103738.52,103712.99,103716.02,9.30636,1887.0
2025-06-06 10:18:00,103717.38,103742.89,103717.38,103742.89,2.11062,722.0
2025-06-06 10:19:00,103742.89,103800.0,103742.88,103799.99,11.79886,1452.0
2025-06-06 10:20:00,103800.0,103800.0,103783.7,103783.7,10.77034,1516.0
2025-06-06 10:21:00,103783.71,103783.71,103749.03,103778.22,21.47019,1667.0
2025-06-06 10:22:00,103778.22,103778.23,103752.38,103752.39,9.57366,934.0
2025-06-06 10:23:00,103752.39,103752.39,103736.12,103748.37,4.0401,1011.0
2025-06-06 10:24:00,103748.36,103748.37,103733.8,103733.8,6.78064,787.0
2025-06-06 10:25:00,103733.8,103748.21,103733.8,103748.21,1.56885,563.0
2025-06-06 10:26:00,103748.21,103748.49,103748.2,103748.48,5.57805,418.0
2025-06-06 10:27:00,103748.48,103748.49,103689.25,103703.1,23.2826,1775.0
2025-06-06 10:28:00,103703.11,103703.11,103703.1,103703.1,3.6982,276.0
2025-06-06 10:29:00,103703.1,103713.29,103703.1,103713.29,12.53323,594.0
2025-06-06 10:30:00,103713.28,103713.29,103700.12,103700.12,10.77995,1082.0
2025-06-06 10:31:00,103700.13,103700.88,103613.82,103613.83,34.67067,3477.0
2025-06-06 10:32:00,103617.83,103670.65,103617.83,103653.03,36.02057,2406.0
2025-06-06 10:33:00,103653.02,103653.03,103597.52,103597.53,12.67477,2611.0
2025-06-06 10:34:00,103597.53,103614.91,103597.52,103612.86,12.47343,1129.0
2025-06-06 10:35:00,103612.86,103612.87,103612.86,103612.86,3.54985,296.0
2025-06-06 10:36:00,103612.86,103612.87,103600.69,103603.52,10.61231,2057.0
2025-06-06 10:37:00,103603.51,103606.51,103581.39,103606.51,13.77927,2011.0
2025-06-06 10:38:00,103606.5,103606.51,103553.31,103579.66,29.10236,1940.0
2025-06-06 10:39:00,103579.66,103579.66,103579.65,103579.65,2.34923,285.0
2025-06-06 10:40:00,103579.65,103671.08,103579.65,103671.07,14.09335,2322.0
2025-06-06 10:41:00,103671.07,103697.85,103671.07,103697.84,14.69861,866.0
2025-06-06 10:42:00,103697.85,103697.85,103679.56,103687.08,16.56067,1101.0
2025-06-06 10:43:00,103687.08,103687.09,103659.05,103659.05,7.25756,2097.0
2025-06-06 10:44:00,103659.05,103659.06,103628.54,103655.75,9.48992,2751.0
2025-06-06 10:45:00,103655.75,103667.88,103655.75,103667.87,1.80042,502.0
2025-06-06 10:46:00,103667.88,103696.0,103667.87,103696.0,1.76025,964.0
2025-06-06 10:47:00,103696.0,103696.0,103681.19,103681.2,3.8461,728.0
2025-06-06 10:48:00,103681.2,103705.37,103681.19,103705.36,3.30866,883.0
2025-06-06 10:49:00,103705.37,103705.37,103697.47,103697.47,3.04001,600.0
2025-06-06 10:50:00,103697.48,103697.48,103697.47,103697.48,1.27718,245.0
2025-06-06 10:51:00,103697.48,103697.48,103682.78,103682.79,8.48968,684.0
2025-06-06 10:52:00,103682.78,103682.79,103663.47,103663.47,4.06578,822.0
2025-06-06 10:53:00,103663.48,103663.48,103646.11,103646.11,5.06701,1181.0
2025-06-06 10:54:00,103646.12,103646.12,103628.47,103628.47,7.43179,770.0
2025-06-06 10:55:00,103628.47,103684.4,103628.47,103684.39,15.03002,1835.0
2025-06-06 10:56:00,103684.4,103705.01,103684.4,103705.0,2.84423,1124.0
2025-06-06 10:57:00,103705.0,103705.01,103690.93,103690.93,4.53905,790.0
2025-06-06 10:58:00,103690.93,103711.75,103690.93,103711.74,5.73426,1014.0
2025-06-06 10:59:00,103711.75,103711.75,103676.24,103676.25,6.57475,1019.0
2025-06-06 11:00:00,103676.24,103685.04,103676.24,103676.25,6.32666,930.0
2025-06-06 11:01:00,103676.25,103676.25,103643.78,103643.78,3.52481,749.0
2025-06-06 11:02:00,103643.79,103657.25,103643.78,103657.24,3.29348,756.0
2025-06-06 11:03:00,103657.25,103695.04,103657.25,103665.8,13.33455,1694.0
2025-06-06 11:04:00,103665.8,103688.13,103665.8,103688.12,2.28881,601.0
2025-06-06 11:05:00,103688.12,103717.73,103688.12,103717.73,2.74806,802.0
2025-06-06 11:06:00,103717.73,103743.99,103717.72,103743.98,2.17186,991.0
2025-06-06 11:07:00,103743.98,103764.0,103735.83,103735.83,5.44898,1198.0
2025-06-06 11:08:00,103735.84,103784.59,103735.83,103784.58,11.37962,1479.0
2025-06-06 11:09:00,103784.59,103784.59,103781.24,103784.06,16.57901,668.0
2025-06-06 11:10:00,103784.06,103784.07,103760.4,103764.36,8.75654,1250.0
2025-06-06 11:11:00,103764.36,103764.37,103764.36,103764.36,1.71113,250.0
2025-06-06 11:12:00,103764.36,103797.98,103764.36,103797.98,6.80461,1055.0
2025-06-06 11:13:00,103797.97,103797.98,103797.97,103797.98,5.39898,261.0
2025-06-06 11:14:00,103797.97,103797.98,103797.97,103797.98,1.44888,229.0
2025-06-06 11:15:00,103797.97,103797.97,103767.46,103781.94,7.6874,1279.0
2025-06-06 11:16:00,103781.94,103819.99,103781.94,103819.98,29.20954,1774.0
2025-06-06 11:17:00,103819.98,103829.99,103800.0,103829.99,13.00737,1251.0
2025-06-06 11:18:00,103829.98,103860.0,103829.98,103853.99,4.1612,1771.0
2025-06-06 11:19:00,103853.98,103860.47,103853.98,103860.47,3.38988,610.0
2025-06-06 11:20:00,103860.46,103925.21,103860.46,103908.29,23.56542,3613.0
2025-06-06 11:21:00,103908.3,103908.3,103886.62,103886.63,8.52254,1136.0
2025-06-06 11:22:00,103886.63,103903.92,103886.62,103903.92,3.50445,534.0
2025-06-06 11:23:00,103903.91,103903.92,103879.41,103880.73,5.00121,1112.0
2025-06-06 11:24:00,103880.73,103880.74,103872.64,103878.74,6.26534,490.0
2025-06-06 11:25:00,103878.74,103914.64,103878.74,103914.64,7.45274,1161.0
2025-06-06 11:26:00,103914.63,103914.64,103903.41,103903.41,1.87779,472.0
2025-06-06 11:27:00,103903.42,103903.42,103903.41,103903.41,1.45679,190.0
2025-06-06 11:28:00,103903.41,103903.42,103820.0,103836.16,35.13287,2491.0
2025-06-06 11:29:00,103836.15,103852.99,103836.15,103852.98,10.30029,1576.0
2025-06-06 11:30:00,103852.99,103868.01,103830.11,103868.0,13.0262,2954.0
2025-06-06 11:31:00,103868.0,103868.01,103814.62,103841.62,15.24295,3156.0
2025-06-06 11:32:00,103841.63,103841.63,103815.35,103832.11,6.57823,1441.0
2025-06-06 11:33:00,103832.11,103832.11,103818.75,103818.76,10.65369,656.0
2025-06-06 11:34:00,103818.76,103818.76,103692.3,103698.53,29.19859,3853.0
2025-06-06 11:35:00,103698.53,103749.97,103698.53,103749.97,5.48583,1332.0
2025-06-06 11:36:00,103749.97,103749.97,103749.96,103749.97,1.47687,250.0
2025-06-06 11:37:00,103749.97,103749.97,103741.0,103741.0,5.58829,555.0
2025-06-06 11:38:00,103741.01,103774.11,103731.27,103774.1,13.65721,2078.0
2025-06-06 11:39:00,103774.1,103774.11,103716.7,103720.89,13.32084,1237.0
2025-06-06 11:40:00,103720.89,103743.86,103720.89,103743.85,16.71821,833.0
2025-06-06 11:41:00,103743.85,103743.86,103725.96,103725.96,2.77761,879.0
2025-06-06 11:42:00,103725.96,103738.95,103715.01,103738.94,3.81405,1033.0
2025-06-06 11:43:00,103738.94,103849.17,103738.94,103849.16,25.80762,1984.0
2025-06-06 11:44:00,103849.17,103883.32,103849.16,103862.37,8.29366,1537.0
2025-06-06 11:45:00,103862.37,103899.97,103862.37,103899.97,2.92568,669.0
2025-06-06 11:46:00,103899.97,103916.95,103899.97,103902.9,6.12604,1017.0
2025-06-06 11:47:00,103902.91,103902.91,103840.19,103860.43,15.41379,1662.0
2025-06-06 11:48:00,103860.43,103893.48,103860.43,103893.47,3.33485,741.0
2025-06-06 11:49:00,103893.48,103893.48,103893.47,103893.48,1.38567,254.0
2025-06-06 11:50:00,103893.48,103917.58,103893.46,103917.57,5.73416,932.0
2025-06-06 11:51:00,103917.57,103982.64,103917.57,103968.33,19.28291,1893.0
2025-06-06 11:52:00,103968.34,103991.45,103945.67,103945.67,16.36381,1896.0
2025-06-06 11:53:00,103945.67,103967.96,103918.14,103918.15,9.90216,2285.0
2025-06-06 11:54:00,103918.14,103952.48,103918.14,103928.63,6.33852,1584.0
2025-06-06 11:55:00,103928.63,103940.52,103928.62,103940.52,2.03922,421.0
2025-06-06 11:56:00,103940.51,103940.52,103940.51,103940.51,1.83269,233.0
2025-06-06 11:57:00,103940.51,103940.52,103927.99,103927.99,4.8056,801.0
2025-06-06 11:58:00,103928.0,103928.0,103919.46,103919.47,2.60612,1113.0
2025-06-06 11:59:00,103919.47,103927.99,103919.46,103927.99,2.80258,635.0
2025-06-06 12:00:00,103927.99,104036.93,103927.98,104009.82,129.25112,5551.0
2025-06-06 12:01:00,104009.82,104009.83,103994.28,103994.28,3.88065,1025.0
2025-06-06 12:02:00,103994.29,104018.97,103994.28,104018.96,3.79322,832.0
2025-06-06 12:03:00,104018.97,104034.49,103996.0,103996.0,12.82493,2239.0
2025-06-06 12:04:00,103996.0,104019.76,103996.0,104019.76,4.01255,639.0
2025-06-06 12:05:00,104019.76,104019.76,103953.48,103961.22,6.85288,1710.0
2025-06-06 12:06:00,103961.22,103977.44,103959.64,103959.65,8.71554,1499.0
2025-06-06 12:07:00,103959.66,103976.51,103940.0,103974.58,11.0011,1885.0
2025-06-06 12:08:00,103974.59,103980.0,103972.27,103979.99,18.37554,927.0
2025-06-06 12:09:00,103979.99,103981.18,103972.36,103976.5,6.54374,936.0
2025-06-06 12:10:00,103976.49,103999.99,103976.49,103977.98,9.66489,1225.0
2025-06-06 12:11:00,103977.98,103977.99,103946.82,103946.83,6.61394,1505.0
2025-06-06 12:12:00,103946.83,103992.51,103946.82,103978.91,14.54714,1275.0
2025-06-06 12:13:00,103978.91,103990.0,103978.91,103989.99,3.38521,549.0
2025-06-06 12:14:00,103990.0,103990.0,103973.84,103978.92,7.90447,1496.0
2025-06-06 12:15:00,103978.92,103978.92,103887.42,103917.85,17.20982,3195.0
2025-06-06 12:16:00,103917.85,103920.01,103875.64,103898.07,20.23586,4318.0
2025-06-06 12:17:00,103898.07,103913.25,103898.06,103910.9,12.29699,1276.0
2025-06-06 12:18:00,103910.9,103918.0,103910.9,103918.0,2.66463,638.0
2025-06-06 12:19:00,103917.99,103928.0,103901.19,103912.93,12.45986,1480.0
2025-06-06 12:20:00,103912.94,103912.94,103904.27,103904.27,3.80436,873.0
2025-06-06 12:21:00,103904.27,103904.28,103894.51,103904.04,4.55041,883.0
2025-06-06 12:22:00,103904.04,103930.0,103904.04,103929.99,3.32049,1130.0
2025-06-06 12:23:00,103929.99,103939.1,103929.99,103939.09,6.66293,760.0
2025-06-06 12:24:00,103939.1,103939.1,103899.35,103899.35,8.72069,1104.0
2025-06-06 12:25:00,103899.36,103899.36,103806.61,103818.28,27.52268,2266.0
2025-06-06 12:26:00,103818.27,103871.28,103804.53,103871.27,21.04773,2075.0
2025-06-06 12:27:00,103871.27,103879.98,103861.16,103861.16,4.27818,1268.0
2025-06-06 12:28:00,103861.17,103874.15,103852.4,103874.14,3.48428,1071.0
2025-06-06 12:29:00,103874.15,103874.15,103847.67,103849.52,6.62498,895.0
2025-06-06 12:30:00,103849.52,104300.0,103849.52,104190.71,285.92823,18860.0
2025-06-06 12:31:00,104190.7,104247.21,103988.6,104072.5,52.71378,10424.0
2025-06-06 12:32:00,104072.49,104131.62,104047.91,104050.01,44.95521,5259.0
2025-06-06 12:33:00,104050.01,104069.77,103951.8,104020.0,34.1166,5130.0
2025-06-06 12:34:00,104019.99,104062.23,104004.62,104025.55,29.09877,3556.0
2025-06-06 12:35:00,104025.56,104119.99,104019.25,104119.98,14.42177,4185.0
2025-06-06 12:36:00,104119.98,104129.26,104048.35,104112.31,10.37483,4729.0
2025-06-06 12:37:00,104112.31,104173.8,103959.26,103959.26,38.66659,7472.0
2025-06-06 12:38:00,103959.26,103966.21,103858.1,103892.85,38.87564,9378.0
2025-06-06 12:39:00,103892.85,103901.84,103845.8,103868.79,27.74754,4470.0
2025-06-06 12:40:00,103868.79,103955.42,103853.2,103936.09,40.8354,5055.0
2025-06-06 12:41:00,103936.09,103936.09,103770.46,103780.91,37.10704,5371.0
2025-06-06 12:42:00,103780.92,103780.92,103653.95,103653.95,39.90643,7362.0
2025-06-06 12:43:00,103653.96,103679.15,103513.7,103618.87,64.37778,10036.0
2025-06-06 12:44:00,103618.86,103696.44,103618.86,103689.51,26.68802,4670.0
2025-06-06 12:45:00,103689.51,103902.9,103689.51,103896.97,48.77718,9202.0
2025-06-06 12:46:00,103896.96,103928.86,103877.22,103915.71,18.16133,3168.0
2025-06-06 12:47:00,103915.72,103950.59,103884.64,103938.81,8.42045,3366.0
2025-06-06 12:48:00,103938.82,103938.82,103908.11,103908.12,9.58227,1385.0
2025-06-06 12:49:00,103908.11,103911.41,103873.95,103878.96,7.91145,2665.0
2025-06-06 12:50:00,103878.97,103878.97,103819.68,103859.44,14.05938,4921.0
2025-06-06 12:51:00,103859.43,103859.44,103820.0,103837.14,5.5876,1644.0
2025-06-06 12:52:00,103837.14,103887.06,103837.14,103887.05,13.14456,1348.0
2025-06-06 12:53:00,103887.04,103950.57,103887.04,103925.3,9.24177,2053.0
2025-06-06 12:54:00,103925.29,103950.57,103899.79,103926.67,9.61305,3203.0
2025-06-06 12:55:00,103926.67,103926.67,103860.62,103860.62,5.90594,2226.0
2025-06-06 12:56:00,103860.62,103860.63,103816.0,103828.65,6.17344,2161.0
2025-06-06 12:57:00,103828.65,103849.84,103808.31,103830.93,8.90623,2083.0
2025-06-06 12:58:00,103830.93,103830.93,103774.04,103817.29,17.20655,2585.0
2025-06-06 12:59:00,103817.29,103817.3,103753.26,103753.27,12.04816,1205.0
2025-06-06 13:00:00,103753.26,103848.94,103753.26,103848.0,7.71111,3209.0
2025-06-06 13:01:00,103848.0,103893.78,103848.0,103880.7,4.01221,1676.0
2025-06-06 13:02:00,103880.7,103922.53,103880.69,103916.08,5.15816,1501.0
2025-06-06 13:03:00,103916.07,103916.08,103864.32,103895.49,20.42577,2083.0
2025-06-06 13:04:00,103895.49,103957.6,103895.49,103938.08,14.08326,2639.0
2025-06-06 13:05:00,103938.07,103957.04,103931.93,103940.98,10.24583,1219.0
2025-06-06 13:06:00,103940.97,103951.37,103931.21,103944.17,2.7383,792.0
2025-06-06 13:07:00,103944.18,103944.18,103913.47,103913.47,7.5856,1467.0
2025-06-06 13:08:00,103913.47,103924.27,103902.45,103913.38,5.41776,1241.0
2025-06-06 13:09:00,103913.38,103929.86,103898.59,103929.86,14.8677,1403.0
2025-06-06 13:10:00,103929.86,103958.2,103929.86,103940.03,7.47161,1561.0
2025-06-06 13:11:00,103940.04,103955.75,103918.56,103955.75,5.1353,1360.0
2025-06-06 13:12:00,103955.74,103975.0,103955.74,103974.99,2.62051,916.0
2025-06-06 13:13:00,103975.0,104050.0,103974.99,104045.05,13.50102,2915.0
2025-06-06 13:14:00,104045.05,104045.06,103986.79,103986.79,7.8375,2215.0
2025-06-06 13:15:00,103986.79,103992.96,103976.74,103976.74,5.91292,1282.0
2025-06-06 13:16:00,103976.74,103976.75,103951.58,103951.58,4.76803,1235.0
2025-06-06 13:17:00,103951.58,103951.59,103915.06,103915.07,5.71568,1882.0
2025-06-06 13:18:00,103915.07,103927.03,103896.67,103927.03,7.29924,2066.0
2025-06-06 13:19:00,103927.02,103991.37,103927.02,103991.36,5.60316,2187.0
2025-06-06 13:20:00,103991.37,103991.37,103974.1,103974.12,13.53613,1398.0
2025-06-06 13:21:00,103974.12,103974.12,103974.11,103974.11,0.95802,160.0
2025-06-06 13:22:00,103974.12,103974.12,103930.23,103930.24,8.48374,1206.0
2025-06-06 13:23:00,103930.23,103950.0,103930.23,103949.99,4.22007,934.0
2025-06-06 13:24:00,103950.0,103950.0,103910.17,103919.28,7.05464,1178.0
2025-06-06 13:25:00,103919.28,103934.19,103913.02,103913.02,13.25239,1263.0
2025-06-06 13:26:00,103913.02,103934.18,103913.02,103934.17,1.88386,689.0
2025-06-06 13:27:00,103934.17,103934.18,103911.43,103911.44,6.4756,730.0
2025-06-06 13:28:00,103911.44,103986.09,103911.43,103971.26,22.71217,2138.0
2025-06-06 13:29:00,103971.25,103971.26,103910.17,103923.06,11.78145,1827.0
2025-06-06 13:30:00,103923.06,103976.75,103913.58,103953.48,27.69817,6828.0
2025-06-06 13:31:00,103953.48,103954.67,103883.72,103939.85,19.1994,5605.0
2025-06-06 13:32:00,103939.86,104000.0,103883.72,103968.23,12.36819,5751.0
2025-06-06 13:33:00,103968.23,104019.66,103899.57,104000.95,14.91608,7272.0
2025-06-06 13:34:00,104000.95,104000.95,103948.06,103999.99,10.53781,4355.0
2025-06-06 13:35:00,103999.99,104012.75,103930.23,104012.74,13.05945,5734.0
2025-06-06 13:36:00,104012.75,104123.41,104012.74,104086.04,27.52662,7053.0
2025-06-06 13:37:00,104086.04,104155.16,104086.04,104154.33,12.16223,4087.0
2025-06-06 13:38:00,104154.33,104291.96,104085.06,104085.06,51.32213,10522.0
2025-06-06 13:39:00,104085.06,104270.78,104085.06,104250.21,23.52565,5021.0
2025-06-06 13:40:00,104250.2,104417.52,104250.2,104356.67,75.77656,9886.0
2025-06-06 13:41:00,104356.68,104418.95,104325.56,104418.95,26.91279,4904.0
2025-06-06 13:42:00,104418.94,104476.98,104418.94,104474.06,34.72294,5608.0
2025-06-06 13:43:00,104474.06,104510.2,104358.37,104386.03,74.96569,8791.0
2025-06-06 13:44:00,104386.02,104394.48,104370.0,104370.0,15.65697,3667.0
2025-06-06 13:45:00,104370.01,104529.65,104370.01,104497.33,22.49416,6787.0
2025-06-06 13:46:00,104497.33,104507.77,104431.48,104459.18,20.78919,3361.0
2025-06-06 13:47:00,104459.18,104459.18,104229.95,104293.36,30.65467,7217.0
2025-06-06 13:48:00,104293.36,104321.75,104233.21,104321.75,15.40387,4577.0
2025-06-06 13:49:00,104321.75,104434.48,104311.22,104434.47,13.09474,4511.0
2025-06-06 13:50:00,104434.48,104521.8,104372.9,104390.64,21.92632,5662.0
2025-06-06 13:51:00,104390.64,104390.64,104278.94,104278.94,26.19087,5747.0
2025-06-06 13:52:00,104278.95,104279.76,104232.7,104260.24,10.96287,4658.0
2025-06-06 13:53:00,104260.23,104288.92,104223.69,104284.4,8.83929,3270.0
2025-06-06 13:54:00,104284.41,104284.41,104204.48,104222.25,11.24836,3551.0
2025-06-06 13:55:00,104222.24,104246.97,104144.14,104144.15,8.99907,3668.0
2025-06-06 13:56:00,104144.15,104144.15,104015.0,104084.75,38.51938,4171.0
2025-06-06 13:57:00,104084.75,104097.73,104072.07,104092.52,8.89506,1432.0
2025-06-06 13:58:00,104092.53,104092.53,104048.11,104084.77,12.17243,2131.0
2025-06-06 13:59:00,104085.38,104098.85,104061.39,104098.84,11.83609,1751.0
2025-06-06 14:00:00,104098.84,104135.21,104069.76,104094.82,31.74963,4920.0
2025-06-06 14:01:00,104094.82,104119.33,104056.91,104119.32,24.18772,3296.0
2025-06-06 14:02:00,104119.32,104138.96,104069.76,104079.73,7.11626,3188.0
2025-06-06 14:03:00,104079.73,104190.0,104004.83,104189.99,27.51986,8233.0
2025-06-06 14:04:00,104190.0,104254.88,104163.57,104171.55,12.9725,5934.0
2025-06-06 14:05:00,104171.55,104252.42,104150.86,104252.42,8.26873,3958.0
2025-06-06 14:06:00,104252.41,104288.91,104227.97,104227.97,11.08145,3849.0
2025-06-06 14:07:00,104227.98,104227.98,104154.33,104173.06,7.12684,3271.0
2025-06-06 14:08:00,104173.06,104246.7,104166.87,104246.7,6.12774,2374.0
2025-06-06 14:09:00,104246.7,104276.34,104234.65,104276.34,4.68806,1972.0
2025-06-06 14:10:00,104276.33,104317.32,104276.33,104302.48,9.89837,1982.0
2025-06-06 14:11:00,104300.96,104324.14,104182.27,104251.99,14.88273,5700.0
2025-06-06 14:12:00,104252.0,104271.06,104222.65,104241.98,14.22452,4852.0
2025-06-06 14:13:00,104241.98,104255.82,104206.76,104255.81,13.6511,2329.0
2025-06-06 14:14:00,104255.81,104372.08,104255.81,104336.05,18.34041,4690.0
2025-06-06 14:15:00,104336.04,104372.88,104302.32,104302.32,8.81931,3198.0
2025-06-06 14:16:00,104302.33,104335.84,104278.0,104335.84,11.84574,2919.0
2025-06-06 14:17:00,104335.83,104452.16,104335.83,104441.87,26.01193,3415.0
2025-06-06 14:18:00,104441.86,104472.19,104441.86,104472.18,6.17107,1146.0
2025-06-06 14:19:00,104472.18,104472.18,104402.8,104402.8,13.46232,2661.0
2025-06-06 14:20:00,104402.8,104402.81,104352.67,104374.53,14.51877,2416.0
2025-06-06 14:21:00,104374.54,104441.87,104374.53,104441.86,4.49174,2661.0
2025-06-06 14:22:00,104441.86,104469.63,104401.76,104401.76,6.61192,2789.0
2025-06-06 14:23:00,104401.76,104437.02,104395.43,104437.02,10.44012,3464.0
2025-06-06 14:24:00,104437.02,104473.15,104437.02,104473.15,8.28652,1729.0
2025-06-06 14:25:00,104473.14,104473.15,104421.94,104438.93,25.2364,3722.0
2025-06-06 14:26:00,104438.93,104450.0,104410.18,104442.32,8.95563,1921.0
2025-06-06 14:27:00,104442.33,104488.0,104442.32,104488.0,8.9343,1344.0
2025-06-06 14:28:00,104488.0,104570.59,104487.99,104535.83,47.62905,4861.0
2025-06-06 14:29:00,104535.82,104577.74,104511.46,104559.83,32.45419,3615.0
2025-06-06 14:30:00,104559.84,104581.0,104540.01,104570.51,10.43517,2502.0
2025-06-06 14:31:00,104570.52,104581.35,104533.55,104533.56,22.15319,2606.0
2025-06-06 14:32:00,104533.56,104533.57,104368.92,104393.54,29.07448,5703.0
2025-06-06 14:33:00,104393.53,104459.9,104379.29,104459.89,8.86419,2598.0
2025-06-06 14:34:00,104459.9,104459.9,104400.11,104408.01,19.74041,4165.0
2025-06-06 14:35:00,104408.0,104484.01,104403.68,104484.0,9.63331,3639.0
2025-06-06 14:36:00,104484.0,104493.82,104431.42,104431.42,11.92287,3221.0
2025-06-06 14:37:00,104431.42,104477.29,104431.42,104462.22,11.35233,2825.0
2025-06-06 14:38:00,104462.23,104471.6,104437.98,104437.98,6.98254,1431.0
2025-06-06 14:39:00,104437.99,104499.0,104437.98,104499.0,7.14377,2878.0
2025-06-06 14:40:00,104498.99,104759.0,104498.99,104758.99,100.73865,9383.0
2025-06-06 14:41:00,104758.99,104774.32,104728.49,104728.5,31.81757,3939.0
2025-06-06 14:42:00,104728.49,104728.5,104663.25,104663.25,20.70267,2632.0
2025-06-06 14:43:00,104663.25,104742.31,104663.25,104732.93,11.38581,3144.0
2025-06-06 14:44:00,104732.92,104784.81,104732.92,104784.81,11.86493,3314.0
2025-06-06 14:45:00,104784.8,104792.47,104753.43,104775.8,15.15988,3498.0
2025-06-06 14:46:00,104775.79,104880.88,104630.0,104665.71,60.18265,10683.0
2025-06-06 14:47:00,104666.46,104708.0,104623.04,104655.95,16.46116,5517.0
2025-06-06 14:48:00,104655.96,104767.45,104645.34,104748.53,20.95729,3966.0
2025-06-06 14:49:00,104748.52,104831.14,104720.0,104831.13,13.12393,4072.0
2025-06-06 14:50:00,104831.14,104871.99,104792.19,104811.53,19.72347,4581.0
2025-06-06 14:51:00,104811.54,104811.54,104752.9,104784.31,8.36511,2556.0
2025-06-06 14:52:00,104784.31,104786.31,104740.0,104740.83,10.44789,2345.0
2025-06-06 14:53:00,104740.84,104780.12,104734.78,104734.78,6.52374,2305.0
2025-06-06 14:54:00,104734.79,104769.92,104722.27,104722.28,5.27849,1803.0
2025-06-06 14:55:00,104722.27,104738.63,104697.67,104703.48,9.68774,3182.0
2025-06-06 14:56:00,104703.47,104745.89,104666.72,104743.3,12.71385,4428.0
2025-06-06 14:57:00,104743.31,104778.52,104727.0,104728.01,10.9922,3003.0
2025-06-06 14:58:00,104728.0,104800.0,104728.0,104800.0,14.57386,3574.0
2025-06-06 14:59:00,104799.99,104802.36,104774.0,104776.7,8.01145,1570.0
2025-06-06 15:00:00,104776.7,104819.33,104766.35,104808.71,16.24273,5060.0
2025-06-06 15:01:00,104808.7,104841.58,104767.44,104808.6,7.5482,3770.0
2025-06-06 15:02:00,104808.59,104821.0,104772.0,104805.03,14.02114,3695.0
2025-06-06 15:03:00,104805.03,104850.0,104791.47,104849.99,5.34253,3312.0
2025-06-06 15:04:00,104850.0,104968.23,104771.22,104771.23,55.98987,10612.0
2025-06-06 15:05:00,104771.23,104871.74,104767.44,104866.66,16.33299,6913.0
2025-06-06 15:06:00,104866.66,104936.45,104788.88,104921.88,24.09085,8581.0
2025-06-06 15:07:00,104921.87,104930.82,104866.38,104893.72,26.17086,4342.0
2025-06-06 15:08:00,104893.73,104893.73,104744.18,104744.19,14.60239,5092.0
2025-06-06 15:09:00,104744.18,104744.19,104674.41,104684.31,15.42759,3885.0
2025-06-06 15:10:00,104684.3,104764.0,104684.3,104763.99,18.99458,3136.0
2025-06-06 15:11:00,104763.99,104810.54,104763.99,104810.53,7.06783,2482.0
2025-06-06 15:12:00,104810.54,104860.46,104789.06,104821.29,17.0418,2820.0
2025-06-06 15:13:00,104821.29,104966.38,104821.29,104966.37,16.02847,3553.0
2025-06-06 15:14:00,104966.37,105177.55,104966.37,105166.78,225.20869,15087.0
2025-06-06 15:15:00,105166.78,105299.95,105166.78,105203.24,67.26609,9339.0
2025-06-06 15:16:00,105203.23,105333.0,105189.36,105268.93,53.84464,9995.0
2025-06-06 15:17:00,105268.94,105297.43,104993.79,105043.79,43.49619,11260.0
2025-06-06 15:18:00,105043.78,105043.79,104914.41,104959.64,25.11118,6690.0
2025-06-06 15:19:00,104959.65,104999.34,104897.42,104966.17,13.06655,7090.0
2025-06-06 15:20:00,104966.17,104989.58,104875.22,104937.08,23.09617,7488.0
2025-06-06 15:21:00,104937.08,104937.09,104844.98,104919.99,15.69102,5762.0
2025-06-06 15:22:00,104919.99,105019.75,104902.73,104989.99,23.98871,6375.0
2025-06-06 15:23:00,104989.99,104990.0,104906.97,104913.84,5.41027,2766.0
2025-06-06 15:24:00,104913.85,104930.24,104889.5,104914.39,24.72009,2959.0
2025-06-06 15:25:00,104914.39,104963.62,104905.46,104955.91,11.99171,1929.0
2025-06-06 15:26:00,104955.9,104955.91,104848.49,104861.64,11.05145,3504.0
2025-06-06 15:27:00,104861.64,104861.64,104768.8,104785.08,37.64774,5010.0
2025-06-06 15:28:00,104785.09,104790.7,104747.53,104790.69,12.58402,2512.0
2025-06-06 15:29:00,104790.7,104840.0,104790.7,104827.11,8.29284,1358.0
2025-06-06 15:30:00,104827.1,104860.47,104824.01,104844.85,10.15048,2078.0
2025-06-06 15:31:00,104844.86,104944.0,104844.85,104944.0,27.12456,3404.0
2025-06-06 15:32:00,104943.99,104944.0,104906.97,104929.34,8.70309,2415.0
2025-06-06 15:33:00,104929.33,104953.49,104929.33,104945.43,3.82176,1386.0
2025-06-06 15:34:00,104945.44,104956.0,104906.97,104906.98,13.87967,2772.0
2025-06-06 15:35:00,104906.98,104940.0,104876.46,104876.47,21.43197,2477.0
2025-06-06 15:36:00,104876.47,104881.98,104663.31,104726.72,45.91258,5732.0
2025-06-06 15:37:00,104726.71,104758.19,104700.0,104758.18,9.09517,2245.0
2025-06-06 15:38:00,104758.19,104789.46,104733.92,104789.45,7.63661,2132.0
2025-06-06 15:39:00,104789.46,104806.42,104651.16,104671.52,21.74698,3884.0
2025-06-06 15:40:00,104671.51,104741.88,104671.51,104703.67,27.23664,3508.0
2025-06-06 15:41:00,104703.66,104703.67,104616.12,104645.35,28.59781,2937.0
2025-06-06 15:42:00,104645.36,104673.93,104616.42,104628.46,15.73727,2888.0
2025-06-06 15:43:00,104628.48,104679.99,104628.48,104659.38,13.83174,3674.0
2025-06-06 15:44:00,104659.38,104696.57,104658.82,104696.57,11.13868,1529.0
2025-06-06 15:45:00,104696.57,104817.65,104696.56,104817.64,16.67822,3242.0
2025-06-06 15:46:00,104817.64,104837.5,104780.84,104811.4,18.65596,2624.0
2025-06-06 15:47:00,104811.39,104844.99,104802.35,104844.99,6.87117,2743.0
2025-06-06 15:48:00,104844.99,104906.98,104844.98,104906.97,7.85611,2197.0
2025-06-06 15:49:00,104906.98,104975.99,104906.97,104965.27,24.47369,2904.0
2025-06-06 15:50:00,104965.77,104990.0,104965.77,104984.34,4.60619,2130.0
2025-06-06 15:51:00,104984.33,105021.74,104984.33,105005.23,17.53902,3954.0
2025-06-06 15:52:00,105005.22,105019.57,104906.33,104953.49,42.52006,3580.0
2025-06-06 15:53:00,104953.48,105021.32,104953.48,105011.08,5.32071,1771.0
2025-06-06 15:54:00,105011.08,105022.64,104998.24,105022.64,4.77848,1019.0
2025-06-06 15:55:00,105022.63,105053.13,105007.49,105007.5,9.37307,2107.0
2025-06-06 15:56:00,105007.49,105007.5,104948.52,104948.52,6.32102,2355.0
2025-06-06 15:57:00,104948.52,104953.49,104906.97,104936.37,10.0508,3016.0
2025-06-06 15:58:00,104936.38,105049.58,104936.37,105040.65,18.02398,4206.0
2025-06-06 15:59:00,105040.66,105111.0,105040.65,105092.28,18.52053,3882.0
2025-06-06 16:00:00,105092.28,105130.16,105069.62,105069.63,11.64654,3163.0
2025-06-06 16:01:00,105069.62,105069.63,105014.36,105021.9,13.4942,2546.0
2025-06-06 16:02:00,105021.91,105068.82,105021.9,105063.01,26.33384,2127.0
2025-06-06 16:03:00,105063.01,105066.91,105024.22,105046.3,34.00475,1606.0
2025-06-06 16:04:00,105046.31,105065.11,105029.95,105039.49,8.27333,2275.0
2025-06-06 16:05:00,105039.49,105060.0,105034.5,105060.0,4.51232,1404.0
2025-06-06 16:06:00,105060.0,105060.0,104990.43,105016.37,11.64577,3003.0
2025-06-06 16:07:00,105016.38,105016.38,104986.88,104999.71,24.75066,1772.0
2025-06-06 16:08:00,104999.71,105000.0,104987.79,104993.04,4.77631,856.0
2025-06-06 16:09:00,104993.05,105033.21,104993.04,105019.14,16.76803,2281.0
2025-06-06 16:10:00,105019.15,105046.52,104982.87,105046.51,13.37634,2297.0
2025-06-06 16:11:00,105046.52,105051.34,105044.61,105046.23,3.27914,914.0
2025-06-06 16:12:00,105046.23,105059.18,105046.23,105059.18,6.52806,629.0
2025-06-06 16:13:00,105059.17,105059.18,105030.7,105037.3,7.59197,1432.0
2025-06-06 16:14:00,105037.3,105037.3,105007.92,105007.93,8.05668,1087.0
2025-06-06 16:15:00,105007.93,105042.85,105007.93,105012.09,10.61,2503.0
2025-06-06 16:16:00,105012.09,105059.18,105012.09,105020.61,14.74817,2909.0
2025-06-06 16:17:00,105020.61,105059.99,105020.61,105059.98,9.65954,1252.0
2025-06-06 16:18:00,105059.98,105059.98,105039.52,105045.54,6.89857,1113.0
2025-06-06 16:19:00,105045.53,105045.54,105013.02,105033.94,7.38908,1445.0
2025-06-06 16:20:00,105033.93,105190.04,105033.93,105177.42,32.19425,5145.0
2025-06-06 16:21:00,105177.42,105177.42,105091.79,105134.74,11.88451,3786.0
2025-06-06 16:22:00,105134.73,105230.03,105132.62,105230.02,7.80441,3000.0
2025-06-06 16:23:00,105230.02,105284.0,105220.0,105258.36,21.82729,5564.0
2025-06-06 16:24:00,105258.37,105262.38,105206.14,105217.59,7.55094,1850.0
2025-06-06 16:25:00,105217.6,105278.71,105173.65,105262.38,20.64063,3839.0
2025-06-06 16:26:00,105262.37,105284.0,105249.34,105249.34,14.71645,2344.0
2025-06-06 16:27:00,105249.35,105280.14,105177.62,105198.14,65.63648,3024.0
2025-06-06 16:28:00,105198.15,105198.15,105012.09,105094.74,105.09042,4324.0
2025-06-06 16:29:00,105094.73,105094.73,104997.13,105071.41,58.81275,3714.0
2025-06-06 16:30:00,105071.41,105074.43,104984.01,105015.94,43.55391,3408.0
2025-06-06 16:31:00,105015.95,105015.96,104978.69,104978.69,25.62111,2643.0
2025-06-06 16:32:00,104978.69,104999.94,104949.37,104987.54,67.70061,6111.0
2025-06-06 16:33:00,104987.54,104987.54,104911.08,104931.05,38.39856,4138.0
2025-06-06 16:34:00,104931.05,104980.84,104931.04,104962.74,39.22095,3336.0
2025-06-06 16:35:00,104962.75,104999.79,104932.16,104999.78,10.12398,2864.0
2025-06-06 16:36:00,104999.78,105045.24,104999.78,105012.6,12.44428,2167.0
2025-06-06 16:37:00,105012.6,105012.6,104959.07,104992.22,7.41478,2358.0
2025-06-06 16:38:00,104992.21,105031.97,104977.14,105031.97,17.15443,3815.0
2025-06-06 16:39:00,105031.97,105031.97,104956.75,104956.75,7.84629,2659.0
2025-06-06 16:40:00,104956.75,104956.76,104910.93,104944.15,16.13542,4027.0
2025-06-06 16:41:00,104944.14,104944.15,104906.97,104906.97,5.41333,1111.0
2025-06-06 16:42:00,104906.97,104906.98,104860.0,104874.46,10.73335,2486.0
2025-06-06 16:43:00,104874.47,104885.81,104853.55,104855.67,8.12801,1502.0
2025-06-06 16:44:00,104855.68,104930.24,104835.91,104930.23,22.33069,3372.0
2025-06-06 16:45:00,104930.23,104931.99,104907.81,104907.81,6.32886,1006.0
2025-06-06 16:46:00,104907.81,104952.93,104907.81,104952.92,6.55895,1622.0
2025-06-06 16:47:00,104952.93,104962.81,104948.01,104955.49,5.0733,1519.0
2025-06-06 16:48:00,104955.49,105046.5,104955.49,105045.46,10.80982,4091.0
2025-06-06 16:49:00,105045.46,105073.59,105045.45,105066.48,7.09289,1819.0
2025-06-06 16:50:00,105066.49,105089.57,105040.0,105050.71,15.0615,3344.0
2025-06-06 16:51:00,105050.71,105050.72,105000.05,105000.06,5.50767,2161.0
2025-06-06 16:52:00,105000.05,105000.06,104906.97,104906.98,8.99885,2826.0
2025-06-06 16:53:00,104906.97,104911.02,104884.5,104911.02,7.92446,1798.0
2025-06-06 16:54:00,104911.01,104911.02,104856.53,104856.53,6.93461,1102.0
2025-06-06 16:55:00,104856.54,104856.54,104721.91,104730.35,17.0103,4086.0
2025-06-06 16:56:00,104730.36,104765.9,104708.08,104765.89,7.46543,1873.0
2025-06-06 16:57:00,104765.89,104788.43,104760.36,104788.42,14.35884,1417.0
2025-06-06 16:58:00,104788.42,104788.43,104745.2,104765.63,9.6056,1699.0
2025-06-06 16:59:00,104765.63,104765.64,104743.16,104758.27,6.28059,904.0
2025-06-06 17:00:00,104758.28,104829.57,104758.27,104799.53,9.70594,3467.0
2025-06-06 17:01:00,104799.53,104825.08,104799.53,104818.68,5.02374,2124.0
2025-06-06 17:02:00,104818.67,104819.17,104767.45,104769.32,12.98992,2967.0
2025-06-06 17:03:00,104769.31,104816.8,104748.67,104806.75,9.12843,3021.0
2025-06-06 17:04:00,104806.74,104806.74,104692.0,104692.0,19.88308,3704.0
2025-06-06 17:05:00,104692.0,104692.0,104633.73,104669.27,24.53434,3275.0
2025-06-06 17:06:00,104669.26,104669.27,104573.93,104616.65,22.74091,3429.0
2025-06-06 17:07:00,104616.65,104627.11,104581.39,104600.28,14.41982,2371.0
2025-06-06 17:08:00,104600.28,104600.29,104540.93,104540.94,11.57123,2140.0
2025-06-06 17:09:00,104540.93,104577.42,104540.93,104541.85,19.21453,3229.0
2025-06-06 17:10:00,104541.86,104577.16,104531.19,104531.19,17.66306,2644.0
2025-06-06 17:11:00,104531.19,104538.4,104390.18,104480.58,60.50901,4785.0
2025-06-06 17:12:00,104480.58,104563.11,104461.88,104550.71,13.57007,4280.0
2025-06-06 17:13:00,104550.7,104610.75,104550.7,104576.29,10.35645,2930.0
2025-06-06 17:14:00,104576.29,104588.45,104511.62,104511.62,12.53963,2287.0
2025-06-06 17:15:00,104511.62,104551.79,104501.11,104551.79,5.338,2390.0
2025-06-06 17:16:00,104551.79,104594.12,104551.78,104574.54,11.81267,3430.0
2025-06-06 17:17:00,104574.55,104635.84,104552.12,104635.84,7.24955,3696.0
2025-06-06 17:18:00,104635.84,104678.05,104635.84,104678.04,15.31182,1672.0
2025-06-06 17:19:00,104678.05,104678.05,104638.83,104659.28,10.76206,4272.0
2025-06-06 17:20:00,104659.27,104780.21,104659.27,104770.44,15.69924,3662.0
2025-06-06 17:21:00,104770.45,104770.45,104703.75,104741.27,6.87547,3461.0
2025-06-06 17:22:00,104741.27,104766.69,104692.82,104692.82,6.00071,3958.0
2025-06-06 17:23:00,104692.82,104724.8,104662.02,104724.8,14.32658,3349.0
2025-06-06 17:24:00,104724.8,104734.21,104688.33,104704.99,5.23892,2463.0
2025-06-06 17:25:00,104704.99,104705.0,104561.65,104571.65,15.44807,4484.0
2025-06-06 17:26:00,104571.65,104571.65,104488.37,104488.37,7.71079,4718.0
2025-06-06 17:27:00,104488.37,104500.0,104488.37,104496.68,19.67195,1142.0
2025-06-06 17:28:00,104496.68,104500.0,104475.47,104500.0,37.56966,2402.0
2025-06-06 17:29:00,104499.99,104505.34,104499.99,104505.33,6.29084,1028.0
2025-06-06 17:30:00,104505.33,104566.61,104505.33,104548.48,14.83215,2564.0
2025-06-06 17:31:00,104548.48,104548.49,104516.95,104516.99,4.65719,1761.0
2025-06-06 17:32:00,104516.99,104517.0,104455.01,104471.43,8.3505,2930.0
2025-06-06 17:33:00,104471.42,104471.43,104460.81,104465.11,2.39077,929.0
2025-06-06 17:34:00,104465.11,104497.44,104465.11,104497.43,11.33408,788.0
2025-06-06 17:35:00,104497.44,104566.04,104497.43,104566.04,9.39233,963.0
2025-06-06 17:36:00,104566.03,104601.61,104566.03,104590.07,13.18598,1454.0
2025-06-06 17:37:00,104590.07,104590.07,104564.11,104571.81,4.77037,1232.0
2025-06-06 17:38:00,104571.81,104600.27,104571.8,104595.56,5.69272,895.0
2025-06-06 17:39:00,104595.56,104641.06,104595.56,104629.54,8.69706,1064.0
2025-06-06 17:40:00,104629.54,104645.29,104600.52,104638.48,6.21015,1713.0
2025-06-06 17:41:00,104638.47,104638.47,104612.06,104616.77,5.60445,1810.0
2025-06-06 17:42:00,104616.76,104641.92,104597.8,104597.8,5.65888,1943.0
2025-06-06 17:43:00,104597.81,104597.82,104541.78,104541.79,5.11175,1627.0
2025-06-06 17:44:00,104541.78,104563.53,104490.95,104563.53,8.13465,2712.0
2025-06-06 17:45:00,104563.52,104627.91,104563.52,104627.91,7.09139,1169.0
2025-06-06 17:46:00,104627.91,104648.87,104607.74,104648.87,9.65053,1247.0
2025-06-06 17:47:00,104648.86,104708.0,104595.03,104613.73,19.18976,3805.0
2025-06-06 17:48:00,104615.68,104615.68,104586.61,104586.9,6.84419,1179.0
2025-06-06 17:49:00,104586.91,104637.72,104565.93,104637.72,15.67276,1862.0
2025-06-06 17:50:00,104637.71,104659.98,104632.8,104645.2,3.702,851.0
2025-06-06 17:51:00,104645.19,104659.15,104621.13,104621.14,8.78081,1679.0
2025-06-06 17:52:00,104621.14,104621.14,104594.19,104614.35,4.98025,1166.0
2025-06-06 17:53:00,104614.34,104636.1,104611.47,104636.09,7.55407,778.0
2025-06-06 17:54:00,104636.1,104734.65,104636.1,104725.31,15.1544,1798.0
2025-06-06 17:55:00,104725.31,104767.45,104723.12,104761.91,10.31015,2173.0
2025-06-06 17:56:00,104761.92,104830.63,104761.91,104812.77,28.56258,2145.0
2025-06-06 17:57:00,104812.78,104872.0,104812.77,104871.99,14.16454,1526.0
2025-06-06 17:58:00,104871.99,104975.47,104871.99,104956.17,41.67044,5115.0
2025-06-06 17:59:00,104956.16,104956.17,104922.13,104922.14,5.19991,1036.0
2025-06-06 18:00:00,104922.14,104982.38,104906.97,104916.0,14.13918,4025.0
2025-06-06 18:01:00,104916.0,104945.41,104916.0,104927.9,4.68322,888.0
2025-06-06 18:02:00,104927.9,104979.98,104923.18,104943.33,10.68978,3032.0
2025-06-06 18:03:00,104943.32,104943.33,104906.97,104906.98,5.51884,1906.0
2025-06-06 18:04:00,104906.97,104906.97,104860.46,104860.6,6.93971,2329.0
2025-06-06 18:05:00,104860.6,104869.22,104843.8,104869.22,5.22612,1274.0
2025-06-06 18:06:00,104869.21,104869.22,104786.17,104812.3,6.55536,2555.0
2025-06-06 18:07:00,104812.31,104860.01,104805.55,104805.55,7.15652,2453.0
2025-06-06 18:08:00,104805.55,104813.96,104793.36,104813.96,2.50473,1160.0
2025-06-06 18:09:00,104813.95,104813.96,104796.0,104796.0,1.47539,789.0
2025-06-06 18:10:00,104796.0,104796.0,104725.28,104759.86,8.19147,3222.0
2025-06-06 18:11:00,104759.87,104765.92,104735.78,104735.78,5.19661,1021.0
2025-06-06 18:12:00,104735.78,104735.79,104700.69,104700.69,2.98746,1191.0
2025-06-06 18:13:00,104700.69,104720.91,104697.67,104697.67,3.38788,1580.0
2025-06-06 18:14:00,104697.67,104697.68,104655.98,104655.99,3.15214,1380.0
2025-06-06 18:15:00,104655.99,104661.11,104639.71,104661.11,3.06845,1103.0
2025-06-06 18:16:00,104661.1,104665.48,104647.68,104647.68,2.93249,609.0
2025-06-06 18:17:00,104647.69,104658.15,104633.73,104633.73,3.17689,1064.0
2025-06-06 18:18:00,104633.74,104633.74,104581.39,104612.01,13.44903,2106.0
2025-06-06 18:19:00,104612.01,104674.42,104612.0,104652.13,6.32447,1881.0
2025-06-06 18:20:00,104652.12,104659.1,104629.07,104629.07,2.29356,996.0
2025-06-06 18:21:00,104629.08,104629.08,104511.62,104523.33,13.44203,2960.0
2025-06-06 18:22:00,104523.34,104550.78,104488.38,104549.02,18.05638,3284.0
2025-06-06 18:23:00,104549.02,104549.02,104505.32,104527.97,9.04223,1180.0
2025-06-06 18:24:00,104527.97,104534.89,104512.11,104512.11,5.00027,748.0
2025-06-06 18:25:00,104512.11,104521.78,104475.93,104475.93,5.82646,1675.0
2025-06-06 18:26:00,104475.94,104521.78,104475.94,104496.02,9.30621,2066.0
2025-06-06 18:27:00,104496.01,104496.01,104476.28,104476.28,6.15959,681.0
2025-06-06 18:28:00,104476.28,104504.05,104476.28,104494.89,4.23364,1322.0
2025-06-06 18:29:00,104494.89,104506.99,104494.37,104506.99,3.62309,1046.0
2025-06-06 18:30:00,104506.99,104592.78,104506.99,104552.62,27.19627,3363.0
2025-06-06 18:31:00,104552.62,104556.56,104543.87,104551.2,1.84734,1331.0
2025-06-06 18:32:00,104551.21,104642.18,104539.59,104642.17,12.51614,3344.0
2025-06-06 18:33:00,104642.17,104678.59,104624.64,104678.59,7.66174,2394.0
2025-06-06 18:34:00,104678.58,104684.47,104657.39,104668.32,5.94228,1998.0
2025-06-06 18:35:00,104668.32,104724.0,104662.62,104688.08,8.11149,2538.0
2025-06-06 18:36:00,104688.08,104711.88,104676.45,104711.87,3.6561,1555.0
2025-06-06 18:37:00,104711.88,104729.89,104682.93,104682.94,3.46568,2443.0
2025-06-06 18:38:00,104682.94,104725.97,104665.72,104725.96,3.33395,1856.0
2025-06-06 18:39:00,104725.95,104725.96,104646.91,104695.74,7.69399,3276.0
2025-06-06 18:40:00,104695.74,104702.75,104686.53,104702.74,2.41944,1069.0
2025-06-06 18:41:00,104702.75,104702.75,104614.49,104614.49,11.55488,2550.0
2025-06-06 18:42:00,104614.5,104614.5,104581.39,104608.36,6.55482,2263.0
2025-06-06 18:43:00,104608.36,104608.36,104591.94,104591.95,2.01191,908.0
2025-06-06 18:44:00,104591.94,104669.31,104591.94,104647.91,11.0212,2119.0
2025-06-06 18:45:00,104647.92,104657.9,104633.69,104644.16,2.40819,1196.0
2025-06-06 18:46:00,104644.16,104669.3,104626.9,104669.29,6.76153,1414.0
2025-06-06 18:47:00,104669.29,104696.51,104664.81,104664.81,5.05703,1382.0
2025-06-06 18:48:00,104664.82,104664.82,104604.93,104604.94,2.42965,1696.0
2025-06-06 18:49:00,104604.94,104604.94,104576.28,104581.4,3.71606,1632.0
2025-06-06 18:50:00,104581.39,104581.4,104570.93,104570.93,1.9245,802.0
2025-06-06 18:51:00,104570.93,104570.93,104521.94,104536.29,10.5559,2312.0
2025-06-06 18:52:00,104536.29,104543.85,104526.18,104543.85,1.53001,707.0
2025-06-06 18:53:00,104543.84,104543.85,104535.28,104535.28,1.43113,421.0
2025-06-06 18:54:00,104535.28,104535.28,104491.47,104491.47,3.57938,1356.0
2025-06-06 18:55:00,104491.48,104500.01,104488.37,104500.01,2.87927,544.0
2025-06-06 18:56:00,104500.0,104531.32,104500.0,104522.47,6.15336,1077.0
2025-06-06 18:57:00,104522.47,104522.47,104502.5,104502.51,1.85919,517.0
2025-06-06 18:58:00,104502.51,104502.51,104492.05,104497.68,6.42943,694.0
2025-06-06 18:59:00,104497.68,104497.69,104477.77,104497.69,8.04399,1153.0
2025-06-06 19:00:00,104497.69,104551.17,104497.68,104539.64,17.93122,2135.0
2025-06-06 19:01:00,104539.64,104539.64,104497.8,104497.8,7.85482,1280.0
2025-06-06 19:02:00,104497.8,104504.22,104497.8,104504.21,7.17677,519.0
2025-06-06 19:03:00,104504.21,104504.22,104476.29,104476.29,7.92273,1329.0
2025-06-06 19:04:00,104476.29,104531.2,104476.29,104531.19,8.32185,1121.0
2025-06-06 19:05:00,104531.2,104575.12,104531.19,104566.91,9.49201,1840.0
2025-06-06 19:06:00,104566.91,104569.73,104529.81,104529.81,5.10582,2144.0
2025-06-06 19:07:00,104529.81,104529.82,104519.19,104519.19,1.16892,625.0
2025-06-06 19:08:00,104519.19,104526.38,104512.64,104526.38,4.13455,1136.0
2025-06-06 19:09:00,104526.38,104526.38,104515.92,104516.51,2.76568,889.0
2025-06-06 19:10:00,104516.5,104516.51,104409.46,104441.86,32.33205,3781.0
2025-06-06 19:11:00,104441.87,104455.12,104441.86,104451.77,3.67512,768.0
2025-06-06 19:12:00,104451.77,104488.38,104446.54,104488.38,4.74944,1732.0
2025-06-06 19:13:00,104488.38,104581.4,104488.37,104581.4,9.12855,1943.0
2025-06-06 19:14:00,104581.39,104601.87,104567.42,104567.43,7.96695,1985.0
2025-06-06 19:15:00,104567.42,104593.06,104567.42,104586.86,3.68713,795.0
2025-06-06 19:16:00,104586.86,104586.86,104493.59,104493.59,4.66802,2101.0
2025-06-06 19:17:00,104493.59,104493.6,104468.15,104468.16,1.67781,701.0
2025-06-06 19:18:00,104468.15,104488.38,104452.98,104488.37,4.2626,1307.0
2025-06-06 19:19:00,104488.37,104509.51,104481.06,104482.65,4.3276,1651.0
2025-06-06 19:20:00,104482.65,104488.38,104453.53,104453.54,3.12152,1358.0
2025-06-06 19:21:00,104453.54,104453.54,104447.03,104447.04,1.35234,553.0
2025-06-06 19:22:00,104447.04,104447.04,104419.27,104431.43,5.09495,1682.0
2025-06-06 19:23:00,104431.43,104441.87,104330.0,104380.37,28.55496,4203.0
2025-06-06 19:24:00,104380.37,104435.04,104372.09,104372.09,4.97223,2672.0
2025-06-06 19:25:00,104372.09,104402.09,104366.87,104402.08,2.86042,1076.0
2025-06-06 19:26:00,104402.09,104402.09,104348.83,104348.83,10.54549,1285.0
2025-06-06 19:27:00,104348.83,104348.83,104309.8,104317.8,4.05834,1626.0
2025-06-06 19:28:00,104317.81,104317.81,104274.83,104298.27,11.79973,1621.0
2025-06-06 19:29:00,104298.27,104298.27,104298.26,104298.26,3.10179,316.0
2025-06-06 19:30:00,104298.27,104351.25,104298.26,104351.25,11.0054,1819.0
2025-06-06 19:31:00,104351.25,104351.25,104296.29,104308.78,8.15974,2241.0
2025-06-06 19:32:00,104308.79,104320.86,104294.85,104320.86,2.40441,1380.0
2025-06-06 19:33:00,104320.85,104343.86,104313.43,104313.44,6.75199,1379.0
2025-06-06 19:34:00,104313.43,104316.4,104313.43,104316.4,1.7111,532.0
2025-06-06 19:35:00,104316.39,104352.06,104316.39,104350.37,2.63557,1372.0
2025-06-06 19:36:00,104350.38,104350.38,104322.58,104323.73,3.86334,1202.0
2025-06-06 19:37:00,104323.73,104323.73,104302.32,104302.32,1.65136,686.0
2025-06-06 19:38:00,104302.32,104304.04,104291.89,104291.89,14.95619,1374.0
2025-06-06 19:39:00,104291.9,104291.9,104191.68,104206.89,55.87404,3659.0
2025-06-06 19:40:00,104206.89,104254.39,104206.88,104241.95,5.90443,2060.0
2025-06-06 19:41:00,104241.95,104241.95,104220.43,104221.15,6.87895,1194.0
2025-06-06 19:42:00,104221.15,104221.15,104212.04,104212.04,0.62677,481.0
2025-06-06 19:43:00,104212.04,104212.05,104212.04,104212.05,2.0187,230.0
2025-06-06 19:44:00,104212.04,104268.84,104212.04,104268.83,6.28182,2160.0
2025-06-06 19:45:00,104268.83,104299.95,104259.14,104278.55,18.65713,2759.0
2025-06-06 19:46:00,104278.55,104278.55,104240.82,104240.83,5.70938,2027.0
2025-06-06 19:47:00,104240.82,104240.83,104220.96,104220.97,3.57089,1109.0
2025-06-06 19:48:00,104220.97,104220.97,104132.71,104148.87,32.85906,3648.0
2025-06-06 19:49:00,104148.88,104191.21,104148.88,104175.44,23.08636,2000.0
2025-06-06 19:50:00,104175.44,104209.32,104170.94,104195.05,13.84615,3472.0
2025-06-06 19:51:00,104195.05,104209.31,104125.9,104139.5,9.60324,3378.0
2025-06-06 19:52:00,104139.5,104139.51,104117.25,104117.26,7.59374,1739.0
2025-06-06 19:53:00,104117.25,104117.26,104013.21,104099.4,35.07768,4097.0
2025-06-06 19:54:00,104099.39,104220.0,104099.39,104182.84,14.93798,4311.0
2025-06-06 19:55:00,104182.84,104182.84,104116.27,104116.27,7.11968,1851.0
2025-06-06 19:56:00,104116.27,104123.39,104078.31,104116.27,7.24194,2336.0
2025-06-06 19:57:00,104116.27,104147.98,104116.27,104135.01,7.15651,1460.0
2025-06-06 19:58:00,104135.01,104172.25,104135.0,104157.61,12.354,2008.0
2025-06-06 19:59:00,104157.6,104273.95,104157.6,104219.8,16.63296,5130.0
2025-06-06 20:00:00,104219.8,104252.99,104219.79,104252.99,7.64026,2172.0
2025-06-06 20:01:00,104252.98,104277.61,104252.98,104277.61,5.63155,1527.0
2025-06-06 20:02:00,104277.61,104277.61,104236.0,104236.01,8.2617,1674.0
2025-06-06 20:03:00,104236.01,104255.82,104225.18,104225.18,3.10502,1583.0
2025-06-06 20:04:00,104225.18,104246.06,104209.31,104209.31,4.54618,2299.0
2025-06-06 20:05:00,104209.3,104225.81,104193.87,104200.02,4.5308,1755.0
2025-06-06 20:06:00,104200.01,104200.02,104168.7,104176.22,7.43217,1833.0
2025-06-06 20:07:00,104176.22,104250.0,104167.98,104250.0,6.02684,3355.0
2025-06-06 20:08:00,104250.0,104256.72,104214.08,104214.09,4.02865,1575.0
2025-06-06 20:09:00,104214.09,104276.67,104214.08,104276.66,3.91921,1724.0
2025-06-06 20:10:00,104276.66,104348.84,104276.66,104339.35,6.61862,2604.0
2025-06-06 20:11:00,104339.35,104348.84,104336.67,104347.8,10.80454,1610.0
2025-06-06 20:12:00,104347.79,104386.15,104347.79,104386.14,13.7899,1203.0
2025-06-06 20:13:00,104386.15,104386.15,104326.06,104326.07,3.83863,1495.0
2025-06-06 20:14:00,104326.07,104326.07,104326.06,104326.07,1.14678,220.0
2025-06-06 20:15:00,104326.06,104355.65,104320.84,104355.65,7.50636,1529.0
2025-06-06 20:16:00,104355.65,104410.8,104355.65,104403.31,7.4751,1985.0
2025-06-06 20:17:00,104403.32,104403.33,104381.62,104381.63,1.48089,854.0
2025-06-06 20:18:00,104381.62,104381.62,104366.1,104369.95,13.16741,1074.0
2025-06-06 20:19:00,104369.96,104369.96,104348.83,104360.22,4.79709,1358.0
2025-06-06 20:20:00,104360.22,104381.82,104360.22,104381.81,6.21157,1145.0
2025-06-06 20:21:00,104381.82,104381.82,104367.82,104367.82,1.27112,671.0
2025-06-06 20:22:00,104367.83,104420.0,104367.82,104419.99,5.72013,1213.0
2025-06-06 20:23:00,104419.99,104420.0,104360.4,104360.4,5.7393,1438.0
2025-06-06 20:24:00,104360.41,104360.41,104348.83,104360.32,2.75977,581.0
2025-06-06 20:25:00,104360.33,104386.41,104360.32,104386.41,3.65056,588.0
2025-06-06 20:26:00,104386.4,104395.35,104375.81,104395.35,2.77622,1023.0
2025-06-06 20:27:00,104395.34,104395.35,104377.85,104377.85,1.7888,475.0
2025-06-06 20:28:00,104377.86,104377.86,104348.83,104369.7,7.56081,1178.0
2025-06-06 20:29:00,104369.69,104369.7,104357.09,104357.09,0.75081,351.0
2025-06-06 20:30:00,104357.09,104357.1,104355.82,104355.83,2.2468,318.0
2025-06-06 20:31:00,104355.82,104355.83,104351.89,104351.89,10.30225,854.0
2025-06-06 20:32:00,104351.9,104351.9,104348.1,104348.83,4.13868,562.0
2025-06-06 20:33:00,104348.83,104360.65,104348.83,104360.65,5.45526,605.0
2025-06-06 20:34:00,104360.65,104360.65,104349.27,104349.27,4.31907,652.0
2025-06-06 20:35:00,104349.28,104349.28,104311.09,104311.53,7.02126,1370.0
2025-06-06 20:36:00,104311.53,104311.53,104305.25,104309.42,1.94078,693.0
2025-06-06 20:37:00,104309.43,104309.43,104305.37,104305.37,0.88463,326.0
2025-06-06 20:38:00,104305.37,104305.38,104305.26,104305.27,2.28015,403.0
2025-06-06 20:39:00,104305.28,104305.28,104305.27,104305.28,0.69059,150.0
2025-06-06 20:40:00,104305.28,104317.01,104305.27,104317.0,6.67086,586.0
2025-06-06 20:41:00,104317.0,104385.14,104317.0,104385.13,4.22947,1519.0
2025-06-06 20:42:00,104385.14,104571.83,104385.13,104559.84,20.95223,5021.0
2025-06-06 20:43:00,104559.83,104617.56,104559.83,104603.66,15.73976,4115.0
2025-06-06 20:44:00,104603.67,104603.67,104573.52,104578.75,4.33412,1417.0
2025-06-06 20:45:00,104578.76,104586.78,104569.04,104586.77,5.3795,984.0
2025-06-06 20:46:00,104586.77,104595.71,104573.85,104573.85,3.51007,1249.0
2025-06-06 20:47:00,104573.86,104581.4,104570.07,104581.4,4.39868,533.0
2025-06-06 20:48:00,104581.39,104592.36,104578.48,104578.48,3.52977,1181.0
2025-06-06 20:49:00,104578.48,104578.49,104489.12,104489.12,7.02317,3111.0
2025-06-06 20:50:00,104489.13,104489.13,104436.0,104438.01,7.8622,1670.0
2025-06-06 20:51:00,104438.01,104485.66,104438.0,104485.66,2.27025,2107.0
2025-06-06 20:52:00,104485.65,104506.63,104483.9,104494.36,13.11365,1855.0
2025-06-06 20:53:00,104494.36,104494.36,104492.43,104492.44,2.0059,294.0
2025-06-06 20:54:00,104492.44,104576.66,104492.43,104563.1,4.41898,2942.0
2025-06-06 20:55:00,104563.1,104563.11,104510.23,104510.24,4.83011,1733.0
2025-06-06 20:56:00,104510.23,104510.23,104488.37,104491.71,2.65976,790.0
2025-06-06 20:57:00,104491.72,104507.26,104465.11,104465.12,4.27386,2168.0
2025-06-06 20:58:00,104465.11,104491.7,104465.11,104491.69,10.59996,2558.0
2025-06-06 20:59:00,104491.69,104491.7,104478.06,104478.07,1.90417,415.0
2025-06-06 21:00:00,104478.07,104488.38,104463.84,104463.85,6.59595,1172.0
2025-06-06 21:01:00,104463.85,104463.85,104441.86,104441.86,2.77583,711.0
2025-06-06 21:02:00,104441.86,104441.87,104404.85,104415.35,27.18407,1890.0
2025-06-06 21:03:00,104415.36,104432.89,104406.68,104410.6,24.95541,1511.0
2025-06-06 21:04:00,104410.61,104410.61,104350.0,104350.01,4.81794,1823.0
2025-06-06 21:05:00,104350.0,104350.01,104340.84,104340.84,1.83927,472.0
2025-06-06 21:06:00,104340.85,104390.44,104311.74,104362.05,27.5863,2250.0
2025-06-06 21:07:00,104362.06,104374.75,104362.05,104374.74,10.7818,419.0
2025-06-06 21:08:00,104374.74,104374.75,104326.08,104331.31,8.39287,1150.0
2025-06-06 21:09:00,104331.31,104364.64,104331.3,104364.64,11.50403,910.0
2025-06-06 21:10:00,104364.64,104378.76,104364.63,104378.75,5.66164,512.0
2025-06-06 21:11:00,104378.76,104378.76,104348.2,104348.21,2.47261,694.0
2025-06-06 21:12:00,104348.21,104348.21,104326.33,104326.34,2.03151,548.0
2025-06-06 21:13:00,104326.33,104335.24,104326.33,104335.24,9.64393,528.0
2025-06-06 21:14:00,104335.23,104335.23,104300.67,104300.67,8.7518,1200.0
2025-06-06 21:15:00,104300.67,104389.04,104300.0,104370.0,15.68824,2438.0
2025-06-06 21:16:00,104369.91,104369.91,104342.73,104357.59,2.90043,1239.0
2025-06-06 21:17:00,104357.6,104374.53,104357.59,104361.6,4.15171,1089.0
2025-06-06 21:18:00,104361.61,104372.1,104361.6,104362.25,5.23232,875.0
2025-06-06 21:19:00,104362.25,104362.25,104356.31,104360.53,7.92644,772.0
2025-06-06 21:20:00,104360.52,104383.37,104360.52,104383.37,2.26799,449.0
2025-06-06 21:21:00,104383.36,104418.61,104383.36,104418.6,2.27699,818.0
2025-06-06 21:22:00,104418.61,104418.61,104410.19,104410.2,4.36456,514.0
2025-06-06 21:23:00,104410.19,104410.2,104385.67,104385.67,3.09022,909.0
2025-06-06 21:24:00,104385.67,104385.68,104345.89,104356.39,20.94853,550.0
2025-06-06 21:25:00,104356.39,104356.39,104321.32,104321.33,3.80192,808.0
2025-06-06 21:26:00,104321.32,104321.33,104310.43,104310.43,2.85716,557.0
2025-06-06 21:27:00,104310.44,104310.44,104308.37,104308.38,1.80781,313.0
2025-06-06 21:28:00,104308.37,104308.38,104308.37,104308.37,1.74681,218.0
2025-06-06 21:29:00,104308.37,104308.38,104308.37,104308.37,5.86714,277.0
2025-06-06 21:30:00,104308.38,104320.04,104308.37,104320.03,6.45911,712.0
2025-06-06 21:31:00,104320.03,104338.55,104320.03,104338.55,6.0855,587.0
2025-06-06 21:32:00,104338.55,104426.05,104338.54,104426.04,3.32564,1875.0
2025-06-06 21:33:00,104426.05,104426.05,104419.71,104419.71,1.68929,393.0
2025-06-06 21:34:00,104419.72,104419.72,104408.99,104409.0,3.34164,729.0
2025-06-06 21:35:00,104409.0,104409.0,104408.99,104409.0,0.82947,185.0
2025-06-06 21:36:00,104409.0,104409.0,104382.9,104382.9,1.5065,752.0
2025-06-06 21:37:00,104382.91,104382.91,104380.98,104380.98,1.2323,423.0
2025-06-06 21:38:00,104380.98,104380.99,104380.98,104380.99,1.01591,280.0
2025-06-06 21:39:00,104380.99,104471.99,104380.98,104471.98,10.97347,1922.0
2025-06-06 21:40:00,104471.99,104471.99,104423.85,104423.85,6.69625,1331.0
2025-06-06 21:41:00,104423.85,104440.0,104387.6,104416.33,7.76377,2957.0
2025-06-06 21:42:00,104416.33,104416.34,104416.33,104416.34,1.48404,220.0
2025-06-06 21:43:00,104416.33,104469.53,104416.33,104469.53,6.43523,1566.0
2025-06-06 21:44:00,104469.53,104469.53,104469.52,104469.53,0.80744,186.0
2025-06-06 21:45:00,104469.52,104483.5,104469.52,104483.5,6.39972,427.0
2025-06-06 21:46:00,104483.49,104483.5,104469.99,104470.0,3.29273,823.0
2025-06-06 21:47:00,104470.0,104488.38,104469.98,104482.35,6.65885,704.0
2025-06-06 21:48:00,104482.34,104482.35,104448.57,104448.57,3.59959,1027.0
2025-06-06 21:49:00,104448.58,104448.58,104448.57,104448.57,4.43389,343.0
2025-06-06 21:50:00,104448.58,104448.58,104434.67,104434.67,2.60647,581.0
2025-06-06 21:51:00,104434.68,104434.68,104434.67,104434.67,0.5794,181.0
2025-06-06 21:52:00,104434.67,104434.68,104391.34,104391.34,4.29745,1387.0
2025-06-06 21:53:00,104391.35,104391.35,104391.34,104391.34,0.48824,184.0
2025-06-06 21:54:00,104391.34,104418.54,104391.34,104418.53,10.69303,1035.0
2025-06-06 21:55:00,104418.53,104418.54,104395.8,104395.81,3.45284,869.0
2025-06-06 21:56:00,104395.81,104395.81,104395.8,104395.81,1.77556,168.0
2025-06-06 21:57:00,104395.8,104395.81,104394.41,104394.42,3.83059,280.0
2025-06-06 21:58:00,104394.42,104394.42,104381.85,104381.85,4.98235,755.0
2025-06-06 21:59:00,104381.85,104386.3,104362.21,104386.29,5.607,1174.0
2025-06-06 22:00:00,104386.29,104404.88,104374.97,104374.97,7.01472,1840.0
2025-06-06 22:01:00,104374.98,104374.98,104348.83,104348.84,4.18351,1009.0
2025-06-06 22:02:00,104348.84,104348.84,104329.52,104337.9,9.69089,1559.0
2025-06-06 22:03:00,104337.9,104337.9,104325.45,104325.46,2.28895,595.0
2025-06-06 22:04:00,104325.46,104325.46,104291.14,104295.04,9.38513,1465.0
2025-06-06 22:05:00,104295.04,104295.04,104295.03,104295.03,0.6687,194.0
2025-06-06 22:06:00,104295.03,104295.04,104279.06,104279.06,1.78407,754.0
2025-06-06 22:07:00,104279.06,104279.07,104266.19,104266.2,1.33081,519.0
2025-06-06 22:08:00,104266.2,104266.21,104266.19,104266.2,4.8934,439.0
2025-06-06 22:09:00,104266.21,104266.21,104266.2,104266.21,1.86798,317.0
2025-06-06 22:10:00,104266.2,104293.98,104266.2,104293.97,5.05104,1750.0
2025-06-06 22:11:00,104293.97,104293.98,104278.43,104278.44,2.92383,579.0
2025-06-06 22:12:00,104278.43,104287.96,104272.99,104287.96,6.61484,976.0
2025-06-06 22:13:00,104287.95,104287.96,104270.91,104270.92,3.45314,760.0
2025-06-06 22:14:00,104270.91,104270.92,104268.15,104268.15,1.54957,388.0
2025-06-06 22:15:00,104268.16,104275.57,104268.15,104275.57,3.53435,533.0
2025-06-06 22:16:00,104275.57,104275.57,104271.76,104271.77,1.25514,372.0
2025-06-06 22:17:00,104271.77,104271.77,104270.26,104270.26,0.66908,234.0
2025-06-06 22:18:00,104270.27,104270.27,104232.55,104248.59,5.85025,1704.0
2025-06-06 22:19:00,104248.59,104277.98,104248.59,104272.0,6.60394,1702.0
2025-06-06 22:20:00,104272.0,104280.17,104263.96,104280.17,8.65541,1242.0
2025-06-06 22:21:00,104280.17,104359.36,104280.16,104346.16,6.18044,2558.0
2025-06-06 22:22:00,104346.16,104348.84,104314.73,104348.84,5.42452,1884.0
2025-06-06 22:23:00,104348.84,104362.58,104348.83,104362.58,1.79882,668.0
2025-06-06 22:24:00,104362.58,104362.58,104333.55,104333.56,5.00004,1015.0
2025-06-06 22:25:00,104333.55,104333.56,104311.47,104315.88,5.50564,900.0
2025-06-06 22:26:00,104315.88,104315.89,104307.91,104307.92,2.38171,489.0
2025-06-06 22:27:00,104307.91,104333.56,104307.91,104333.56,5.20116,1197.0
2025-06-06 22:28:00,104333.55,104357.28,104333.55,104357.27,3.46178,1168.0
2025-06-06 22:29:00,104357.28,104357.28,104357.27,104357.27,1.2178,164.0
2025-06-06 22:30:00,104357.27,104357.28,104357.27,104357.28,0.36325,183.0
2025-06-06 22:31:00,104357.27,104357.28,104335.91,104335.91,5.31015,835.0
2025-06-06 22:32:00,104335.92,104335.92,104309.84,104309.84,3.08725,1113.0
2025-06-06 22:33:00,104309.84,104309.85,104297.26,104297.27,5.71181,503.0
2025-06-06 22:34:00,104297.27,104315.22,104297.26,104315.22,4.07556,1039.0
2025-06-06 22:35:00,104315.21,104315.22,104315.21,104315.21,0.56287,176.0
2025-06-06 22:36:00,104315.21,104325.59,104290.31,104290.9,5.29468,1247.0
2025-06-06 22:37:00,104290.89,104301.54,104288.2,104293.82,3.55467,767.0
2025-06-06 22:38:00,104293.82,104293.83,104293.82,104293.83,0.40262,158.0
2025-06-06 22:39:00,104293.82,104299.99,104293.82,104299.98,2.06739,413.0
2025-06-06 22:40:00,104299.99,104310.78,104299.98,104304.52,12.44817,887.0
2025-06-06 22:41:00,104304.51,104304.51,104303.01,104303.02,1.22661,270.0
2025-06-06 22:42:00,104303.01,104303.02,104303.01,104303.02,0.63855,157.0
2025-06-06 22:43:00,104303.01,104320.92,104303.01,104320.91,5.36171,1273.0
2025-06-06 22:44:00,104320.9,104320.91,104320.9,104320.91,0.27758,169.0
2025-06-06 22:45:00,104320.91,104320.91,104310.3,104310.3,2.19483,512.0
2025-06-06 22:46:00,104310.31,104330.49,104299.17,104330.49,5.06408,1636.0
2025-06-06 22:47:00,104330.49,104363.18,104311.86,104363.17,14.26899,2381.0
2025-06-06 22:48:00,104363.17,104363.18,104325.72,104325.73,3.13561,1032.0
2025-06-06 22:49:00,104325.72,104348.68,104325.72,104348.68,2.04797,746.0
2025-06-06 22:50:00,104348.67,104431.27,104348.67,104431.26,5.4397,2470.0
2025-06-06 22:51:00,104431.27,104457.13,104431.26,104450.52,12.19796,1787.0
2025-06-06 22:52:00,104450.52,104458.54,104450.52,104458.53,1.86699,613.0
2025-06-06 22:53:00,104458.54,104473.04,104458.53,104459.31,2.75633,1080.0
2025-06-06 22:54:00,104459.32,104477.35,104459.31,104477.35,2.28668,451.0
2025-06-06 22:55:00,104477.35,104477.35,104470.38,104470.38,3.91321,371.0
2025-06-06 22:56:00,104470.38,104477.33,104470.38,104477.32,3.80104,456.0
2025-06-06 22:57:00,104477.33,104485.91,104477.32,104485.9,1.95344,499.0
2025-06-06 22:58:00,104485.91,104485.91,104476.81,104476.81,2.63031,661.0
2025-06-06 22:59:00,104476.82,104476.82,104476.81,104476.81,1.06205,163.0
2025-06-06 23:00:00,104476.82,104487.28,104468.79,104468.8,6.87903,1056.0
2025-06-06 23:01:00,104468.79,104468.8,104462.63,104462.63,0.96316,376.0
2025-06-06 23:02:00,104462.64,104462.64,104439.69,104439.69,2.42818,901.0
2025-06-06 23:03:00,104439.69,104439.7,104434.52,104434.52,1.7213,414.0
2025-06-06 23:04:00,104434.52,104434.53,104401.04,104401.05,2.56673,989.0
2025-06-06 23:05:00,104401.05,104401.05,104373.22,104373.23,4.02971,808.0
2025-06-06 23:06:00,104373.23,104373.23,104333.35,104333.35,3.54715,1416.0
2025-06-06 23:07:00,104333.36,104333.36,104279.06,104279.07,7.29859,1396.0
2025-06-06 23:08:00,104279.06,104279.07,104239.42,104239.43,7.25538,1323.0
2025-06-06 23:09:00,104239.43,104239.43,104193.32,104205.17,16.24683,2491.0
2025-06-06 23:10:00,104205.17,104222.41,104205.16,104222.4,12.11304,1094.0
2025-06-06 23:11:00,104222.41,104251.76,104222.4,104247.98,3.21637,1214.0
2025-06-06 23:12:00,104247.99,104269.2,104247.98,104269.19,3.74856,763.0
2025-06-06 23:13:00,104269.2,104269.2,104255.21,104255.22,0.98024,513.0
2025-06-06 23:14:00,104255.22,104269.19,104255.21,104269.19,2.15903,510.0
2025-06-06 23:15:00,104269.19,104269.19,104241.86,104241.86,2.70362,960.0
2025-06-06 23:16:00,104241.87,104261.84,104241.86,104261.84,7.2576,726.0
2025-06-06 23:17:00,104261.84,104261.84,104254.71,104254.71,0.9641,401.0
2025-06-06 23:18:00,104254.71,104254.72,104254.71,104254.71,0.58262,142.0
2025-06-06 23:19:00,104254.72,104269.2,104253.03,104269.2,5.08215,756.0
2025-06-06 23:20:00,104269.19,104295.99,104269.19,104295.98,2.29062,1099.0
2025-06-06 23:21:00,104295.98,104295.99,104295.98,104295.99,0.43828,149.0
2025-06-06 23:22:00,104295.99,104302.24,104277.13,104277.14,5.74511,1050.0
2025-06-06 23:23:00,104277.14,104296.47,104277.13,104280.85,7.68479,722.0
2025-06-06 23:24:00,104280.85,104280.87,104255.84,104267.73,25.79292,996.0
2025-06-06 23:25:00,104267.73,104295.26,104267.73,104295.25,3.03511,779.0
2025-06-06 23:26:00,104295.26,104295.26,104286.52,104286.52,2.34661,500.0
2025-06-06 23:27:00,104286.53,104306.62,104286.52,104306.61,3.81524,947.0
2025-06-06 23:28:00,104306.62,104360.0,104306.61,104359.99,3.2988,1579.0
2025-06-06 23:29:00,104360.0,104360.0,104359.99,104360.0,0.29006,133.0
2025-06-06 23:30:00,104359.99,104360.0,104334.86,104348.84,5.09895,1314.0
2025-06-06 23:31:00,104348.83,104348.84,104348.83,104348.83,2.00476,164.0
2025-06-06 23:32:00,104348.84,104348.84,104333.18,104347.53,4.69923,844.0
2025-06-06 23:33:00,104347.52,104347.53,104347.52,104347.53,1.67394,154.0
2025-06-06 23:34:00,104347.53,104357.83,104344.73,104344.73,5.42306,1124.0
2025-06-06 23:35:00,104344.74,104344.74,104344.73,104344.74,0.8768,162.0
2025-06-06 23:36:00,104344.74,104344.74,104344.73,104344.73,0.45052,168.0
2025-06-06 23:37:00,104344.74,104344.74,104344.73,104344.73,1.69506,256.0
2025-06-06 23:38:00,104344.73,104348.85,104344.73,104348.85,3.60682,540.0
2025-06-06 23:39:00,104348.84,104348.85,104319.0,104319.0,3.2646,1039.0
2025-06-06 23:40:00,104319.0,104319.0,104272.74,104292.55,4.07149,1483.0
2025-06-06 23:41:00,104292.54,104317.98,104292.54,104317.98,2.19519,486.0
2025-06-06 23:42:00,104317.98,104342.16,104317.97,104342.15,3.57344,546.0
2025-06-06 23:43:00,104342.16,104342.16,104333.19,104333.2,0.73257,451.0
2025-06-06 23:44:00,104333.2,104333.2,104333.19,104333.2,0.25659,195.0
2025-06-06 23:45:00,104333.2,104333.2,104333.19,104333.2,0.27609,172.0
2025-06-06 23:46:00,104333.2,104333.2,104333.19,104333.2,0.80336,208.0
2025-06-06 23:47:00,104333.19,104333.2,104329.58,104329.59,3.00533,346.0
2025-06-06 23:48:00,104329.58,104375.48,104329.58,104368.01,5.93603,2439.0
2025-06-06 23:49:00,104368.0,104368.01,104351.83,104351.84,3.21279,769.0
2025-06-06 23:50:00,104351.84,104372.07,104351.83,104362.58,4.90609,1375.0
2025-06-06 23:51:00,104362.58,104362.58,104352.09,104352.1,0.79744,363.0
2025-06-06 23:52:00,104352.1,104352.1,104339.2,104339.21,2.44518,959.0
2025-06-06 23:53:00,104339.21,104339.21,104320.47,104320.48,1.68879,720.0
2025-06-06 23:54:00,104320.47,104320.48,104294.05,104302.33,4.72945,1186.0
2025-06-06 23:55:00,104302.32,104302.33,104302.32,104302.33,0.60093,181.0
2025-06-06 23:56:00,104302.33,104302.33,104302.32,104302.33,3.85809,296.0
2025-06-06 23:57:00,104302.32,104302.33,104291.99,104291.99,6.50172,805.0
2025-06-06 23:58:00,104292.0,104292.0,104290.66,104290.66,3.75422,314.0
2025-06-06 23:59:00,104290.67,104290.67,104288.43,104288.44,2.21206,326.0
2025-06-07 00:00:00,104288.43,104319.99,104288.43,104310.92,9.10271,1435.0
2025-06-07 00:01:00,104310.92,104331.88,104269.31,104271.55,9.82999,1376.0
2025-06-07 00:02:00,104271.55,104271.56,104255.81,104255.82,2.98541,593.0
2025-06-07 00:03:00,104255.82,104255.82,104243.59,104245.12,5.9198,574.0
2025-06-07 00:04:00,104245.13,104266.72,104245.12,104266.71,4.45495,1096.0
2025-06-07 00:05:00,104266.72,104288.18,104266.71,104288.17,2.56013,1011.0
2025-06-07 00:06:00,104288.18,104288.18,104263.48,104263.48,3.38948,1169.0
2025-06-07 00:07:00,104263.48,104263.49,104257.1,104257.1,1.86176,590.0
2025-06-07 00:08:00,104257.1,104276.42,104257.1,104257.1,4.98364,1291.0
2025-06-07 00:09:00,104257.1,104257.1,104241.25,104241.25,1.67279,566.0
2025-06-07 00:10:00,104241.25,104253.25,104241.25,104244.61,3.99515,770.0
2025-06-07 00:11:00,104244.61,104244.62,104211.49,104211.5,4.43441,1415.0
2025-06-07 00:12:00,104211.5,104211.5,104180.87,104180.87,7.15227,1233.0
2025-06-07 00:13:00,104180.88,104180.88,104093.57,104100.87,15.91752,2971.0
2025-06-07 00:14:00,104100.87,104100.87,104087.39,104087.57,4.66695,1394.0
2025-06-07 00:15:00,104087.58,104087.58,104029.7,104038.06,22.10967,2062.0
2025-06-07 00:16:00,104038.06,104038.06,103871.09,103906.39,54.503,9624.0
2025-06-07 00:17:00,103906.38,103925.83,103884.61,103911.32,18.75661,4508.0
2025-06-07 00:18:00,103911.33,103992.19,103891.54,103976.24,10.80186,4557.0
2025-06-07 00:19:00,103976.24,104014.99,103968.31,103979.64,13.62959,2435.0
2025-06-07 00:20:00,103979.63,104002.99,103941.61,103971.97,6.39201,2787.0
2025-06-07 00:21:00,103971.97,103999.59,103971.96,103990.34,4.27861,1036.0
2025-06-07 00:22:00,103990.34,103995.18,103976.18,103995.18,4.91271,895.0
2025-06-07 00:23:00,103995.18,104049.99,103995.17,104044.07,4.61325,1567.0
2025-06-07 00:24:00,104044.07,104103.83,104044.06,104102.38,12.27882,1924.0
2025-06-07 00:25:00,104102.37,104212.31,104102.37,104162.79,16.68008,3684.0
2025-06-07 00:26:00,104162.79,104176.13,104147.41,104170.58,12.39373,2037.0
2025-06-07 00:27:00,104170.58,104172.97,104153.64,104167.5,7.20223,1030.0
2025-06-07 00:28:00,104167.5,104209.31,104160.95,104191.91,13.22389,2008.0
2025-06-07 00:29:00,104191.91,104200.85,104181.4,104181.41,3.22492,826.0
2025-06-07 00:30:00,104181.41,104199.82,104162.79,104199.81,6.13803,1890.0
2025-06-07 00:31:00,104199.82,104225.37,104199.81,104211.27,8.44629,1767.0
2025-06-07 00:32:00,104211.27,104214.41,104188.58,104207.55,5.81708,1381.0
2025-06-07 00:33:00,104207.54,104265.38,104207.54,104246.33,4.38834,2427.0
2025-06-07 00:34:00,104246.32,104246.32,104209.3,104218.17,3.12714,1163.0
2025-06-07 00:35:00,104218.17,104242.98,104218.16,104242.97,5.76707,748.0
2025-06-07 00:36:00,104242.97,104275.82,104242.97,104275.81,4.32307,1014.0
2025-06-07 00:37:00,104275.81,104275.82,104268.59,104268.59,10.71643,738.0
2025-06-07 00:38:00,104268.59,104278.74,104268.59,104278.74,2.99957,488.0
2025-06-07 00:39:00,104278.74,104278.74,104242.14,104242.15,3.72925,1212.0
2025-06-07 00:40:00,104242.15,104248.38,104242.14,104248.38,2.92418,473.0
2025-06-07 00:41:00,104248.38,104275.64,104248.37,104275.64,1.53483,752.0
2025-06-07 00:42:00,104275.63,104356.7,104275.63,104356.69,6.97004,2289.0
2025-06-07 00:43:00,104356.69,104371.4,104348.22,104348.23,13.96362,1901.0
2025-06-07 00:44:00,104348.23,104348.23,104337.29,104337.29,3.77988,538.0
2025-06-07 00:45:00,104337.3,104337.3,104277.71,104285.79,2.67081,1785.0
2025-06-07 00:46:00,104285.79,104313.9,104277.28,104307.97,3.88963,1648.0
2025-06-07 00:47:00,104307.97,104365.19,104307.97,104354.27,5.61935,2224.0
2025-06-07 00:48:00,104354.28,104358.69,104327.27,104358.68,4.12817,1330.0
2025-06-07 00:49:00,104358.69,104358.69,104351.53,104351.54,2.53041,414.0
2025-06-07 00:50:00,104351.53,104365.16,104351.53,104365.15,3.03808,820.0
2025-06-07 00:51:00,104365.15,104384.54,104365.15,104384.53,6.28724,1115.0
2025-06-07 00:52:00,104384.53,104388.62,104377.84,104377.84,2.24133,815.0
2025-06-07 00:53:00,104377.85,104390.48,104364.19,104390.47,3.68594,1208.0
2025-06-07 00:54:00,104390.47,104390.48,104381.27,104389.06,2.38635,723.0
2025-06-07 00:55:00,104389.06,104432.21,104389.05,104432.21,5.9003,1718.0
2025-06-07 00:56:00,104432.2,104468.52,104432.2,104468.52,8.1066,1313.0
2025-06-07 00:57:00,104468.52,104484.77,104468.51,104484.58,10.51041,779.0
2025-06-07 00:58:00,104484.58,104484.58,104484.57,104484.58,1.31978,170.0
2025-06-07 00:59:00,104484.58,104511.69,104484.57,104511.69,5.81399,1513.0
2025-06-07 01:00:00,104511.68,104511.69,104464.99,104488.34,6.99366,1975.0
2025-06-07 01:01:00,104488.34,104488.36,104488.34,104488.36,0.87811,420.0
2025-06-07 01:02:00,104488.36,104567.89,104488.35,104559.9,6.7256,3519.0
2025-06-07 01:03:00,104559.9,104559.9,104464.05,104469.9,7.8862,3350.0
2025-06-07 01:04:00,104469.91,104469.91,104381.28,104388.17,8.28702,2359.0
2025-06-07 01:05:00,104388.18,104439.76,104388.17,104439.76,3.57308,1434.0
2025-06-07 01:06:00,104439.76,104487.31,104419.5,104471.8,9.48838,1996.0
2025-06-07 01:07:00,104471.8,104471.81,104426.07,104426.07,3.15011,1008.0
2025-06-07 01:08:00,104426.08,104426.08,104426.07,104426.08,1.07727,166.0
2025-06-07 01:09:00,104426.07,104426.08,104402.18,104426.07,3.03055,1379.0
2025-06-07 01:10:00,104426.07,104426.08,104426.07,104426.07,0.38898,147.0
2025-06-07 01:11:00,104426.07,104453.93,104426.07,104447.1,4.07288,1240.0
2025-06-07 01:12:00,104447.09,104488.38,104447.09,104488.38,4.42929,1619.0
2025-06-07 01:13:00,104488.38,104518.98,104488.37,104518.97,6.32053,1124.0
2025-06-07 01:14:00,104518.98,104518.98,104501.48,104501.48,3.7598,550.0
2025-06-07 01:15:00,104501.49,104501.49,104467.05,104470.61,3.2566,1149.0
2025-06-07 01:16:00,104470.62,104470.62,104392.75,104392.76,6.17995,1948.0
2025-06-07 01:17:00,104392.76,104392.76,104392.74,104392.74,2.80908,259.0
2025-06-07 01:18:00,104392.74,104488.37,104372.08,104488.37,7.56037,3047.0
2025-06-07 01:19:00,104488.37,104549.77,104488.37,104511.47,7.83143,2920.0
2025-06-07 01:20:00,104511.46,104511.47,104460.44,104465.12,4.30162,1550.0
2025-06-07 01:21:00,104465.12,104465.12,104460.0,104460.0,1.33438,425.0
2025-06-07 01:22:00,104460.0,104494.52,104460.0,104464.21,5.21415,1177.0
2025-06-07 01:23:00,104464.21,104464.22,104435.92,104458.05,3.1293,1620.0
2025-06-07 01:24:00,104458.05,104498.79,104458.05,104480.4,6.58643,1735.0
2025-06-07 01:25:00,104480.4,104483.91,104468.08,104483.91,1.86462,628.0
2025-06-07 01:26:00,104483.91,104488.38,104483.9,104483.9,2.13714,579.0
2025-06-07 01:27:00,104483.9,104483.91,104441.86,104441.86,1.52943,906.0
2025-06-07 01:28:00,104441.86,104441.87,104425.79,104428.18,3.03053,895.0
2025-06-07 01:29:00,104428.18,104444.62,104428.18,104444.61,0.96127,549.0
2025-06-07 01:30:00,104444.62,104470.41,104444.61,104456.58,4.28858,1059.0
2025-06-07 01:31:00,104456.58,104474.24,104405.02,104405.02,3.40377,2538.0
2025-06-07 01:32:00,104405.02,104415.04,104380.0,104395.34,4.20617,2141.0
2025-06-07 01:33:00,104395.34,104395.35,104395.34,104395.34,1.46408,142.0
2025-06-07 01:34:00,104395.35,104395.35,104369.43,104369.43,4.78917,809.0
2025-06-07 01:35:00,104369.44,104369.44,104348.83,104348.83,4.0945,664.0
2025-06-07 01:36:00,104348.84,104381.5,104348.83,104381.5,4.18373,1226.0
2025-06-07 01:37:00,104381.51,104383.26,104369.85,104383.26,3.76429,829.0
2025-06-07 01:38:00,104383.26,104415.95,104383.25,104408.04,1.99279,1217.0
2025-06-07 01:39:00,104408.05,104408.05,104396.5,104396.5,1.02392,429.0
2025-06-07 01:40:00,104396.51,104418.36,104396.5,104418.36,1.68367,679.0
2025-06-07 01:41:00,104418.36,104447.15,104410.24,104410.24,2.18997,2123.0
2025-06-07 01:42:00,104410.25,104440.83,104410.24,104440.83,1.37772,812.0
2025-06-07 01:43:00,104440.83,104442.93,104430.42,104430.42,1.27473,717.0
2025-06-07 01:44:00,104430.43,104430.43,104414.49,104423.5,1.55842,561.0
2025-06-07 01:45:00,104423.51,104432.95,104423.5,104432.95,1.06917,650.0
2025-06-07 01:46:00,104432.94,104452.93,104432.94,104452.92,1.11717,884.0
2025-06-07 01:47:00,104452.92,104500.0,104452.92,104500.0,5.75852,1774.0
2025-06-07 01:48:00,104500.0,104520.0,104475.63,104475.63,5.49618,2303.0
2025-06-07 01:49:00,104475.64,104475.64,104448.67,104454.85,4.04,2100.0
2025-06-07 01:50:00,104454.85,104458.6,104445.35,104458.6,1.3188,743.0
2025-06-07 01:51:00,104458.6,104494.62,104458.59,104479.75,3.18562,1728.0
2025-06-07 01:52:00,104479.76,104488.38,104475.96,104488.37,1.42437,698.0
2025-06-07 01:53:00,104488.37,104488.38,104488.37,104488.38,0.61629,209.0
2025-06-07 01:54:00,104488.38,104488.38,104457.32,104457.32,6.63615,1040.0
2025-06-07 01:55:00,104457.32,104470.52,104448.98,104470.51,2.8722,777.0
2025-06-07 01:56:00,104470.52,104488.36,104470.51,104481.94,1.89006,824.0
2025-06-07 01:57:00,104481.94,104481.95,104479.56,104479.57,0.41898,231.0
2025-06-07 01:58:00,104479.56,104481.95,104460.0,104460.0,4.50693,835.0
2025-06-07 01:59:00,104460.01,104460.01,104453.55,104453.56,1.76799,419.0
2025-06-07 02:00:00,104453.55,104453.56,104428.0,104447.46,3.9203,1303.0
2025-06-07 02:01:00,104447.47,104447.47,104396.94,104396.94,5.47851,1376.0
2025-06-07 02:02:00,104396.95,104421.65,104389.58,104395.34,9.02936,1460.0
2025-06-07 02:03:00,104395.35,104405.47,104395.34,104405.47,2.77058,472.0
2025-06-07 02:04:00,104405.46,104405.47,104405.46,104405.47,1.18369,219.0
2025-06-07 02:05:00,104405.46,104405.47,104372.09,104372.1,3.54884,784.0
2025-06-07 02:06:00,104372.1,104372.1,104372.09,104372.1,0.98725,285.0
2025-06-07 02:07:00,104372.09,104372.1,104372.09,104372.1,0.55741,213.0
2025-06-07 02:08:00,104372.1,104372.1,104372.09,104372.09,0.48701,274.0
2025-06-07 02:09:00,104372.09,104372.1,104372.09,104372.1,0.63651,235.0
2025-06-07 02:10:00,104372.09,104372.1,104372.09,104372.1,0.58618,260.0
2025-06-07 02:11:00,104372.1,104382.28,104357.82,104357.83,6.30187,1418.0
2025-06-07 02:12:00,104357.83,104357.83,104357.82,104357.83,0.66953,231.0
2025-06-07 02:13:00,104357.83,104389.97,104357.83,104379.47,4.5152,1053.0
2025-06-07 02:14:00,104379.48,104379.48,104365.22,104365.22,3.1537,736.0
2025-06-07 02:15:00,104365.23,104389.97,104365.22,104389.96,2.22877,714.0
2025-06-07 02:16:00,104389.96,104406.8,104389.96,104400.0,3.49922,987.0
2025-06-07 02:17:00,104400.0,104400.01,104383.17,104392.16,2.49746,966.0
2025-06-07 02:18:00,104392.16,104432.95,104392.16,104404.62,4.13319,1875.0
2025-06-07 02:19:00,104404.63,104404.63,104368.01,104368.02,11.75046,736.0
2025-06-07 02:20:00,104368.02,104368.02,104348.95,104348.96,1.38062,612.0
2025-06-07 02:21:00,104348.95,104360.03,104348.95,104360.03,3.0001,584.0
2025-06-07 02:22:00,104360.02,104360.03,104348.94,104348.95,1.26149,610.0
2025-06-07 02:23:00,104348.95,104348.95,104348.94,104348.95,1.6973,196.0
2025-06-07 02:24:00,104348.95,104348.95,104328.18,104348.84,4.22164,1412.0
2025-06-07 02:25:00,104348.83,104362.19,104348.83,104362.19,12.23016,680.0
2025-06-07 02:26:00,104362.19,104362.19,104362.18,104362.18,0.62972,278.0
2025-06-07 02:27:00,104362.19,104374.6,104354.12,104374.59,3.28838,1152.0
2025-06-07 02:28:00,104374.6,104397.25,104374.59,104389.64,3.87105,1300.0
2025-06-07 02:29:00,104389.64,104389.65,104387.96,104387.96,2.04213,307.0
2025-06-07 02:30:00,104387.96,104387.97,104376.86,104376.87,3.7675,855.0
2025-06-07 02:31:00,104376.86,104382.61,104376.86,104382.6,7.71528,432.0
2025-06-07 02:32:00,104382.6,104382.61,104369.05,104369.05,4.08506,544.0
2025-06-07 02:33:00,104369.05,104382.54,104369.05,104382.53,5.98427,635.0
2025-06-07 02:34:00,104382.54,104396.74,104382.53,104396.74,3.49081,717.0
2025-06-07 02:35:00,104396.73,104396.74,104396.73,104396.73,1.98033,199.0
2025-06-07 02:36:00,104396.73,104484.16,104396.73,104477.12,24.32237,3190.0
2025-06-07 02:37:00,104477.13,104477.95,104459.26,104477.94,4.59435,1375.0
2025-06-07 02:38:00,104477.94,104507.15,104477.94,104506.18,3.6334,1352.0
2025-06-07 02:39:00,104506.17,104506.18,104490.22,104490.23,1.01406,656.0
2025-06-07 02:40:00,104490.22,104490.23,104468.85,104468.85,3.57103,793.0
2025-06-07 02:41:00,104468.86,104468.86,104455.08,104463.58,4.76017,663.0
2025-06-07 02:42:00,104463.59,104486.4,104463.58,104486.4,3.22762,1012.0
2025-06-07 02:43:00,104486.4,104508.04,104486.39,104508.04,3.80965,678.0
2025-06-07 02:44:00,104508.03,104508.04,104478.88,104478.88,5.24738,1134.0
2025-06-07 02:45:00,104478.88,104478.89,104478.88,104478.88,1.80774,198.0
2025-06-07 02:46:00,104478.89,104506.75,104478.88,104497.49,5.46883,1511.0
2025-06-07 02:47:00,104497.48,104500.0,104488.88,104500.0,4.3658,563.0
2025-06-07 02:48:00,104499.99,104503.87,104496.24,104496.24,3.96801,469.0
2025-06-07 02:49:00,104496.25,104496.25,104482.57,104482.58,3.01935,569.0
2025-06-07 02:50:00,104482.58,104482.58,104475.94,104475.95,2.06348,421.0
2025-06-07 02:51:00,104475.95,104480.71,104475.94,104480.71,3.67658,424.0
2025-06-07 02:52:00,104480.71,104488.38,104480.7,104484.62,6.20427,618.0
2025-06-07 02:53:00,104484.61,104484.62,104484.61,104484.61,2.635,294.0
2025-06-07 02:54:00,104484.61,104591.94,104484.61,104591.93,19.31005,4128.0
2025-06-07 02:55:00,104591.93,104611.68,104560.53,104563.27,9.49219,2280.0
2025-06-07 02:56:00,104563.26,104599.92,104563.26,104599.91,4.46653,1803.0
2025-06-07 02:57:00,104599.91,104599.92,104574.94,104574.94,10.18476,918.0
2025-06-07 02:58:00,104574.95,104574.95,104564.51,104564.51,3.68368,594.0
2025-06-07 02:59:00,104564.52,104564.52,104531.57,104531.57,2.96294,1246.0
2025-06-07 03:00:00,104531.58,104531.58,104489.41,104489.42,3.5292,1085.0
