timestamp,open,high,low,close,volume,num_trades
2025-06-11 03:00:00,109677.03,109720.94,109665.18,109710.06,8.50253,1858.0
2025-06-11 03:01:00,109710.05,109710.06,109677.89,109677.9,9.44218,734.0
2025-06-11 03:02:00,109677.9,109695.64,109677.89,109690.7,3.53765,1045.0
2025-06-11 03:03:00,109690.7,109693.52,109690.69,109693.51,1.09982,219.0
2025-06-11 03:04:00,109693.52,109711.35,109693.51,109711.34,1.34396,641.0
2025-06-11 03:05:00,109711.35,109732.67,109711.34,109732.66,2.20727,885.0
2025-06-11 03:06:00,109732.67,109736.52,109732.66,109736.51,0.93541,293.0
2025-06-11 03:07:00,109736.51,109736.52,109711.35,109711.35,3.63575,1082.0
2025-06-11 03:08:00,109711.35,109711.36,109709.14,109709.15,5.30514,439.0
2025-06-11 03:09:00,109709.15,109780.0,109709.14,109774.08,9.92536,2333.0
2025-06-11 03:10:00,109774.08,109774.09,109770.0,109774.08,2.83479,571.0
2025-06-11 03:11:00,109774.08,109774.09,109756.07,109766.77,4.3857,1045.0
2025-06-11 03:12:00,109766.76,109766.77,109760.57,109760.57,2.65679,427.0
2025-06-11 03:13:00,109760.58,109772.93,109760.57,109772.93,2.62951,455.0
2025-06-11 03:14:00,109772.93,109797.63,109772.92,109797.63,1.53581,832.0
2025-06-11 03:15:00,109797.62,109797.63,109779.97,109779.97,2.63635,726.0
2025-06-11 03:16:00,109779.97,109779.97,109733.26,109733.26,4.26718,1951.0
2025-06-11 03:17:00,109733.27,109733.27,109728.87,109728.87,1.19963,236.0
2025-06-11 03:18:00,109728.88,109752.0,109728.87,109731.7,4.40817,995.0
2025-06-11 03:19:00,109731.69,109772.35,109731.69,109772.35,5.59518,784.0
2025-06-11 03:20:00,109772.36,109772.36,109764.13,109764.13,1.19361,259.0
2025-06-11 03:21:00,109764.13,109775.43,109764.13,109775.42,1.53273,419.0
2025-06-11 03:22:00,109775.42,109833.89,109775.42,109833.89,15.64328,2176.0
2025-06-11 03:23:00,109833.89,109858.23,109829.96,109858.22,26.93822,1427.0
2025-06-11 03:24:00,109858.23,109858.23,109842.7,109842.7,6.83259,1033.0
2025-06-11 03:25:00,109842.7,109858.21,109821.98,109821.99,8.00552,1745.0
2025-06-11 03:26:00,109821.99,109821.99,109795.27,109795.28,4.27308,950.0
2025-06-11 03:27:00,109795.28,109795.28,109766.51,109766.51,4.07724,1041.0
2025-06-11 03:28:00,109766.52,109774.16,109766.51,109774.16,1.22501,471.0
2025-06-11 03:29:00,109774.15,109774.16,109768.55,109768.56,0.71938,286.0
2025-06-11 03:30:00,109768.55,109790.86,109768.55,109790.85,1.12175,723.0
2025-06-11 03:31:00,109790.85,109790.86,109754.83,109754.83,3.63032,1310.0
2025-06-11 03:32:00,109754.84,109790.85,109754.83,109790.84,2.49313,1076.0
2025-06-11 03:33:00,109790.85,109798.21,109789.26,109789.27,3.34736,689.0
2025-06-11 03:34:00,109789.27,109796.78,109789.26,109796.78,1.59759,346.0
2025-06-11 03:35:00,109796.77,109796.78,109774.19,109774.2,2.18932,887.0
2025-06-11 03:36:00,109774.2,109786.92,109766.49,109766.5,2.56425,1096.0
2025-06-11 03:37:00,109766.5,109796.78,109766.49,109796.78,1.87077,1267.0
2025-06-11 03:38:00,109796.78,109827.19,109767.06,109767.07,5.76249,2707.0
2025-06-11 03:39:00,109767.06,109767.07,109734.88,109734.89,4.1916,1032.0
2025-06-11 03:40:00,109734.88,109734.89,109722.45,109722.45,5.03678,847.0
2025-06-11 03:41:00,109722.46,109722.46,109662.46,109669.55,4.73525,1726.0
2025-06-11 03:42:00,109669.54,109671.58,109647.43,109668.96,7.39327,1416.0
2025-06-11 03:43:00,109668.97,109668.97,109630.8,109630.8,5.30319,990.0
2025-06-11 03:44:00,109630.81,109643.76,109630.8,109643.75,4.97187,930.0
2025-06-11 03:45:00,109643.75,109643.75,109628.05,109628.05,1.95533,687.0
2025-06-11 03:46:00,109628.06,109642.76,109628.05,109642.76,1.813,740.0
2025-06-11 03:47:00,109642.75,109668.45,109622.03,109668.45,5.45013,1965.0
2025-06-11 03:48:00,109668.44,109695.09,109660.66,109660.66,2.31782,1629.0
2025-06-11 03:49:00,109660.67,109677.59,109643.96,109677.59,2.02381,1071.0
2025-06-11 03:50:00,109677.58,109688.83,109676.09,109676.09,1.64081,589.0
2025-06-11 03:51:00,109676.09,109700.0,109668.24,109699.99,1.73625,893.0
2025-06-11 03:52:00,109700.0,109750.57,109700.0,109750.57,1.79842,1144.0
2025-06-11 03:53:00,109750.57,109750.57,109727.87,109727.88,3.85044,735.0
2025-06-11 03:54:00,109727.88,109727.88,109727.87,109727.88,0.68303,195.0
2025-06-11 03:55:00,109727.88,109727.88,109727.87,109727.88,0.86888,227.0
2025-06-11 03:56:00,109727.88,109727.88,109700.79,109700.8,1.88485,1023.0
2025-06-11 03:57:00,109700.8,109727.88,109700.79,109727.88,5.12983,724.0
2025-06-11 03:58:00,109727.88,109727.88,109687.9,109722.95,14.03867,2368.0
2025-06-11 03:59:00,109722.95,109722.95,109722.94,109722.95,1.25325,218.0
2025-06-11 04:00:00,109722.95,109735.24,109711.33,109735.24,4.43721,1261.0
2025-06-11 04:01:00,109735.23,109735.23,109723.06,109723.06,2.64432,549.0
2025-06-11 04:02:00,109723.07,109729.65,109716.34,109716.34,1.86546,951.0
2025-06-11 04:03:00,109716.35,109716.35,109695.69,109695.69,3.82775,859.0
2025-06-11 04:04:00,109695.69,109695.7,109695.69,109695.69,1.29251,208.0
2025-06-11 04:05:00,109695.7,109695.7,109619.35,109619.36,9.13752,1654.0
2025-06-11 04:06:00,109619.36,109619.36,109578.84,109593.54,9.51644,1850.0
2025-06-11 04:07:00,109593.54,109593.55,109591.0,109591.0,1.18345,342.0
2025-06-11 04:08:00,109591.01,109618.03,109585.63,109618.03,5.574,1686.0
2025-06-11 04:09:00,109618.02,109649.4,109618.02,109644.59,12.58818,1055.0
2025-06-11 04:10:00,109644.59,109644.59,109624.34,109624.35,2.0969,510.0
2025-06-11 04:11:00,109624.34,109639.95,109622.84,109622.84,3.78028,857.0
2025-06-11 04:12:00,109622.84,109622.85,109599.28,109599.29,4.4401,731.0
2025-06-11 04:13:00,109599.29,109599.29,109592.96,109592.96,3.31982,404.0
2025-06-11 04:14:00,109592.96,109592.96,109592.95,109592.95,0.64436,140.0
2025-06-11 04:15:00,109592.96,109649.77,109592.95,109649.77,5.49273,956.0
2025-06-11 04:16:00,109649.76,109649.77,109611.17,109611.18,4.3912,1079.0
2025-06-11 04:17:00,109611.18,109611.18,109592.96,109592.97,1.39377,527.0
2025-06-11 04:18:00,109592.96,109626.36,109592.96,109626.35,2.47259,780.0
2025-06-11 04:19:00,109626.36,109641.49,109626.35,109641.48,2.12581,475.0
2025-06-11 04:20:00,109641.49,109641.49,109641.48,109641.48,1.79175,211.0
2025-06-11 04:21:00,109641.48,109649.47,109637.43,109637.44,1.25685,726.0
2025-06-11 04:22:00,109637.43,109637.44,109630.88,109630.89,1.81645,284.0
2025-06-11 04:23:00,109630.88,109650.94,109630.88,109650.94,0.94697,548.0
2025-06-11 04:24:00,109650.93,109670.46,109650.93,109659.5,2.82411,845.0
2025-06-11 04:25:00,109659.49,109659.49,109612.05,109612.06,4.69485,1001.0
2025-06-11 04:26:00,109612.05,109626.91,109612.05,109613.58,1.85237,602.0
2025-06-11 04:27:00,109613.57,109621.31,109595.61,109621.31,5.05803,1672.0
2025-06-11 04:28:00,109621.3,109636.21,109621.3,109636.2,2.63981,548.0
2025-06-11 04:29:00,109636.21,109675.0,109636.2,109674.99,4.7086,1274.0
2025-06-11 04:30:00,109675.0,109675.0,109674.24,109674.25,1.09887,333.0
2025-06-11 04:31:00,109674.24,109689.94,109674.24,109689.94,2.71769,686.0
2025-06-11 04:32:00,109689.94,109732.0,109689.94,109731.99,4.07871,1052.0
2025-06-11 04:33:00,109731.99,109732.0,109710.69,109710.7,4.18367,570.0
2025-06-11 04:34:00,109710.7,109710.7,109694.61,109709.09,4.66574,1051.0
2025-06-11 04:35:00,109709.09,109709.1,109702.39,109702.39,3.60391,462.0
2025-06-11 04:36:00,109702.39,109702.4,109693.38,109693.39,3.73598,381.0
2025-06-11 04:37:00,109693.38,109693.39,109670.88,109670.88,3.3599,967.0
2025-06-11 04:38:00,109670.88,109670.89,109636.05,109636.05,3.5301,680.0
2025-06-11 04:39:00,109636.05,109636.06,109636.05,109636.05,0.47914,127.0
2025-06-11 04:40:00,109636.06,109636.06,109636.05,109636.05,0.52386,185.0
2025-06-11 04:41:00,109636.05,109636.06,109636.05,109636.06,2.16308,198.0
2025-06-11 04:42:00,109636.06,109636.06,109606.64,109606.65,3.78523,665.0
2025-06-11 04:43:00,109606.64,109606.65,109602.31,109602.31,0.7891,401.0
2025-06-11 04:44:00,109602.31,109602.31,109596.26,109596.26,0.78115,414.0
2025-06-11 04:45:00,109596.26,109596.27,109552.68,109552.68,3.11612,1531.0
2025-06-11 04:46:00,109552.69,109577.32,109552.68,109577.31,1.94609,944.0
2025-06-11 04:47:00,109577.32,109595.12,109577.32,109595.11,1.19922,373.0
2025-06-11 04:48:00,109595.11,109595.12,109595.11,109595.12,1.24561,198.0
2025-06-11 04:49:00,109595.11,109595.12,109584.67,109584.67,0.95521,320.0
2025-06-11 04:50:00,109584.67,109593.61,109577.82,109577.83,1.86385,581.0
2025-06-11 04:51:00,109577.82,109577.82,109556.26,109562.71,0.72565,650.0
2025-06-11 04:52:00,109562.7,109580.88,109562.7,109580.88,0.87207,535.0
2025-06-11 04:53:00,109580.88,109580.88,109577.64,109577.65,1.67689,241.0
2025-06-11 04:54:00,109577.64,109577.65,109574.76,109574.76,0.72753,243.0
2025-06-11 04:55:00,109574.77,109574.77,109574.76,109574.76,0.62268,159.0
2025-06-11 04:56:00,109574.77,109585.72,109574.76,109585.72,1.74366,512.0
2025-06-11 04:57:00,109585.72,109585.72,109562.75,109562.75,5.24277,926.0
2025-06-11 04:58:00,109562.76,109562.76,109562.75,109562.75,0.9078,188.0
2025-06-11 04:59:00,109562.76,109562.76,109562.75,109562.75,0.94159,196.0
2025-06-11 05:00:00,109562.75,109576.44,109562.75,109571.52,1.69346,495.0
2025-06-11 05:01:00,109571.53,109571.53,109554.3,109554.3,4.0443,1020.0
2025-06-11 05:02:00,109554.31,109556.61,109554.3,109556.6,2.61679,377.0
2025-06-11 05:03:00,109556.6,109556.61,109509.43,109509.44,4.20634,1471.0
2025-06-11 05:04:00,109509.44,109529.32,109509.44,109529.32,3.00565,662.0
2025-06-11 05:05:00,109529.32,109529.32,109529.31,109529.32,0.74134,202.0
2025-06-11 05:06:00,109529.31,109531.99,109520.37,109523.49,3.99633,770.0
2025-06-11 05:07:00,109523.5,109523.5,109500.0,109500.0,4.24407,1487.0
2025-06-11 05:08:00,109500.0,109500.0,109490.01,109490.01,3.28857,848.0
2025-06-11 05:09:00,109490.02,109490.02,109473.34,109473.35,3.38431,945.0
2025-06-11 05:10:00,109473.35,109532.78,109473.34,109518.21,3.89128,2121.0
2025-06-11 05:11:00,109518.21,109530.0,109513.57,109513.58,5.62171,858.0
2025-06-11 05:12:00,109513.58,109513.58,109475.26,109475.27,2.80674,1099.0
2025-06-11 05:13:00,109475.26,109488.84,109456.0,109488.84,7.04871,1569.0
2025-06-11 05:14:00,109488.84,109488.84,109488.82,109488.83,0.75924,306.0
2025-06-11 05:15:00,109488.83,109493.99,109475.69,109475.69,3.83254,722.0
2025-06-11 05:16:00,109475.69,109475.7,109467.25,109467.25,0.89092,314.0
2025-06-11 05:17:00,109467.26,109467.26,109467.25,109467.26,1.8767,200.0
2025-06-11 05:18:00,109467.25,109467.25,109450.0,109450.01,5.22509,674.0
2025-06-11 05:19:00,109450.01,109457.42,109442.82,109457.42,1.98522,503.0
2025-06-11 05:20:00,109457.42,109462.27,109430.38,109462.27,4.63347,1659.0
2025-06-11 05:21:00,109462.26,109493.98,109462.26,109485.76,3.68419,1296.0
2025-06-11 05:22:00,109485.77,109485.77,109479.52,109479.52,3.60402,485.0
2025-06-11 05:23:00,109479.53,109483.83,109479.52,109483.83,1.41083,208.0
2025-06-11 05:24:00,109483.83,109556.61,109483.82,109556.6,6.02025,1420.0
2025-06-11 05:25:00,109556.61,109615.4,109556.61,109615.39,5.35971,1385.0
2025-06-11 05:26:00,109615.39,109641.27,109615.39,109641.27,2.52198,747.0
2025-06-11 05:27:00,109641.27,109650.59,109641.26,109650.58,4.58445,349.0
2025-06-11 05:28:00,109650.59,109650.59,109644.13,109644.13,2.57644,568.0
2025-06-11 05:29:00,109644.13,109644.14,109615.45,109626.46,9.93855,1206.0
2025-06-11 05:30:00,109626.45,109632.09,109626.45,109632.09,0.81122,262.0
2025-06-11 05:31:00,109632.09,109632.09,109585.7,109585.71,2.44566,1299.0
2025-06-11 05:32:00,109585.7,109585.71,109580.86,109580.86,0.59862,299.0
2025-06-11 05:33:00,109580.86,109580.87,109565.56,109565.57,1.11548,457.0
2025-06-11 05:34:00,109565.57,109565.57,109527.21,109537.62,3.31862,1245.0
2025-06-11 05:35:00,109537.63,109537.63,109537.62,109537.63,0.28596,110.0
2025-06-11 05:36:00,109537.63,109537.63,109520.94,109526.67,3.22138,644.0
2025-06-11 05:37:00,109526.67,109531.33,109526.67,109531.33,2.09646,211.0
2025-06-11 05:38:00,109531.33,109548.97,109531.32,109536.12,2.78383,998.0
2025-06-11 05:39:00,109536.12,109536.12,109516.24,109516.24,3.92293,601.0
2025-06-11 05:40:00,109516.24,109516.25,109511.21,109511.22,1.0736,259.0
2025-06-11 05:41:00,109511.21,109511.21,109502.46,109502.47,5.80945,672.0
2025-06-11 05:42:00,109502.46,109502.46,109486.6,109486.6,1.60422,567.0
2025-06-11 05:43:00,109486.61,109517.85,109482.22,109517.85,3.20709,951.0
2025-06-11 05:44:00,109517.84,109517.85,109505.88,109505.88,0.91299,362.0
2025-06-11 05:45:00,109505.88,109505.88,109496.85,109496.85,0.91091,252.0
2025-06-11 05:46:00,109496.86,109517.85,109496.85,109517.85,1.75845,602.0
2025-06-11 05:47:00,109517.85,109517.85,109469.47,109469.47,14.04417,1298.0
2025-06-11 05:48:00,109469.47,109477.36,109445.42,109477.36,3.18724,1493.0
2025-06-11 05:49:00,109477.35,109496.51,109477.35,109485.36,4.83171,770.0
2025-06-11 05:50:00,109485.36,109500.0,109485.36,109500.0,1.2926,467.0
2025-06-11 05:51:00,109499.99,109519.99,109499.99,109519.99,3.01666,724.0
2025-06-11 05:52:00,109519.98,109542.29,109519.98,109542.29,1.15097,654.0
2025-06-11 05:53:00,109542.28,109542.29,109530.82,109530.83,4.20331,533.0
2025-06-11 05:54:00,109530.82,109530.82,109519.98,109519.99,3.76279,672.0
2025-06-11 05:55:00,109519.98,109526.83,109519.98,109526.83,0.92872,385.0
2025-06-11 05:56:00,109526.82,109526.83,109526.82,109526.82,0.72709,165.0
2025-06-11 05:57:00,109526.82,109526.83,109519.98,109519.99,2.6537,621.0
2025-06-11 05:58:00,109519.99,109519.99,109474.82,109478.42,6.54154,1034.0
2025-06-11 05:59:00,109478.43,109478.43,109468.03,109468.03,6.47685,778.0
2025-06-11 06:00:00,109468.04,109519.99,109468.03,109519.98,5.45231,1718.0
2025-06-11 06:01:00,109519.99,109537.79,109519.98,109537.79,5.26919,827.0
2025-06-11 06:02:00,109537.79,109571.85,109537.78,109571.85,4.11177,1265.0
2025-06-11 06:03:00,109571.85,109571.85,109554.2,109563.99,3.08108,818.0
2025-06-11 06:04:00,109564.0,109576.83,109563.99,109564.29,1.43743,743.0
2025-06-11 06:05:00,109564.3,109564.3,109564.29,109564.29,0.31982,132.0
2025-06-11 06:06:00,109564.3,109578.24,109552.58,109570.0,4.22163,1478.0
2025-06-11 06:07:00,109570.0,109570.01,109549.01,109552.63,3.95334,785.0
2025-06-11 06:08:00,109552.63,109552.63,109552.62,109552.63,0.64314,148.0
2025-06-11 06:09:00,109552.63,109570.01,109552.62,109558.89,2.27332,667.0
2025-06-11 06:10:00,109558.89,109573.99,109558.88,109573.99,1.78294,439.0
2025-06-11 06:11:00,109573.98,109600.0,109573.98,109600.0,1.57663,833.0
2025-06-11 06:12:00,109600.0,109600.0,109570.86,109570.87,3.77906,876.0
2025-06-11 06:13:00,109570.86,109575.55,109570.86,109575.54,0.63829,251.0
2025-06-11 06:14:00,109575.55,109575.55,109558.77,109558.77,5.39725,525.0
2025-06-11 06:15:00,109558.78,109558.78,109552.85,109556.6,3.30519,438.0
2025-06-11 06:16:00,109556.6,109556.61,109556.6,109556.61,1.03211,197.0
2025-06-11 06:17:00,109556.6,109556.61,109544.01,109544.01,3.89497,638.0
2025-06-11 06:18:00,109544.01,109544.01,109495.36,109495.36,6.13237,1732.0
2025-06-11 06:19:00,109495.36,109495.37,109477.48,109483.31,8.53493,1229.0
2025-06-11 06:20:00,109483.32,109509.3,109483.32,109509.3,6.56346,1041.0
2025-06-11 06:21:00,109509.29,109585.19,109509.29,109585.18,6.91653,2192.0
2025-06-11 06:22:00,109585.19,109585.19,109585.18,109585.18,0.61565,181.0
2025-06-11 06:23:00,109585.19,109585.19,109560.54,109560.54,4.15008,1045.0
2025-06-11 06:24:00,109560.55,109560.55,109560.54,109560.55,2.18224,275.0
2025-06-11 06:25:00,109560.54,109560.55,109555.55,109555.56,3.89307,518.0
2025-06-11 06:26:00,109555.56,109555.56,109510.59,109510.6,5.82886,1352.0
2025-06-11 06:27:00,109510.59,109510.59,109456.36,109456.37,5.57058,1413.0
2025-06-11 06:28:00,109456.36,109456.37,109415.09,109426.35,4.73238,1354.0
2025-06-11 06:29:00,109426.36,109456.36,109426.35,109456.35,5.86813,1679.0
2025-06-11 06:30:00,109456.36,109456.36,109435.46,109450.54,3.18366,930.0
2025-06-11 06:31:00,109450.55,109450.55,109379.67,109379.99,6.66549,2091.0
2025-06-11 06:32:00,109379.99,109412.0,109379.99,109412.0,1.58249,782.0
2025-06-11 06:33:00,109411.99,109428.32,109411.99,109418.88,1.83934,794.0
2025-06-11 06:34:00,109418.89,109462.27,109418.88,109443.44,9.69431,1252.0
2025-06-11 06:35:00,109443.43,109443.44,109432.01,109441.52,6.51771,545.0
2025-06-11 06:36:00,109441.52,109441.52,109383.86,109428.0,66.92375,2214.0
2025-06-11 06:37:00,109428.0,109428.0,109415.62,109425.12,8.97389,756.0
2025-06-11 06:38:00,109425.13,109435.54,109425.12,109435.54,0.75177,470.0
2025-06-11 06:39:00,109435.54,109441.51,109435.53,109441.51,0.84204,493.0
2025-06-11 06:40:00,109441.5,109441.51,109441.5,109441.51,0.86053,196.0
2025-06-11 06:41:00,109441.51,109456.53,109441.5,109444.12,4.50435,791.0
2025-06-11 06:42:00,109444.11,109457.27,109444.11,109457.26,0.74899,292.0
2025-06-11 06:43:00,109457.27,109457.27,109457.26,109457.26,0.75707,200.0
2025-06-11 06:44:00,109457.27,109457.27,109457.26,109457.27,0.60863,195.0
2025-06-11 06:45:00,109457.27,109457.27,109415.7,109428.9,11.72721,1252.0
2025-06-11 06:46:00,109428.9,109428.91,109388.0,109388.0,11.88029,962.0
2025-06-11 06:47:00,109388.01,109409.98,109383.43,109383.43,7.13667,1022.0
2025-06-11 06:48:00,109383.43,109392.01,109373.67,109392.0,7.95746,994.0
2025-06-11 06:49:00,109392.0,109413.04,109392.0,109401.36,7.41323,708.0
2025-06-11 06:50:00,109401.36,109470.86,109401.35,109470.86,9.02233,1510.0
2025-06-11 06:51:00,109470.85,109497.57,109470.85,109497.56,2.75003,740.0
2025-06-11 06:52:00,109497.57,109519.81,109497.56,109507.08,4.05012,1071.0
2025-06-11 06:53:00,109507.08,109507.08,109507.07,109507.07,0.59469,174.0
2025-06-11 06:54:00,109507.08,109535.67,109507.07,109535.67,2.73854,871.0
2025-06-11 06:55:00,109535.67,109577.48,109535.67,109577.48,2.94383,1032.0
2025-06-11 06:56:00,109577.47,109619.37,109577.47,109619.36,2.37582,931.0
2025-06-11 06:57:00,109619.37,109679.24,109619.36,109652.06,12.75667,2198.0
2025-06-11 06:58:00,109652.06,109652.06,109595.03,109595.03,4.10751,1759.0
2025-06-11 06:59:00,109595.04,109595.04,109595.01,109595.01,7.77538,432.0
2025-06-11 07:00:00,109595.02,109642.6,109595.01,109642.59,8.40641,1311.0
2025-06-11 07:01:00,109642.6,109676.66,109642.59,109671.2,6.0493,1192.0
2025-06-11 07:02:00,109671.2,109671.21,109671.17,109671.17,3.04156,483.0
2025-06-11 07:03:00,109671.17,109702.39,109671.17,109702.39,4.34572,964.0
2025-06-11 07:04:00,109702.38,109710.7,109702.38,109710.7,1.75835,470.0
2025-06-11 07:05:00,109710.69,109745.29,109669.08,109689.44,20.91402,3401.0
2025-06-11 07:06:00,109689.43,109689.43,109655.38,109655.39,2.44448,922.0
2025-06-11 07:07:00,109655.38,109655.39,109604.94,109604.95,3.34831,1333.0
2025-06-11 07:08:00,109604.94,109604.94,109588.6,109599.84,4.70673,1085.0
2025-06-11 07:09:00,109599.84,109603.78,109581.95,109603.77,2.50139,823.0
2025-06-11 07:10:00,109603.78,109610.48,109603.77,109610.48,1.33921,267.0
2025-06-11 07:11:00,109610.48,109658.33,109610.48,109658.33,3.99604,855.0
2025-06-11 07:12:00,109658.33,109706.24,109658.32,109684.62,6.37656,1858.0
2025-06-11 07:13:00,109684.61,109709.65,109680.0,109701.41,3.61114,1034.0
2025-06-11 07:14:00,109701.42,109701.42,109696.13,109696.13,4.68272,506.0
2025-06-11 07:15:00,109696.13,109696.13,109665.29,109681.38,7.26743,1193.0
2025-06-11 07:16:00,109681.37,109681.38,109653.78,109654.54,6.87367,1119.0
2025-06-11 07:17:00,109654.54,109654.81,109650.94,109654.81,2.5521,576.0
2025-06-11 07:18:00,109654.8,109654.81,109629.67,109629.68,3.88985,1261.0
2025-06-11 07:19:00,109629.68,109629.68,109611.27,109628.36,4.06443,978.0
2025-06-11 07:20:00,109628.36,109640.25,109628.35,109629.69,3.28241,977.0
2025-06-11 07:21:00,109629.69,109648.8,109622.76,109638.26,3.82949,1569.0
2025-06-11 07:22:00,109638.26,109645.22,109633.78,109645.21,4.91956,557.0
2025-06-11 07:23:00,109645.22,109645.22,109614.94,109614.95,13.72273,1243.0
2025-06-11 07:24:00,109614.94,109614.95,109608.0,109608.4,4.01008,627.0
2025-06-11 07:25:00,109608.4,109608.41,109545.01,109545.02,11.18257,1945.0
2025-06-11 07:26:00,109545.01,109554.1,109545.01,109554.1,3.49906,513.0
2025-06-11 07:27:00,109554.1,109582.43,109554.09,109582.42,2.12916,1182.0
2025-06-11 07:28:00,109582.42,109590.34,109582.42,109584.38,2.43959,433.0
2025-06-11 07:29:00,109584.39,109584.39,109584.38,109584.38,0.7161,158.0
2025-06-11 07:30:00,109584.38,109617.7,109584.38,109594.87,3.06349,1860.0
2025-06-11 07:31:00,109594.87,109598.58,109560.0,109560.01,7.83317,1561.0
2025-06-11 07:32:00,109560.0,109577.36,109560.0,109577.35,5.2307,935.0
2025-06-11 07:33:00,109577.35,109577.36,109562.0,109562.01,4.46399,1253.0
2025-06-11 07:34:00,109562.0,109562.01,109512.22,109512.23,2.92597,1315.0
2025-06-11 07:35:00,109512.22,109515.24,109501.86,109504.33,1.34585,904.0
2025-06-11 07:36:00,109504.34,109504.34,109497.56,109503.3,3.47436,567.0
2025-06-11 07:37:00,109503.3,109543.7,109503.29,109543.7,2.54032,1426.0
2025-06-11 07:38:00,109543.71,109563.75,109543.71,109563.75,2.59827,885.0
2025-06-11 07:39:00,109563.74,109563.75,109529.81,109554.3,3.6938,1267.0
2025-06-11 07:40:00,109554.3,109554.31,109514.88,109514.88,2.66112,933.0
2025-06-11 07:41:00,109514.88,109514.88,109502.07,109505.2,2.14937,512.0
2025-06-11 07:42:00,109505.2,109505.21,109505.2,109505.2,2.10924,281.0
2025-06-11 07:43:00,109505.2,109505.21,109504.8,109504.81,5.56903,292.0
2025-06-11 07:44:00,109504.8,109504.81,109504.8,109504.81,0.51852,249.0
2025-06-11 07:45:00,109504.81,109504.81,109502.45,109502.46,5.26149,419.0
2025-06-11 07:46:00,109502.45,109502.46,109502.45,109502.45,0.556,249.0
2025-06-11 07:47:00,109502.45,109502.46,109502.45,109502.46,3.28263,308.0
2025-06-11 07:48:00,109502.45,109502.46,109480.3,109491.26,4.14051,954.0
2025-06-11 07:49:00,109491.25,109584.55,109491.25,109584.54,5.73042,1937.0
2025-06-11 07:50:00,109584.55,109584.55,109528.24,109529.84,13.84817,1154.0
2025-06-11 07:51:00,109529.84,109555.0,109529.84,109536.21,6.56831,1012.0
2025-06-11 07:52:00,109536.21,109536.22,109488.72,109488.73,12.78731,913.0
2025-06-11 07:53:00,109488.72,109496.78,109488.72,109496.77,3.63956,520.0
2025-06-11 07:54:00,109496.77,109503.62,109496.77,109503.62,5.15545,456.0
2025-06-11 07:55:00,109503.61,109503.62,109484.63,109484.63,12.7533,542.0
2025-06-11 07:56:00,109484.63,109484.64,109470.0,109470.0,8.8181,633.0
2025-06-11 07:57:00,109470.0,109470.01,109462.26,109462.27,7.28474,532.0
2025-06-11 07:58:00,109462.27,109462.28,109459.6,109459.6,11.87386,393.0
2025-06-11 07:59:00,109459.6,109459.61,109446.73,109446.74,2.5711,474.0
2025-06-11 08:00:00,109446.74,109500.0,109446.73,109499.99,5.76818,1331.0
2025-06-11 08:01:00,109500.0,109525.82,109499.99,109502.68,13.53829,1168.0
2025-06-11 08:02:00,109502.69,109505.83,109478.06,109505.83,5.126,1084.0
2025-06-11 08:03:00,109505.83,109507.82,109488.48,109507.81,5.74275,889.0
2025-06-11 08:04:00,109507.82,109514.32,109498.72,109508.51,8.8679,830.0
2025-06-11 08:05:00,109508.5,109552.84,109508.5,109531.23,10.84902,1176.0
2025-06-11 08:06:00,109531.24,109547.94,109482.46,109482.47,11.59011,1541.0
2025-06-11 08:07:00,109482.47,109541.16,109482.46,109541.15,5.21399,994.0
2025-06-11 08:08:00,109541.16,109541.66,109533.78,109541.65,4.18687,632.0
2025-06-11 08:09:00,109541.64,109541.65,109527.7,109527.71,2.92329,419.0
2025-06-11 08:10:00,109527.71,109531.91,109495.15,109531.9,6.45972,1167.0
2025-06-11 08:11:00,109531.9,109588.34,109531.9,109558.12,13.48489,1182.0
2025-06-11 08:12:00,109558.12,109578.66,109558.11,109578.65,1.4622,510.0
2025-06-11 08:13:00,109578.66,109588.22,109578.66,109588.21,3.92589,314.0
2025-06-11 08:14:00,109588.22,109588.22,109564.5,109564.5,4.62631,897.0
2025-06-11 08:15:00,109564.51,109576.18,109564.5,109576.18,3.19435,563.0
2025-06-11 08:16:00,109576.18,109576.18,109525.57,109525.57,10.14834,1386.0
2025-06-11 08:17:00,109525.57,109525.58,109520.0,109520.0,4.79688,438.0
2025-06-11 08:18:00,109520.01,109520.01,109500.39,109500.4,5.22867,883.0
2025-06-11 08:19:00,109500.4,109500.4,109462.26,109462.26,15.1661,1171.0
2025-06-11 08:20:00,109462.26,109513.66,109462.26,109513.66,20.63904,1461.0
2025-06-11 08:21:00,109513.66,109523.17,109492.78,109523.16,8.62923,1130.0
2025-06-11 08:22:00,109523.17,109551.5,109492.8,109492.81,17.10196,1920.0
2025-06-11 08:23:00,109492.81,109506.91,109492.8,109492.8,6.64298,732.0
2025-06-11 08:24:00,109492.81,109517.09,109492.81,109517.09,4.06466,693.0
2025-06-11 08:25:00,109517.1,109554.59,109517.1,109554.58,3.96514,800.0
2025-06-11 08:26:00,109554.58,109554.59,109554.58,109554.59,0.88493,207.0
2025-06-11 08:27:00,109554.59,109573.34,109546.36,109546.37,16.90697,1125.0
2025-06-11 08:28:00,109546.37,109586.22,109546.36,109566.54,5.79713,1025.0
2025-06-11 08:29:00,109566.53,109566.54,109546.37,109546.38,3.2559,457.0
2025-06-11 08:30:00,109546.38,109585.67,109546.37,109585.67,4.75691,1158.0
2025-06-11 08:31:00,109585.67,109603.78,109585.66,109603.78,6.13981,743.0
2025-06-11 08:32:00,109603.78,109620.0,109603.77,109619.99,2.29305,585.0
2025-06-11 08:33:00,109619.99,109627.4,109606.42,109606.43,11.41348,949.0
2025-06-11 08:34:00,109606.43,109606.43,109592.0,109603.77,6.33131,927.0
2025-06-11 08:35:00,109603.78,109637.13,109595.54,109637.13,5.77757,1319.0
2025-06-11 08:36:00,109637.13,109649.86,109637.12,109649.85,2.55401,608.0
2025-06-11 08:37:00,109649.85,109675.69,109616.13,109616.14,16.11081,1737.0
2025-06-11 08:38:00,109616.14,109616.14,109581.96,109590.13,10.9822,1732.0
2025-06-11 08:39:00,109590.13,109590.13,109572.01,109584.23,10.47431,927.0
2025-06-11 08:40:00,109584.24,109609.82,109584.23,109609.82,2.62486,747.0
2025-06-11 08:41:00,109609.82,109649.94,109609.81,109627.42,6.06991,1175.0
2025-06-11 08:42:00,109627.41,109627.42,109592.56,109592.57,5.98413,987.0
2025-06-11 08:43:00,109592.57,109601.96,109592.56,109601.95,3.44212,315.0
2025-06-11 08:44:00,109601.96,109603.78,109600.0,109600.0,4.31946,429.0
2025-06-11 08:45:00,109600.01,109600.01,109565.31,109573.48,6.95512,702.0
2025-06-11 08:46:00,109573.49,109589.21,109573.48,109589.21,5.9467,410.0
2025-06-11 08:47:00,109589.21,109589.21,109556.6,109576.46,11.73316,1170.0
2025-06-11 08:48:00,109576.46,109620.0,109576.46,109620.0,9.28828,1509.0
2025-06-11 08:49:00,109620.0,109620.0,109564.63,109564.63,7.85524,1335.0
2025-06-11 08:50:00,109564.64,109564.64,109513.34,109513.34,7.87056,1235.0
2025-06-11 08:51:00,109513.35,109556.0,109513.34,109556.0,8.56425,1312.0
2025-06-11 08:52:00,109556.0,109592.55,109555.99,109592.55,4.11198,851.0
2025-06-11 08:53:00,109592.54,109600.75,109592.54,109600.75,1.06342,433.0
2025-06-11 08:54:00,109600.74,109629.5,109600.74,109629.5,2.47958,833.0
2025-06-11 08:55:00,109629.5,109633.72,109609.05,109609.05,3.70953,714.0
2025-06-11 08:56:00,109609.06,109609.06,109609.05,109609.05,0.56256,213.0
2025-06-11 08:57:00,109609.05,109620.78,109600.69,109600.7,8.00586,650.0
2025-06-11 08:58:00,109600.7,109600.7,109585.65,109585.66,2.89291,551.0
2025-06-11 08:59:00,109585.65,109585.66,109576.02,109576.02,3.24384,384.0
2025-06-11 09:00:00,109576.03,109600.7,109576.03,109600.7,6.86636,810.0
2025-06-11 09:01:00,109600.7,109603.57,109563.4,109563.4,10.75168,1138.0
2025-06-11 09:02:00,109563.41,109577.52,109464.0,109464.47,38.76669,2059.0
2025-06-11 09:03:00,109464.48,109481.98,109443.19,109452.33,14.02536,1782.0
2025-06-11 09:04:00,109452.33,109466.84,109443.19,109466.83,13.23734,1057.0
2025-06-11 09:05:00,109466.84,109479.77,109466.83,109475.34,7.22615,566.0
2025-06-11 09:06:00,109475.33,109506.47,109466.83,109506.46,4.5641,982.0
2025-06-11 09:07:00,109506.47,109506.47,109462.79,109462.79,7.8944,699.0
2025-06-11 09:08:00,109462.8,109474.86,109452.97,109452.98,7.45251,710.0
2025-06-11 09:09:00,109452.97,109487.61,109426.35,109487.6,9.70319,1250.0
2025-06-11 09:10:00,109487.61,109487.61,109473.93,109473.93,1.89722,433.0
2025-06-11 09:11:00,109473.93,109473.94,109473.93,109473.94,0.60327,167.0
2025-06-11 09:12:00,109473.94,109508.07,109473.93,109499.99,7.13578,1494.0
2025-06-11 09:13:00,109499.99,109526.16,109457.26,109458.8,13.30974,1582.0
2025-06-11 09:14:00,109458.81,109491.76,109458.8,109491.76,3.0325,726.0
2025-06-11 09:15:00,109491.76,109536.38,109491.75,109536.37,4.25961,1181.0
2025-06-11 09:16:00,109536.37,109546.82,109536.37,109546.81,3.48989,681.0
2025-06-11 09:17:00,109546.82,109546.82,109546.81,109546.82,1.29455,193.0
2025-06-11 09:18:00,109546.81,109546.82,109518.8,109518.8,10.24053,831.0
2025-06-11 09:19:00,109518.8,109518.8,109485.73,109499.28,7.83213,986.0
2025-06-11 09:20:00,109499.28,109569.34,109467.65,109569.34,21.67847,1899.0
2025-06-11 09:21:00,109569.34,109569.34,109540.29,109540.29,8.82078,646.0
2025-06-11 09:22:00,109540.29,109540.3,109526.83,109526.83,7.06935,495.0
2025-06-11 09:23:00,109526.84,109540.29,109526.83,109540.28,5.75676,850.0
2025-06-11 09:24:00,109540.28,109540.29,109522.45,109522.46,3.49893,544.0
2025-06-11 09:25:00,109522.45,109522.46,109501.0,109501.01,10.16063,621.0
2025-06-11 09:26:00,109501.0,109501.01,109464.91,109469.22,12.85699,845.0
2025-06-11 09:27:00,109469.22,109469.22,109469.21,109469.21,2.1295,246.0
2025-06-11 09:28:00,109469.22,109475.8,109469.21,109475.8,7.74248,420.0
2025-06-11 09:29:00,109475.8,109475.8,109475.79,109475.79,3.67603,181.0
2025-06-11 09:30:00,109475.79,109475.8,109444.0,109444.0,8.39705,864.0
2025-06-11 09:31:00,109444.0,109444.0,109400.0,109400.0,22.7553,989.0
2025-06-11 09:32:00,109400.0,109424.16,109400.0,109419.5,11.07217,1372.0
2025-06-11 09:33:00,109419.49,109435.21,109418.28,109418.28,8.28449,862.0
2025-06-11 09:34:00,109418.28,109418.29,109400.0,109400.01,11.72772,621.0
2025-06-11 09:35:00,109400.0,109400.01,109385.34,109385.34,7.22021,541.0
2025-06-11 09:36:00,109385.35,109385.35,109333.32,109333.32,20.2109,2079.0
2025-06-11 09:37:00,109333.32,109333.33,109321.05,109329.16,22.78943,984.0
2025-06-11 09:38:00,109329.16,109329.16,109316.5,109316.5,8.81733,424.0
2025-06-11 09:39:00,109316.51,109330.15,109316.5,109317.89,8.59348,743.0
2025-06-11 09:40:00,109317.89,109317.9,109317.89,109317.9,7.54508,351.0
2025-06-11 09:41:00,109317.9,109317.9,109274.19,109289.36,22.21667,1646.0
2025-06-11 09:42:00,109289.35,109289.36,109289.35,109289.35,3.24729,260.0
2025-06-11 09:43:00,109289.35,109289.36,109289.35,109289.35,5.04804,222.0
2025-06-11 09:44:00,109289.35,109289.36,109289.35,109289.36,4.5511,190.0
2025-06-11 09:45:00,109289.35,109289.36,109262.82,109262.83,11.05423,1027.0
2025-06-11 09:46:00,109262.83,109262.83,109262.82,109262.82,4.33852,327.0
2025-06-11 09:47:00,109262.83,109262.83,109251.67,109251.68,8.3517,586.0
2025-06-11 09:48:00,109251.67,109260.6,109251.67,109260.59,6.21818,594.0
2025-06-11 09:49:00,109260.59,109260.6,109251.67,109254.05,10.61232,844.0
2025-06-11 09:50:00,109254.04,109287.14,109254.04,109287.14,16.07714,1431.0
2025-06-11 09:51:00,109287.14,109293.62,109284.64,109284.64,8.55601,917.0
2025-06-11 09:52:00,109284.65,109293.62,109284.65,109293.62,5.12664,800.0
2025-06-11 09:53:00,109293.61,109293.62,109239.12,109244.08,12.63963,1389.0
2025-06-11 09:54:00,109244.08,109257.56,109233.62,109257.56,9.22284,1592.0
2025-06-11 09:55:00,109257.56,109303.33,109257.56,109291.59,7.29816,1644.0
2025-06-11 09:56:00,109291.59,109291.59,109274.06,109274.06,25.40594,964.0
2025-06-11 09:57:00,109274.07,109274.07,109243.13,109245.33,15.53744,714.0
2025-06-11 09:58:00,109245.32,109271.11,109245.32,109271.11,5.22414,855.0
2025-06-11 09:59:00,109271.11,109271.11,109257.07,109269.83,4.63299,643.0
2025-06-11 10:00:00,109269.82,109280.0,109269.82,109279.99,3.39306,583.0
2025-06-11 10:01:00,109279.99,109301.69,109279.99,109288.68,7.24727,702.0
2025-06-11 10:02:00,109288.68,109288.69,109239.74,109239.75,16.44918,1535.0
2025-06-11 10:03:00,109239.74,109265.6,109200.0,109265.59,9.88617,2353.0
2025-06-11 10:04:00,109265.59,109289.22,109265.59,109268.02,7.89253,996.0
2025-06-11 10:05:00,109268.02,109268.02,109239.5,109257.91,9.52612,1129.0
2025-06-11 10:06:00,109257.91,109257.91,109226.63,109233.38,6.68989,819.0
2025-06-11 10:07:00,109233.38,109320.0,109233.37,109319.99,12.61793,1628.0
2025-06-11 10:08:00,109320.0,109386.65,109319.99,109355.84,15.46436,1408.0
2025-06-11 10:09:00,109355.83,109355.84,109347.93,109347.93,3.60953,340.0
2025-06-11 10:10:00,109347.94,109347.94,109309.24,109309.24,9.84886,648.0
2025-06-11 10:11:00,109309.24,109331.99,109309.24,109331.98,4.02204,785.0
2025-06-11 10:12:00,109331.98,109331.99,109284.91,109284.91,11.52632,1271.0
2025-06-11 10:13:00,109284.91,109329.0,109284.67,109284.68,12.23606,2006.0
2025-06-11 10:14:00,109284.68,109287.38,109277.94,109287.37,7.59746,778.0
2025-06-11 10:15:00,109287.37,109295.31,109260.62,109295.3,8.0999,1833.0
2025-06-11 10:16:00,109295.31,109314.52,109295.3,109314.52,2.28352,754.0
2025-06-11 10:17:00,109314.51,109315.26,109314.51,109315.25,1.96962,421.0
2025-06-11 10:18:00,109315.25,109318.44,109300.64,109312.94,14.17358,1288.0
2025-06-11 10:19:00,109312.93,109312.93,109284.38,109303.52,8.38568,1389.0
2025-06-11 10:20:00,109303.52,109303.52,109303.51,109303.51,6.75077,214.0
2025-06-11 10:21:00,109303.52,109307.57,109276.19,109290.87,15.55225,2189.0
2025-06-11 10:22:00,109290.86,109290.87,109290.86,109290.86,0.90091,181.0
2025-06-11 10:23:00,109290.86,109316.91,109290.86,109316.9,4.73614,769.0
2025-06-11 10:24:00,109316.91,109316.91,109242.35,109252.0,15.4411,1490.0
2025-06-11 10:25:00,109252.01,109271.3,109252.0,109271.29,2.20851,719.0
2025-06-11 10:26:00,109271.3,109276.0,109271.29,109276.0,2.47374,405.0
2025-06-11 10:27:00,109276.0,109276.0,109275.99,109276.0,1.78702,183.0
2025-06-11 10:28:00,109275.99,109306.64,109275.99,109306.64,2.56029,735.0
2025-06-11 10:29:00,109306.64,109311.36,109306.63,109311.36,3.03415,235.0
2025-06-11 10:30:00,109311.35,109329.9,109311.35,109329.89,2.60793,589.0
2025-06-11 10:31:00,109329.89,109331.87,109329.89,109331.87,0.68608,346.0
2025-06-11 10:32:00,109331.86,109331.87,109331.86,109331.87,0.61163,189.0
2025-06-11 10:33:00,109331.86,109331.87,109331.86,109331.87,1.9984,188.0
2025-06-11 10:34:00,109331.87,109348.16,109331.86,109337.46,9.56215,1146.0
2025-06-11 10:35:00,109337.46,109337.47,109336.94,109336.94,5.91801,766.0
2025-06-11 10:36:00,109336.94,109342.47,109336.94,109342.47,1.67785,546.0
2025-06-11 10:37:00,109342.47,109342.47,109309.59,109321.96,21.74586,1274.0
2025-06-11 10:38:00,109321.95,109335.36,109321.95,109335.36,3.68327,505.0
2025-06-11 10:39:00,109335.35,109335.36,109335.35,109335.36,1.1126,147.0
2025-06-11 10:40:00,109335.36,109335.36,109299.21,109299.22,6.62587,688.0
2025-06-11 10:41:00,109299.22,109318.33,109299.21,109318.32,2.01596,517.0
2025-06-11 10:42:00,109318.32,109318.33,109300.75,109300.76,4.68201,594.0
2025-06-11 10:43:00,109300.76,109300.76,109300.75,109300.75,0.93563,209.0
2025-06-11 10:44:00,109300.76,109300.76,109226.63,109299.09,21.15689,1874.0
2025-06-11 10:45:00,109299.1,109373.4,109299.09,109373.4,4.01418,848.0
2025-06-11 10:46:00,109373.4,109391.82,109365.19,109391.81,4.21929,648.0
2025-06-11 10:47:00,109391.81,109396.24,109391.81,109396.23,1.30182,326.0
2025-06-11 10:48:00,109396.24,109468.67,109396.23,109449.59,23.5865,1443.0
2025-06-11 10:49:00,109449.6,109449.6,109436.88,109436.88,7.90747,889.0
2025-06-11 10:50:00,109436.89,109436.89,109402.32,109402.32,8.54329,950.0
2025-06-11 10:51:00,109402.33,109402.33,109388.66,109396.79,6.30353,892.0
2025-06-11 10:52:00,109396.79,109396.8,109396.79,109396.8,1.04526,195.0
2025-06-11 10:53:00,109396.79,109396.8,109396.79,109396.8,0.644,227.0
2025-06-11 10:54:00,109396.79,109396.8,109396.79,109396.8,0.66668,122.0
2025-06-11 10:55:00,109396.79,109396.8,109360.85,109360.86,3.55762,867.0
2025-06-11 10:56:00,109360.86,109384.42,109360.85,109384.41,6.94556,455.0
2025-06-11 10:57:00,109384.41,109384.42,109384.41,109384.42,2.62048,222.0
2025-06-11 10:58:00,109384.42,109384.42,109373.12,109373.13,4.3041,389.0
2025-06-11 10:59:00,109373.12,109373.13,109373.12,109373.12,1.91705,224.0
2025-06-11 11:00:00,109373.13,109373.13,109366.69,109366.69,6.77973,526.0
2025-06-11 11:01:00,109366.69,109366.7,109352.0,109352.01,5.48736,761.0
2025-06-11 11:02:00,109352.01,109391.75,109352.0,109391.75,6.85828,760.0
2025-06-11 11:03:00,109391.74,109391.75,109366.41,109366.41,4.975,677.0
2025-06-11 11:04:00,109366.41,109376.72,109366.41,109375.0,4.24666,657.0
2025-06-11 11:05:00,109375.0,109375.0,109343.2,109343.2,5.70499,726.0
2025-06-11 11:06:00,109343.2,109343.21,109343.2,109343.2,3.65483,142.0
2025-06-11 11:07:00,109343.21,109343.21,109329.54,109329.75,6.69579,476.0
2025-06-11 11:08:00,109329.75,109329.76,109302.77,109302.77,9.13718,792.0
2025-06-11 11:09:00,109302.77,109302.78,109302.77,109302.78,1.77158,175.0
2025-06-11 11:10:00,109302.78,109302.78,109300.0,109300.01,3.1596,409.0
2025-06-11 11:11:00,109300.01,109354.83,109300.0,109354.82,6.27056,1491.0
2025-06-11 11:12:00,109354.82,109354.83,109325.44,109325.44,4.9209,496.0
2025-06-11 11:13:00,109325.45,109325.45,109325.44,109325.45,1.03461,152.0
2025-06-11 11:14:00,109325.45,109325.45,109321.81,109322.21,1.96554,345.0
2025-06-11 11:15:00,109322.2,109325.45,109302.59,109302.6,6.76184,912.0
2025-06-11 11:16:00,109302.59,109302.6,109261.03,109261.04,5.12035,1177.0
2025-06-11 11:17:00,109261.03,109261.04,109240.87,109240.88,1.5172,484.0
2025-06-11 11:18:00,109240.88,109270.1,109240.87,109270.09,2.59583,1029.0
2025-06-11 11:19:00,109270.1,109273.59,109270.09,109273.58,0.72362,418.0
2025-06-11 11:20:00,109273.58,109282.86,109261.95,109282.85,4.03604,650.0
2025-06-11 11:21:00,109282.86,109282.86,109282.85,109282.85,1.2482,179.0
2025-06-11 11:22:00,109282.85,109282.86,109240.89,109250.62,5.67547,812.0
2025-06-11 11:23:00,109250.62,109250.63,109240.87,109240.87,0.87444,267.0
2025-06-11 11:24:00,109240.87,109268.0,109240.87,109241.64,2.83799,954.0
2025-06-11 11:25:00,109241.64,109255.36,109240.87,109255.3,9.77332,579.0
2025-06-11 11:26:00,109255.3,109255.31,109240.87,109240.88,1.69209,348.0
2025-06-11 11:27:00,109240.87,109240.88,109240.87,109240.88,1.10865,180.0
2025-06-11 11:28:00,109240.87,109269.55,109240.87,109269.54,8.91142,765.0
2025-06-11 11:29:00,109269.55,109269.55,109269.54,109269.54,0.85171,148.0
2025-06-11 11:30:00,109269.54,109298.92,109269.54,109298.92,7.4335,764.0
2025-06-11 11:31:00,109298.92,109312.49,109298.91,109312.49,1.63842,511.0
2025-06-11 11:32:00,109312.48,109312.49,109312.48,109312.48,0.50037,157.0
2025-06-11 11:33:00,109312.48,109312.49,109296.0,109296.01,2.07868,568.0
2025-06-11 11:34:00,109296.0,109296.01,109276.14,109276.14,1.16694,491.0
2025-06-11 11:35:00,109276.15,109276.15,109276.14,109276.15,1.0746,125.0
2025-06-11 11:36:00,109276.14,109298.45,109276.14,109298.44,2.31858,470.0
2025-06-11 11:37:00,109298.44,109298.45,109298.44,109298.45,1.95876,150.0
2025-06-11 11:38:00,109298.44,109298.45,109251.02,109262.79,3.98782,1217.0
2025-06-11 11:39:00,109262.79,109262.8,109193.89,109208.91,35.02001,1471.0
2025-06-11 11:40:00,109208.91,109208.92,109208.91,109208.91,3.17859,181.0
2025-06-11 11:41:00,109208.92,109226.42,109199.02,109213.74,11.47243,825.0
2025-06-11 11:42:00,109213.75,109213.75,109210.77,109210.78,0.98556,274.0
2025-06-11 11:43:00,109210.78,109224.11,109210.77,109224.1,1.9314,455.0
2025-06-11 11:44:00,109224.11,109240.1,109224.11,109240.09,3.09642,345.0
2025-06-11 11:45:00,109240.1,109245.0,109240.09,109244.99,1.22096,398.0
2025-06-11 11:46:00,109244.99,109245.0,109243.18,109243.18,0.60395,357.0
2025-06-11 11:47:00,109243.18,109243.19,109224.14,109224.15,2.94007,416.0
2025-06-11 11:48:00,109224.15,109224.15,109224.14,109224.15,0.88978,219.0
2025-06-11 11:49:00,109224.14,109224.15,109224.14,109224.14,3.38981,304.0
2025-06-11 11:50:00,109224.14,109224.15,109224.14,109224.15,0.46269,212.0
2025-06-11 11:51:00,109224.14,109224.15,109219.99,109219.99,1.31433,328.0
2025-06-11 11:52:00,109220.0,109220.0,109216.0,109216.0,1.72227,539.0
2025-06-11 11:53:00,109216.0,109216.01,109216.0,109216.0,4.13627,348.0
2025-06-11 11:54:00,109216.01,109223.59,109216.0,109223.59,1.91492,403.0
2025-06-11 11:55:00,109223.58,109223.59,109223.58,109223.59,3.79559,263.0
2025-06-11 11:56:00,109223.59,109271.16,109223.58,109264.73,11.11738,1449.0
2025-06-11 11:57:00,109264.73,109264.74,109264.73,109264.73,5.03988,346.0
2025-06-11 11:58:00,109264.74,109275.0,109264.73,109275.0,2.62607,473.0
2025-06-11 11:59:00,109274.99,109275.0,109252.09,109252.09,3.89776,1054.0
2025-06-11 12:00:00,109252.1,109280.0,109239.19,109239.2,9.37204,1898.0
2025-06-11 12:01:00,109239.19,109248.96,109232.34,109248.96,4.47003,1042.0
2025-06-11 12:02:00,109248.95,109248.96,109221.86,109221.87,4.60796,1006.0
2025-06-11 12:03:00,109221.86,109221.86,109147.64,109147.65,8.19328,2421.0
2025-06-11 12:04:00,109147.65,109378.45,109147.64,109352.07,74.66405,16825.0
2025-06-11 12:05:00,109352.07,109363.01,109267.99,109290.08,23.51372,5199.0
2025-06-11 12:06:00,109290.09,109339.51,109150.0,109179.37,14.67769,7969.0
2025-06-11 12:07:00,109179.36,109229.99,109174.64,109229.99,4.90001,2918.0
2025-06-11 12:08:00,109230.0,109335.46,109222.31,109300.0,9.8238,4545.0
2025-06-11 12:09:00,109300.01,109336.08,109300.0,109318.74,2.48023,1692.0
2025-06-11 12:10:00,109318.74,109345.77,109318.73,109345.57,5.98771,1525.0
2025-06-11 12:11:00,109345.57,109463.98,109345.56,109463.98,10.7783,3883.0
2025-06-11 12:12:00,109463.97,109463.98,109391.14,109400.76,12.38132,2282.0
2025-06-11 12:13:00,109400.76,109406.97,109400.75,109406.96,3.07224,569.0
2025-06-11 12:14:00,109406.96,109406.97,109373.08,109373.08,1.2989,1067.0
2025-06-11 12:15:00,109373.08,109373.09,109340.0,109340.0,2.39402,1209.0
2025-06-11 12:16:00,109340.0,109340.01,109245.77,109245.77,4.27924,1838.0
2025-06-11 12:17:00,109245.77,109245.78,109143.91,109166.86,11.26194,4149.0
2025-06-11 12:18:00,109166.86,109166.87,109158.96,109158.99,1.44283,577.0
2025-06-11 12:19:00,109159.0,109166.41,109158.99,109166.38,1.51524,501.0
2025-06-11 12:20:00,109166.38,109189.23,109166.38,109172.41,6.31287,1026.0
2025-06-11 12:21:00,109172.4,109172.41,109062.0,109078.68,31.42482,3847.0
2025-06-11 12:22:00,109078.68,109084.01,109061.19,109061.19,8.74304,1620.0
2025-06-11 12:23:00,109061.19,109141.63,109008.82,109126.92,29.87372,6878.0
2025-06-11 12:24:00,109126.92,109138.29,109093.91,109112.79,7.95207,1699.0
2025-06-11 12:25:00,109112.8,109130.06,109112.79,109130.06,2.50021,672.0
2025-06-11 12:26:00,109130.05,109155.35,109119.05,109155.35,8.21706,1649.0
2025-06-11 12:27:00,109155.35,109183.62,109155.34,109179.24,6.35792,1201.0
2025-06-11 12:28:00,109179.25,109216.21,109176.85,109216.21,5.59015,1519.0
2025-06-11 12:29:00,109216.21,109276.25,109216.2,109276.25,12.65251,2009.0
2025-06-11 12:30:00,109276.25,109815.39,109276.24,109784.01,289.41289,20506.0
2025-06-11 12:31:00,109784.01,109900.0,109652.61,109839.51,115.60499,10956.0
2025-06-11 12:32:00,109839.52,109927.04,109745.29,109792.46,61.74751,7863.0
2025-06-11 12:33:00,109792.45,109792.46,109701.67,109741.66,32.91487,6487.0
2025-06-11 12:34:00,109741.65,109825.86,109729.77,109765.25,21.47077,4119.0
2025-06-11 12:35:00,109765.25,109769.65,109630.29,109694.96,83.79464,5916.0
2025-06-11 12:36:00,109694.96,109737.0,109671.36,109700.6,13.84908,4772.0
2025-06-11 12:37:00,109700.6,109730.56,109486.97,109554.21,43.41725,8071.0
2025-06-11 12:38:00,109554.2,109590.0,109524.88,109537.65,10.83107,2710.0
2025-06-11 12:39:00,109537.65,109547.13,109503.25,109519.82,10.74062,2893.0
2025-06-11 12:40:00,109519.83,109678.48,109519.82,109614.81,72.86453,5803.0
2025-06-11 12:41:00,109614.8,109745.29,109614.8,109727.12,30.6999,6405.0
2025-06-11 12:42:00,109727.12,109789.4,109713.51,109775.01,17.16604,3630.0
2025-06-11 12:43:00,109775.01,109833.25,109772.52,109833.24,14.49395,2569.0
2025-06-11 12:44:00,109833.24,109839.63,109813.33,109827.45,10.45121,2167.0
2025-06-11 12:45:00,109827.44,109827.45,109730.84,109731.2,13.37534,2338.0
2025-06-11 12:46:00,109731.2,109731.21,109660.26,109729.38,11.83528,3506.0
2025-06-11 12:47:00,109729.39,109808.2,109718.4,109808.2,10.09663,3704.0
2025-06-11 12:48:00,109808.19,109808.2,109688.33,109703.3,18.79638,3497.0
2025-06-11 12:49:00,109703.31,109703.31,109572.44,109581.59,17.32916,2162.0
2025-06-11 12:50:00,109581.59,109649.09,109574.06,109631.34,13.31433,2299.0
2025-06-11 12:51:00,109631.34,109641.05,109580.0,109580.01,6.50578,1945.0
2025-06-11 12:52:00,109580.01,109697.3,109580.01,109618.04,10.66446,3276.0
2025-06-11 12:53:00,109618.04,109624.0,109580.0,109580.01,5.60303,1763.0
2025-06-11 12:54:00,109580.0,109594.2,109566.31,109581.6,3.4422,1480.0
2025-06-11 12:55:00,109581.6,109634.25,109573.3,109634.24,5.26556,2182.0
2025-06-11 12:56:00,109634.25,109679.32,109605.68,109627.24,10.59924,2939.0
2025-06-11 12:57:00,109627.25,109659.64,109601.94,109659.64,3.8434,1740.0
2025-06-11 12:58:00,109659.64,109693.92,109643.88,109693.91,3.4977,1397.0
2025-06-11 12:59:00,109693.92,109714.87,109693.91,109714.87,2.94844,661.0
2025-06-11 13:00:00,109714.87,109742.2,109702.62,109702.62,7.93919,2534.0
2025-06-11 13:01:00,109702.63,109702.63,109600.0,109600.0,13.97811,3720.0
2025-06-11 13:02:00,109600.0,109600.01,109553.63,109565.14,15.69073,2836.0
2025-06-11 13:03:00,109565.14,109620.35,109555.48,109569.15,14.67564,2248.0
2025-06-11 13:04:00,109569.16,109649.44,109569.16,109649.44,6.83677,2145.0
2025-06-11 13:05:00,109649.43,109722.05,109641.99,109681.57,17.6561,2936.0
2025-06-11 13:06:00,109681.58,109681.58,109621.47,109651.19,14.18395,3868.0
2025-06-11 13:07:00,109651.18,109670.14,109624.18,109650.47,9.14419,1775.0
2025-06-11 13:08:00,109650.47,109672.27,109612.85,109658.32,10.07183,2956.0
2025-06-11 13:09:00,109658.33,109728.0,109658.32,109703.9,6.25069,2206.0
2025-06-11 13:10:00,109703.9,109703.9,109629.0,109629.01,5.77334,3384.0
2025-06-11 13:11:00,109629.0,109654.11,109629.0,109640.51,6.82419,1907.0
2025-06-11 13:12:00,109640.51,109650.95,109640.51,109643.66,2.84168,851.0
2025-06-11 13:13:00,109643.66,109643.67,109619.77,109619.78,1.84645,641.0
2025-06-11 13:14:00,109619.78,109619.78,109603.77,109618.26,4.51242,892.0
2025-06-11 13:15:00,109618.27,109665.37,109617.19,109617.19,5.4593,2214.0
2025-06-11 13:16:00,109617.2,109659.27,109603.77,109649.62,4.93051,2302.0
2025-06-11 13:17:00,109649.63,109750.35,109649.62,109745.27,12.50026,2495.0
2025-06-11 13:18:00,109745.27,109752.92,109740.0,109740.01,4.98305,664.0
2025-06-11 13:19:00,109740.01,109756.13,109740.0,109753.87,6.6679,1015.0
2025-06-11 13:20:00,109753.87,109778.66,109753.86,109778.66,6.80258,1098.0
2025-06-11 13:21:00,109778.66,109784.51,109761.4,109766.12,13.67794,1322.0
2025-06-11 13:22:00,109766.13,109766.13,109744.45,109756.95,13.74118,1810.0
2025-06-11 13:23:00,109756.95,109775.7,109756.94,109775.7,5.53062,897.0
2025-06-11 13:24:00,109775.7,109808.17,109775.69,109798.17,7.35305,1461.0
2025-06-11 13:25:00,109798.16,109833.3,109786.36,109833.29,12.41681,1552.0
2025-06-11 13:26:00,109833.3,109855.7,109833.29,109855.69,8.19933,1317.0
2025-06-11 13:27:00,109855.7,109883.55,109848.79,109849.12,18.63168,1790.0
2025-06-11 13:28:00,109849.12,109849.12,109829.47,109849.12,6.62119,1606.0
2025-06-11 13:29:00,109849.11,109849.11,109810.21,109810.21,8.92813,1280.0
2025-06-11 13:30:00,109810.22,109813.12,109745.28,109764.12,29.64927,6204.0
2025-06-11 13:31:00,109764.11,109771.4,109659.8,109659.8,31.52124,5086.0
2025-06-11 13:32:00,109659.8,109659.81,109336.75,109427.01,77.64441,10558.0
2025-06-11 13:33:00,109427.0,109435.91,109301.42,109354.76,48.42384,6067.0
2025-06-11 13:34:00,109354.75,109433.98,109320.75,109410.36,21.42301,4962.0
2025-06-11 13:35:00,109410.37,109492.3,109374.35,109492.3,31.02035,6596.0
2025-06-11 13:36:00,109492.29,109690.71,109465.03,109672.28,33.31953,8984.0
2025-06-11 13:37:00,109672.29,109786.27,109672.29,109786.26,20.44065,7491.0
2025-06-11 13:38:00,109786.27,109887.99,109786.27,109823.32,24.27588,7227.0
2025-06-11 13:39:00,109823.32,109891.7,109815.09,109846.73,35.32068,3869.0
2025-06-11 13:40:00,109846.73,109879.53,109782.94,109870.22,19.06155,4197.0
2025-06-11 13:41:00,109870.21,109900.0,109835.78,109847.62,17.78372,4159.0
2025-06-11 13:42:00,109847.62,109847.63,109727.14,109727.14,13.74539,2902.0
2025-06-11 13:43:00,109727.14,109774.52,109688.64,109730.98,25.80659,4186.0
2025-06-11 13:44:00,109730.98,109735.5,109670.37,109703.87,11.77177,3081.0
2025-06-11 13:45:00,109703.88,109703.88,109528.0,109536.26,24.45418,4265.0
2025-06-11 13:46:00,109536.26,109553.52,109367.92,109367.92,29.39024,7537.0
2025-06-11 13:47:00,109367.92,109458.94,109347.82,109445.37,22.51664,5380.0
2025-06-11 13:48:00,109445.37,109488.48,109426.43,109488.47,14.37982,3683.0
2025-06-11 13:49:00,109488.48,109722.04,109488.48,109722.04,19.8569,8259.0
2025-06-11 13:50:00,109722.04,109726.83,109654.94,109700.0,12.20532,4022.0
2025-06-11 13:51:00,109700.0,109778.68,109700.0,109764.62,21.45335,4996.0
2025-06-11 13:52:00,109764.61,109773.75,109700.0,109737.29,15.96639,5070.0
2025-06-11 13:53:00,109737.29,109790.21,109733.04,109742.82,7.09073,3296.0
2025-06-11 13:54:00,109742.82,109742.82,109684.09,109695.07,7.06517,2882.0
2025-06-11 13:55:00,109695.06,109695.06,109568.0,109670.36,17.11403,7201.0
2025-06-11 13:56:00,109670.37,109670.37,109607.19,109625.14,4.46555,1949.0
2025-06-11 13:57:00,109625.14,109625.14,109546.1,109585.63,12.1997,3744.0
2025-06-11 13:58:00,109585.63,109665.75,109568.0,109654.39,11.06656,4016.0
2025-06-11 13:59:00,109654.39,109706.41,109640.9,109684.0,13.24582,3130.0
2025-06-11 14:00:00,109684.0,109818.76,109684.0,109803.41,24.59745,5259.0
2025-06-11 14:01:00,109803.42,109844.0,109800.0,109837.77,41.6249,4172.0
2025-06-11 14:02:00,109837.78,109907.3,109837.77,109875.27,19.43336,5124.0
2025-06-11 14:03:00,109875.27,109875.28,109739.54,109739.54,19.33901,3980.0
2025-06-11 14:04:00,109739.54,109739.54,109650.94,109655.42,12.62498,2734.0
2025-06-11 14:05:00,109655.42,109830.14,109655.41,109776.96,11.66068,6036.0
2025-06-11 14:06:00,109776.96,109791.1,109749.94,109773.53,6.19704,2871.0
2025-06-11 14:07:00,109773.54,109834.48,109773.54,109808.71,10.50153,4016.0
2025-06-11 14:08:00,109808.71,109874.22,109767.96,109859.15,15.32853,3576.0
2025-06-11 14:09:00,109859.14,109879.31,109856.98,109856.98,8.97278,1927.0
2025-06-11 14:10:00,109856.99,109868.77,109812.55,109812.55,6.47011,2519.0
2025-06-11 14:11:00,109812.55,109812.56,109743.3,109756.62,13.87762,2998.0
2025-06-11 14:12:00,109756.63,109841.89,109746.95,109841.89,11.21588,3244.0
2025-06-11 14:13:00,109841.89,109888.84,109841.88,109875.93,17.20628,1600.0
2025-06-11 14:14:00,109875.93,109990.01,109859.45,109990.0,20.18207,3470.0
2025-06-11 14:15:00,109990.01,110039.99,109987.53,110009.18,50.53532,6843.0
2025-06-11 14:16:00,110009.18,110122.65,110009.18,110122.65,36.66349,5300.0
2025-06-11 14:17:00,110122.65,110199.0,110096.92,110123.49,29.53247,8030.0
2025-06-11 14:18:00,110123.49,110200.0,110123.49,110200.0,14.45503,4555.0
2025-06-11 14:19:00,110200.0,110279.0,110199.99,110270.49,40.38067,4434.0
2025-06-11 14:20:00,110270.49,110298.94,110244.03,110274.26,53.53066,4456.0
2025-06-11 14:21:00,110274.26,110285.41,110224.79,110273.88,54.83663,4224.0
2025-06-11 14:22:00,110273.88,110349.21,110273.87,110332.8,36.71566,3130.0
2025-06-11 14:23:00,110332.8,110341.53,110312.17,110336.88,21.99375,2286.0
2025-06-11 14:24:00,110336.89,110336.89,110291.05,110305.23,20.32126,2821.0
2025-06-11 14:25:00,110305.23,110325.48,110243.28,110256.52,20.6947,4330.0
2025-06-11 14:26:00,110256.52,110312.68,110253.37,110253.38,30.16235,3540.0
2025-06-11 14:27:00,110253.37,110253.38,110189.99,110195.35,21.73208,3902.0
2025-06-11 14:28:00,110195.35,110260.0,110182.03,110182.04,10.37451,3603.0
2025-06-11 14:29:00,110182.03,110298.52,110178.71,110240.01,34.16573,4626.0
2025-06-11 14:30:00,110240.01,110249.39,110180.91,110226.63,26.74356,7643.0
2025-06-11 14:31:00,110226.64,110306.98,110226.63,110236.53,19.56129,5084.0
2025-06-11 14:32:00,110236.53,110283.22,110224.57,110258.08,10.77851,3873.0
2025-06-11 14:33:00,110258.08,110330.71,110258.07,110330.71,51.88817,4514.0
2025-06-11 14:34:00,110330.71,110371.82,110299.02,110366.37,46.63242,6018.0
2025-06-11 14:35:00,110366.38,110392.01,110283.47,110283.48,56.37011,5283.0
2025-06-11 14:36:00,110283.48,110329.19,110283.47,110287.6,11.35499,2755.0
2025-06-11 14:37:00,110287.6,110304.61,110228.0,110228.0,16.63929,4389.0
2025-06-11 14:38:00,110228.01,110228.01,109928.96,109981.14,53.29084,10248.0
2025-06-11 14:39:00,109981.13,110013.88,109899.78,109900.26,31.1689,5602.0
2025-06-11 14:40:00,109900.26,109947.76,109807.09,109835.54,30.95789,7657.0
2025-06-11 14:41:00,109835.54,109883.79,109805.82,109876.12,37.83076,5308.0
2025-06-11 14:42:00,109876.13,109876.96,109842.54,109876.96,12.62211,3467.0
2025-06-11 14:43:00,109876.96,110017.02,109876.95,109988.0,24.93525,4468.0
2025-06-11 14:44:00,109988.0,110094.16,109983.78,110049.16,10.86909,3787.0
2025-06-11 14:45:00,110049.16,110131.92,109992.23,110127.66,13.93809,4113.0
2025-06-11 14:46:00,110127.66,110127.66,110016.27,110028.3,23.91402,3413.0
2025-06-11 14:47:00,110028.3,110064.31,110006.38,110053.27,7.97786,2995.0
2025-06-11 14:48:00,110053.28,110101.64,109964.33,109964.33,8.19678,5275.0
2025-06-11 14:49:00,109964.34,109964.34,109848.23,109848.46,17.47372,5286.0
2025-06-11 14:50:00,109848.47,109874.81,109811.84,109811.84,9.89003,3075.0
2025-06-11 14:51:00,109811.85,109950.83,109792.45,109950.83,21.38533,5488.0
2025-06-11 14:52:00,109950.83,109995.93,109935.27,109960.0,15.81977,3659.0
2025-06-11 14:53:00,109960.0,109960.0,109911.0,109911.0,8.00143,2083.0
2025-06-11 14:54:00,109911.01,109932.02,109902.77,109932.02,4.20874,1605.0
2025-06-11 14:55:00,109932.02,109944.8,109923.68,109925.86,7.08345,2496.0
2025-06-11 14:56:00,109925.86,109925.87,109827.63,109836.67,8.84986,2774.0
2025-06-11 14:57:00,109836.67,109840.0,109811.43,109840.0,3.75623,1790.0
2025-06-11 14:58:00,109840.0,109890.0,109839.99,109850.02,7.04692,4724.0
2025-06-11 14:59:00,109850.01,109867.14,109818.98,109866.69,30.63349,3534.0
2025-06-11 15:00:00,109866.69,109926.4,109866.68,109915.01,9.21264,2567.0
2025-06-11 15:01:00,109915.0,109997.76,109915.0,109975.67,24.57687,3856.0
2025-06-11 15:02:00,109975.68,110014.4,109935.07,109961.01,20.56731,3309.0
2025-06-11 15:03:00,109961.01,110036.67,109934.86,110036.66,9.94229,2774.0
2025-06-11 15:04:00,110036.67,110042.9,110019.01,110042.89,25.10792,1464.0
2025-06-11 15:05:00,110042.89,110042.9,109983.5,110016.0,17.96337,2529.0
2025-06-11 15:06:00,110016.0,110016.0,109962.05,109994.12,7.07088,2546.0
2025-06-11 15:07:00,109994.11,110027.13,109965.93,110027.0,13.59313,2399.0
2025-06-11 15:08:00,110027.0,110027.0,109815.09,109927.19,34.9975,7354.0
2025-06-11 15:09:00,109927.19,109927.95,109765.5,109765.5,26.82723,5666.0
2025-06-11 15:10:00,109765.51,109860.89,109704.37,109830.46,40.40918,8565.0
2025-06-11 15:11:00,109830.45,109830.45,109747.44,109766.25,14.72529,3730.0
2025-06-11 15:12:00,109766.25,109797.79,109757.04,109797.79,28.44736,3460.0
2025-06-11 15:13:00,109797.79,109810.2,109750.39,109755.39,7.98317,3076.0
2025-06-11 15:14:00,109755.38,109755.38,109660.72,109690.94,45.67859,3061.0
2025-06-11 15:15:00,109690.94,109762.26,109690.94,109736.7,8.57564,2921.0
2025-06-11 15:16:00,109736.7,109757.64,109706.75,109730.56,6.36234,2589.0
2025-06-11 15:17:00,109730.57,109743.54,109705.63,109705.65,5.76506,1865.0
2025-06-11 15:18:00,109705.65,109705.65,109678.16,109678.32,3.88992,2012.0
2025-06-11 15:19:00,109678.33,109698.11,109673.86,109694.84,5.87015,1976.0
2025-06-11 15:20:00,109694.85,109760.0,109694.85,109725.99,5.44079,4709.0
2025-06-11 15:21:00,109726.0,109785.97,109705.41,109785.96,5.04802,4811.0
2025-06-11 15:22:00,109785.97,109791.06,109770.0,109791.05,2.39597,1717.0
2025-06-11 15:23:00,109791.05,109800.0,109791.05,109792.04,3.37418,1627.0
2025-06-11 15:24:00,109792.04,109799.27,109783.05,109783.06,4.54277,1198.0
2025-06-11 15:25:00,109783.05,109783.06,109684.49,109684.5,6.86201,2054.0
2025-06-11 15:26:00,109684.49,109736.37,109663.64,109736.36,8.59127,4480.0
2025-06-11 15:27:00,109736.37,109789.13,109734.52,109789.13,8.33056,3768.0
2025-06-11 15:28:00,109789.13,109823.14,109781.0,109806.79,10.67344,3407.0
2025-06-11 15:29:00,109806.8,109812.62,109787.88,109787.88,6.72822,1632.0
2025-06-11 15:30:00,109787.88,109906.67,109787.87,109862.43,26.46606,3737.0
2025-06-11 15:31:00,109862.43,109862.43,109792.45,109807.36,11.39221,3330.0
2025-06-11 15:32:00,109807.36,109818.6,109786.89,109800.22,8.59514,2127.0
2025-06-11 15:33:00,109800.21,109823.62,109781.69,109820.65,10.39869,3093.0
2025-06-11 15:34:00,109820.65,109820.65,109781.01,109781.01,4.36701,1313.0
2025-06-11 15:35:00,109781.02,109813.22,109781.01,109808.13,10.64842,2361.0
2025-06-11 15:36:00,109808.12,109877.95,109808.12,109831.69,11.18704,5354.0
2025-06-11 15:37:00,109831.69,109831.69,109766.44,109827.02,31.15448,4287.0
2025-06-11 15:38:00,109827.02,109883.34,109827.01,109870.83,5.57308,3624.0
2025-06-11 15:39:00,109870.83,109870.83,109810.17,109810.18,9.17545,1635.0
2025-06-11 15:40:00,109810.17,109813.67,109769.96,109813.66,9.01719,2506.0
2025-06-11 15:41:00,109813.66,109834.1,109772.42,109772.43,6.75793,1805.0
2025-06-11 15:42:00,109772.42,109772.42,109686.56,109727.81,13.94697,2775.0
2025-06-11 15:43:00,109727.82,109736.0,109727.81,109732.0,4.29294,585.0
2025-06-11 15:44:00,109731.99,109745.25,109730.83,109740.17,7.46228,842.0
2025-06-11 15:45:00,109740.17,109835.13,109740.17,109828.89,16.74245,3081.0
2025-06-11 15:46:00,109828.9,109862.0,109828.89,109862.0,12.00676,2130.0
2025-06-11 15:47:00,109861.99,109971.3,109861.99,109917.86,27.11311,5544.0
2025-06-11 15:48:00,109917.86,109930.21,109888.81,109901.86,15.04775,2424.0
2025-06-11 15:49:00,109901.86,109901.86,109840.01,109857.52,11.64937,2257.0
2025-06-11 15:50:00,109857.52,109876.67,109817.2,109826.27,13.48712,3082.0
2025-06-11 15:51:00,109826.27,109839.63,109826.27,109839.62,5.36141,973.0
2025-06-11 15:52:00,109839.63,109867.42,109830.98,109830.99,16.92693,1691.0
2025-06-11 15:53:00,109830.99,109830.99,109755.35,109782.57,8.63872,2589.0
2025-06-11 15:54:00,109782.58,109822.59,109782.57,109805.75,7.34908,1717.0
2025-06-11 15:55:00,109805.76,109805.76,109751.02,109751.03,8.76852,3356.0
2025-06-11 15:56:00,109751.03,109753.55,109706.46,109707.98,6.20765,1517.0
2025-06-11 15:57:00,109707.98,109707.98,109667.1,109696.0,18.82171,2291.0
2025-06-11 15:58:00,109696.0,109713.59,109689.55,109699.28,42.75983,1614.0
2025-06-11 15:59:00,109699.27,109744.6,109699.27,109735.7,7.59159,1362.0
2025-06-11 16:00:00,109735.7,109791.75,109735.7,109791.74,19.80842,2545.0
2025-06-11 16:01:00,109791.75,109791.75,109751.99,109763.67,11.50664,2543.0
2025-06-11 16:02:00,109763.67,109815.84,109760.82,109786.68,8.81659,2651.0
2025-06-11 16:03:00,109786.68,109786.68,109761.45,109767.21,4.98889,1938.0
2025-06-11 16:04:00,109767.21,109767.21,109691.22,109740.8,8.82699,2894.0
2025-06-11 16:05:00,109740.79,109753.53,109681.0,109704.92,7.55112,2352.0
2025-06-11 16:06:00,109704.92,109704.92,109585.72,109602.36,20.71798,4184.0
2025-06-11 16:07:00,109602.36,109602.36,109462.26,109548.15,52.20197,7441.0
2025-06-11 16:08:00,109548.16,109554.32,109503.32,109521.38,12.30675,3068.0
2025-06-11 16:09:00,109521.39,109541.62,109497.87,109507.98,10.80298,2375.0
2025-06-11 16:10:00,109507.98,109509.44,109377.53,109408.01,27.52789,5792.0
2025-06-11 16:11:00,109408.01,109449.28,109341.79,109408.0,29.47471,4862.0
2025-06-11 16:12:00,109408.0,109479.29,109391.34,109440.0,11.07256,3305.0
2025-06-11 16:13:00,109440.01,109477.52,109440.0,109445.17,15.45878,1961.0
2025-06-11 16:14:00,109445.17,109496.41,109434.99,109472.65,15.22177,2399.0
2025-06-11 16:15:00,109472.65,109525.8,109472.64,109522.81,24.17255,3071.0
2025-06-11 16:16:00,109522.8,109570.93,109514.23,109566.47,11.89642,3548.0
2025-06-11 16:17:00,109566.48,109567.03,109509.43,109509.44,17.67445,2343.0
2025-06-11 16:18:00,109509.44,109556.61,109500.0,109556.59,9.13515,2726.0
2025-06-11 16:19:00,109556.6,109579.64,109519.08,109549.09,24.23312,2984.0
2025-06-11 16:20:00,109549.1,109563.93,109496.0,109532.03,6.37899,3634.0
2025-06-11 16:21:00,109532.02,109536.11,109475.49,109475.5,13.44123,3287.0
2025-06-11 16:22:00,109475.49,109479.88,109390.87,109456.08,49.70699,4759.0
2025-06-11 16:23:00,109456.09,109537.58,109456.09,109537.58,8.42507,3978.0
2025-06-11 16:24:00,109537.58,109565.22,109531.48,109548.05,7.5527,3146.0
2025-06-11 16:25:00,109548.06,109578.8,109531.53,109534.76,4.96344,2901.0
2025-06-11 16:26:00,109534.75,109544.84,109490.08,109544.84,5.6768,2483.0
2025-06-11 16:27:00,109544.84,109603.01,109544.84,109603.01,3.21748,3035.0
2025-06-11 16:28:00,109603.01,109654.99,109603.0,109610.01,14.99932,2054.0
2025-06-11 16:29:00,109610.0,109630.03,109610.0,109620.25,1.90064,942.0
2025-06-11 16:30:00,109620.25,109625.73,109584.72,109601.32,3.56551,2285.0
2025-06-11 16:31:00,109601.33,109601.33,109579.85,109600.39,2.71902,1229.0
2025-06-11 16:32:00,109600.39,109600.4,109491.54,109527.26,6.70262,3818.0
2025-06-11 16:33:00,109527.25,109528.65,109492.04,109528.64,4.21393,1778.0
2025-06-11 16:34:00,109528.65,109528.65,109518.0,109520.59,5.42106,981.0
2025-06-11 16:35:00,109520.6,109560.0,109500.0,109500.8,5.78637,3310.0
2025-06-11 16:36:00,109500.81,109503.95,109467.46,109503.94,8.49072,2865.0
2025-06-11 16:37:00,109503.95,109506.92,109466.23,109475.72,6.38915,2756.0
2025-06-11 16:38:00,109475.71,109562.6,109471.66,109562.59,6.76642,4455.0
2025-06-11 16:39:00,109562.59,109576.46,109509.43,109525.83,4.17401,2367.0
2025-06-11 16:40:00,109525.83,109525.83,109493.98,109508.65,4.1881,2370.0
2025-06-11 16:41:00,109508.66,109508.66,109450.72,109451.32,5.07494,2201.0
2025-06-11 16:42:00,109451.32,109500.39,109451.31,109482.57,5.21941,2230.0
2025-06-11 16:43:00,109482.56,109532.78,109480.31,109532.78,6.75591,2032.0
2025-06-11 16:44:00,109532.78,109534.97,109486.06,109488.8,10.9266,1641.0
2025-06-11 16:45:00,109488.81,109488.81,109415.09,109415.09,4.82442,1903.0
2025-06-11 16:46:00,109415.1,109462.27,109400.01,109462.27,7.27158,2011.0
2025-06-11 16:47:00,109462.26,109531.62,109462.26,109498.7,27.71813,3696.0
2025-06-11 16:48:00,109498.69,109520.0,109486.12,109486.13,6.17697,1755.0
2025-06-11 16:49:00,109486.12,109486.13,109415.1,109428.79,3.50318,1642.0
2025-06-11 16:50:00,109428.78,109476.68,109413.46,109456.75,7.06138,1776.0
2025-06-11 16:51:00,109456.75,109540.0,109452.03,109525.82,9.78259,3322.0
2025-06-11 16:52:00,109525.82,109613.35,109525.81,109561.45,11.7707,2689.0
2025-06-11 16:53:00,109561.44,109570.51,109509.43,109525.95,11.32945,2649.0
2025-06-11 16:54:00,109525.95,109525.95,109472.27,109486.85,13.96497,1754.0
2025-06-11 16:55:00,109486.85,109486.86,109443.58,109443.59,4.18278,1005.0
2025-06-11 16:56:00,109443.58,109443.58,109415.09,109415.11,5.20554,1378.0
2025-06-11 16:57:00,109415.11,109415.11,109411.0,109411.01,3.22556,355.0
2025-06-11 16:58:00,109411.01,109443.83,109400.0,109412.53,13.76617,1371.0
2025-06-11 16:59:00,109412.53,109440.0,109412.52,109439.38,13.6181,712.0
2025-06-11 17:00:00,109439.38,109439.38,109380.0,109380.0,31.91818,1307.0
2025-06-11 17:01:00,109380.01,109399.2,109349.42,109399.19,11.5648,2325.0
2025-06-11 17:02:00,109399.2,109455.04,109399.19,109426.77,7.79334,2073.0
2025-06-11 17:03:00,109426.77,109426.78,109400.01,109401.5,18.20262,2651.0
2025-06-11 17:04:00,109401.51,109438.81,109401.5,109413.52,9.97029,2441.0
2025-06-11 17:05:00,109413.52,109424.13,109367.92,109424.13,11.62643,2442.0
2025-06-11 17:06:00,109424.12,109506.71,109411.46,109456.84,14.92372,3497.0
2025-06-11 17:07:00,109456.84,109619.75,109456.84,109565.21,20.7317,4965.0
2025-06-11 17:08:00,109565.2,109587.14,109547.2,109547.21,13.80656,2585.0
2025-06-11 17:09:00,109547.21,109547.21,109534.08,109534.08,4.20845,537.0
2025-06-11 17:10:00,109534.09,109534.09,109516.46,109532.31,5.5355,844.0
2025-06-11 17:11:00,109532.31,109588.61,109532.31,109588.61,7.17344,1590.0
2025-06-11 17:12:00,109588.61,109588.61,109512.35,109512.58,7.12427,1597.0
2025-06-11 17:13:00,109512.59,109537.61,109512.58,109531.73,9.61709,1746.0
2025-06-11 17:14:00,109531.72,109566.23,109531.72,109557.11,6.3324,1442.0
2025-06-11 17:15:00,109557.12,109590.93,109557.11,109560.7,6.06212,1763.0
2025-06-11 17:16:00,109560.7,109596.22,109522.73,109596.22,6.10166,2011.0
2025-06-11 17:17:00,109596.22,109640.79,109567.11,109572.21,34.61633,2562.0
2025-06-11 17:18:00,109572.21,109572.22,109532.64,109538.0,7.00789,2155.0
2025-06-11 17:19:00,109537.67,109577.11,109537.66,109566.15,8.06361,2281.0
2025-06-11 17:20:00,109566.15,109582.23,109540.32,109582.23,6.28779,2305.0
2025-06-11 17:21:00,109582.23,109622.48,109582.22,109617.96,9.16236,1943.0
2025-06-11 17:22:00,109617.96,109658.77,109617.96,109650.34,6.47826,1348.0
2025-06-11 17:23:00,109650.34,109731.27,109650.33,109703.9,14.837,2495.0
2025-06-11 17:24:00,109703.9,109726.7,109699.88,109726.7,10.1492,2507.0
2025-06-11 17:25:00,109726.7,109732.33,109726.7,109732.32,5.42062,566.0
2025-06-11 17:26:00,109732.32,109768.85,109705.97,109708.93,12.3058,2021.0
2025-06-11 17:27:00,109708.94,109727.73,109702.85,109723.62,16.19015,2694.0
2025-06-11 17:28:00,109723.62,109723.62,109678.22,109692.6,10.4441,2544.0
2025-06-11 17:29:00,109692.61,109692.61,109682.46,109682.47,4.89616,460.0
2025-06-11 17:30:00,109682.46,109714.35,109666.98,109714.35,23.72827,1841.0
2025-06-11 17:31:00,109714.35,109719.0,109671.36,109680.58,4.49541,1141.0
2025-06-11 17:32:00,109680.57,109680.57,109628.49,109643.06,9.72183,1750.0
2025-06-11 17:33:00,109643.06,109643.06,109600.0,109600.01,7.21611,2129.0
2025-06-11 17:34:00,109600.01,109600.01,109576.9,109576.9,2.42818,852.0
2025-06-11 17:35:00,109576.91,109576.91,109527.32,109541.9,14.23106,1504.0
2025-06-11 17:36:00,109541.91,109541.91,109470.01,109470.02,3.88307,1461.0
2025-06-11 17:37:00,109470.02,109470.02,109429.99,109438.54,4.18074,1081.0
2025-06-11 17:38:00,109438.55,109438.55,109424.49,109436.67,2.63661,727.0
2025-06-11 17:39:00,109436.67,109457.09,109436.66,109441.92,4.89559,838.0
2025-06-11 17:40:00,109441.92,109505.95,109441.91,109488.26,4.69067,1512.0
2025-06-11 17:41:00,109488.25,109488.26,109418.21,109418.22,7.13608,1174.0
2025-06-11 17:42:00,109418.21,109428.33,109406.43,109428.33,8.99715,1192.0
2025-06-11 17:43:00,109428.33,109453.98,109401.77,109401.77,12.89443,1525.0
2025-06-11 17:44:00,109401.76,109401.76,109280.0,109288.63,25.71,3226.0
2025-06-11 17:45:00,109288.63,109290.81,109161.9,109175.2,43.98213,5574.0
2025-06-11 17:46:00,109175.19,109265.41,109175.19,109244.81,19.02431,2900.0
2025-06-11 17:47:00,109244.81,109244.81,109160.78,109170.41,17.63638,3036.0
2025-06-11 17:48:00,109170.4,109178.72,109132.07,109132.55,8.6462,2026.0
2025-06-11 17:49:00,109132.56,109148.45,109123.59,109128.57,14.0559,1920.0
2025-06-11 17:50:00,109128.56,109128.57,109084.9,109091.66,9.16258,2431.0
2025-06-11 17:51:00,109091.66,109132.0,109091.66,109132.0,4.82828,2079.0
2025-06-11 17:52:00,109132.0,109132.0,109065.75,109078.2,7.92976,2130.0
2025-06-11 17:53:00,109078.19,109098.93,109066.35,109066.36,11.50395,1566.0
2025-06-11 17:54:00,109066.36,109129.25,109064.0,109129.24,5.97103,2015.0
2025-06-11 17:55:00,109129.25,109192.99,109129.24,109151.12,14.07638,3125.0
2025-06-11 17:56:00,109151.12,109162.88,109115.28,109138.31,10.69392,2351.0
2025-06-11 17:57:00,109138.31,109146.48,109114.98,109115.35,3.62937,1573.0
2025-06-11 17:58:00,109115.35,109115.35,109072.91,109072.92,9.34973,1289.0
2025-06-11 17:59:00,109072.91,109072.92,108964.16,108984.72,69.10528,5608.0
2025-06-11 18:00:00,108984.72,109049.31,108968.96,109042.36,8.19312,3746.0
2025-06-11 18:01:00,109042.36,109046.15,108943.95,108978.1,14.25132,3530.0
2025-06-11 18:02:00,108978.1,108978.1,108880.04,108945.45,30.82942,6780.0
2025-06-11 18:03:00,108945.45,108945.45,108808.62,108815.56,21.06084,4740.0
2025-06-11 18:04:00,108815.56,108820.0,108770.47,108811.1,25.71553,5200.0
2025-06-11 18:05:00,108811.11,108839.09,108780.01,108797.4,15.66998,5790.0
2025-06-11 18:06:00,108797.39,108929.3,108778.82,108917.33,15.36372,4023.0
2025-06-11 18:07:00,108917.33,108968.0,108876.0,108900.0,14.61897,4231.0
2025-06-11 18:08:00,108900.0,109002.45,108895.0,109002.44,10.46301,3753.0
2025-06-11 18:09:00,109002.45,109072.91,108995.59,109044.67,33.54779,4116.0
2025-06-11 18:10:00,109044.67,109044.67,108896.22,108916.27,13.04192,5632.0
2025-06-11 18:11:00,108916.27,108985.6,108906.32,108977.31,3.81357,2547.0
2025-06-11 18:12:00,108977.31,108977.31,108947.26,108972.38,4.57551,2557.0
2025-06-11 18:13:00,108972.38,108972.38,108875.97,108876.93,6.44004,3737.0
2025-06-11 18:14:00,108876.92,108876.92,108776.9,108778.04,12.90173,3654.0
2025-06-11 18:15:00,108777.0,108777.0,108603.81,108663.46,60.07324,9771.0
2025-06-11 18:16:00,108663.46,108683.67,108627.48,108627.48,8.55867,5930.0
2025-06-11 18:17:00,108627.47,108627.47,108509.98,108543.27,42.35343,7601.0
2025-06-11 18:18:00,108543.27,108596.25,108505.66,108518.14,15.50574,4861.0
2025-06-11 18:19:00,108518.13,108566.04,108510.13,108562.74,9.6679,2358.0
2025-06-11 18:20:00,108562.73,108631.83,108544.17,108602.23,49.83564,5099.0
2025-06-11 18:21:00,108602.23,108642.85,108566.4,108614.0,24.51791,4902.0
2025-06-11 18:22:00,108614.0,108632.07,108463.87,108463.88,31.68963,5975.0
2025-06-11 18:23:00,108463.87,108647.49,108439.65,108647.49,12.76448,4515.0
2025-06-11 18:24:00,108647.49,108762.79,108647.49,108709.91,20.92331,3422.0
2025-06-11 18:25:00,108709.9,108730.51,108701.98,108730.51,14.98502,1776.0
2025-06-11 18:26:00,108730.5,108764.99,108646.38,108646.39,12.46523,4164.0
2025-06-11 18:27:00,108646.38,108668.46,108553.54,108553.55,25.9059,4785.0
2025-06-11 18:28:00,108553.55,108566.04,108526.62,108541.11,24.07096,2682.0
2025-06-11 18:29:00,108541.1,108574.14,108526.69,108554.3,9.15973,2211.0
2025-06-11 18:30:00,108554.29,108572.69,108474.19,108488.77,27.29939,6047.0
2025-06-11 18:31:00,108488.77,108633.8,108412.01,108633.8,42.66591,7303.0
2025-06-11 18:32:00,108633.79,108688.41,108620.49,108688.41,12.26751,4783.0
2025-06-11 18:33:00,108688.4,108750.63,108660.11,108686.98,11.08103,4059.0
2025-06-11 18:34:00,108686.98,108750.63,108651.7,108731.21,54.80056,4236.0
2025-06-11 18:35:00,108731.2,108731.2,108647.38,108660.46,16.51595,3943.0
2025-06-11 18:36:00,108660.46,108705.53,108618.79,108684.01,15.32248,4195.0
2025-06-11 18:37:00,108684.02,108799.99,108684.01,108778.62,7.61586,3713.0
2025-06-11 18:38:00,108778.62,108802.98,108750.61,108750.61,5.42171,1798.0
2025-06-11 18:39:00,108750.6,108765.76,108718.49,108754.72,4.8735,1772.0
2025-06-11 18:40:00,108754.73,108838.48,108754.72,108834.37,6.31979,2070.0
2025-06-11 18:41:00,108834.38,108834.38,108776.4,108799.28,7.2796,2820.0
2025-06-11 18:42:00,108799.28,108813.61,108764.7,108764.71,5.33063,2802.0
2025-06-11 18:43:00,108764.71,108823.95,108754.71,108823.93,5.42428,2325.0
2025-06-11 18:44:00,108823.93,108826.87,108812.05,108812.77,6.41926,954.0
2025-06-11 18:45:00,108812.76,108828.85,108812.76,108823.94,6.51858,906.0
2025-06-11 18:46:00,108823.94,108823.95,108774.9,108774.9,5.29696,1639.0
2025-06-11 18:47:00,108774.9,108923.94,108759.16,108902.48,25.59933,5039.0
2025-06-11 18:48:00,108902.48,108902.48,108827.12,108886.53,7.68019,3085.0
2025-06-11 18:49:00,108886.53,108886.53,108836.42,108839.28,7.80036,1344.0
2025-06-11 18:50:00,108839.28,108839.28,108801.88,108817.06,5.2965,1577.0
2025-06-11 18:51:00,108817.06,108896.23,108817.05,108894.66,27.71687,3204.0
2025-06-11 18:52:00,108894.66,108940.0,108894.66,108914.06,4.94851,1723.0
2025-06-11 18:53:00,108914.06,108921.68,108887.25,108890.13,4.34239,1026.0
2025-06-11 18:54:00,108890.13,108890.13,108846.17,108846.17,7.12015,3107.0
2025-06-11 18:55:00,108846.18,108846.18,108728.04,108797.32,10.36823,4240.0
2025-06-11 18:56:00,108797.32,108797.32,108720.8,108726.49,8.18863,3054.0
2025-06-11 18:57:00,108726.49,108849.06,108726.49,108832.72,13.16659,3103.0
2025-06-11 18:58:00,108832.73,108855.47,108825.35,108855.46,3.91639,1305.0
2025-06-11 18:59:00,108855.46,108855.46,108807.25,108807.25,3.76668,1807.0
2025-06-11 19:00:00,108807.25,108842.01,108754.71,108769.84,6.39097,3706.0
2025-06-11 19:01:00,108769.85,108786.58,108733.08,108772.31,6.87663,2368.0
2025-06-11 19:02:00,108772.3,108772.31,108732.74,108762.45,7.70064,2812.0
2025-06-11 19:03:00,108762.45,108765.37,108734.23,108752.73,6.72795,1467.0
2025-06-11 19:04:00,108752.73,108752.73,108699.37,108736.54,9.50935,1821.0
2025-06-11 19:05:00,108736.54,108736.54,108685.82,108685.83,2.46636,1686.0
2025-06-11 19:06:00,108685.83,108692.42,108596.69,108596.69,10.41386,2967.0
2025-06-11 19:07:00,108596.7,108674.95,108576.73,108661.71,7.36387,4541.0
2025-06-11 19:08:00,108661.71,108693.59,108656.26,108693.57,20.82338,1829.0
2025-06-11 19:09:00,108693.57,108797.94,108676.31,108797.93,7.24192,4238.0
2025-06-11 19:10:00,108797.93,108868.7,108797.93,108822.75,12.26899,4709.0
2025-06-11 19:11:00,108822.74,108937.17,108822.74,108882.87,19.24011,4339.0
2025-06-11 19:12:00,108882.87,108882.89,108843.17,108843.17,3.70519,1660.0
2025-06-11 19:13:00,108843.17,108860.0,108834.71,108849.05,6.32892,1986.0
2025-06-11 19:14:00,108849.06,108870.24,108849.05,108850.96,3.00204,1126.0
2025-06-11 19:15:00,108850.96,108903.5,108850.95,108881.38,9.33875,2082.0
2025-06-11 19:16:00,108881.38,108884.45,108797.03,108813.33,5.23227,3036.0
2025-06-11 19:17:00,108813.33,108834.4,108791.68,108791.69,4.75131,1926.0
2025-06-11 19:18:00,108791.69,108791.69,108750.0,108763.99,5.55734,1459.0
2025-06-11 19:19:00,108764.0,108806.45,108759.64,108780.81,6.85793,1871.0
2025-06-11 19:20:00,108780.81,108833.6,108774.62,108828.16,4.46702,2859.0
2025-06-11 19:21:00,108828.16,108876.11,108814.59,108814.6,9.09296,2978.0
2025-06-11 19:22:00,108814.6,108924.61,108814.59,108924.6,11.21098,3381.0
2025-06-11 19:23:00,108924.61,108924.61,108872.01,108872.02,3.75871,1581.0
2025-06-11 19:24:00,108872.02,108882.37,108850.07,108856.31,7.03433,2061.0
2025-06-11 19:25:00,108856.32,108950.37,108856.32,108949.85,5.55032,2820.0
2025-06-11 19:26:00,108949.84,108949.84,108877.8,108924.69,14.06541,4435.0
2025-06-11 19:27:00,108924.68,108960.0,108886.82,108896.22,26.53392,3971.0
2025-06-11 19:28:00,108896.23,108955.08,108896.22,108941.6,3.51038,2070.0
2025-06-11 19:29:00,108941.61,108941.61,108892.0,108892.0,3.44408,1272.0
2025-06-11 19:30:00,108892.0,108914.94,108868.43,108884.06,6.69818,3089.0
2025-06-11 19:31:00,108884.06,108914.96,108859.77,108881.58,4.21408,2473.0
2025-06-11 19:32:00,108881.57,108881.58,108794.9,108795.32,11.69563,2023.0
2025-06-11 19:33:00,108795.32,108795.32,108707.54,108724.87,18.35289,2840.0
2025-06-11 19:34:00,108724.88,108724.88,108660.38,108660.38,15.67822,1629.0
2025-06-11 19:35:00,108660.38,108697.74,108660.37,108679.73,4.35649,1973.0
2025-06-11 19:36:00,108679.72,108679.73,108613.21,108622.17,7.02204,2073.0
2025-06-11 19:37:00,108622.18,108639.65,108600.0,108632.26,11.61305,2019.0
2025-06-11 19:38:00,108632.25,108651.93,108610.96,108651.93,4.41896,1794.0
2025-06-11 19:39:00,108651.92,108713.61,108651.92,108707.55,6.27678,3319.0
2025-06-11 19:40:00,108707.54,108719.14,108694.36,108700.79,3.17263,1375.0
2025-06-11 19:41:00,108700.78,108700.78,108681.13,108681.14,3.0043,1096.0
2025-06-11 19:42:00,108681.13,108681.14,108613.2,108613.2,1.94921,1548.0
2025-06-11 19:43:00,108613.2,108660.38,108608.88,108660.37,4.49954,1623.0
2025-06-11 19:44:00,108660.38,108665.81,108641.58,108660.42,4.03238,1341.0
2025-06-11 19:45:00,108660.43,108684.84,108641.59,108641.59,5.85875,1297.0
2025-06-11 19:46:00,108641.59,108641.59,108576.0,108580.65,14.3869,3618.0
2025-06-11 19:47:00,108580.66,108654.89,108580.65,108615.47,13.70783,2621.0
2025-06-11 19:48:00,108615.48,108635.73,108601.31,108635.72,4.22408,1576.0
2025-06-11 19:49:00,108635.73,108641.8,108610.04,108628.71,4.42989,1863.0
2025-06-11 19:50:00,108628.72,108705.77,108628.72,108694.48,7.25285,2474.0
2025-06-11 19:51:00,108694.49,108707.55,108646.9,108688.77,4.14315,3560.0
2025-06-11 19:52:00,108688.76,108715.17,108677.14,108707.55,3.87967,1969.0
2025-06-11 19:53:00,108707.55,108754.72,108675.13,108714.74,5.53059,4104.0
2025-06-11 19:54:00,108714.75,108730.22,108651.24,108725.86,8.53088,3232.0
2025-06-11 19:55:00,108724.77,108746.53,108708.0,108720.01,6.78337,2554.0
2025-06-11 19:56:00,108720.01,108720.01,108660.38,108707.55,5.65164,3184.0
2025-06-11 19:57:00,108707.55,108751.25,108702.74,108714.47,3.79797,2478.0
2025-06-11 19:58:00,108714.47,108745.53,108684.49,108695.63,6.53657,3409.0
2025-06-11 19:59:00,108695.64,108767.37,108695.64,108742.37,7.59476,3303.0
2025-06-11 20:00:00,108742.37,108754.72,108735.01,108750.57,2.21867,1847.0
2025-06-11 20:01:00,108750.57,108754.72,108686.97,108686.98,14.79784,2090.0
2025-06-11 20:02:00,108686.98,108732.0,108670.37,108670.37,5.02283,2176.0
2025-06-11 20:03:00,108670.37,108670.38,108591.43,108591.45,18.96698,2111.0
2025-06-11 20:04:00,108591.45,108591.45,108520.0,108559.39,12.0212,2627.0
2025-06-11 20:05:00,108559.39,108559.39,108480.0,108518.87,14.20079,2873.0
2025-06-11 20:06:00,108518.87,108650.43,108518.87,108626.1,10.16458,4807.0
2025-06-11 20:07:00,108626.11,108690.81,108626.1,108647.99,21.36094,2934.0
2025-06-11 20:08:00,108647.99,108671.33,108626.11,108648.01,5.19409,2228.0
2025-06-11 20:09:00,108648.01,108688.0,108635.67,108688.0,4.36769,1447.0
2025-06-11 20:10:00,108688.0,108722.34,108677.87,108722.34,5.17969,1519.0
2025-06-11 20:11:00,108722.34,108767.64,108717.56,108733.89,5.59532,2421.0
2025-06-11 20:12:00,108733.88,108819.99,108733.88,108819.99,8.77778,2252.0
2025-06-11 20:13:00,108819.99,108868.27,108819.99,108868.27,11.32286,1846.0
2025-06-11 20:14:00,108868.26,108926.44,108849.05,108849.06,18.29641,2464.0
2025-06-11 20:15:00,108849.06,108849.06,108836.24,108849.06,2.95401,571.0
2025-06-11 20:16:00,108849.05,108880.01,108849.05,108880.0,2.13941,864.0
2025-06-11 20:17:00,108880.01,108904.74,108880.01,108904.74,3.97169,876.0
2025-06-11 20:18:00,108904.74,108936.0,108904.73,108935.95,12.79075,1642.0
2025-06-11 20:19:00,108935.94,108935.94,108916.73,108916.73,2.55247,869.0
2025-06-11 20:20:00,108916.74,108923.54,108908.29,108923.53,2.93324,488.0
2025-06-11 20:21:00,108923.54,108931.14,108923.53,108931.13,1.30489,352.0
2025-06-11 20:22:00,108931.13,108931.14,108916.9,108918.25,3.65548,851.0
2025-06-11 20:23:00,108918.24,108932.94,108914.27,108914.28,3.11263,841.0
2025-06-11 20:24:00,108914.28,108914.28,108876.0,108876.01,2.98793,1057.0
2025-06-11 20:25:00,108876.01,108880.0,108849.05,108879.99,4.63535,1249.0
2025-06-11 20:26:00,108879.99,108890.89,108879.99,108879.99,1.33595,572.0
2025-06-11 20:27:00,108879.99,108880.0,108848.8,108856.02,3.34913,1018.0
2025-06-11 20:28:00,108856.02,108856.03,108841.46,108841.46,2.11777,1237.0
2025-06-11 20:29:00,108841.47,108841.47,108841.46,108841.47,1.01148,146.0
2025-06-11 20:30:00,108841.47,108866.23,108841.46,108846.0,1.85441,1433.0
2025-06-11 20:31:00,108846.0,108846.0,108805.44,108833.43,5.44483,1693.0
2025-06-11 20:32:00,108833.42,108845.72,108829.2,108833.2,1.80632,816.0
2025-06-11 20:33:00,108833.2,108836.23,108822.32,108836.22,5.04232,561.0
2025-06-11 20:34:00,108836.23,108869.47,108836.22,108846.54,9.01021,2108.0
2025-06-11 20:35:00,108846.54,108846.55,108833.47,108841.8,0.87693,1083.0
2025-06-11 20:36:00,108841.79,108841.8,108837.05,108841.79,1.75009,612.0
2025-06-11 20:37:00,108841.79,108841.8,108841.79,108841.79,0.74733,156.0
2025-06-11 20:38:00,108841.79,108859.09,108841.78,108859.08,3.33991,900.0
2025-06-11 20:39:00,108859.08,108859.08,108859.07,108859.07,1.39132,173.0
2025-06-11 20:40:00,108859.08,108859.08,108840.0,108840.0,1.78564,705.0
2025-06-11 20:41:00,108840.01,108849.06,108840.0,108840.02,6.01201,596.0
2025-06-11 20:42:00,108840.02,108840.02,108840.01,108840.01,2.52633,134.0
2025-06-11 20:43:00,108840.01,108849.06,108840.01,108849.06,1.06998,343.0
2025-06-11 20:44:00,108849.06,108895.47,108849.05,108895.47,3.97303,1873.0
2025-06-11 20:45:00,108895.47,108895.47,108833.11,108856.16,28.44966,1904.0
2025-06-11 20:46:00,108856.17,108873.22,108856.16,108862.39,2.10048,942.0
2025-06-11 20:47:00,108862.39,108862.39,108780.1,108793.16,7.37579,1633.0
2025-06-11 20:48:00,108793.16,108793.16,108793.15,108793.16,3.23483,172.0
2025-06-11 20:49:00,108793.16,108818.72,108793.15,108808.02,15.6947,724.0
2025-06-11 20:50:00,108808.01,108832.0,108808.01,108831.99,1.64542,880.0
2025-06-11 20:51:00,108832.0,108832.0,108831.99,108832.0,0.45856,117.0
2025-06-11 20:52:00,108832.0,108832.0,108831.99,108831.99,2.23575,483.0
2025-06-11 20:53:00,108832.0,108832.0,108831.99,108831.99,1.40263,234.0
2025-06-11 20:54:00,108831.99,108853.68,108825.39,108853.67,4.4281,1494.0
2025-06-11 20:55:00,108853.67,108900.84,108841.91,108900.84,3.95229,4197.0
2025-06-11 20:56:00,108900.83,108969.16,108900.83,108969.16,10.54376,2533.0
2025-06-11 20:57:00,108969.15,109001.5,108966.38,108966.39,8.66601,2121.0
2025-06-11 20:58:00,108966.38,108966.39,108845.74,108869.33,12.35596,2015.0
2025-06-11 20:59:00,108869.34,108906.45,108869.33,108906.44,2.7577,1483.0
2025-06-11 21:00:00,108906.45,108943.4,108906.45,108943.4,1.50873,1431.0
2025-06-11 21:01:00,108943.4,108955.06,108943.39,108955.05,1.92062,377.0
2025-06-11 21:02:00,108955.06,108985.35,108955.05,108985.35,1.85319,725.0
2025-06-11 21:03:00,108985.35,108985.35,108896.22,108896.23,5.47897,1978.0
2025-06-11 21:04:00,108896.23,108923.72,108896.22,108923.71,2.04259,700.0
2025-06-11 21:05:00,108923.72,108943.4,108923.71,108943.4,1.68129,679.0
2025-06-11 21:06:00,108943.4,108943.4,108921.37,108929.22,3.9698,808.0
2025-06-11 21:07:00,108929.22,108947.21,108929.22,108947.21,6.51952,795.0
2025-06-11 21:08:00,108947.2,108982.17,108947.2,108953.32,4.41027,1451.0
2025-06-11 21:09:00,108953.33,108967.57,108953.32,108967.56,0.57454,315.0
2025-06-11 21:10:00,108967.56,108999.83,108967.56,108999.82,1.4445,784.0
2025-06-11 21:11:00,108999.83,109135.65,108999.82,109135.65,11.81668,3843.0
2025-06-11 21:12:00,109135.64,109172.39,109135.64,109154.15,15.22893,1887.0
2025-06-11 21:13:00,109154.15,109198.43,109154.15,109198.42,5.69285,1422.0
2025-06-11 21:14:00,109198.43,109219.51,109198.43,109218.17,11.48118,1146.0
2025-06-11 21:15:00,109218.17,109218.18,109132.96,109132.96,7.28798,4329.0
2025-06-11 21:16:00,109132.96,109132.97,109103.11,109105.49,2.92549,919.0
2025-06-11 21:17:00,109105.5,109105.5,109105.49,109105.5,0.61352,204.0
2025-06-11 21:18:00,109105.5,109105.5,109105.49,109105.5,4.88023,355.0
2025-06-11 21:19:00,109105.49,109105.5,109095.3,109095.3,1.34763,365.0
2025-06-11 21:20:00,109095.31,109095.31,109095.3,109095.3,1.98147,223.0
2025-06-11 21:21:00,109095.31,109095.31,109095.3,109095.3,1.51438,145.0
2025-06-11 21:22:00,109095.31,109095.31,109095.3,109095.3,1.37186,227.0
2025-06-11 21:23:00,109095.3,109095.31,109088.53,109088.53,3.18591,458.0
2025-06-11 21:24:00,109088.53,109088.54,109053.98,109053.99,2.93092,1761.0
2025-06-11 21:25:00,109053.98,109053.99,108948.75,108948.75,10.81912,6097.0
2025-06-11 21:26:00,108948.75,108948.76,108849.05,108895.05,12.41008,3063.0
2025-06-11 21:27:00,108895.04,108895.05,108852.19,108852.19,5.92788,1219.0
2025-06-11 21:28:00,108852.19,108862.23,108852.19,108858.7,5.5016,478.0
2025-06-11 21:29:00,108858.7,108858.7,108849.05,108849.06,5.37836,517.0
2025-06-11 21:30:00,108849.06,108849.06,108790.0,108790.0,5.88883,2119.0
2025-06-11 21:31:00,108790.0,108790.01,108677.48,108677.48,9.19359,3128.0
2025-06-11 21:32:00,108677.48,108677.49,108584.43,108584.44,15.68179,2611.0
2025-06-11 21:33:00,108584.43,108584.43,108556.81,108556.85,7.67962,2038.0
2025-06-11 21:34:00,108556.85,108673.04,108556.84,108661.32,16.60325,5365.0
2025-06-11 21:35:00,108661.32,108668.49,108600.1,108600.11,8.40569,1996.0
2025-06-11 21:36:00,108600.1,108605.74,108555.0,108555.01,13.12493,4099.0
2025-06-11 21:37:00,108555.0,108555.01,108500.0,108500.0,6.80646,2227.0
2025-06-11 21:38:00,108500.0,108561.36,108424.52,108527.16,27.56656,8812.0
2025-06-11 21:39:00,108527.16,108574.9,108527.16,108550.51,5.4141,2204.0
2025-06-11 21:40:00,108550.5,108584.46,108518.86,108584.46,36.4091,3668.0
2025-06-11 21:41:00,108584.46,108670.09,108584.45,108594.55,7.92812,4886.0
2025-06-11 21:42:00,108594.54,108620.0,108594.54,108619.99,3.80392,1062.0
2025-06-11 21:43:00,108619.99,108687.51,108619.99,108643.03,6.11964,3427.0
2025-06-11 21:44:00,108643.02,108694.7,108638.83,108692.63,8.06166,2623.0
2025-06-11 21:45:00,108692.63,108692.63,108610.8,108626.26,11.28515,3170.0
2025-06-11 21:46:00,108626.25,108638.4,108552.3,108638.4,8.49068,3802.0
2025-06-11 21:47:00,108638.39,108643.9,108630.79,108643.89,3.6371,711.0
2025-06-11 21:48:00,108643.9,108643.9,108574.65,108643.28,5.67936,2562.0
2025-06-11 21:49:00,108643.27,108660.38,108616.27,108660.37,8.56083,1928.0
2025-06-11 21:50:00,108660.37,108665.32,108660.37,108665.31,2.68781,543.0
2025-06-11 21:51:00,108665.32,108710.28,108665.31,108710.28,2.50275,2020.0
2025-06-11 21:52:00,108710.27,108754.72,108710.0,108735.03,14.80287,1737.0
2025-06-11 21:53:00,108735.04,108805.71,108721.31,108792.83,8.59977,2211.0
2025-06-11 21:54:00,108792.83,108792.83,108727.06,108777.13,11.90387,2593.0
2025-06-11 21:55:00,108777.14,108782.72,108765.33,108765.33,3.7687,903.0
2025-06-11 21:56:00,108765.34,108765.34,108613.4,108615.3,10.89744,3206.0
2025-06-11 21:57:00,108615.3,108615.31,108412.0,108412.0,22.86478,5095.0
2025-06-11 21:58:00,108412.01,108530.59,108367.94,108530.59,19.30265,7733.0
2025-06-11 21:59:00,108531.24,108541.91,108481.46,108508.18,5.55344,3017.0
2025-06-11 22:00:00,108508.17,108526.41,108437.4,108437.4,12.18859,6956.0
2025-06-11 22:01:00,108437.4,108567.26,108437.4,108566.03,14.89788,5646.0
2025-06-11 22:02:00,108566.03,108575.86,108532.0,108557.29,10.0184,5432.0
2025-06-11 22:03:00,108557.28,108557.29,108373.11,108375.92,27.98437,6814.0
2025-06-11 22:04:00,108375.92,108528.0,108375.92,108498.21,10.80766,4686.0
2025-06-11 22:05:00,108498.2,108578.06,108480.78,108496.3,11.20366,4295.0
2025-06-11 22:06:00,108496.29,108496.3,108424.52,108460.0,12.08623,3549.0
2025-06-11 22:07:00,108459.99,108480.0,108424.52,108477.06,30.89963,2436.0
2025-06-11 22:08:00,108477.07,108500.0,108463.64,108499.99,5.71431,1832.0
2025-06-11 22:09:00,108499.99,108579.46,108499.99,108579.46,4.2615,2683.0
2025-06-11 22:10:00,108579.46,108580.0,108568.2,108575.65,4.16601,1023.0
2025-06-11 22:11:00,108575.65,108620.01,108568.2,108590.07,8.94158,2537.0
2025-06-11 22:12:00,108590.07,108590.08,108551.16,108583.71,4.58408,1674.0
2025-06-11 22:13:00,108583.71,108584.89,108551.17,108584.89,2.50598,1584.0
2025-06-11 22:14:00,108584.88,108633.38,108584.88,108615.69,6.91558,1543.0
2025-06-11 22:15:00,108615.7,108615.7,108572.73,108597.19,4.10249,1834.0
2025-06-11 22:16:00,108597.19,108597.2,108576.4,108580.37,2.57959,1016.0
2025-06-11 22:17:00,108580.37,108597.2,108566.03,108570.7,5.28242,1913.0
2025-06-11 22:18:00,108570.69,108570.69,108422.83,108436.44,12.44988,3419.0
2025-06-11 22:19:00,108436.44,108464.01,108405.9,108430.42,4.1885,3530.0
2025-06-11 22:20:00,108430.43,108430.43,108400.0,108424.52,4.97109,1571.0
2025-06-11 22:21:00,108424.52,108424.53,108288.0,108328.99,33.7238,6194.0
2025-06-11 22:22:00,108329.0,108329.0,108286.87,108300.48,18.21692,3668.0
2025-06-11 22:23:00,108300.48,108339.27,108232.78,108250.01,31.75956,5244.0
2025-06-11 22:24:00,108250.02,108280.44,108186.45,108225.14,43.442,6676.0
2025-06-11 22:25:00,108225.14,108235.85,108150.0,108150.0,28.37967,4877.0
2025-06-11 22:26:00,108150.01,108188.68,108064.0,108160.01,88.14006,7918.0
2025-06-11 22:27:00,108160.0,108270.45,108160.0,108259.62,20.08522,4182.0
2025-06-11 22:28:00,108259.61,108282.52,108235.51,108264.0,8.08048,2358.0
2025-06-11 22:29:00,108264.01,108320.0,108254.1,108286.28,10.71782,2517.0
2025-06-11 22:30:00,108286.29,108286.29,108235.84,108254.84,11.09182,4052.0
2025-06-11 22:31:00,108254.84,108324.76,108206.46,108315.24,12.47288,3847.0
2025-06-11 22:32:00,108315.24,108325.1,108223.03,108223.03,6.35436,2999.0
2025-06-11 22:33:00,108223.03,108267.53,108195.43,108248.85,11.65112,2919.0
2025-06-11 22:34:00,108248.85,108261.58,108233.44,108261.57,4.71043,2503.0
2025-06-11 22:35:00,108261.58,108338.84,108261.57,108330.73,9.49272,3046.0
2025-06-11 22:36:00,108330.73,108330.73,108257.05,108257.57,5.03605,2324.0
2025-06-11 22:37:00,108257.58,108296.11,108213.2,108213.2,9.56247,3022.0
2025-06-11 22:38:00,108213.2,108245.49,108127.76,108131.45,17.98919,3438.0
2025-06-11 22:39:00,108131.45,108159.99,108131.45,108159.98,4.65072,1368.0
2025-06-11 22:40:00,108159.99,108189.15,108154.92,108189.15,4.8444,2320.0
2025-06-11 22:41:00,108189.15,108259.82,108189.15,108224.79,6.06894,3219.0
2025-06-11 22:42:00,108224.79,108253.52,108217.72,108217.79,4.94279,1772.0
2025-06-11 22:43:00,108217.8,108276.98,108217.79,108276.98,2.85145,1738.0
2025-06-11 22:44:00,108276.98,108324.47,108276.98,108324.46,5.04903,1352.0
2025-06-11 22:45:00,108324.46,108324.47,108322.29,108322.29,1.62176,307.0
2025-06-11 22:46:00,108322.29,108394.23,108300.0,108350.41,13.23736,4550.0
2025-06-11 22:47:00,108350.42,108403.15,108350.42,108403.14,8.43787,1575.0
2025-06-11 22:48:00,108403.15,108417.23,108370.69,108377.35,19.89342,2221.0
2025-06-11 22:49:00,108377.36,108416.27,108377.35,108405.4,2.96673,1435.0
2025-06-11 22:50:00,108405.41,108465.26,108405.4,108461.43,8.26914,2780.0
2025-06-11 22:51:00,108461.42,108471.06,108446.42,108446.43,2.20977,1209.0
2025-06-11 22:52:00,108446.42,108451.5,108437.83,108437.84,2.22497,1029.0
2025-06-11 22:53:00,108437.84,108449.99,108435.67,108438.0,2.89572,909.0
2025-06-11 22:54:00,108438.0,108449.99,108419.96,108428.64,2.19918,1781.0
2025-06-11 22:55:00,108428.64,108428.64,108400.0,108400.01,4.92538,1563.0
2025-06-11 22:56:00,108400.0,108424.53,108386.27,108424.52,5.75628,1821.0
2025-06-11 22:57:00,108424.52,108424.53,108410.18,108424.52,2.75458,1275.0
2025-06-11 22:58:00,108424.52,108424.53,108396.96,108402.0,5.43214,1431.0
2025-06-11 22:59:00,108402.01,108443.38,108382.98,108443.38,9.28184,2105.0
2025-06-11 23:00:00,108443.38,108443.38,108324.0,108357.17,24.98613,3895.0
2025-06-11 23:01:00,108357.16,108417.33,108357.16,108417.33,2.35068,1359.0
2025-06-11 23:02:00,108417.33,108479.34,108417.33,108473.86,9.29688,1941.0
2025-06-11 23:03:00,108473.87,108494.28,108440.04,108440.04,10.68229,1416.0
2025-06-11 23:04:00,108440.04,108470.46,108425.46,108470.45,7.34641,1018.0
2025-06-11 23:05:00,108470.46,108470.46,108428.22,108449.94,4.92788,903.0
2025-06-11 23:06:00,108449.95,108482.45,108449.94,108482.44,2.29202,674.0
2025-06-11 23:07:00,108482.45,108490.94,108475.68,108482.55,5.52243,891.0
2025-06-11 23:08:00,108482.56,108515.94,108482.55,108515.93,3.37925,848.0
2025-06-11 23:09:00,108515.94,108515.94,108488.83,108491.39,5.72515,837.0
2025-06-11 23:10:00,108491.39,108491.4,108475.0,108475.01,1.73804,804.0
2025-06-11 23:11:00,108475.0,108475.01,108460.0,108462.01,4.13302,1011.0
2025-06-11 23:12:00,108462.0,108462.01,108452.17,108452.17,1.13128,433.0
2025-06-11 23:13:00,108452.18,108452.18,108438.1,108449.89,2.59306,665.0
2025-06-11 23:14:00,108449.89,108449.89,108438.11,108438.12,2.71302,697.0
2025-06-11 23:15:00,108438.12,108438.12,108426.23,108426.23,0.80219,383.0
2025-06-11 23:16:00,108426.24,108474.22,108426.23,108474.21,2.9837,1042.0
2025-06-11 23:17:00,108474.22,108486.36,108474.21,108480.0,9.92618,585.0
2025-06-11 23:18:00,108480.0,108570.7,108479.99,108550.0,29.33071,2531.0
2025-06-11 23:19:00,108550.0,108550.0,108515.15,108515.15,9.05562,1135.0
2025-06-11 23:20:00,108514.59,108514.59,108479.99,108479.99,8.41976,926.0
2025-06-11 23:21:00,108480.0,108554.06,108479.99,108554.05,14.81289,1604.0
2025-06-11 23:22:00,108554.06,108579.94,108554.05,108574.95,6.23167,1089.0
2025-06-11 23:23:00,108574.96,108574.96,108574.95,108574.96,1.45485,197.0
2025-06-11 23:24:00,108574.96,108611.0,108568.0,108568.0,15.54902,1870.0
2025-06-11 23:25:00,108568.0,108568.0,108520.0,108566.04,5.74938,1744.0
2025-06-11 23:26:00,108566.04,108609.52,108566.03,108609.51,1.76376,637.0
2025-06-11 23:27:00,108609.52,108609.52,108583.77,108588.94,2.5854,612.0
2025-06-11 23:28:00,108588.94,108588.94,108568.75,108585.13,2.46624,1016.0
2025-06-11 23:29:00,108585.13,108592.79,108569.91,108592.79,1.57177,681.0
2025-06-11 23:30:00,108592.78,108603.65,108583.45,108583.46,1.9825,773.0
2025-06-11 23:31:00,108583.46,108608.44,108583.45,108608.44,7.74933,652.0
2025-06-11 23:32:00,108608.43,108632.66,108608.43,108618.1,7.44268,1014.0
2025-06-11 23:33:00,108618.09,108618.1,108594.34,108594.35,4.0636,579.0
2025-06-11 23:34:00,108594.35,108594.35,108594.34,108594.35,1.78345,192.0
2025-06-11 23:35:00,108594.35,108605.99,108594.34,108605.98,1.22491,399.0
2025-06-11 23:36:00,108605.99,108663.74,108605.98,108642.01,7.51785,2129.0
2025-06-11 23:37:00,108642.01,108660.74,108642.0,108660.74,1.85206,856.0
2025-06-11 23:38:00,108660.74,108679.84,108660.74,108679.84,5.43199,1080.0
2025-06-11 23:39:00,108679.84,108691.87,108679.83,108691.87,0.71988,422.0
2025-06-11 23:40:00,108691.87,108691.87,108650.13,108650.14,6.13707,1094.0
2025-06-11 23:41:00,108650.14,108662.78,108650.13,108662.77,6.53508,551.0
2025-06-11 23:42:00,108662.77,108662.78,108651.81,108651.81,6.39323,497.0
2025-06-11 23:43:00,108651.82,108651.82,108651.81,108651.82,1.52106,91.0
2025-06-11 23:44:00,108651.81,108654.32,108630.55,108654.31,4.84582,1608.0
2025-06-11 23:45:00,108654.32,108654.32,108643.45,108643.45,2.28671,499.0
2025-06-11 23:46:00,108643.44,108643.45,108583.49,108583.49,6.40415,1506.0
2025-06-11 23:47:00,108583.49,108594.16,108583.49,108594.16,2.20933,461.0
2025-06-11 23:48:00,108594.16,108607.51,108594.15,108599.48,4.5891,712.0
2025-06-11 23:49:00,108599.48,108610.33,108599.47,108605.48,2.44933,611.0
2025-06-11 23:50:00,108605.47,108634.28,108605.47,108634.28,1.2901,893.0
2025-06-11 23:51:00,108634.28,108647.02,108634.27,108647.02,2.09919,543.0
2025-06-11 23:52:00,108647.01,108654.32,108647.01,108654.31,1.29768,281.0
2025-06-11 23:53:00,108654.31,108681.23,108654.31,108681.23,9.58123,792.0
2025-06-11 23:54:00,108681.23,108682.14,108681.22,108682.14,6.44889,258.0
2025-06-11 23:55:00,108682.13,108682.14,108682.13,108682.14,0.70576,149.0
2025-06-11 23:56:00,108682.14,108682.53,108682.13,108682.52,7.42303,330.0
2025-06-11 23:57:00,108682.53,108682.53,108662.64,108662.64,7.23678,894.0
2025-06-11 23:58:00,108662.65,108662.65,108645.26,108657.53,4.59341,1099.0
2025-06-11 23:59:00,108657.52,108657.53,108645.12,108645.12,10.57185,406.0
2025-06-12 00:00:00,108645.13,108645.13,108604.2,108604.2,2.12987,1102.0
2025-06-12 00:01:00,108604.21,108654.13,108604.2,108650.0,9.03068,1619.0
2025-06-12 00:02:00,108650.01,108678.09,108650.0,108654.03,4.00379,1529.0
2025-06-12 00:03:00,108654.04,108672.21,108654.03,108665.18,3.40954,936.0
2025-06-12 00:04:00,108665.18,108665.18,108589.76,108589.77,14.10882,1975.0
2025-06-12 00:05:00,108589.76,108589.77,108570.64,108583.58,10.48978,1169.0
2025-06-12 00:06:00,108583.58,108600.0,108576.02,108593.67,4.16832,1436.0
2025-06-12 00:07:00,108593.67,108593.68,108567.28,108575.65,4.49276,1277.0
2025-06-12 00:08:00,108575.66,108595.85,108575.65,108587.75,3.36398,1161.0
2025-06-12 00:09:00,108587.75,108643.39,108587.75,108643.38,5.13301,1786.0
2025-06-12 00:10:00,108643.39,108680.0,108643.38,108660.01,4.50421,1692.0
2025-06-12 00:11:00,108660.0,108660.01,108604.2,108604.21,7.82452,1492.0
2025-06-12 00:12:00,108604.2,108604.2,108588.01,108600.91,3.55902,687.0
2025-06-12 00:13:00,108600.9,108630.8,108600.9,108630.79,2.86393,987.0
2025-06-12 00:14:00,108630.79,108630.8,108610.37,108610.38,2.64932,631.0
2025-06-12 00:15:00,108610.38,108669.35,108610.38,108669.34,4.49111,1252.0
2025-06-12 00:16:00,108669.35,108684.34,108640.0,108645.94,4.82258,1377.0
2025-06-12 00:17:00,108645.94,108645.94,108608.39,108627.56,6.62645,2263.0
2025-06-12 00:18:00,108627.57,108643.39,108619.99,108635.33,4.16192,1521.0
2025-06-12 00:19:00,108635.32,108640.0,108613.35,108637.2,5.64226,1235.0
2025-06-12 00:20:00,108637.2,108660.38,108637.2,108660.37,1.18411,701.0
2025-06-12 00:21:00,108660.37,108813.55,108660.37,108755.58,34.99339,6090.0
2025-06-12 00:22:00,108755.57,108766.42,108740.71,108758.01,12.10983,1385.0
2025-06-12 00:23:00,108758.01,108763.98,108749.14,108763.97,4.73807,760.0
2025-06-12 00:24:00,108763.97,108763.97,108752.55,108752.55,2.6542,531.0
2025-06-12 00:25:00,108752.55,108752.55,108707.54,108707.55,6.95053,1740.0
2025-06-12 00:26:00,108707.54,108731.12,108637.22,108637.23,4.65497,2664.0
2025-06-12 00:27:00,108637.23,108637.23,108582.68,108582.68,6.60477,2452.0
2025-06-12 00:28:00,108582.68,108582.68,108552.77,108566.0,7.53628,1618.0
2025-06-12 00:29:00,108566.01,108566.01,108507.51,108520.96,10.93658,1690.0
2025-06-12 00:30:00,108520.95,108520.96,108505.0,108505.0,12.46094,928.0
2025-06-12 00:31:00,108505.01,108522.61,108487.17,108497.86,13.43875,1729.0
2025-06-12 00:32:00,108497.86,108497.86,108477.28,108492.9,6.45971,1159.0
2025-06-12 00:33:00,108492.9,108492.9,108481.03,108481.04,6.1449,991.0
2025-06-12 00:34:00,108481.03,108481.04,108430.43,108435.68,12.16463,1422.0
2025-06-12 00:35:00,108435.67,108481.04,108424.52,108424.53,9.47322,2468.0
2025-06-12 00:36:00,108424.53,108424.53,108371.63,108396.84,5.47147,1724.0
2025-06-12 00:37:00,108396.83,108396.84,108326.55,108377.35,6.66,2879.0
2025-06-12 00:38:00,108377.36,108492.9,108377.35,108492.9,13.41178,3210.0
2025-06-12 00:39:00,108492.9,108553.62,108492.89,108553.61,7.66747,2965.0
2025-06-12 00:40:00,108553.62,108566.04,108525.64,108525.64,5.52107,1614.0
2025-06-12 00:41:00,108525.64,108579.51,108511.34,108579.51,9.52204,2397.0
2025-06-12 00:42:00,108579.5,108579.51,108555.9,108561.05,1.73123,766.0
2025-06-12 00:43:00,108561.05,108635.17,108561.04,108635.17,2.95532,2070.0
2025-06-12 00:44:00,108635.16,108658.88,108635.16,108658.87,2.21827,1047.0
2025-06-12 00:45:00,108658.88,108700.0,108658.87,108682.06,3.72737,1500.0
2025-06-12 00:46:00,108682.07,108699.36,108669.47,108687.17,6.072,1430.0
2025-06-12 00:47:00,108687.17,108689.88,108672.24,108672.24,3.87032,1043.0
2025-06-12 00:48:00,108672.25,108675.92,108672.24,108675.87,1.40468,358.0
2025-06-12 00:49:00,108675.86,108700.0,108651.73,108651.73,4.27121,1842.0
2025-06-12 00:50:00,108651.73,108711.46,108637.04,108711.46,7.84079,3177.0
2025-06-12 00:51:00,108711.46,108719.82,108694.46,108694.46,4.99608,1100.0
2025-06-12 00:52:00,108694.47,108694.47,108673.82,108694.35,3.97228,1737.0
2025-06-12 00:53:00,108694.35,108741.0,108694.34,108741.0,3.66889,2180.0
2025-06-12 00:54:00,108741.0,108758.49,108740.99,108746.22,4.80245,1493.0
2025-06-12 00:55:00,108746.23,108746.23,108686.1,108707.0,7.24087,2309.0
2025-06-12 00:56:00,108707.0,108733.2,108706.99,108715.53,19.68113,1045.0
2025-06-12 00:57:00,108715.53,108715.53,108698.28,108707.55,3.66065,785.0
2025-06-12 00:58:00,108707.55,108707.55,108707.54,108707.54,0.49513,110.0
2025-06-12 00:59:00,108707.55,108707.55,108700.58,108705.99,3.78164,630.0
2025-06-12 01:00:00,108706.0,108706.0,108662.29,108662.29,2.90918,1533.0
2025-06-12 01:01:00,108662.29,108662.29,108635.64,108635.65,3.13591,1190.0
2025-06-12 01:02:00,108635.64,108635.65,108581.39,108581.4,4.03126,1336.0
2025-06-12 01:03:00,108581.39,108581.4,108540.02,108550.87,3.35044,1151.0
2025-06-12 01:04:00,108550.87,108550.88,108518.86,108518.87,5.68755,1036.0
2025-06-12 01:05:00,108518.87,108550.65,108518.86,108538.0,6.90074,1459.0
2025-06-12 01:06:00,108538.01,108570.81,108538.0,108570.81,2.13082,1086.0
2025-06-12 01:07:00,108570.81,108688.06,108570.8,108641.58,8.47455,3790.0
2025-06-12 01:08:00,108641.58,108660.82,108640.33,108640.33,2.98234,1193.0
2025-06-12 01:09:00,108640.33,108641.28,108622.74,108641.27,1.47738,797.0
2025-06-12 01:10:00,108641.28,108641.28,108605.07,108633.62,12.04252,1461.0
2025-06-12 01:11:00,108633.62,108639.42,108626.63,108626.64,5.58104,576.0
2025-06-12 01:12:00,108626.64,108680.0,108626.63,108653.08,3.97382,1701.0
2025-06-12 01:13:00,108653.08,108653.09,108566.03,108566.03,5.07579,2595.0
2025-06-12 01:14:00,108566.03,108580.0,108559.67,108568.01,5.38557,922.0
2025-06-12 01:15:00,108568.01,108568.02,108540.04,108540.57,3.50523,1002.0
2025-06-12 01:16:00,108540.56,108540.56,108488.0,108511.59,7.78951,2487.0
2025-06-12 01:17:00,108511.59,108549.15,108511.59,108549.14,7.59873,1767.0
2025-06-12 01:18:00,108549.15,108667.64,108549.14,108667.63,4.78469,2815.0
2025-06-12 01:19:00,108667.64,108667.64,108621.7,108621.7,1.60851,1204.0
2025-06-12 01:20:00,108621.71,108631.63,108571.51,108608.5,7.06548,2587.0
2025-06-12 01:21:00,108608.51,108608.51,108494.68,108501.32,4.23195,2635.0
2025-06-12 01:22:00,108501.32,108501.32,108454.54,108471.04,6.64446,2142.0
2025-06-12 01:23:00,108471.05,108471.05,108409.95,108409.95,3.91198,1876.0
2025-06-12 01:24:00,108409.95,108424.0,108409.95,108422.71,2.57919,1408.0
2025-06-12 01:25:00,108422.72,108458.98,108422.71,108457.27,8.75837,1684.0
2025-06-12 01:26:00,108457.28,108458.98,108453.7,108453.7,0.97084,375.0
2025-06-12 01:27:00,108453.7,108453.71,108432.67,108432.67,4.33588,1247.0
2025-06-12 01:28:00,108432.67,108475.88,108389.8,108436.96,17.69186,3870.0
2025-06-12 01:29:00,108436.96,108448.77,108413.75,108413.75,4.82147,1320.0
2025-06-12 01:30:00,108413.76,108439.04,108391.19,108391.2,7.27614,1429.0
2025-06-12 01:31:00,108391.2,108391.2,108353.51,108353.51,11.66991,1389.0
2025-06-12 01:32:00,108353.52,108377.36,108340.44,108377.36,5.24028,1335.0
2025-06-12 01:33:00,108377.36,108377.36,108258.49,108279.99,37.69907,4421.0
2025-06-12 01:34:00,108279.99,108348.4,108279.99,108342.97,5.99503,1811.0
2025-06-12 01:35:00,108342.97,108349.59,108329.35,108342.9,4.18419,1062.0
2025-06-12 01:36:00,108342.9,108342.9,108260.0,108260.01,8.65185,2529.0
2025-06-12 01:37:00,108260.01,108300.0,108260.0,108287.52,66.95518,3917.0
2025-06-12 01:38:00,108287.52,108340.01,108282.3,108340.01,66.81235,3844.0
2025-06-12 01:39:00,108340.0,108419.8,108312.47,108419.8,15.75141,2576.0
2025-06-12 01:40:00,108419.8,108489.0,108419.8,108450.04,12.8311,3834.0
2025-06-12 01:41:00,108450.03,108468.32,108404.02,108450.02,5.84407,2690.0
2025-06-12 01:42:00,108450.01,108490.99,108434.17,108490.98,4.50006,2305.0
2025-06-12 01:43:00,108490.99,108516.45,108480.89,108516.44,6.11354,2113.0
2025-06-12 01:44:00,108516.44,108516.44,108489.16,108489.17,2.59114,939.0
2025-06-12 01:45:00,108489.18,108489.18,108409.04,108425.32,5.88975,2527.0
2025-06-12 01:46:00,108425.33,108425.33,108400.01,108402.99,3.01357,2502.0
2025-06-12 01:47:00,108403.0,108403.0,108307.87,108318.02,11.3801,2600.0
2025-06-12 01:48:00,108318.03,108365.94,108304.7,108304.71,7.69755,2241.0
2025-06-12 01:49:00,108304.71,108357.23,108304.7,108357.23,1.48533,971.0
2025-06-12 01:50:00,108357.23,108396.66,108357.22,108396.66,11.27003,1531.0
2025-06-12 01:51:00,108396.66,108416.67,108387.01,108387.01,3.44407,1231.0
2025-06-12 01:52:00,108387.01,108431.0,108387.01,108413.99,20.27711,1974.0
2025-06-12 01:53:00,108413.99,108487.55,108408.05,108487.55,18.05829,1869.0
2025-06-12 01:54:00,108487.55,108515.1,108463.62,108463.62,2.60476,1580.0
2025-06-12 01:55:00,108463.63,108494.62,108463.63,108474.34,4.68724,1121.0
2025-06-12 01:56:00,108474.35,108499.64,108474.34,108499.63,4.29208,775.0
2025-06-12 01:57:00,108499.63,108499.63,108449.77,108449.77,6.15509,1912.0
2025-06-12 01:58:00,108449.77,108479.99,108449.77,108479.98,6.17565,672.0
2025-06-12 01:59:00,108479.99,108515.99,108479.98,108515.99,3.47264,1321.0
2025-06-12 02:00:00,108515.99,108515.99,108462.7,108471.7,4.26814,1772.0
2025-06-12 02:01:00,108471.69,108527.75,108471.69,108527.75,5.24916,1257.0
2025-06-12 02:02:00,108527.75,108630.0,108527.74,108628.61,11.87069,3041.0
2025-06-12 02:03:00,108628.07,108700.0,108614.33,108668.0,13.80468,3205.0
2025-06-12 02:04:00,108668.0,108700.0,108647.65,108699.99,7.3949,1487.0
2025-06-12 02:05:00,108699.99,108700.0,108690.94,108699.98,1.58572,523.0
2025-06-12 02:06:00,108699.99,108741.2,108699.98,108726.0,5.34088,1531.0
2025-06-12 02:07:00,108726.01,108759.0,108702.52,108708.58,4.71161,2678.0
2025-06-12 02:08:00,108708.59,108708.59,108636.0,108644.36,3.09238,2067.0
2025-06-12 02:09:00,108644.37,108660.37,108644.35,108660.36,1.84161,939.0
2025-06-12 02:10:00,108660.36,108660.37,108613.2,108613.21,5.29343,1961.0
2025-06-12 02:11:00,108613.2,108656.0,108613.2,108624.08,15.45908,1810.0
2025-06-12 02:12:00,108624.09,108656.19,108624.09,108656.19,9.83141,1007.0
2025-06-12 02:13:00,108656.2,108703.65,108656.19,108703.65,10.25736,1471.0
2025-06-12 02:14:00,108703.64,108704.4,108629.88,108644.8,8.71251,2349.0
2025-06-12 02:15:00,108644.8,108654.34,108621.13,108621.13,5.26622,1485.0
2025-06-12 02:16:00,108621.13,108630.79,108604.9,108604.9,5.0044,1473.0
2025-06-12 02:17:00,108604.9,108604.91,108559.51,108559.52,2.93509,1452.0
2025-06-12 02:18:00,108559.52,108580.0,108559.51,108580.0,2.2344,738.0
2025-06-12 02:19:00,108579.99,108588.0,108566.0,108587.99,5.25844,1028.0
2025-06-12 02:20:00,108587.99,108629.95,108587.99,108622.0,7.92688,1078.0
2025-06-12 02:21:00,108622.0,108622.01,108574.19,108599.91,2.73498,1535.0
2025-06-12 02:22:00,108599.91,108613.21,108584.0,108584.16,5.36277,963.0
2025-06-12 02:23:00,108584.16,108598.33,108532.91,108598.32,5.75311,2565.0
2025-06-12 02:24:00,108598.32,108610.78,108588.02,108590.57,10.24871,1299.0
2025-06-12 02:25:00,108590.56,108599.99,108545.04,108599.99,15.20967,2345.0
2025-06-12 02:26:00,108599.99,108600.0,108598.0,108598.0,1.32902,379.0
2025-06-12 02:27:00,108598.01,108614.24,108598.0,108598.0,2.41895,879.0
2025-06-12 02:28:00,108598.01,108613.21,108582.98,108582.98,6.1408,1157.0
2025-06-12 02:29:00,108582.99,108582.99,108576.68,108576.69,0.76211,257.0
2025-06-12 02:30:00,108576.68,108600.0,108576.68,108581.14,3.60788,1102.0
2025-06-12 02:31:00,108581.13,108581.14,108550.0,108550.0,4.06972,946.0
2025-06-12 02:32:00,108550.01,108550.01,108505.63,108505.64,5.20706,1695.0
2025-06-12 02:33:00,108505.64,108511.97,108494.76,108511.97,3.67579,1293.0
2025-06-12 02:34:00,108511.97,108537.89,108511.96,108537.89,2.35538,960.0
2025-06-12 02:35:00,108537.89,108588.37,108537.89,108540.27,6.30662,2260.0
2025-06-12 02:36:00,108540.27,108540.27,108522.01,108534.59,5.3901,1587.0
2025-06-12 02:37:00,108534.59,108581.41,108534.58,108581.41,1.62444,1091.0
2025-06-12 02:38:00,108581.41,108598.69,108568.48,108568.48,6.7545,1606.0
2025-06-12 02:39:00,108568.48,108618.52,108568.48,108604.81,7.49917,1411.0
2025-06-12 02:40:00,108604.82,108604.82,108566.05,108566.06,1.72431,1195.0
2025-06-12 02:41:00,108566.06,108566.06,108522.56,108541.33,3.17851,1774.0
2025-06-12 02:42:00,108541.33,108557.83,108522.17,108522.17,2.4344,1604.0
2025-06-12 02:43:00,108522.17,108522.18,108487.27,108487.28,2.37512,961.0
2025-06-12 02:44:00,108487.28,108487.28,108470.7,108470.7,2.05982,1034.0
2025-06-12 02:45:00,108470.71,108470.71,108415.11,108420.55,8.51035,1798.0
2025-06-12 02:46:00,108420.55,108508.01,108420.55,108506.63,10.34665,2387.0
2025-06-12 02:47:00,108506.63,108518.87,108480.56,108480.57,6.38897,1396.0
2025-06-12 02:48:00,108480.56,108480.56,108448.89,108474.41,22.83201,2467.0
2025-06-12 02:49:00,108474.41,108510.93,108474.4,108510.92,49.66535,1123.0
2025-06-12 02:50:00,108510.92,108539.3,108510.04,108510.05,21.7414,2188.0
2025-06-12 02:51:00,108510.05,108588.23,108510.05,108588.22,71.81942,3550.0
2025-06-12 02:52:00,108588.22,108624.76,108536.0,108537.92,21.9721,3083.0
2025-06-12 02:53:00,108537.92,108556.0,108508.01,108512.4,28.85844,4128.0
2025-06-12 02:54:00,108512.4,108543.82,108510.72,108512.0,13.60431,2395.0
2025-06-12 02:55:00,108512.01,108517.63,108488.35,108515.56,20.48864,2416.0
2025-06-12 02:56:00,108515.56,108535.5,108471.69,108475.6,77.42081,5106.0
2025-06-12 02:57:00,108475.61,108566.02,108475.61,108495.66,183.9097,9132.0
2025-06-12 02:58:00,108495.66,108495.66,108433.01,108455.4,90.26541,4442.0
2025-06-12 02:59:00,108455.4,108455.41,108390.34,108400.52,23.65213,3857.0
2025-06-12 03:00:00,108400.52,108410.84,108374.88,108405.73,27.00946,2505.0
2025-06-12 03:01:00,108405.73,108413.59,108361.3,108379.74,63.35237,3192.0
2025-06-12 03:02:00,108379.74,108432.9,108379.74,108424.34,21.74604,2860.0
2025-06-12 03:03:00,108424.35,108432.19,108387.35,108399.61,29.17091,2782.0
2025-06-12 03:04:00,108399.6,108399.61,108294.11,108294.11,45.47407,3352.0
2025-06-12 03:05:00,108294.12,108349.92,108294.11,108349.91,11.38153,2573.0
2025-06-12 03:06:00,108349.91,108349.91,108335.02,108346.49,3.97167,1126.0
2025-06-12 03:07:00,108346.49,108384.58,108346.49,108377.34,27.11782,2535.0
2025-06-12 03:08:00,108377.34,108411.92,108377.34,108409.86,4.7614,1061.0
2025-06-12 03:09:00,108409.86,108444.27,108409.85,108444.27,6.80494,1186.0
2025-06-12 03:10:00,108444.26,108448.03,108377.35,108417.86,9.04217,3496.0
2025-06-12 03:11:00,108417.86,108424.53,108413.99,108424.52,2.57938,970.0
2025-06-12 03:12:00,108424.52,108424.53,108359.42,108360.0,12.78153,1931.0
2025-06-12 03:13:00,108360.0,108377.36,108330.18,108330.18,18.19762,2491.0
2025-06-12 03:14:00,108330.19,108337.06,108296.95,108330.0,32.58974,2368.0
2025-06-12 03:15:00,108330.0,108330.01,108322.39,108322.4,3.84085,282.0
2025-06-12 03:16:00,108322.39,108322.4,108292.37,108300.19,3.53189,1109.0
2025-06-12 03:17:00,108300.19,108311.37,108294.02,108296.02,32.85785,1343.0
2025-06-12 03:18:00,108296.02,108296.02,108227.05,108227.06,39.85821,2137.0
2025-06-12 03:19:00,108227.05,108241.09,108200.0,108238.5,31.6454,2142.0
2025-06-12 03:20:00,108238.51,108238.51,107777.0,107870.0,278.58766,19916.0
2025-06-12 03:21:00,107869.99,107902.32,107829.26,107838.2,29.35506,5326.0
2025-06-12 03:22:00,107838.21,107920.33,107747.0,107890.29,39.26187,8628.0
2025-06-12 03:23:00,107890.3,107950.0,107881.27,107916.47,19.99037,5105.0
2025-06-12 03:24:00,107916.46,107916.46,107840.0,107849.71,11.28341,2363.0
2025-06-12 03:25:00,107849.71,107867.42,107769.81,107773.31,19.15578,3677.0
2025-06-12 03:26:00,107773.3,107789.64,107744.22,107777.97,11.11009,3466.0
2025-06-12 03:27:00,107777.97,107856.82,107748.08,107748.08,23.92565,4791.0
2025-06-12 03:28:00,107748.09,107780.0,107730.0,107771.95,37.46988,3803.0
2025-06-12 03:29:00,107771.95,107894.95,107771.95,107882.27,39.67806,2889.0
2025-06-12 03:30:00,107882.26,107894.45,107855.82,107890.73,45.05429,4545.0
2025-06-12 03:31:00,107890.72,107958.37,107888.43,107953.94,46.53787,3589.0
2025-06-12 03:32:00,107953.94,107996.0,107948.9,107971.99,28.35088,3754.0
2025-06-12 03:33:00,107971.98,107984.23,107952.03,107952.03,27.42751,1959.0
2025-06-12 03:34:00,107952.04,107957.2,107930.26,107937.31,26.66748,2674.0
2025-06-12 03:35:00,107937.32,107996.2,107937.31,107976.53,37.0356,2223.0
2025-06-12 03:36:00,107976.52,107976.52,107912.85,107925.8,32.99004,3351.0
2025-06-12 03:37:00,107925.8,107940.0,107911.72,107928.33,30.01668,2170.0
2025-06-12 03:38:00,107928.33,107959.63,107915.86,107949.53,26.63331,2107.0
2025-06-12 03:39:00,107949.52,107959.68,107901.27,107939.34,28.65639,3621.0
2025-06-12 03:40:00,107939.34,107958.51,107920.0,107920.0,27.65851,2481.0
2025-06-12 03:41:00,107920.0,107949.91,107888.15,107949.9,27.64717,2731.0
2025-06-12 03:42:00,107949.91,107984.41,107949.9,107984.41,46.55723,2367.0
2025-06-12 03:43:00,107984.4,107991.93,107955.89,107991.92,27.31152,1937.0
2025-06-12 03:44:00,107991.92,108039.31,107991.92,108034.64,46.98793,1594.0
2025-06-12 03:45:00,108034.64,108034.65,107938.16,107938.16,39.21653,4084.0
2025-06-12 03:46:00,107938.17,108060.7,107938.16,108060.69,36.323,3234.0
2025-06-12 03:47:00,108060.7,108060.7,107986.96,107986.97,39.81435,2800.0
2025-06-12 03:48:00,107986.97,107988.33,107942.4,107942.41,26.38169,2554.0
2025-06-12 03:49:00,107942.4,107948.12,107920.67,107947.54,27.30959,1341.0
2025-06-12 03:50:00,107947.54,107947.55,107905.74,107911.35,39.7407,2252.0
2025-06-12 03:51:00,107911.35,107930.12,107911.34,107927.84,26.32118,1179.0
2025-06-12 03:52:00,107927.83,107932.0,107860.0,107860.0,39.68721,3264.0
2025-06-12 03:53:00,107860.0,107877.88,107840.97,107859.05,34.60519,2336.0
2025-06-12 03:54:00,107859.05,107892.52,107859.04,107875.86,33.39464,1515.0
2025-06-12 03:55:00,107875.87,107875.87,107848.7,107848.71,37.202,1996.0
2025-06-12 03:56:00,107848.71,107886.74,107848.7,107874.58,38.06316,2161.0
2025-06-12 03:57:00,107874.58,107874.59,107845.03,107845.03,24.38548,1428.0
2025-06-12 03:58:00,107845.04,107859.03,107838.64,107847.26,32.28682,1555.0
2025-06-12 03:59:00,107847.27,107873.43,107847.27,107860.05,15.91972,1985.0
2025-06-12 04:00:00,107860.04,107897.14,107858.41,107894.75,10.34801,2608.0
2025-06-12 04:01:00,107894.74,107894.75,107882.01,107882.01,2.9927,558.0
2025-06-12 04:02:00,107882.01,107882.01,107843.86,107843.92,10.14207,640.0
2025-06-12 04:03:00,107843.91,107871.14,107843.91,107850.01,8.78253,1739.0
2025-06-12 04:04:00,107850.0,107878.21,107831.67,107878.21,11.31391,2105.0
2025-06-12 04:05:00,107878.2,107878.21,107854.0,107854.01,3.61608,811.0
2025-06-12 04:06:00,107854.0,107854.01,107838.38,107845.39,4.41583,1284.0
2025-06-12 04:07:00,107845.4,107875.4,107845.39,107865.8,13.68756,2382.0
2025-06-12 04:08:00,107865.8,107884.51,107865.79,107884.51,8.90816,1163.0
2025-06-12 04:09:00,107884.51,107917.41,107884.5,107897.0,6.91396,2044.0
2025-06-12 04:10:00,107896.99,107897.0,107844.99,107845.0,11.5415,1420.0
2025-06-12 04:11:00,107845.0,107845.0,107801.76,107801.76,7.2813,1562.0
2025-06-12 04:12:00,107801.76,107801.77,107780.0,107780.01,10.70662,1556.0
2025-06-12 04:13:00,107780.0,107780.01,107759.99,107760.0,15.83084,594.0
2025-06-12 04:14:00,107759.99,107759.99,107729.4,107729.4,7.07639,1515.0
2025-06-12 04:15:00,107729.4,107747.67,107729.4,107739.01,7.50142,1363.0
2025-06-12 04:16:00,107739.0,107774.63,107739.0,107774.63,9.82765,1223.0
2025-06-12 04:17:00,107774.62,107784.1,107758.05,107758.05,4.88623,1230.0
2025-06-12 04:18:00,107758.05,107758.05,107676.0,107699.76,23.1132,3004.0
2025-06-12 04:19:00,107699.77,107699.77,107584.43,107599.99,104.08127,6634.0
2025-06-12 04:20:00,107600.0,107600.0,107492.42,107504.02,83.26272,6027.0
2025-06-12 04:21:00,107504.03,107548.0,107492.48,107492.48,29.13079,3134.0
2025-06-12 04:22:00,107492.49,107492.49,107436.1,107457.98,18.14381,3279.0
2025-06-12 04:23:00,107457.97,107457.98,107399.45,107425.22,25.65802,3023.0
2025-06-12 04:24:00,107425.21,107523.38,107320.0,107512.01,51.3536,10021.0
2025-06-12 04:25:00,107512.0,107578.6,107463.89,107564.5,41.91582,6049.0
2025-06-12 04:26:00,107564.49,107613.44,107545.99,107584.74,21.73835,2475.0
2025-06-12 04:27:00,107584.75,107626.01,107577.95,107585.77,6.17976,2033.0
2025-06-12 04:28:00,107585.77,107647.94,107585.76,107647.93,8.09708,1184.0
2025-06-12 04:29:00,107647.93,107647.94,107614.85,107614.85,11.90486,1349.0
2025-06-12 04:30:00,107614.86,107659.68,107602.61,107659.68,2.54402,1407.0
2025-06-12 04:31:00,107659.68,107668.48,107604.11,107604.12,12.12584,1501.0
2025-06-12 04:32:00,107604.12,107627.9,107598.0,107619.99,14.63855,1007.0
2025-06-12 04:33:00,107620.0,107651.88,107568.18,107568.19,24.3397,2034.0
2025-06-12 04:34:00,107568.19,107595.28,107560.0,107595.28,7.85227,1157.0
2025-06-12 04:35:00,107595.28,107645.75,107570.89,107613.45,27.80621,2632.0
2025-06-12 04:36:00,107613.45,107613.45,107585.59,107587.9,4.94481,1734.0
2025-06-12 04:37:00,107587.9,107587.9,107559.78,107559.78,4.84324,1232.0
2025-06-12 04:38:00,107559.79,107559.79,107557.74,107559.77,3.60755,515.0
2025-06-12 04:39:00,107559.77,107610.04,107559.77,107610.04,4.28184,1477.0
2025-06-12 04:40:00,107610.03,107610.04,107569.93,107569.93,4.28583,1258.0
2025-06-12 04:41:00,107569.93,107584.69,107569.93,107583.37,6.88303,776.0
2025-06-12 04:42:00,107583.36,107608.33,107570.87,107600.88,7.98901,1242.0
2025-06-12 04:43:00,107600.88,107608.32,107588.0,107599.82,9.54516,1101.0
2025-06-12 04:44:00,107599.82,107608.33,107594.81,107594.82,14.15633,766.0
2025-06-12 04:45:00,107594.81,107637.87,107588.0,107637.66,23.39204,867.0
2025-06-12 04:46:00,107637.66,107743.57,107637.66,107716.42,12.34843,3508.0
2025-06-12 04:47:00,107716.41,107716.42,107694.3,107695.0,4.53453,1144.0
2025-06-12 04:48:00,107694.99,107720.0,107694.99,107700.72,8.02716,1655.0
2025-06-12 04:49:00,107700.73,107722.11,107686.99,107722.11,10.93572,1010.0
2025-06-12 04:50:00,107722.11,107734.72,107722.1,107727.03,8.21588,635.0
2025-06-12 04:51:00,107727.04,107727.04,107704.81,107704.81,7.65564,1100.0
2025-06-12 04:52:00,107704.82,107714.38,107670.12,107714.38,4.83668,2194.0
2025-06-12 04:53:00,107714.37,107761.53,107714.37,107749.55,12.78924,1760.0
2025-06-12 04:54:00,107749.55,107749.55,107746.53,107746.54,1.65911,289.0
2025-06-12 04:55:00,107746.54,107746.54,107720.0,107720.0,1.24507,808.0
2025-06-12 04:56:00,107720.01,107727.69,107717.36,107727.69,1.95275,490.0
2025-06-12 04:57:00,107727.69,107745.25,107727.68,107745.24,1.55499,513.0
2025-06-12 04:58:00,107745.25,107745.25,107744.99,107745.15,6.36379,486.0
2025-06-12 04:59:00,107745.15,107765.35,107745.15,107765.12,5.75793,802.0
2025-06-12 05:00:00,107765.13,107765.13,107697.32,107712.35,13.16961,2754.0
2025-06-12 05:01:00,107712.36,107740.14,107712.35,107720.72,4.37424,1080.0
2025-06-12 05:02:00,107720.72,107720.72,107677.26,107677.27,7.21343,1438.0
2025-06-12 05:03:00,107677.27,107677.27,107652.18,107652.19,1.69489,954.0
2025-06-12 05:04:00,107652.19,107652.19,107599.43,107599.43,6.20416,1223.0
2025-06-12 05:05:00,107599.43,107677.25,107599.42,107677.25,3.61618,2062.0
2025-06-12 05:06:00,107677.26,107692.78,107665.16,107665.17,4.1658,1570.0
2025-06-12 05:07:00,107665.17,107665.17,107615.97,107620.01,3.44147,1256.0
2025-06-12 05:08:00,107620.0,107620.01,107620.0,107620.0,1.33998,211.0
2025-06-12 05:09:00,107620.0,107620.01,107593.67,107616.83,3.74324,1604.0
2025-06-12 05:10:00,107616.83,107661.09,107616.82,107650.39,7.6327,1789.0
2025-06-12 05:11:00,107650.4,107659.17,107650.39,107659.17,1.61186,406.0
2025-06-12 05:12:00,107659.16,107713.46,107659.16,107709.0,16.83055,1525.0
2025-06-12 05:13:00,107709.01,107709.01,107689.2,107689.2,2.91784,860.0
2025-06-12 05:14:00,107689.2,107710.49,107689.2,107710.49,3.6259,707.0
2025-06-12 05:15:00,107710.48,107721.02,107710.48,107721.01,0.94859,261.0
2025-06-12 05:16:00,107721.02,107740.0,107721.01,107740.0,1.30601,624.0
2025-06-12 05:17:00,107739.99,107803.19,107739.99,107803.19,8.72031,1935.0
2025-06-12 05:18:00,107803.19,107803.19,107778.17,107778.18,6.18289,1143.0
2025-06-12 05:19:00,107778.18,107813.76,107778.17,107798.78,26.02886,2278.0
2025-06-12 05:20:00,107798.78,107809.73,107790.08,107790.09,10.90296,1204.0
2025-06-12 05:21:00,107790.09,107800.06,107787.78,107800.06,17.54391,834.0
2025-06-12 05:22:00,107800.06,107866.64,107800.05,107866.64,18.09461,2805.0
2025-06-12 05:23:00,107866.64,107874.8,107865.45,107874.64,10.16127,893.0
2025-06-12 05:24:00,107874.64,107922.43,107874.64,107922.42,12.43641,2129.0
2025-06-12 05:25:00,107922.43,107922.43,107900.0,107900.0,5.62644,723.0
2025-06-12 05:26:00,107900.0,107902.04,107893.44,107902.04,10.43785,559.0
2025-06-12 05:27:00,107902.04,107902.04,107902.03,107902.04,2.37071,218.0
2025-06-12 05:28:00,107902.03,107902.04,107897.71,107897.72,2.42793,302.0
2025-06-12 05:29:00,107897.72,107897.72,107864.0,107864.01,5.20122,1364.0
2025-06-12 05:30:00,107864.0,107864.04,107841.72,107841.72,8.87676,871.0
2025-06-12 05:31:00,107841.73,107841.73,107812.59,107812.59,5.07732,1431.0
2025-06-12 05:32:00,107812.6,107812.6,107808.16,107808.17,2.45127,381.0
2025-06-12 05:33:00,107808.16,107808.17,107790.56,107790.57,1.7843,641.0
2025-06-12 05:34:00,107790.57,107791.77,107765.12,107791.77,4.29893,987.0
2025-06-12 05:35:00,107791.77,107835.12,107791.76,107835.11,2.25345,1095.0
2025-06-12 05:36:00,107835.12,107875.71,107835.11,107875.7,4.36531,2123.0
2025-06-12 05:37:00,107875.7,107875.71,107859.74,107859.75,7.35795,1114.0
2025-06-12 05:38:00,107859.74,107859.75,107849.64,107849.65,2.71262,673.0
2025-06-12 05:39:00,107849.65,107849.65,107808.22,107808.22,4.33656,1426.0
2025-06-12 05:40:00,107808.23,107808.23,107727.25,107739.68,12.23481,2594.0
2025-06-12 05:41:00,107739.67,107739.68,107720.99,107720.99,8.30893,1133.0
2025-06-12 05:42:00,107720.99,107720.99,107664.47,107664.48,8.56775,1388.0
2025-06-12 05:43:00,107664.48,107664.48,107656.51,107656.52,6.12107,872.0
2025-06-12 05:44:00,107656.52,107658.45,107656.51,107658.45,3.16124,410.0
2025-06-12 05:45:00,107658.45,107672.37,107658.45,107672.37,2.54766,931.0
2025-06-12 05:46:00,107672.36,107697.44,107672.36,107697.43,2.86051,847.0
2025-06-12 05:47:00,107697.43,107715.77,107697.43,107715.73,4.44441,833.0
2025-06-12 05:48:00,107715.73,107715.73,107699.99,107699.99,1.51924,705.0
2025-06-12 05:49:00,107700.0,107705.19,107699.99,107705.19,1.25343,409.0
2025-06-12 05:50:00,107705.18,107720.0,107705.18,107709.21,3.44146,732.0
2025-06-12 05:51:00,107709.21,107709.21,107693.99,107704.76,3.91677,980.0
2025-06-12 05:52:00,107704.76,107709.82,107704.75,107709.81,4.31253,427.0
2025-06-12 05:53:00,107709.81,107720.0,107708.09,107720.0,3.15198,800.0
2025-06-12 05:54:00,107720.0,107726.53,107720.0,107726.12,3.45949,615.0
2025-06-12 05:55:00,107726.13,107726.13,107717.14,107717.15,2.33975,488.0
2025-06-12 05:56:00,107717.15,107764.85,107717.14,107763.96,6.28529,963.0
2025-06-12 05:57:00,107763.96,107769.47,107738.97,107738.97,5.05633,1295.0
2025-06-12 05:58:00,107738.97,107738.97,107735.99,107736.0,1.6611,357.0
2025-06-12 05:59:00,107736.0,107746.92,107735.99,107746.91,7.81519,479.0
2025-06-12 06:00:00,107746.91,107760.0,107728.0,107760.0,29.2912,1077.0
2025-06-12 06:01:00,107760.0,107791.03,107756.4,107768.02,44.67008,1403.0
2025-06-12 06:02:00,107768.02,107795.51,107768.01,107795.51,2.64341,809.0
2025-06-12 06:03:00,107795.5,107795.51,107767.61,107767.61,3.08529,970.0
2025-06-12 06:04:00,107767.6,107767.6,107726.21,107734.87,2.20576,1589.0
2025-06-12 06:05:00,107734.87,107734.87,107712.62,107712.63,1.9854,706.0
2025-06-12 06:06:00,107712.62,107712.62,107694.27,107694.28,0.7925,706.0
2025-06-12 06:07:00,107694.28,107773.18,107694.27,107773.18,4.63433,2366.0
2025-06-12 06:08:00,107773.18,107781.54,107773.17,107781.54,2.29329,420.0
2025-06-12 06:09:00,107781.53,107781.54,107766.78,107766.79,3.30852,650.0
2025-06-12 06:10:00,107766.78,107766.79,107743.72,107743.72,4.18703,817.0
2025-06-12 06:11:00,107743.73,107743.73,107733.27,107733.27,1.4495,483.0
2025-06-12 06:12:00,107733.27,107743.73,107733.27,107743.72,5.94969,570.0
2025-06-12 06:13:00,107743.72,107761.9,107743.72,107761.9,13.83461,540.0
2025-06-12 06:14:00,107761.89,107761.9,107752.01,107752.01,3.666,278.0
2025-06-12 06:15:00,107752.02,107752.02,107728.0,107728.01,6.66306,1091.0
2025-06-12 06:16:00,107728.0,107750.01,107725.99,107726.78,2.87024,1259.0
2025-06-12 06:17:00,107726.77,107726.77,107668.11,107668.12,6.91099,1239.0
2025-06-12 06:18:00,107668.12,107712.63,107640.33,107684.41,13.32731,2124.0
2025-06-12 06:19:00,107684.41,107709.61,107675.21,107709.6,2.37828,775.0
2025-06-12 06:20:00,107709.61,107713.28,107709.6,107712.91,5.90184,395.0
2025-06-12 06:21:00,107712.92,107712.92,107704.39,107704.39,1.70387,448.0
2025-06-12 06:22:00,107704.4,107740.0,107704.39,107740.0,5.47083,1185.0
2025-06-12 06:23:00,107740.0,107853.17,107740.0,107840.0,33.10348,2491.0
2025-06-12 06:24:00,107839.99,107839.99,107790.2,107800.49,8.71649,1664.0
2025-06-12 06:25:00,107800.48,107800.49,107746.92,107746.92,4.68866,1499.0
2025-06-12 06:26:00,107746.92,107746.92,107734.33,107740.01,5.26742,703.0
2025-06-12 06:27:00,107740.0,107813.67,107740.0,107809.57,14.68507,1597.0
2025-06-12 06:28:00,107809.57,107809.57,107799.95,107799.95,8.6926,325.0
2025-06-12 06:29:00,107799.95,107799.96,107792.93,107797.95,5.17555,376.0
2025-06-12 06:30:00,107797.96,107849.45,107797.96,107849.44,12.08839,1373.0
2025-06-12 06:31:00,107849.44,107901.11,107849.44,107862.36,18.85504,1582.0
2025-06-12 06:32:00,107862.35,107922.56,107862.35,107922.55,7.22656,1313.0
2025-06-12 06:33:00,107922.55,107922.56,107894.73,107899.99,10.29331,813.0
2025-06-12 06:34:00,107899.99,107905.53,107899.98,107905.52,12.97405,442.0
2025-06-12 06:35:00,107905.53,107905.53,107875.39,107875.4,2.88145,806.0
2025-06-12 06:36:00,107875.4,107880.8,107865.61,107865.62,3.05906,529.0
2025-06-12 06:37:00,107865.61,107898.92,107865.61,107898.91,3.70573,1285.0
2025-06-12 06:38:00,107898.92,107939.94,107898.91,107921.35,9.45058,1452.0
2025-06-12 06:39:00,107921.34,107921.35,107914.99,107915.0,1.22999,241.0
2025-06-12 06:40:00,107915.0,107946.66,107914.99,107946.66,6.93538,1098.0
2025-06-12 06:41:00,107946.66,107966.72,107940.85,107961.44,5.76504,1526.0
2025-06-12 06:42:00,107961.44,107961.56,107961.43,107961.55,1.87285,263.0
2025-06-12 06:43:00,107961.55,107990.16,107961.55,107990.16,13.64887,1704.0
2025-06-12 06:44:00,107990.15,107993.58,107966.78,107966.78,2.89549,1031.0
2025-06-12 06:45:00,107966.79,107966.79,107928.85,107928.86,2.55049,1332.0
2025-06-12 06:46:00,107928.86,107928.86,107904.0,107904.01,1.40182,599.0
2025-06-12 06:47:00,107904.0,107904.01,107896.6,107896.61,1.64295,451.0
2025-06-12 06:48:00,107896.61,107912.18,107896.6,107912.17,4.71708,821.0
2025-06-12 06:49:00,107912.18,107912.18,107900.0,107900.0,4.05279,377.0
2025-06-12 06:50:00,107900.0,107910.8,107900.0,107900.01,20.13892,608.0
2025-06-12 06:51:00,107900.0,107900.01,107896.43,107896.44,5.74368,435.0
2025-06-12 06:52:00,107896.44,107896.44,107896.43,107896.44,1.97607,206.0
2025-06-12 06:53:00,107896.44,107932.07,107896.43,107932.07,3.14202,1134.0
2025-06-12 06:54:00,107932.07,107932.08,107896.46,107896.47,4.69892,1065.0
2025-06-12 06:55:00,107896.46,107896.47,107896.46,107896.46,1.72554,229.0
2025-06-12 06:56:00,107896.46,107902.06,107896.46,107896.48,2.74454,575.0
2025-06-12 06:57:00,107896.48,107902.06,107896.48,107902.06,9.28895,375.0
2025-06-12 06:58:00,107902.06,107911.99,107902.05,107909.02,2.88435,402.0
2025-06-12 06:59:00,107909.02,107909.02,107909.01,107909.02,8.92959,153.0
2025-06-12 07:00:00,107909.02,107931.28,107909.01,107912.77,4.18552,1013.0
2025-06-12 07:01:00,107912.76,107939.96,107912.76,107939.96,5.23289,626.0
2025-06-12 07:02:00,107939.96,107939.96,107902.28,107902.28,4.74141,1806.0
2025-06-12 07:03:00,107902.29,107949.99,107902.28,107946.17,6.92563,1116.0
2025-06-12 07:04:00,107946.17,107946.2,107938.09,107938.09,14.69804,608.0
2025-06-12 07:05:00,107938.09,107938.1,107886.6,107886.6,4.92253,1309.0
2025-06-12 07:06:00,107886.6,107886.6,107840.81,107840.81,9.91606,1273.0
2025-06-12 07:07:00,107840.81,107840.81,107832.02,107832.03,3.65474,638.0
2025-06-12 07:08:00,107832.03,107898.55,107832.03,107898.55,4.92458,1891.0
2025-06-12 07:09:00,107898.54,107961.01,107898.54,107925.22,11.56444,2305.0
2025-06-12 07:10:00,107925.21,107925.21,107882.01,107882.02,6.85669,1188.0
2025-06-12 07:11:00,107882.01,107890.86,107882.01,107890.85,3.63764,445.0
2025-06-12 07:12:00,107890.85,107909.21,107890.85,107909.2,5.79446,590.0
2025-06-12 07:13:00,107909.2,107909.21,107890.85,107890.85,0.84949,590.0
2025-06-12 07:14:00,107890.85,107890.85,107864.21,107864.21,3.01931,616.0
2025-06-12 07:15:00,107864.21,107864.21,107820.76,107820.76,4.15646,1258.0
2025-06-12 07:16:00,107820.77,107820.77,107812.32,107812.33,1.50664,470.0
2025-06-12 07:17:00,107812.32,107814.49,107812.32,107814.48,1.49324,395.0
2025-06-12 07:18:00,107814.49,107860.33,107814.48,107860.33,4.46837,1971.0
2025-06-12 07:19:00,107860.33,107880.03,107850.0,107850.01,5.07901,1290.0
2025-06-12 07:20:00,107850.01,107850.01,107832.15,107832.15,2.36506,487.0
2025-06-12 07:21:00,107832.16,107844.73,107826.56,107826.57,1.918,1511.0
2025-06-12 07:22:00,107826.57,107854.05,107826.57,107841.7,15.57456,1214.0
2025-06-12 07:23:00,107841.69,107863.4,107837.48,107863.4,2.38297,880.0
2025-06-12 07:24:00,107863.39,107863.4,107812.11,107812.11,4.049,1190.0
2025-06-12 07:25:00,107812.11,107828.99,107781.23,107781.24,3.59415,1335.0
2025-06-12 07:26:00,107781.24,107781.24,107750.0,107750.0,12.37774,979.0
2025-06-12 07:27:00,107750.01,107750.01,107712.73,107712.73,2.34506,1263.0
2025-06-12 07:28:00,107712.73,107712.74,107695.14,107695.14,0.90313,835.0
2025-06-12 07:29:00,107695.15,107695.15,107659.38,107663.08,3.81426,1530.0
2025-06-12 07:30:00,107663.09,107663.09,107653.98,107653.98,2.85918,452.0
2025-06-12 07:31:00,107653.99,107666.88,107653.98,107655.66,8.97627,1265.0
2025-06-12 07:32:00,107655.67,107676.81,107651.51,107660.14,9.88141,1530.0
2025-06-12 07:33:00,107660.14,107669.04,107606.99,107669.03,71.95015,3399.0
2025-06-12 07:34:00,107669.04,107697.45,107669.03,107697.45,2.29172,1239.0
2025-06-12 07:35:00,107697.44,107706.01,107675.03,107675.03,36.58434,1546.0
2025-06-12 07:36:00,107675.04,107675.04,107640.0,107640.01,4.51868,1250.0
2025-06-12 07:37:00,107640.01,107640.01,107622.33,107632.82,4.22779,884.0
2025-06-12 07:38:00,107632.82,107632.82,107622.34,107622.35,23.4912,1168.0
2025-06-12 07:39:00,107622.35,107622.35,107579.86,107582.75,30.50532,1657.0
2025-06-12 07:40:00,107582.76,107582.76,107438.65,107480.89,66.30951,5043.0
2025-06-12 07:41:00,107480.89,107518.85,107468.76,107490.38,24.928,2787.0
2025-06-12 07:42:00,107490.38,107571.95,107490.37,107571.94,90.98766,2789.0
2025-06-12 07:43:00,107571.95,107574.81,107560.41,107561.91,25.18336,1514.0
2025-06-12 07:44:00,107561.91,107596.54,107561.9,107592.85,15.68949,1063.0
2025-06-12 07:45:00,107592.85,107592.85,107552.01,107587.68,10.784,1647.0
2025-06-12 07:46:00,107587.69,107587.69,107518.86,107538.52,12.516,1527.0
2025-06-12 07:47:00,107538.53,107628.49,107538.52,107628.49,16.79958,1856.0
2025-06-12 07:48:00,107628.49,107689.53,107617.11,107674.76,15.01553,2146.0
2025-06-12 07:49:00,107674.76,107674.76,107659.34,107659.35,2.90296,547.0
2025-06-12 07:50:00,107659.35,107659.35,107604.2,107604.2,7.53525,1328.0
2025-06-12 07:51:00,107604.21,107640.01,107604.2,107640.01,5.09493,1098.0
2025-06-12 07:52:00,107640.01,107666.84,107636.01,107666.83,6.33926,1162.0
2025-06-12 07:53:00,107666.84,107666.84,107646.02,107646.02,5.27279,542.0
2025-06-12 07:54:00,107646.01,107646.02,107560.01,107560.01,3.23491,1618.0
2025-06-12 07:55:00,107560.02,107627.18,107541.01,107627.18,5.53597,2148.0
2025-06-12 07:56:00,107627.17,107651.2,107627.17,107651.19,3.01025,634.0
2025-06-12 07:57:00,107651.2,107702.78,107630.21,107630.22,21.56478,2432.0
2025-06-12 07:58:00,107630.22,107630.22,107618.87,107618.87,1.80055,509.0
2025-06-12 07:59:00,107618.88,107648.04,107618.87,107633.53,9.45756,1051.0
2025-06-12 08:00:00,107633.53,107656.79,107580.06,107656.79,24.86496,2617.0
2025-06-12 08:01:00,107656.78,107696.8,107609.76,107622.02,22.88635,3423.0
2025-06-12 08:02:00,107622.02,107622.02,107553.51,107553.51,4.26423,1380.0
2025-06-12 08:03:00,107553.51,107566.04,107541.01,107566.03,7.44985,1273.0
2025-06-12 08:04:00,107566.03,107566.04,107494.53,107499.99,38.88774,1741.0
2025-06-12 08:05:00,107500.0,107500.0,107447.63,107447.64,28.72828,1262.0
2025-06-12 08:06:00,107447.63,107454.04,107440.13,107452.45,10.10093,1272.0
2025-06-12 08:07:00,107452.45,107456.96,107452.44,107456.95,3.72116,453.0
2025-06-12 08:08:00,107456.96,107497.93,107456.95,107497.92,4.60663,1315.0
2025-06-12 08:09:00,107497.92,107523.18,107497.92,107510.81,8.48251,2143.0
2025-06-12 08:10:00,107510.81,107638.4,107510.81,107638.4,17.09416,3441.0
2025-06-12 08:11:00,107638.39,107649.17,107624.88,107649.17,5.80713,1135.0
2025-06-12 08:12:00,107649.17,107683.63,107649.16,107683.63,2.29788,1068.0
2025-06-12 08:13:00,107683.62,107758.76,107683.62,107728.6,5.43793,2498.0
2025-06-12 08:14:00,107728.6,107739.98,107726.76,107733.92,5.03295,917.0
2025-06-12 08:15:00,107733.92,107733.93,107700.18,107700.99,6.99503,1871.0
2025-06-12 08:16:00,107701.0,107748.48,107675.27,107675.27,10.42343,2882.0
2025-06-12 08:17:00,107675.27,107698.15,107654.57,107670.54,3.61576,2228.0
2025-06-12 08:18:00,107670.53,107704.29,107670.12,107670.13,3.5739,1932.0
2025-06-12 08:19:00,107670.12,107708.37,107670.12,107708.36,4.79638,1695.0
2025-06-12 08:20:00,107708.37,107735.98,107708.37,107735.97,5.81046,1898.0
2025-06-12 08:21:00,107735.97,107769.99,107735.97,107769.98,2.31667,1456.0
2025-06-12 08:22:00,107769.98,107826.02,107769.98,107816.01,12.55659,1809.0
2025-06-12 08:23:00,107816.01,107816.01,107786.33,107807.99,3.63509,1476.0
2025-06-12 08:24:00,107808.0,107819.77,107807.99,107819.77,4.53765,480.0
2025-06-12 08:25:00,107819.77,107819.77,107778.67,107778.68,3.42516,1822.0
2025-06-12 08:26:00,107778.67,107835.83,107778.67,107835.56,4.65272,1419.0
2025-06-12 08:27:00,107835.57,107835.57,107806.95,107806.95,2.22985,885.0
2025-06-12 08:28:00,107806.95,107825.81,107794.38,107821.83,4.92113,1057.0
2025-06-12 08:29:00,107821.83,107821.84,107808.01,107808.01,1.3909,828.0
2025-06-12 08:30:00,107808.02,107808.02,107782.46,107801.71,9.11656,2670.0
2025-06-12 08:31:00,107801.7,107805.26,107796.69,107796.69,3.51261,718.0
2025-06-12 08:32:00,107796.69,107823.91,107764.8,107810.32,13.43887,3438.0
2025-06-12 08:33:00,107810.31,107811.55,107800.25,107811.54,2.61136,563.0
2025-06-12 08:34:00,107811.55,107833.48,107783.34,107783.34,4.83213,1968.0
2025-06-12 08:35:00,107783.35,107784.62,107780.0,107780.0,2.67126,929.0
2025-06-12 08:36:00,107780.01,107780.01,107740.33,107758.49,5.17597,1402.0
2025-06-12 08:37:00,107758.49,107776.91,107758.48,107776.91,5.41978,971.0
2025-06-12 08:38:00,107776.9,107776.92,107731.56,107751.62,2.96941,1912.0
2025-06-12 08:39:00,107751.63,107757.46,107722.15,107722.16,0.95249,964.0
2025-06-12 08:40:00,107722.15,107737.8,107702.42,107737.8,6.57776,1877.0
2025-06-12 08:41:00,107737.8,107759.99,107720.0,107720.0,3.8667,1795.0
2025-06-12 08:42:00,107720.01,107720.01,107702.15,107702.15,2.48089,558.0
2025-06-12 08:43:00,107702.16,107714.27,107702.15,107714.27,2.95735,712.0
2025-06-12 08:44:00,107714.27,107734.61,107714.26,107719.0,8.51864,1460.0
2025-06-12 08:45:00,107719.0,107719.01,107664.52,107664.52,2.96132,1643.0
2025-06-12 08:46:00,107664.53,107664.53,107642.6,107662.44,6.45747,1341.0
2025-06-12 08:47:00,107662.44,107734.59,107662.43,107734.58,5.19231,3209.0
2025-06-12 08:48:00,107734.59,107740.0,107710.38,107740.0,8.77081,2014.0
2025-06-12 08:49:00,107740.0,107769.45,107719.69,107719.69,2.52007,2193.0
2025-06-12 08:50:00,107719.7,107744.8,107708.0,107744.8,4.64093,1483.0
2025-06-12 08:51:00,107744.8,107744.8,107725.22,107742.0,10.09806,1425.0
2025-06-12 08:52:00,107741.99,107761.39,107741.99,107761.39,4.12982,920.0
2025-06-12 08:53:00,107761.38,107761.39,107741.02,107741.02,3.31332,667.0
2025-06-12 08:54:00,107741.03,107741.03,107741.02,107741.02,2.15326,387.0
2025-06-12 08:55:00,107741.02,107741.03,107741.02,107741.02,0.98901,392.0
2025-06-12 08:56:00,107741.02,107741.03,107721.32,107721.32,2.89121,862.0
2025-06-12 08:57:00,107721.32,107721.33,107706.9,107706.9,1.63732,598.0
2025-06-12 08:58:00,107706.9,107706.91,107700.0,107700.0,2.18873,428.0
2025-06-12 08:59:00,107700.0,107731.68,107700.0,107731.67,9.33048,2097.0
2025-06-12 09:00:00,107731.67,107731.68,107700.38,107700.39,3.70737,1087.0
2025-06-12 09:01:00,107700.38,107714.09,107692.16,107692.17,6.95335,1304.0
2025-06-12 09:02:00,107692.17,107739.23,107687.99,107739.22,5.47935,1778.0
2025-06-12 09:03:00,107739.23,107771.55,107737.19,107761.8,11.69091,2558.0
2025-06-12 09:04:00,107761.81,107761.81,107660.61,107660.61,5.73162,2782.0
2025-06-12 09:05:00,107660.62,107677.67,107649.34,107668.62,3.98835,1442.0
2025-06-12 09:06:00,107668.62,107689.6,107638.59,107638.59,5.49167,2144.0
2025-06-12 09:07:00,107638.6,107638.6,107611.15,107611.15,2.07744,813.0
2025-06-12 09:08:00,107611.15,107618.23,107611.15,107618.22,4.94301,566.0
2025-06-12 09:09:00,107618.23,107656.76,107618.23,107651.47,4.30386,1764.0
2025-06-12 09:10:00,107651.47,107660.01,107651.46,107660.01,2.21289,576.0
2025-06-12 09:11:00,107660.0,107670.14,107626.67,107626.67,5.34889,1684.0
2025-06-12 09:12:00,107626.67,107664.66,107626.67,107663.12,4.37141,1564.0
2025-06-12 09:13:00,107663.11,107672.38,107663.11,107663.39,1.23602,462.0
2025-06-12 09:14:00,107663.39,107663.39,107626.5,107626.51,3.52597,1145.0
2025-06-12 09:15:00,107626.51,107626.51,107615.13,107626.5,4.37072,1148.0
2025-06-12 09:16:00,107626.5,107667.55,107626.5,107628.37,5.57098,2247.0
2025-06-12 09:17:00,107628.37,107628.38,107615.28,107615.29,2.02312,727.0
2025-06-12 09:18:00,107615.28,107634.24,107593.1,107593.11,8.02945,1818.0
2025-06-12 09:19:00,107593.11,107607.9,107593.1,107607.9,5.20491,1138.0
2025-06-12 09:20:00,107607.89,107646.63,107607.89,107630.59,5.06089,2283.0
2025-06-12 09:21:00,107630.59,107630.59,107592.87,107592.88,2.14436,1540.0
2025-06-12 09:22:00,107592.88,107592.88,107574.15,107574.16,1.66623,727.0
2025-06-12 09:23:00,107574.16,107574.16,107563.93,107563.94,1.49078,829.0
2025-06-12 09:24:00,107563.93,107563.94,107555.0,107555.01,1.43433,562.0
2025-06-12 09:25:00,107555.01,107555.01,107545.38,107545.39,1.57587,499.0
2025-06-12 09:26:00,107545.39,107602.02,107545.38,107602.02,9.81416,2101.0
2025-06-12 09:27:00,107602.02,107621.04,107602.01,107621.04,6.40748,961.0
2025-06-12 09:28:00,107621.03,107621.04,107602.89,107602.89,3.18941,642.0
2025-06-12 09:29:00,107602.9,107611.83,107582.35,107582.35,30.73904,1387.0
2025-06-12 09:30:00,107582.36,107661.33,107582.35,107632.33,9.02567,3242.0
2025-06-12 09:31:00,107632.34,107636.37,107616.0,107623.76,2.91534,1443.0
2025-06-12 09:32:00,107623.76,107623.76,107607.45,107607.45,1.09568,769.0
2025-06-12 09:33:00,107607.45,107617.25,107596.55,107608.0,3.27988,1518.0
2025-06-12 09:34:00,107608.0,107632.41,107607.99,107629.45,6.50875,565.0
2025-06-12 09:35:00,107629.44,107705.51,107629.44,107705.51,5.11505,1861.0
2025-06-12 09:36:00,107705.51,107705.51,107696.72,107705.5,3.20305,587.0
2025-06-12 09:37:00,107705.5,107723.04,107654.93,107685.69,23.68493,1494.0
2025-06-12 09:38:00,107685.69,107685.7,107660.37,107685.69,5.02301,1204.0
2025-06-12 09:39:00,107685.69,107696.0,107685.69,107687.62,1.79854,726.0
2025-06-12 09:40:00,107687.62,107687.63,107670.11,107670.12,6.05362,735.0
2025-06-12 09:41:00,107670.11,107670.12,107670.11,107670.11,2.18425,250.0
2025-06-12 09:42:00,107670.11,107670.11,107662.6,107662.6,2.0065,620.0
2025-06-12 09:43:00,107662.6,107662.61,107649.3,107649.3,2.71296,426.0
2025-06-12 09:44:00,107649.31,107649.31,107630.85,107630.86,2.15823,632.0
2025-06-12 09:45:00,107630.85,107630.86,107608.0,107626.38,3.34446,1210.0
2025-06-12 09:46:00,107626.37,107626.37,107580.86,107580.87,2.80867,1469.0
2025-06-12 09:47:00,107580.87,107580.87,107557.53,107557.53,3.58717,918.0
2025-06-12 09:48:00,107557.53,107564.0,107547.11,107564.0,5.17506,707.0
2025-06-12 09:49:00,107564.0,107564.0,107554.56,107564.0,4.94577,835.0
2025-06-12 09:50:00,107564.0,107564.0,107563.99,107564.0,2.70362,206.0
2025-06-12 09:51:00,107564.0,107564.0,107547.1,107547.36,7.34692,508.0
2025-06-12 09:52:00,107547.36,107547.36,107547.35,107547.36,1.16971,263.0
2025-06-12 09:53:00,107547.36,107555.63,107532.54,107555.62,10.08189,2311.0
2025-06-12 09:54:00,107555.63,107555.63,107488.95,107494.42,20.26089,1450.0
2025-06-12 09:55:00,107494.42,107499.33,107494.41,107499.33,3.80327,606.0
2025-06-12 09:56:00,107499.33,107507.38,107489.41,107507.38,5.06191,1168.0
2025-06-12 09:57:00,107507.38,107514.79,107507.37,107507.38,1.39778,447.0
2025-06-12 09:58:00,107507.38,107507.38,107507.37,107507.37,0.68292,181.0
2025-06-12 09:59:00,107507.38,107507.38,107507.35,107507.35,0.53026,204.0
2025-06-12 10:00:00,107507.35,107507.36,107496.04,107496.05,4.08456,851.0
2025-06-12 10:01:00,107496.05,107518.85,107496.04,107518.85,3.6137,1048.0
2025-06-12 10:02:00,107518.85,107518.85,107510.0,107510.01,2.32163,432.0
2025-06-12 10:03:00,107510.01,107510.01,107495.27,107495.27,1.49351,531.0
2025-06-12 10:04:00,107495.28,107495.28,107386.58,107386.59,14.13544,4552.0
2025-06-12 10:05:00,107386.58,107414.57,107380.62,107414.57,7.26498,1180.0
2025-06-12 10:06:00,107414.57,107414.57,107393.47,107393.48,2.63835,488.0
2025-06-12 10:07:00,107393.48,107400.0,107371.05,107399.99,7.36646,1848.0
2025-06-12 10:08:00,107399.99,107400.0,107393.89,107394.62,2.3078,510.0
2025-06-12 10:09:00,107394.62,107400.0,107394.62,107400.0,4.28899,569.0
2025-06-12 10:10:00,107400.0,107410.92,107392.56,107399.42,12.23942,1077.0
2025-06-12 10:11:00,107399.41,107399.42,107379.35,107379.35,2.25261,878.0
2025-06-12 10:12:00,107379.36,107399.0,107332.28,107398.99,8.43652,2192.0
2025-06-12 10:13:00,107399.0,107399.0,107376.24,107376.24,6.78976,651.0
2025-06-12 10:14:00,107376.24,107400.01,107369.48,107389.38,14.00634,1478.0
2025-06-12 10:15:00,107389.38,107410.74,107382.36,107388.02,4.77165,1194.0
2025-06-12 10:16:00,107388.03,107388.03,107296.0,107314.33,19.56351,3308.0
2025-06-12 10:17:00,107314.33,107448.79,107314.32,107433.99,12.88322,4221.0
2025-06-12 10:18:00,107433.99,107433.99,107380.0,107380.0,3.06535,1342.0
2025-06-12 10:19:00,107380.01,107440.45,107380.0,107415.26,8.68588,2887.0
2025-06-12 10:20:00,107415.26,107432.0,107381.91,107381.91,2.89823,2218.0
2025-06-12 10:21:00,107381.92,107416.0,107364.72,107402.8,5.06,3350.0
2025-06-12 10:22:00,107402.8,107423.98,107393.8,107393.81,12.2834,1980.0
2025-06-12 10:23:00,107393.8,107393.8,107315.45,107333.99,11.41932,2899.0
2025-06-12 10:24:00,107333.99,107334.0,107300.01,107308.54,13.41003,1433.0
2025-06-12 10:25:00,107308.54,107308.54,107281.78,107281.8,12.23616,1155.0
2025-06-12 10:26:00,107281.8,107281.8,107227.9,107250.0,20.05411,3047.0
2025-06-12 10:27:00,107250.01,107250.01,107241.15,107250.0,10.18961,1225.0
2025-06-12 10:28:00,107250.01,107260.0,107232.0,107260.0,14.15409,1328.0
2025-06-12 10:29:00,107259.99,107293.73,107259.99,107285.48,5.74426,1282.0
2025-06-12 10:30:00,107285.49,107360.0,107285.48,107346.02,9.24621,2188.0
2025-06-12 10:31:00,107346.02,107346.02,107297.92,107335.86,7.5309,2293.0
2025-06-12 10:32:00,107335.86,107335.86,107306.27,107306.28,3.1555,1019.0
2025-06-12 10:33:00,107306.27,107306.28,107241.64,107263.86,8.0546,2789.0
2025-06-12 10:34:00,107263.86,107286.37,107263.86,107276.0,8.38876,1095.0
2025-06-12 10:35:00,107276.01,107276.01,107242.28,107265.66,7.58633,1171.0
2025-06-12 10:36:00,107265.66,107265.66,107240.0,107251.28,10.76946,1401.0
2025-06-12 10:37:00,107251.29,107254.11,107220.82,107224.46,31.1808,1685.0
2025-06-12 10:38:00,107224.47,107299.62,107224.46,107290.32,9.53194,1534.0
2025-06-12 10:39:00,107290.32,107290.33,107238.01,107238.01,2.33055,1375.0
2025-06-12 10:40:00,107238.01,107272.98,107234.34,107260.5,6.43043,1721.0
2025-06-12 10:41:00,107260.5,107260.5,107226.47,107255.08,3.23579,1695.0
2025-06-12 10:42:00,107255.08,107259.9,107242.88,107251.96,9.21751,2025.0
2025-06-12 10:43:00,107251.96,107251.96,107229.87,107229.88,4.87477,713.0
2025-06-12 10:44:00,107229.89,107260.65,107229.88,107241.83,9.40458,1524.0
2025-06-12 10:45:00,107241.83,107280.75,107236.57,107275.51,8.64113,2102.0
2025-06-12 10:46:00,107275.51,107309.28,107275.51,107300.0,10.06153,2404.0
2025-06-12 10:47:00,107299.99,107366.79,107299.99,107366.79,8.71665,2307.0
2025-06-12 10:48:00,107366.78,107366.79,107325.53,107325.54,4.34706,1235.0
2025-06-12 10:49:00,107325.53,107338.65,107304.81,107304.82,3.21159,1529.0
2025-06-12 10:50:00,107304.81,107308.21,107284.08,107294.78,4.40297,1386.0
2025-06-12 10:51:00,107294.77,107303.54,107279.3,107298.44,8.51754,3118.0
2025-06-12 10:52:00,107298.45,107307.98,107281.35,107281.36,6.06944,1996.0
2025-06-12 10:53:00,107281.36,107281.36,107263.84,107263.85,5.0329,720.0
2025-06-12 10:54:00,107263.85,107263.85,107246.47,107258.88,6.49105,1467.0
2025-06-12 10:55:00,107258.88,107304.97,107258.88,107280.87,8.61164,2758.0
2025-06-12 10:56:00,107280.87,107286.15,107240.56,107240.57,19.81937,2141.0
2025-06-12 10:57:00,107240.57,107240.57,107200.0,107217.42,14.59698,3232.0
2025-06-12 10:58:00,107217.41,107350.27,107217.41,107350.27,21.40572,6226.0
2025-06-12 10:59:00,107350.27,107353.42,107315.85,107323.16,11.2973,2966.0
2025-06-12 11:00:00,107323.16,107349.31,107288.34,107342.4,5.84159,3927.0
2025-06-12 11:01:00,107342.4,107344.0,107309.59,107309.6,3.68635,1454.0
2025-06-12 11:02:00,107309.59,107309.59,107270.65,107270.66,2.59367,833.0
2025-06-12 11:03:00,107270.65,107298.32,107270.65,107286.0,5.22465,2151.0
2025-06-12 11:04:00,107286.0,107286.0,107276.25,107276.26,2.95861,626.0
2025-06-12 11:05:00,107276.26,107276.26,107224.02,107230.8,10.61145,2975.0
2025-06-12 11:06:00,107230.8,107235.74,107224.95,107224.95,2.69235,1335.0
2025-06-12 11:07:00,107224.96,107225.04,107224.95,107225.01,4.73189,417.0
2025-06-12 11:08:00,107225.01,107225.04,107212.34,107219.1,8.33904,1023.0
2025-06-12 11:09:00,107219.1,107260.0,107219.09,107260.0,2.56566,1500.0
2025-06-12 11:10:00,107260.0,107302.59,107260.0,107278.08,8.66928,2293.0
2025-06-12 11:11:00,107278.08,107283.46,107277.75,107277.76,6.38654,828.0
2025-06-12 11:12:00,107277.75,107318.64,107271.3,107318.64,10.91198,3616.0
2025-06-12 11:13:00,107318.64,107347.65,107318.63,107323.01,14.22536,2170.0
2025-06-12 11:14:00,107323.01,107323.01,107294.34,107306.16,8.87867,1625.0
2025-06-12 11:15:00,107306.15,107306.15,107221.32,107221.32,8.41081,2930.0
2025-06-12 11:16:00,107221.31,107232.0,107207.73,107219.71,3.45213,1737.0
2025-06-12 11:17:00,107219.7,107219.71,107188.0,107206.34,18.46606,1914.0
2025-06-12 11:18:00,107206.34,107206.35,107173.91,107183.55,6.64169,2067.0
2025-06-12 11:19:00,107183.54,107197.5,107183.54,107197.5,4.21283,943.0
2025-06-12 11:20:00,107197.49,107197.5,107144.93,107146.31,19.02174,2910.0
2025-06-12 11:21:00,107146.31,107146.31,107144.93,107144.94,3.39792,517.0
2025-06-12 11:22:00,107144.94,107144.94,107144.93,107144.94,2.28111,287.0
2025-06-12 11:23:00,107144.94,107144.94,107125.21,107125.21,4.32228,1173.0
2025-06-12 11:24:00,107125.21,107125.21,107125.2,107125.2,2.43735,271.0
2025-06-12 11:25:00,107125.2,107144.92,107125.2,107144.91,5.70563,1067.0
2025-06-12 11:26:00,107144.92,107144.92,107122.49,107122.49,4.03305,993.0
2025-06-12 11:27:00,107122.49,107122.5,107088.0,107088.0,11.98119,2007.0
2025-06-12 11:28:00,107088.0,107088.01,107026.24,107057.28,30.60498,3342.0
2025-06-12 11:29:00,107057.28,107057.28,107007.0,107029.37,25.05225,3935.0
2025-06-12 11:30:00,107029.37,107035.65,107008.31,107008.31,12.21112,2408.0
2025-06-12 11:31:00,107008.32,107027.86,107008.31,107027.85,6.78382,1806.0
2025-06-12 11:32:00,107027.85,107061.81,107027.85,107061.8,11.8994,1949.0
2025-06-12 11:33:00,107061.8,107090.01,107047.78,107047.79,6.13977,2759.0
2025-06-12 11:34:00,107047.79,107047.79,107035.31,107035.31,3.73085,750.0
2025-06-12 11:35:00,107035.32,107035.32,107008.45,107008.45,2.20803,1105.0
2025-06-12 11:36:00,107008.45,107075.71,107008.45,107075.71,11.36857,3238.0
2025-06-12 11:37:00,107075.7,107075.71,107049.9,107049.91,6.38629,1267.0
2025-06-12 11:38:00,107049.91,107049.91,107000.0,107000.01,24.30583,2653.0
2025-06-12 11:39:00,107000.01,107000.01,106945.82,106973.41,76.02402,2587.0
2025-06-12 11:40:00,106973.42,107071.56,106973.41,107071.55,21.92234,4517.0
2025-06-12 11:41:00,107071.56,107086.47,107060.01,107060.01,7.86311,2175.0
2025-06-12 11:42:00,107060.01,107060.02,107024.87,107056.81,11.10085,1601.0
2025-06-12 11:43:00,107056.81,107080.0,107056.8,107079.99,5.60748,1175.0
2025-06-12 11:44:00,107080.0,107139.63,107079.99,107130.0,17.08551,2597.0
2025-06-12 11:45:00,107130.0,107130.01,107047.6,107047.61,10.44851,1628.0
2025-06-12 11:46:00,107047.61,107150.0,107045.18,107150.0,13.52703,2867.0
2025-06-12 11:47:00,107150.0,107187.32,107149.99,107154.01,8.8033,2612.0
2025-06-12 11:48:00,107154.0,107173.87,107132.78,107155.92,6.38368,2893.0
2025-06-12 11:49:00,107155.93,107155.93,107110.81,107110.82,2.99409,968.0
2025-06-12 11:50:00,107110.81,107110.82,107055.28,107061.68,11.60094,3690.0
2025-06-12 11:51:00,107061.68,107096.9,107056.52,107056.52,6.61879,1817.0
2025-06-12 11:52:00,107056.52,107056.53,107025.1,107025.1,5.14157,1023.0
2025-06-12 11:53:00,107025.11,107025.11,107000.0,107010.21,9.6284,1658.0
2025-06-12 11:54:00,107010.21,107010.63,106969.01,107000.96,12.01655,2357.0
2025-06-12 11:55:00,107000.97,107000.97,106989.0,107000.97,8.34065,910.0
2025-06-12 11:56:00,107000.96,107000.97,106970.65,106992.9,5.56069,1088.0
2025-06-12 11:57:00,106992.89,106992.9,106930.0,106930.01,18.67477,1779.0
2025-06-12 11:58:00,106930.01,106930.02,106874.47,106892.59,24.11779,2353.0
2025-06-12 11:59:00,106892.59,106904.25,106892.58,106900.95,11.4077,1398.0
2025-06-12 12:00:00,106900.95,106967.39,106900.95,106967.39,15.68496,3185.0
2025-06-12 12:01:00,106967.39,107025.1,106951.05,107003.86,24.96287,3776.0
2025-06-12 12:02:00,107003.86,107003.86,106971.87,106971.88,6.65628,2215.0
2025-06-12 12:03:00,106971.87,107025.1,106971.87,107025.1,5.47515,1996.0
2025-06-12 12:04:00,107025.1,107035.65,107007.38,107007.89,8.56177,1310.0
2025-06-12 12:05:00,107007.9,107016.75,106981.72,106981.73,6.32993,1557.0
2025-06-12 12:06:00,106981.73,106986.66,106952.51,106979.4,8.04338,2313.0
2025-06-12 12:07:00,106979.4,106979.4,106940.0,106940.0,3.64299,1180.0
2025-06-12 12:08:00,106940.01,106951.05,106940.0,106941.46,3.72575,881.0
2025-06-12 12:09:00,106941.46,106941.46,106870.0,106891.99,57.38217,2812.0
2025-06-12 12:10:00,106891.99,106926.85,106891.99,106917.75,13.38037,2090.0
2025-06-12 12:11:00,106917.76,106917.76,106900.0,106900.0,5.3959,1117.0
2025-06-12 12:12:00,106900.01,106900.01,106880.34,106889.56,13.08916,1481.0
2025-06-12 12:13:00,106889.56,106889.56,106880.0,106880.0,6.42859,732.0
2025-06-12 12:14:00,106880.0,106945.0,106880.0,106916.66,8.71638,2827.0
2025-06-12 12:15:00,106916.66,106938.16,106897.45,106929.65,9.84948,2497.0
2025-06-12 12:16:00,106929.64,106932.6,106929.64,106932.59,2.79563,450.0
2025-06-12 12:17:00,106932.59,106946.12,106932.59,106944.46,4.91656,690.0
2025-06-12 12:18:00,106944.46,107007.89,106944.45,106950.92,9.31232,2777.0
2025-06-12 12:19:00,106950.91,106959.9,106950.91,106955.57,9.86318,1360.0
2025-06-12 12:20:00,106955.56,106955.57,106904.3,106904.31,10.56824,1823.0
2025-06-12 12:21:00,106904.31,106942.5,106904.3,106936.8,10.35556,1570.0
2025-06-12 12:22:00,106936.8,106990.24,106936.8,106990.24,6.322,1976.0
2025-06-12 12:23:00,106990.23,107016.74,106990.23,107016.73,12.43919,1105.0
2025-06-12 12:24:00,107016.74,107016.74,106976.0,106976.0,9.12295,1607.0
2025-06-12 12:25:00,106976.01,106976.01,106952.52,106969.95,6.5035,2719.0
2025-06-12 12:26:00,106969.95,107005.62,106969.95,106997.41,5.89689,2242.0
2025-06-12 12:27:00,106997.4,106997.41,106981.83,106981.84,3.1744,1989.0
2025-06-12 12:28:00,106981.83,106987.16,106976.25,106976.26,6.35729,811.0
2025-06-12 12:29:00,106976.25,106979.1,106976.25,106978.94,2.95849,350.0
2025-06-12 12:30:00,106978.94,107076.0,106961.94,107051.84,50.94576,5195.0
2025-06-12 12:31:00,107051.85,107195.11,107030.02,107183.89,20.95446,4589.0
2025-06-12 12:32:00,107183.88,107197.49,107136.32,107179.9,14.15682,5247.0
2025-06-12 12:33:00,107179.9,107179.91,107126.86,107138.26,12.20992,2049.0
2025-06-12 12:34:00,107138.25,107187.77,107138.25,107174.7,5.54375,1861.0
2025-06-12 12:35:00,107174.71,107174.71,107134.81,107140.96,13.79578,2389.0
2025-06-12 12:36:00,107140.96,107271.14,107140.95,107271.13,7.94373,4029.0
2025-06-12 12:37:00,107271.13,107297.7,107271.13,107297.69,13.76835,1860.0
2025-06-12 12:38:00,107297.69,107301.71,107271.45,107271.45,7.43956,3030.0
2025-06-12 12:39:00,107271.45,107271.46,107260.0,107269.2,6.99729,1147.0
2025-06-12 12:40:00,107269.21,107385.6,107269.21,107284.71,37.88172,4205.0
2025-06-12 12:41:00,107284.72,107363.62,107284.72,107363.62,19.36637,1578.0
2025-06-12 12:42:00,107363.62,107398.06,107348.0,107348.01,20.61393,1949.0
2025-06-12 12:43:00,107348.02,107378.71,107348.01,107358.76,6.52375,1547.0
2025-06-12 12:44:00,107358.76,107431.82,107348.01,107407.35,32.75512,3955.0
2025-06-12 12:45:00,107407.35,107407.35,107348.96,107358.85,12.28531,2260.0
2025-06-12 12:46:00,107358.85,107358.85,107300.0,107301.98,9.00944,2103.0
2025-06-12 12:47:00,107301.97,107307.99,107301.97,107307.3,7.52668,1337.0
2025-06-12 12:48:00,107307.3,107307.3,107301.98,107301.99,4.8182,735.0
2025-06-12 12:49:00,107301.99,107301.99,107280.0,107280.01,13.54419,683.0
2025-06-12 12:50:00,107280.01,107280.01,107227.0,107236.48,22.13389,1687.0
2025-06-12 12:51:00,107236.47,107236.48,107145.44,107145.5,32.5002,2519.0
2025-06-12 12:52:00,107145.5,107190.3,107145.5,107190.3,14.02357,1108.0
2025-06-12 12:53:00,107190.29,107190.3,107139.42,107139.89,14.48681,1389.0
2025-06-12 12:54:00,107139.89,107139.9,107052.04,107052.05,15.68057,1889.0
2025-06-12 12:55:00,107052.04,107064.75,107015.36,107048.1,12.16569,2426.0
2025-06-12 12:56:00,107048.09,107048.1,106984.16,106989.66,13.71221,1587.0
2025-06-12 12:57:00,106989.65,106997.24,106960.0,106970.72,8.59693,1965.0
2025-06-12 12:58:00,106970.71,106975.8,106969.7,106975.8,6.446,741.0
2025-06-12 12:59:00,106975.8,107018.15,106975.79,106988.54,7.57505,1558.0
2025-06-12 13:00:00,106988.55,107046.7,106988.55,107044.0,16.93025,2263.0
2025-06-12 13:01:00,107044.0,107073.96,107001.74,107001.74,12.1908,2213.0
2025-06-12 13:02:00,107001.74,107072.0,106987.52,107048.01,10.7858,2401.0
2025-06-12 13:03:00,107048.01,107087.34,107040.0,107087.34,6.16379,1350.0
2025-06-12 13:04:00,107087.34,107128.0,107087.33,107128.0,14.88982,1236.0
2025-06-12 13:05:00,107128.0,107128.0,107061.45,107061.45,3.9762,1421.0
2025-06-12 13:06:00,107061.46,107091.24,107044.27,107091.24,5.69907,1806.0
2025-06-12 13:07:00,107091.23,107134.48,107091.23,107134.48,7.19799,1348.0
2025-06-12 13:08:00,107134.48,107156.66,107132.1,107155.06,6.13569,1713.0
2025-06-12 13:09:00,107155.06,107155.06,107096.28,107096.29,12.05925,1166.0
2025-06-12 13:10:00,107096.28,107100.45,107036.11,107036.11,6.67551,1345.0
2025-06-12 13:11:00,107036.12,107081.99,107036.11,107071.8,4.78542,1650.0
2025-06-12 13:12:00,107071.8,107082.09,107040.1,107076.01,3.70189,1357.0
2025-06-12 13:13:00,107076.01,107089.25,107072.85,107080.0,5.75999,795.0
2025-06-12 13:14:00,107080.01,107085.9,107061.6,107061.6,5.12175,1207.0
2025-06-12 13:15:00,107061.6,107061.61,107032.01,107032.02,3.24754,614.0
2025-06-12 13:16:00,107032.02,107044.2,107032.01,107042.02,2.14517,704.0
2025-06-12 13:17:00,107042.03,107042.03,107000.0,107025.03,7.44078,1827.0
2025-06-12 13:18:00,107025.03,107058.25,107025.03,107032.5,11.65018,1357.0
2025-06-12 13:19:00,107032.5,107048.4,107023.13,107023.14,5.65492,1510.0
2025-06-12 13:20:00,107023.14,107033.7,107003.58,107003.58,4.24916,1453.0
2025-06-12 13:21:00,107003.59,107003.59,106975.64,106975.64,4.35441,918.0
2025-06-12 13:22:00,106975.65,106982.64,106975.63,106982.64,3.42255,532.0
2025-06-12 13:23:00,106982.64,106982.64,106970.0,106970.0,2.5898,514.0
2025-06-12 13:24:00,106970.0,106984.8,106970.0,106984.05,3.43025,713.0
2025-06-12 13:25:00,106984.06,106984.06,106791.53,106834.51,97.45592,6329.0
2025-06-12 13:26:00,106834.51,106845.2,106745.54,106754.74,34.52108,3402.0
2025-06-12 13:27:00,106754.74,106813.46,106754.73,106813.46,16.00155,1536.0
2025-06-12 13:28:00,106813.46,106841.46,106813.45,106832.0,13.95283,1913.0
2025-06-12 13:29:00,106832.0,106877.23,106824.85,106833.28,20.73469,1671.0
2025-06-12 13:30:00,106833.29,106834.2,106726.9,106744.5,20.34934,4393.0
2025-06-12 13:31:00,106744.5,106745.55,106720.45,106739.13,10.53068,2436.0
2025-06-12 13:32:00,106739.25,106739.25,106600.0,106600.01,58.86885,4649.0
2025-06-12 13:33:00,106600.0,106888.4,106600.0,106858.71,29.8652,5717.0
2025-06-12 13:34:00,106858.71,106905.51,106808.57,106837.93,31.45151,3760.0
2025-06-12 13:35:00,106837.92,106865.9,106787.1,106840.8,20.59895,3974.0
2025-06-12 13:36:00,106840.95,106957.38,106832.19,106943.09,47.05538,4618.0
2025-06-12 13:37:00,106943.09,107012.0,106940.0,107012.0,17.52949,3852.0
2025-06-12 13:38:00,107011.99,107089.42,106986.36,107044.91,24.46141,3665.0
2025-06-12 13:39:00,107044.91,107100.57,107044.9,107083.2,8.3847,1837.0
2025-06-12 13:40:00,107083.2,107086.0,107010.69,107078.2,8.66579,2398.0
2025-06-12 13:41:00,107078.2,107078.21,107002.01,107048.72,9.82847,3174.0
2025-06-12 13:42:00,107048.71,107060.53,107016.05,107016.05,14.23674,1730.0
2025-06-12 13:43:00,107016.06,107117.44,107002.63,107112.91,23.0119,2561.0
2025-06-12 13:44:00,107112.91,107149.22,107109.3,107141.99,26.29484,1596.0
2025-06-12 13:45:00,107141.99,107158.59,107055.0,107055.01,10.74506,2117.0
2025-06-12 13:46:00,107055.01,107098.8,107055.0,107060.0,16.16721,1988.0
2025-06-12 13:47:00,107060.01,107127.75,107060.01,107127.75,12.22353,2533.0
2025-06-12 13:48:00,107127.75,107127.75,107056.0,107056.01,8.81505,1985.0
2025-06-12 13:49:00,107056.01,107056.8,107000.0,107044.94,12.33751,2542.0
2025-06-12 13:50:00,107044.95,107044.95,106923.07,106972.39,22.06596,2633.0
2025-06-12 13:51:00,106972.39,107120.0,106957.05,107119.99,17.93427,3111.0
2025-06-12 13:52:00,107119.99,107198.75,107119.99,107187.5,21.99504,2487.0
2025-06-12 13:53:00,107187.5,107192.99,107100.0,107100.0,10.3131,3350.0
2025-06-12 13:54:00,107100.01,107100.01,107044.34,107087.46,11.37277,2867.0
2025-06-12 13:55:00,107087.46,107095.95,106918.55,106918.55,21.38825,3766.0
2025-06-12 13:56:00,106918.56,106981.11,106918.55,106980.53,3.95527,2488.0
2025-06-12 13:57:00,106980.53,107005.53,106927.64,106928.4,12.19518,2698.0
2025-06-12 13:58:00,106928.4,106978.97,106899.3,106978.96,29.61885,4402.0
2025-06-12 13:59:00,106978.97,107070.8,106978.96,107070.8,5.51481,2703.0
2025-06-12 14:00:00,107070.8,107117.74,107070.8,107109.15,9.18375,3411.0
2025-06-12 14:01:00,107109.16,107176.62,107109.15,107152.78,14.90823,3041.0
2025-06-12 14:02:00,107152.77,107257.73,107152.2,107220.9,34.70069,4244.0
2025-06-12 14:03:00,107220.9,107244.0,107208.18,107208.19,7.95848,2850.0
2025-06-12 14:04:00,107208.19,107214.7,107162.64,107195.1,15.30415,2845.0
2025-06-12 14:05:00,107195.1,107206.8,107143.27,107174.25,7.1817,2942.0
2025-06-12 14:06:00,107174.25,107262.31,107172.0,107262.3,5.84957,2293.0
2025-06-12 14:07:00,107262.31,107330.0,107262.3,107283.3,26.25629,3584.0
2025-06-12 14:08:00,107283.31,107336.11,107283.3,107324.23,7.17526,1880.0
2025-06-12 14:09:00,107324.24,107359.34,107300.88,107301.75,15.85132,2329.0
2025-06-12 14:10:00,107301.74,107322.29,107300.0,107300.01,9.5095,1636.0
2025-06-12 14:11:00,107300.01,107300.01,107244.0,107295.59,4.84164,2740.0
2025-06-12 14:12:00,107295.58,107375.0,107295.57,107359.21,9.86642,2653.0
2025-06-12 14:13:00,107359.21,107429.6,107359.2,107428.93,68.20104,2533.0
2025-06-12 14:14:00,107428.94,107545.01,107428.94,107479.17,69.48344,5462.0
2025-06-12 14:15:00,107479.18,107479.2,107424.53,107430.6,13.72627,2348.0
2025-06-12 14:16:00,107430.6,107500.0,107386.48,107499.99,11.95784,3306.0
2025-06-12 14:17:00,107499.99,107500.0,107424.59,107468.55,13.44146,3331.0
2025-06-12 14:18:00,107468.56,107506.2,107403.79,107425.17,13.56306,4812.0
2025-06-12 14:19:00,107425.16,107511.3,107412.15,107511.3,7.0448,2710.0
2025-06-12 14:20:00,107511.29,107511.3,107374.0,107378.88,10.45011,3408.0
2025-06-12 14:21:00,107378.89,107467.52,107368.36,107460.76,13.05707,3856.0
2025-06-12 14:22:00,107460.76,107470.25,107401.94,107416.85,8.95114,2646.0
2025-06-12 14:23:00,107416.85,107465.11,107416.85,107455.5,8.75811,3605.0
2025-06-12 14:24:00,107455.5,107491.09,107434.62,107486.71,4.97483,2481.0
2025-06-12 14:25:00,107486.71,107530.13,107460.94,107506.51,10.17243,5544.0
2025-06-12 14:26:00,107506.51,107528.33,107453.07,107526.49,8.09266,2854.0
2025-06-12 14:27:00,107526.49,107556.51,107513.09,107513.1,20.45143,2118.0
2025-06-12 14:28:00,107513.09,107513.1,107478.51,107498.03,5.71242,1996.0
2025-06-12 14:29:00,107498.04,107498.04,107424.52,107477.93,9.37779,2968.0
2025-06-12 14:30:00,107477.92,107488.0,107438.68,107458.71,7.74777,2628.0
2025-06-12 14:31:00,107458.72,107463.45,107389.9,107394.32,50.46981,2060.0
2025-06-12 14:32:00,107394.31,107412.51,107364.37,107390.87,44.77644,3313.0
2025-06-12 14:33:00,107390.86,107508.77,107390.86,107479.12,11.70941,4578.0
2025-06-12 14:34:00,107479.11,107531.25,107469.64,107519.1,20.34003,2515.0
2025-06-12 14:35:00,107519.1,107582.74,107519.09,107580.1,18.65301,3477.0
2025-06-12 14:36:00,107580.1,107613.26,107571.45,107593.07,16.70009,2425.0
2025-06-12 14:37:00,107593.07,107716.53,107593.06,107716.52,11.58243,5040.0
2025-06-12 14:38:00,107716.52,107721.17,107650.0,107676.78,15.6401,3724.0
2025-06-12 14:39:00,107676.79,107697.52,107676.78,107688.8,15.86511,1634.0
2025-06-12 14:40:00,107688.81,107700.0,107655.89,107681.43,7.78792,2435.0
2025-06-12 14:41:00,107681.43,107681.44,107624.11,107624.12,11.89783,2319.0
2025-06-12 14:42:00,107624.12,107624.12,107531.58,107558.56,21.40617,2881.0
2025-06-12 14:43:00,107558.56,107613.17,107535.41,107590.64,10.81923,2628.0
2025-06-12 14:44:00,107590.65,107590.65,107561.48,107561.49,6.07027,894.0
2025-06-12 14:45:00,107561.49,107594.88,107561.48,107594.88,9.81365,2268.0
2025-06-12 14:46:00,107594.88,107670.13,107594.87,107639.66,13.84895,2395.0
2025-06-12 14:47:00,107639.66,107655.81,107639.65,107655.01,6.81068,1057.0
2025-06-12 14:48:00,107655.0,107655.06,107615.82,107655.06,7.5479,2327.0
2025-06-12 14:49:00,107655.06,107707.42,107655.05,107704.0,8.26265,2312.0
2025-06-12 14:50:00,107704.0,107710.7,107694.0,107710.7,6.4634,1306.0
2025-06-12 14:51:00,107710.7,107710.7,107667.37,107670.45,6.5649,1807.0
2025-06-12 14:52:00,107670.45,107670.45,107670.44,107670.45,4.23825,270.0
2025-06-12 14:53:00,107670.45,107684.39,107649.07,107668.09,14.15554,2721.0
2025-06-12 14:54:00,107668.2,107668.2,107607.44,107608.96,6.33369,2453.0
2025-06-12 14:55:00,107608.96,107647.89,107608.95,107647.88,9.20937,1436.0
2025-06-12 14:56:00,107647.88,107647.89,107560.42,107560.43,11.88133,2785.0
2025-06-12 14:57:00,107560.43,107606.16,107560.42,107573.28,10.60976,2316.0
2025-06-12 14:58:00,107573.29,107602.96,107555.31,107602.95,7.17082,1817.0
2025-06-12 14:59:00,107602.95,107612.7,107602.95,107612.69,1.8908,541.0
2025-06-12 15:00:00,107612.7,107660.0,107612.69,107660.0,6.49794,1410.0
2025-06-12 15:01:00,107659.99,107729.54,107644.65,107729.54,8.73257,3077.0
2025-06-12 15:02:00,107729.54,107750.0,107721.0,107750.0,9.06696,1986.0
2025-06-12 15:03:00,107750.0,107750.0,107665.85,107668.44,36.13367,3686.0
2025-06-12 15:04:00,107668.43,107711.56,107668.43,107711.56,9.56993,1698.0
2025-06-12 15:05:00,107711.56,107780.37,107702.22,107780.36,12.34291,2510.0
2025-06-12 15:06:00,107780.36,107822.5,107772.52,107772.52,14.60805,2674.0
2025-06-12 15:07:00,107772.52,107772.53,107723.24,107743.3,6.87456,3259.0
2025-06-12 15:08:00,107743.31,107773.38,107729.87,107760.46,4.35147,2751.0
2025-06-12 15:09:00,107760.46,107762.7,107688.65,107698.63,6.60516,3049.0
2025-06-12 15:10:00,107698.63,107698.63,107629.27,107679.79,6.20643,2471.0
2025-06-12 15:11:00,107679.79,107760.89,107679.78,107733.19,8.21201,2977.0
2025-06-12 15:12:00,107733.2,107733.2,107690.82,107694.25,2.88004,1069.0
2025-06-12 15:13:00,107694.26,107694.26,107650.0,107650.01,3.26887,1631.0
2025-06-12 15:14:00,107650.0,107650.01,107607.38,107607.39,3.96676,1111.0
2025-06-12 15:15:00,107607.39,107719.15,107600.01,107719.14,8.52745,3670.0
2025-06-12 15:16:00,107719.14,107719.14,107553.0,107568.0,8.46275,4332.0
2025-06-12 15:17:00,107568.0,107576.63,107547.8,107547.8,15.07379,2959.0
2025-06-12 15:18:00,107547.81,107547.81,107500.0,107532.02,11.51787,3028.0
2025-06-12 15:19:00,107532.02,107597.36,107532.01,107570.46,14.12902,4055.0
2025-06-12 15:20:00,107570.46,107570.47,107521.08,107561.02,5.5449,2453.0
2025-06-12 15:21:00,107561.02,107561.02,107542.65,107542.67,9.69299,1317.0
2025-06-12 15:22:00,107542.67,107542.67,107491.94,107491.95,14.34317,2398.0
2025-06-12 15:23:00,107491.95,107491.95,107405.36,107479.93,13.72629,4834.0
2025-06-12 15:24:00,107479.93,107518.29,107360.26,107391.62,12.41762,4193.0
2025-06-12 15:25:00,107391.63,107391.63,107304.16,107338.02,13.25046,3420.0
2025-06-12 15:26:00,107338.03,107381.78,107287.31,107287.97,10.70042,4401.0
2025-06-12 15:27:00,107287.97,107287.97,107086.85,107096.81,34.11758,7556.0
2025-06-12 15:28:00,107096.8,107177.37,107072.05,107122.5,11.71627,4524.0
2025-06-12 15:29:00,107122.49,107218.0,107122.49,107211.31,6.57033,2586.0
2025-06-12 15:30:00,107211.31,107237.68,107171.12,107237.68,9.14992,4446.0
2025-06-12 15:31:00,107237.69,107300.0,107234.25,107260.48,4.02373,2831.0
2025-06-12 15:32:00,107260.49,107291.12,107172.22,107172.23,7.66505,5836.0
2025-06-12 15:33:00,107172.22,107186.79,107149.27,107176.43,10.15465,4485.0
2025-06-12 15:34:00,107176.43,107247.96,107134.18,107246.85,9.87293,3187.0
2025-06-12 15:35:00,107246.84,107394.12,107246.84,107390.25,10.31478,4146.0
2025-06-12 15:36:00,107390.25,107390.25,107297.66,107297.67,8.28221,3001.0
2025-06-12 15:37:00,107297.67,107351.67,107272.59,107342.73,6.05881,3518.0
2025-06-12 15:38:00,107342.72,107390.0,107316.0,107390.0,5.59368,3392.0
2025-06-12 15:39:00,107390.0,107424.0,107315.45,107379.56,7.56513,5090.0
2025-06-12 15:40:00,107379.55,107379.56,107357.78,107369.7,2.95087,1647.0
2025-06-12 15:41:00,107369.7,107437.37,107349.5,107437.37,7.63723,3063.0
2025-06-12 15:42:00,107437.37,107462.72,107376.41,107376.42,5.67398,4265.0
2025-06-12 15:43:00,107376.42,107429.93,107376.42,107429.93,5.7289,2896.0
2025-06-12 15:44:00,107429.93,107429.93,107396.0,107396.0,1.95906,1374.0
2025-06-12 15:45:00,107396.0,107403.0,107285.03,107285.03,4.57584,4014.0
2025-06-12 15:46:00,107285.04,107309.36,107193.83,107212.95,8.92608,4091.0
2025-06-12 15:47:00,107212.95,107212.95,107156.17,107172.3,8.76173,3512.0
2025-06-12 15:48:00,107172.29,107172.29,107105.23,107145.17,16.12166,4552.0
2025-06-12 15:49:00,107145.18,107216.1,107138.56,107138.57,9.82667,3837.0
2025-06-12 15:50:00,107138.57,107169.45,106988.0,106993.1,42.53069,6421.0
2025-06-12 15:51:00,106993.1,107032.95,106890.88,106962.06,45.96414,7441.0
2025-06-12 15:52:00,106962.07,106998.03,106912.54,106980.76,11.77046,5480.0
2025-06-12 15:53:00,106980.76,106980.76,106898.74,106924.2,9.33508,3509.0
2025-06-12 15:54:00,106924.2,106989.05,106921.22,106975.96,11.86919,2575.0
2025-06-12 15:55:00,106975.95,107048.93,106966.65,106998.33,6.33717,4723.0
2025-06-12 15:56:00,106998.33,107074.95,106998.21,106999.65,14.54227,4293.0
2025-06-12 15:57:00,106999.65,107061.5,106963.43,107061.5,23.51133,4299.0
2025-06-12 15:58:00,107061.5,107068.91,107032.62,107032.62,4.98548,4733.0
2025-06-12 15:59:00,107032.63,107032.63,107019.89,107020.95,4.20669,2194.0
2025-06-12 16:00:00,107020.96,107152.0,106985.38,107112.75,26.07923,5529.0
2025-06-12 16:01:00,107112.76,107189.41,107106.17,107149.54,10.44797,6023.0
2025-06-12 16:02:00,107149.54,107233.32,107149.53,107165.53,11.38348,5849.0
2025-06-12 16:03:00,107165.54,107200.22,107165.53,107175.06,13.22292,3737.0
2025-06-12 16:04:00,107175.06,107175.07,107112.27,107138.19,5.32703,3586.0
2025-06-12 16:05:00,107138.19,107266.81,107124.18,107266.81,15.51573,4028.0
2025-06-12 16:06:00,107266.8,107400.0,107266.8,107397.9,5.62959,4315.0
2025-06-12 16:07:00,107397.9,107397.91,107300.5,107379.85,10.56207,4651.0
2025-06-12 16:08:00,107379.85,107437.33,107374.19,107434.05,6.38454,3828.0
2025-06-12 16:09:00,107434.05,107459.96,107376.01,107376.01,6.34547,3303.0
2025-06-12 16:10:00,107376.01,107413.28,107362.98,107378.85,3.97621,2358.0
2025-06-12 16:11:00,107378.85,107465.52,107378.85,107465.51,5.61731,3641.0
2025-06-12 16:12:00,107465.51,107490.0,107400.69,107400.69,12.0718,3958.0
2025-06-12 16:13:00,107400.69,107461.56,107362.66,107409.9,9.22807,5483.0
2025-06-12 16:14:00,107409.91,107409.91,107328.85,107340.45,5.49738,2771.0
2025-06-12 16:15:00,107340.45,107424.53,107340.45,107423.96,6.46293,3204.0
2025-06-12 16:16:00,107423.96,107451.99,107423.95,107438.81,4.5418,2922.0
2025-06-12 16:17:00,107438.8,107487.6,107433.08,107467.25,9.20267,3159.0
2025-06-12 16:18:00,107467.25,107485.5,107467.24,107475.46,11.3039,2057.0
2025-06-12 16:19:00,107475.46,107475.74,107452.85,107461.03,3.97543,1365.0
2025-06-12 16:20:00,107461.02,107575.56,107461.02,107529.68,6.33707,4951.0
2025-06-12 16:21:00,107529.64,107580.45,107526.92,107526.92,11.88213,3001.0
2025-06-12 16:22:00,107526.93,107526.93,107500.3,107518.0,5.93221,2753.0
2025-06-12 16:23:00,107518.0,107552.03,107500.3,107500.3,6.78412,1898.0
2025-06-12 16:24:00,107500.3,107539.36,107492.66,107539.36,3.05709,2104.0
2025-06-12 16:25:00,107539.35,107600.0,107524.0,107600.0,3.65736,2057.0
2025-06-12 16:26:00,107599.99,107600.0,107562.7,107600.0,6.47105,3816.0
2025-06-12 16:27:00,107600.0,107600.0,107562.47,107588.69,3.14905,2322.0
2025-06-12 16:28:00,107588.68,107600.0,107572.32,107576.09,6.74443,1113.0
2025-06-12 16:29:00,107576.09,107858.32,107576.09,107723.07,84.76583,8246.0
2025-06-12 16:30:00,107723.08,107723.08,107592.59,107644.0,12.78539,5167.0
2025-06-12 16:31:00,107644.01,107754.72,107625.97,107652.01,30.20034,5367.0
2025-06-12 16:32:00,107652.01,107686.91,107640.0,107671.96,14.11657,3378.0
2025-06-12 16:33:00,107671.95,107679.47,107591.79,107610.43,8.21507,4659.0
2025-06-12 16:34:00,107610.43,107669.75,107610.43,107622.45,5.77454,3620.0
2025-06-12 16:35:00,107622.45,107690.0,107622.44,107689.99,2.284,1998.0
2025-06-12 16:36:00,107689.99,107690.0,107660.0,107670.15,5.43469,1956.0
2025-06-12 16:37:00,107670.15,107699.36,107567.59,107567.6,5.65324,3412.0
2025-06-12 16:38:00,107567.59,107567.59,107499.52,107514.77,16.68783,3644.0
2025-06-12 16:39:00,107514.77,107549.84,107484.78,107549.83,6.90956,3126.0
2025-06-12 16:40:00,107549.83,107615.04,107524.68,107584.78,8.39731,4505.0
2025-06-12 16:41:00,107584.77,107630.58,107584.77,107630.57,6.74816,2294.0
2025-06-12 16:42:00,107630.57,107632.64,107617.5,107632.64,2.99998,1521.0
2025-06-12 16:43:00,107632.64,107632.66,107621.7,107627.1,9.76609,1369.0
2025-06-12 16:44:00,107627.11,107680.0,107627.1,107670.16,23.66591,1986.0
2025-06-12 16:45:00,107670.15,107741.74,107670.15,107727.77,4.28472,2878.0
2025-06-12 16:46:00,107727.77,107735.11,107698.94,107698.94,11.7761,1747.0
2025-06-12 16:47:00,107698.95,107698.95,107581.15,107581.16,2.69414,3121.0
2025-06-12 16:48:00,107581.16,107634.82,107541.93,107634.81,6.14783,3464.0
2025-06-12 16:49:00,107634.81,107634.81,107593.06,107600.85,2.42788,1287.0
2025-06-12 16:50:00,107600.85,107632.39,107580.0,107582.74,9.34506,2946.0
2025-06-12 16:51:00,107582.74,107582.74,107505.73,107528.28,9.76553,2895.0
2025-06-12 16:52:00,107528.28,107528.86,107500.0,107528.86,5.43558,1864.0
2025-06-12 16:53:00,107528.86,107619.16,107528.86,107619.16,3.54871,3682.0
2025-06-12 16:54:00,107619.16,107677.63,107619.15,107633.48,9.50479,2722.0
2025-06-12 16:55:00,107633.48,107690.24,107633.48,107690.24,2.88516,1566.0
2025-06-12 16:56:00,107690.24,107718.36,107690.24,107697.59,5.16258,1123.0
2025-06-12 16:57:00,107697.59,107697.59,107662.18,107662.18,2.64549,1145.0
2025-06-12 16:58:00,107662.19,107691.17,107642.79,107691.17,2.13493,2296.0
2025-06-12 16:59:00,107691.17,107748.93,107691.16,107744.71,3.62761,1907.0
2025-06-12 17:00:00,107744.7,107744.71,107702.42,107720.1,9.50677,1494.0
2025-06-12 17:01:00,107720.1,107744.39,107720.09,107721.31,2.94502,1453.0
2025-06-12 17:02:00,107721.31,107824.5,107721.3,107808.02,43.40968,4596.0
2025-06-12 17:03:00,107808.03,107813.82,107802.6,107802.61,3.65787,1172.0
2025-06-12 17:04:00,107802.61,107843.12,107776.0,107843.11,9.85366,2862.0
2025-06-12 17:05:00,107843.11,107861.0,107843.11,107861.0,3.1434,641.0
2025-06-12 17:06:00,107861.0,107907.87,107860.99,107901.46,13.50116,3509.0
2025-06-12 17:07:00,107901.46,107901.46,107841.83,107887.76,7.90762,2736.0
2025-06-12 17:08:00,107887.76,107895.4,107883.89,107893.46,3.34029,1013.0
2025-06-12 17:09:00,107893.46,107893.46,107824.18,107860.0,5.24898,2532.0
2025-06-12 17:10:00,107860.0,107936.37,107860.0,107935.31,5.7066,1821.0
2025-06-12 17:11:00,107935.32,107948.65,107868.73,107871.9,5.57777,2825.0
2025-06-12 17:12:00,107871.9,107927.48,107871.9,107902.03,4.84163,2092.0
2025-06-12 17:13:00,107902.04,107919.34,107837.12,107894.05,19.14769,2998.0
2025-06-12 17:14:00,107894.05,107894.05,107870.1,107879.7,4.06326,1274.0
2025-06-12 17:15:00,107879.7,107915.36,107879.69,107909.55,2.90548,1392.0
2025-06-12 17:16:00,107909.55,107933.88,107882.96,107933.88,9.30776,2107.0
2025-06-12 17:17:00,107933.88,108016.71,107928.8,107939.43,77.14379,5676.0
2025-06-12 17:18:00,107939.42,108103.29,107939.42,108103.28,74.31138,5610.0
2025-06-12 17:19:00,108103.29,108129.0,108053.33,108058.22,17.14826,6933.0
2025-06-12 17:20:00,108058.22,108123.02,108058.22,108118.45,27.16601,3644.0
2025-06-12 17:21:00,108118.46,108136.96,108090.9,108102.57,22.07164,5557.0
2025-06-12 17:22:00,108102.57,108104.6,108067.03,108067.04,9.40543,5420.0
2025-06-12 17:23:00,108067.03,108067.04,108040.14,108040.15,3.54429,2482.0
2025-06-12 17:24:00,108040.15,108085.95,108034.29,108056.7,8.36058,5006.0
2025-06-12 17:25:00,108056.69,108120.0,108056.69,108119.99,3.51497,1293.0
2025-06-12 17:26:00,108120.0,108234.0,108105.86,108226.64,16.39433,4748.0
2025-06-12 17:27:00,108226.63,108235.27,108215.25,108222.31,19.14916,2169.0
2025-06-12 17:28:00,108222.3,108222.31,108164.78,108211.8,15.37904,2622.0
2025-06-12 17:29:00,108211.8,108211.8,108165.42,108165.43,11.92482,3060.0
2025-06-12 17:30:00,108165.42,108200.0,108165.42,108180.0,9.08952,2514.0
2025-06-12 17:31:00,108179.99,108235.27,108179.99,108230.17,14.42174,3179.0
2025-06-12 17:32:00,108230.17,108267.95,108219.74,108226.02,12.47428,3672.0
2025-06-12 17:33:00,108226.01,108226.02,108170.56,108199.99,11.98043,2831.0
2025-06-12 17:34:00,108200.0,108290.0,108199.99,108290.0,10.23547,2520.0
2025-06-12 17:35:00,108290.0,108290.0,108201.07,108212.4,7.2319,2847.0
2025-06-12 17:36:00,108212.4,108250.0,108212.39,108217.65,5.33438,2426.0
2025-06-12 17:37:00,108217.66,108250.0,108186.72,108250.0,7.42941,2173.0
2025-06-12 17:38:00,108250.0,108250.0,108188.85,108246.38,6.47087,2941.0
2025-06-12 17:39:00,108246.38,108299.96,108246.38,108267.47,8.99414,2362.0
2025-06-12 17:40:00,108267.46,108267.47,108214.68,108246.37,6.08913,2661.0
2025-06-12 17:41:00,108246.38,108293.44,108246.37,108293.44,2.77988,1740.0
2025-06-12 17:42:00,108293.44,108299.11,108254.77,108283.72,4.40944,2355.0
2025-06-12 17:43:00,108283.72,108317.05,108283.72,108317.05,18.37722,1443.0
2025-06-12 17:44:00,108317.05,108317.05,108281.27,108281.28,7.22448,2466.0
2025-06-12 17:45:00,108281.27,108340.0,108281.27,108340.0,14.56125,3507.0
2025-06-12 17:46:00,108340.0,108363.23,108340.0,108360.59,5.6189,1770.0
2025-06-12 17:47:00,108360.6,108450.16,108360.59,108441.74,39.58895,4640.0
2025-06-12 17:48:00,108441.75,108450.01,108393.75,108432.03,23.00022,3522.0
2025-06-12 17:49:00,108432.02,108432.03,108403.43,108403.44,3.55565,2875.0
2025-06-12 17:50:00,108403.43,108432.03,108385.51,108390.43,14.7303,4368.0
2025-06-12 17:51:00,108390.43,108390.44,108351.87,108374.77,4.85568,1524.0
2025-06-12 17:52:00,108374.77,108374.77,108330.18,108344.4,6.2888,1427.0
2025-06-12 17:53:00,108344.39,108411.61,108344.39,108377.06,11.44824,3742.0
2025-06-12 17:54:00,108377.05,108377.06,108344.49,108348.3,3.14352,1107.0
2025-06-12 17:55:00,108348.29,108348.29,108262.05,108325.08,8.73691,3629.0
2025-06-12 17:56:00,108325.09,108330.19,108226.06,108231.48,8.49876,3423.0
2025-06-12 17:57:00,108231.47,108233.55,108208.44,108216.97,17.08075,1567.0
2025-06-12 17:58:00,108216.98,108289.56,108216.97,108289.56,13.99688,2283.0
2025-06-12 17:59:00,108289.56,108289.56,108279.6,108287.4,2.02428,867.0
2025-06-12 18:00:00,108287.4,108324.0,108274.82,108290.25,6.77481,3273.0
2025-06-12 18:01:00,108290.25,108419.21,108290.25,108398.55,19.75334,4206.0
2025-06-12 18:02:00,108398.54,108400.21,108346.84,108346.85,7.34221,3701.0
2025-06-12 18:03:00,108346.85,108346.85,108314.18,108314.18,1.60688,1599.0
2025-06-12 18:04:00,108314.19,108314.19,108262.21,108262.21,2.96618,1739.0
2025-06-12 18:05:00,108262.21,108262.21,108135.22,108155.49,11.35459,4310.0
2025-06-12 18:06:00,108155.49,108156.76,108137.08,108150.53,5.97434,982.0
2025-06-12 18:07:00,108150.54,108150.54,108085.21,108087.57,12.82096,3687.0
2025-06-12 18:08:00,108087.57,108117.78,108061.8,108117.78,8.90732,2387.0
2025-06-12 18:09:00,108117.77,108117.78,108040.0,108058.64,3.25096,2387.0
2025-06-12 18:10:00,108058.64,108072.57,108058.64,108070.21,2.6871,829.0
2025-06-12 18:11:00,108070.22,108132.0,108070.21,108124.7,8.57791,3007.0
2025-06-12 18:12:00,108124.69,108195.47,108124.69,108195.47,11.653,2080.0
2025-06-12 18:13:00,108195.47,108222.25,108118.76,108118.77,3.94122,3136.0
2025-06-12 18:14:00,108118.77,108147.54,108066.89,108066.9,5.51703,2801.0
2025-06-12 18:15:00,108066.9,108118.19,108066.89,108118.18,6.30641,2666.0
2025-06-12 18:16:00,108118.19,108129.19,108059.4,108059.4,3.82035,3292.0
2025-06-12 18:17:00,108059.4,108059.4,107885.04,107925.99,20.9215,6167.0
2025-06-12 18:18:00,107926.0,107945.72,107905.52,107905.53,6.53117,2007.0
2025-06-12 18:19:00,107905.52,107937.58,107905.52,107937.57,3.77254,2020.0
2025-06-12 18:20:00,107937.58,107950.0,107928.41,107945.43,3.2324,1683.0
2025-06-12 18:21:00,107945.43,107975.56,107878.17,107899.24,8.90701,3740.0
2025-06-12 18:22:00,107899.25,107914.36,107886.0,107891.36,4.02087,2613.0
2025-06-12 18:23:00,107891.37,107906.25,107866.35,107866.64,6.00447,2100.0
2025-06-12 18:24:00,107866.65,107883.15,107835.29,107853.83,4.96777,3429.0
2025-06-12 18:25:00,107853.83,107853.84,107808.86,107822.1,4.05346,1951.0
2025-06-12 18:26:00,107822.09,107854.42,107822.09,107838.0,5.23879,3128.0
2025-06-12 18:27:00,107838.01,107838.01,107733.07,107749.2,7.2359,6113.0
2025-06-12 18:28:00,107749.2,107783.42,107749.19,107783.41,8.52689,4879.0
2025-06-12 18:29:00,107783.42,107807.42,107783.41,107792.55,2.91392,3327.0
2025-06-12 18:30:00,107792.55,107801.06,107769.44,107796.31,12.04943,6103.0
2025-06-12 18:31:00,107796.3,107796.31,107751.6,107777.74,3.43771,3380.0
2025-06-12 18:32:00,107777.73,107790.32,107712.21,107787.15,8.31016,4204.0
2025-06-12 18:33:00,107787.3,107965.62,107787.3,107949.66,11.51732,5676.0
2025-06-12 18:34:00,107949.66,107964.22,107929.25,107938.35,3.76122,2912.0
2025-06-12 18:35:00,107938.35,107943.9,107936.1,107937.45,3.32185,917.0
2025-06-12 18:36:00,107937.46,107960.0,107894.85,107895.45,4.86243,2629.0
2025-06-12 18:37:00,107895.46,107916.0,107844.0,107857.39,6.77821,2672.0
2025-06-12 18:38:00,107857.39,107891.13,107840.0,107883.0,4.1555,3121.0
2025-06-12 18:39:00,107883.0,107888.0,107866.89,107886.73,7.52776,1590.0
2025-06-12 18:40:00,107886.73,107892.0,107836.75,107836.76,3.25548,3332.0
2025-06-12 18:41:00,107836.75,107854.0,107784.0,107784.0,4.97278,2498.0
2025-06-12 18:42:00,107784.01,107784.01,107720.03,107720.03,1.90397,1550.0
2025-06-12 18:43:00,107720.04,107720.04,107567.31,107606.25,17.31372,4797.0
2025-06-12 18:44:00,107606.25,107606.26,107571.84,107581.22,8.23896,2085.0
2025-06-12 18:45:00,107581.22,107615.83,107579.85,107588.01,4.93153,2061.0
2025-06-12 18:46:00,107588.01,107588.01,107424.41,107434.75,19.85361,4895.0
2025-06-12 18:47:00,107434.75,107454.49,107376.04,107390.9,26.00965,5668.0
2025-06-12 18:48:00,107390.9,107422.15,107380.15,107422.15,5.39573,1065.0
2025-06-12 18:49:00,107422.14,107422.15,107287.23,107287.24,34.91976,5300.0
2025-06-12 18:50:00,107287.23,107347.39,107229.47,107347.38,30.51042,7055.0
2025-06-12 18:51:00,107347.39,107399.95,107347.38,107399.95,3.93463,2823.0
2025-06-12 18:52:00,107399.94,107533.47,107399.94,107500.54,34.27766,6345.0
2025-06-12 18:53:00,107500.54,107558.31,107500.54,107534.7,7.14875,3965.0
2025-06-12 18:54:00,107534.7,107556.0,107521.18,107521.19,7.2468,1659.0
2025-06-12 18:55:00,107521.19,107541.03,107505.9,107541.02,5.65296,2677.0
2025-06-12 18:56:00,107541.03,107541.03,107533.2,107533.21,5.85244,1057.0
2025-06-12 18:57:00,107533.21,107592.42,107533.21,107537.23,8.92621,5001.0
2025-06-12 18:58:00,107537.23,107537.23,107476.0,107484.24,6.0295,3361.0
2025-06-12 18:59:00,107484.25,107572.35,107484.25,107561.35,10.56399,2282.0
2025-06-12 19:00:00,107561.36,107588.51,107530.94,107534.25,5.93108,3888.0
2025-06-12 19:01:00,107534.25,107534.25,107463.72,107466.6,3.17818,2478.0
2025-06-12 19:02:00,107466.6,107578.27,107464.05,107578.27,6.84877,3522.0
2025-06-12 19:03:00,107578.26,107638.38,107578.26,107634.31,4.05607,2036.0
2025-06-12 19:04:00,107634.3,107634.31,107582.87,107593.76,3.35922,1708.0
2025-06-12 19:05:00,107593.75,107593.75,107441.87,107441.88,6.6012,3359.0
2025-06-12 19:06:00,107441.87,107511.83,107441.87,107509.95,5.04708,1903.0
2025-06-12 19:07:00,107509.95,107509.96,107473.04,107487.75,2.44969,2163.0
2025-06-12 19:08:00,107487.75,107567.78,107487.75,107567.78,3.60691,1994.0
2025-06-12 19:09:00,107567.77,107567.77,107540.0,107540.01,2.44424,1168.0
2025-06-12 19:10:00,107540.01,107583.84,107540.0,107554.2,7.87321,2575.0
2025-06-12 19:11:00,107554.21,107554.21,107519.15,107527.05,12.35037,2505.0
2025-06-12 19:12:00,107527.05,107682.21,107527.05,107682.2,9.88539,3835.0
2025-06-12 19:13:00,107682.21,107722.69,107682.21,107722.69,6.77539,3249.0
2025-06-12 19:14:00,107722.68,107757.43,107712.9,107744.52,4.67873,2668.0
2025-06-12 19:15:00,107744.52,107789.65,107744.52,107789.65,2.38032,1969.0
2025-06-12 19:16:00,107789.65,107796.34,107768.87,107796.32,5.39702,2563.0
2025-06-12 19:17:00,107796.32,107864.02,107760.76,107864.02,15.39906,3489.0
2025-06-12 19:18:00,107864.02,107879.92,107701.43,107701.43,15.04762,7498.0
2025-06-12 19:19:00,107701.43,107734.61,107626.56,107626.56,17.81326,7842.0
2025-06-12 19:20:00,107626.55,107680.0,107593.08,107679.99,11.46059,2650.0
2025-06-12 19:21:00,107680.0,107734.21,107679.99,107734.21,6.60489,2920.0
2025-06-12 19:22:00,107734.21,107750.0,107666.18,107666.18,5.75226,4633.0
2025-06-12 19:23:00,107666.17,107702.99,107666.17,107682.91,3.16861,1837.0
2025-06-12 19:24:00,107682.9,107704.34,107682.9,107701.06,3.10864,1140.0
2025-06-12 19:25:00,107701.05,107702.1,107660.86,107686.05,18.3095,4585.0
2025-06-12 19:26:00,107686.05,107779.21,107634.47,107777.88,9.99574,4865.0
2025-06-12 19:27:00,107777.88,107871.71,107777.87,107858.6,3.0402,2987.0
2025-06-12 19:28:00,107858.61,107858.61,107796.89,107796.89,3.42769,3028.0
2025-06-12 19:29:00,107796.89,107805.0,107788.88,107788.88,2.03018,1061.0
2025-06-12 19:30:00,107788.88,107788.88,107712.16,107739.99,4.14377,3323.0
2025-06-12 19:31:00,107739.99,107778.28,107739.99,107771.26,1.59749,1513.0
2025-06-12 19:32:00,107771.26,107814.58,107765.25,107814.58,4.07815,2484.0
2025-06-12 19:33:00,107814.57,107823.53,107784.04,107823.53,1.62917,1679.0
2025-06-12 19:34:00,107823.52,107836.91,107799.38,107799.38,2.94569,2559.0
2025-06-12 19:35:00,107799.39,107799.39,107760.32,107760.32,3.95447,1977.0
2025-06-12 19:36:00,107760.33,107760.33,107740.0,107751.99,3.13619,1209.0
2025-06-12 19:37:00,107751.99,107751.99,107710.02,107720.74,6.89727,2215.0
2025-06-12 19:38:00,107720.74,107720.74,107666.02,107666.03,4.28973,2768.0
2025-06-12 19:39:00,107666.02,107666.03,107624.43,107654.55,7.44509,2806.0
2025-06-12 19:40:00,107654.54,107654.54,107622.24,107648.55,3.10656,2617.0
2025-06-12 19:41:00,107648.55,107751.72,107648.55,107713.52,17.32859,2926.0
2025-06-12 19:42:00,107713.52,107744.94,107709.01,107709.02,3.63013,2532.0
2025-06-12 19:43:00,107709.02,107709.02,107627.0,107668.73,9.42009,3762.0
2025-06-12 19:44:00,107668.73,107668.73,107541.01,107541.01,8.18527,3018.0
2025-06-12 19:45:00,107541.01,107541.01,107312.06,107315.65,21.21931,9547.0
2025-06-12 19:46:00,107315.65,107373.08,107315.64,107330.02,7.85805,2557.0
2025-06-12 19:47:00,107330.02,107330.03,107254.09,107281.8,8.40195,3809.0
2025-06-12 19:48:00,107281.79,107310.77,107199.2,107213.32,128.21185,6119.0
2025-06-12 19:49:00,107213.32,107229.63,107050.0,107074.14,52.55134,7632.0
2025-06-12 19:50:00,107074.15,107133.94,107048.56,107132.11,8.77668,4744.0
2025-06-12 19:51:00,107132.11,107140.0,107014.84,107017.5,15.37365,5312.0
2025-06-12 19:52:00,107017.5,107017.51,106922.95,106970.21,33.98347,7983.0
2025-06-12 19:53:00,106970.21,107010.43,106836.0,106843.99,14.1035,7526.0
2025-06-12 19:54:00,106843.99,106856.0,106750.0,106752.3,38.2434,5718.0
2025-06-12 19:55:00,106752.3,106862.91,106752.3,106773.59,17.08792,4369.0
2025-06-12 19:56:00,106773.6,106773.6,106684.92,106695.15,21.84103,6197.0
2025-06-12 19:57:00,106695.14,106778.77,106695.14,106778.77,7.80198,5488.0
2025-06-12 19:58:00,106778.77,106796.93,106714.8,106714.81,25.84465,6721.0
2025-06-12 19:59:00,106714.8,106845.76,106680.0,106788.8,13.82847,8786.0
2025-06-12 20:00:00,106789.8,106884.02,106756.77,106757.87,17.35285,8647.0
2025-06-12 20:01:00,106757.86,106796.15,106700.0,106778.83,14.50984,7041.0
2025-06-12 20:02:00,106778.83,106936.47,106771.04,106928.8,19.96751,6268.0
2025-06-12 20:03:00,106928.8,106936.89,106885.46,106916.86,9.87932,4333.0
2025-06-12 20:04:00,106916.85,106937.84,106831.26,106851.76,8.22646,5987.0
2025-06-12 20:05:00,106851.76,106918.16,106840.75,106878.24,12.36333,6607.0
2025-06-12 20:06:00,106879.17,106896.0,106811.08,106868.11,8.24938,5675.0
2025-06-12 20:07:00,106868.11,106960.77,106845.05,106863.61,10.05548,6517.0
2025-06-12 20:08:00,106863.61,106922.2,106854.41,106899.75,9.3848,3989.0
2025-06-12 20:09:00,106899.74,106914.11,106854.99,106854.99,4.72332,1818.0
2025-06-12 20:10:00,106854.98,106894.5,106803.51,106804.87,8.24815,5828.0
2025-06-12 20:11:00,106804.86,106910.43,106804.86,106828.49,8.53017,5623.0
2025-06-12 20:12:00,106828.48,106828.48,106676.61,106721.71,22.65268,5200.0
2025-06-12 20:13:00,106721.71,106842.3,106721.7,106736.26,11.91789,7045.0
2025-06-12 20:14:00,106736.25,106736.25,106450.49,106486.67,158.86817,11369.0
2025-06-12 20:15:00,106486.66,106546.29,106409.09,106546.29,112.58801,9004.0
2025-06-12 20:16:00,106546.28,106813.07,106527.63,106802.61,39.85119,8724.0
2025-06-12 20:17:00,106802.61,106880.0,106780.9,106856.06,23.09968,5188.0
2025-06-12 20:18:00,106856.93,106900.0,106810.33,106825.99,12.92331,4540.0
2025-06-12 20:19:00,106825.99,106859.35,106825.99,106849.51,10.53387,3033.0
2025-06-12 20:20:00,106849.5,106861.84,106791.49,106801.2,7.749,4479.0
2025-06-12 20:21:00,106801.19,106829.96,106776.93,106803.01,4.76203,3541.0
2025-06-12 20:22:00,106803.0,106822.7,106780.02,106780.02,5.95927,4575.0
2025-06-12 20:23:00,106780.03,106780.03,106682.4,106692.45,9.06683,6585.0
2025-06-12 20:24:00,106692.46,106774.98,106653.71,106732.0,7.71241,4572.0
2025-06-12 20:25:00,106732.0,106799.15,106732.0,106786.66,2.73967,2012.0
2025-06-12 20:26:00,106786.65,106796.71,106737.68,106757.23,6.9356,3933.0
2025-06-12 20:27:00,106757.23,106853.89,106757.23,106853.89,6.86298,2852.0
2025-06-12 20:28:00,106853.89,106897.81,106853.89,106873.05,6.17302,2096.0
2025-06-12 20:29:00,106873.04,106902.0,106873.04,106902.0,5.39778,1448.0
2025-06-12 20:30:00,106901.99,106956.29,106901.99,106951.94,5.77414,1594.0
2025-06-12 20:31:00,106951.94,106955.1,106938.84,106943.11,4.42107,1586.0
2025-06-12 20:32:00,106943.11,106957.7,106920.0,106945.21,5.48183,2800.0
2025-06-12 20:33:00,106945.21,106946.59,106926.61,106926.61,4.4428,1116.0
2025-06-12 20:34:00,106926.62,106926.62,106780.55,106780.56,7.24306,5305.0
2025-06-12 20:35:00,106780.56,106866.01,106780.55,106863.47,3.22206,2318.0
2025-06-12 20:36:00,106863.46,106863.47,106791.17,106791.18,4.42032,2660.0
2025-06-12 20:37:00,106791.18,106800.15,106626.92,106694.56,13.53792,6173.0
2025-06-12 20:38:00,106694.56,106694.56,106571.94,106571.95,9.82331,5030.0
2025-06-12 20:39:00,106571.95,106609.6,106450.0,106459.82,65.89176,8270.0
2025-06-12 20:40:00,106459.83,106465.0,106267.68,106286.05,251.97401,11971.0
2025-06-12 20:41:00,106286.05,106380.99,106196.97,106196.98,147.13017,9124.0
2025-06-12 20:42:00,106196.98,106309.79,106156.57,106240.19,60.26384,7736.0
2025-06-12 20:43:00,106240.2,106284.31,106025.25,106091.03,189.3678,10100.0
2025-06-12 20:44:00,106091.03,106091.03,105922.64,106013.25,257.34844,15115.0
2025-06-12 20:45:00,106013.25,106127.36,105958.32,106039.65,115.73419,12743.0
2025-06-12 20:46:00,106039.64,106204.86,106003.75,106141.68,33.69357,10559.0
2025-06-12 20:47:00,106141.44,106162.44,106052.28,106097.17,59.27848,9726.0
2025-06-12 20:48:00,106097.16,106097.17,105953.42,105967.51,43.97759,11129.0
2025-06-12 20:49:00,105967.51,105967.51,105873.74,105888.97,63.06749,7365.0
2025-06-12 20:50:00,105888.98,105905.48,105833.33,105833.34,102.77973,6963.0
2025-06-12 20:51:00,105833.33,105991.21,105813.13,105965.99,47.2481,8662.0
2025-06-12 20:52:00,105965.99,106081.9,105950.08,106000.01,20.06388,8031.0
2025-06-12 20:53:00,106000.0,106028.86,105817.86,105829.42,23.05442,8365.0
2025-06-12 20:54:00,105829.42,105870.0,105800.0,105815.22,33.2311,6514.0
2025-06-12 20:55:00,105815.22,105895.66,105772.73,105895.66,76.73243,6408.0
2025-06-12 20:56:00,105895.66,106025.27,105830.92,105830.93,25.39273,9597.0
2025-06-12 20:57:00,105830.93,106026.76,105805.11,106026.76,18.19393,7106.0
2025-06-12 20:58:00,106026.76,106076.0,105878.11,105899.24,21.96736,8714.0
2025-06-12 20:59:00,105899.25,105991.75,105899.24,105973.62,13.94258,5490.0
2025-06-12 21:00:00,105973.61,105991.99,105860.9,105900.01,62.13274,13608.0
2025-06-12 21:01:00,105900.01,105964.88,105881.88,105924.01,20.45804,9208.0
2025-06-12 21:02:00,105924.0,105987.11,105905.7,105987.11,9.95998,7437.0
2025-06-12 21:03:00,105987.11,106035.5,105904.0,106011.9,15.71673,7034.0
2025-06-12 21:04:00,106011.89,106119.2,105975.01,106092.01,30.20335,9135.0
2025-06-12 21:05:00,106092.01,106178.36,106075.81,106159.77,42.14166,6017.0
2025-06-12 21:06:00,106159.77,106171.65,105992.48,105992.49,20.82703,6152.0
2025-06-12 21:07:00,105992.49,106079.77,105983.66,106079.77,12.65589,7012.0
2025-06-12 21:08:00,106079.76,106116.78,106021.38,106092.2,16.59405,6896.0
2025-06-12 21:09:00,106093.76,106128.47,106072.86,106128.47,4.98843,2585.0
2025-06-12 21:10:00,106128.46,106241.39,106128.46,106241.39,15.26563,4271.0
2025-06-12 21:11:00,106241.39,106262.52,106229.73,106259.83,20.16493,2284.0
2025-06-12 21:12:00,106259.82,106267.98,106240.0,106258.41,12.83728,1836.0
2025-06-12 21:13:00,106258.41,106258.41,106163.11,106181.1,13.86149,4287.0
2025-06-12 21:14:00,106181.1,106222.55,106181.1,106208.7,18.25676,4241.0
2025-06-12 21:15:00,106208.71,106254.27,106200.0,106254.26,11.67777,2776.0
2025-06-12 21:16:00,106254.27,106275.89,106236.99,106239.36,14.77826,2050.0
2025-06-12 21:17:00,106239.36,106320.76,106226.07,106310.37,7.20752,3736.0
2025-06-12 21:18:00,106310.37,106337.16,106250.62,106250.62,20.77635,4252.0
2025-06-12 21:19:00,106250.61,106250.62,106033.83,106092.9,13.91172,7358.0
2025-06-12 21:20:00,106092.91,106200.79,106092.9,106188.76,17.5562,3387.0
2025-06-12 21:21:00,106188.75,106188.76,106185.3,106185.76,0.95567,405.0
2025-06-12 21:22:00,106185.76,106222.96,106185.75,106222.95,3.58284,969.0
2025-06-12 21:23:00,106222.96,106311.57,106222.95,106311.57,6.68143,2666.0
2025-06-12 21:24:00,106311.56,106327.44,106280.41,106327.44,3.43934,2119.0
2025-06-12 21:25:00,106327.43,106336.74,106282.01,106305.59,5.20471,2853.0
2025-06-12 21:26:00,106305.58,106430.39,106305.58,106349.54,14.11145,5038.0
2025-06-12 21:27:00,106349.55,106412.52,106349.54,106375.06,8.20607,2273.0
2025-06-12 21:28:00,106375.05,106398.11,106355.85,106383.81,8.54869,2949.0
2025-06-12 21:29:00,106383.81,106416.83,106383.79,106416.83,3.32689,1090.0
2025-06-12 21:30:00,106416.83,106420.61,106374.63,106374.91,7.86886,1872.0
2025-06-12 21:31:00,106374.9,106386.29,106346.8,106376.56,6.30892,2308.0
2025-06-12 21:32:00,106376.55,106378.35,106369.2,106378.35,3.58924,1046.0
2025-06-12 21:33:00,106378.35,106380.0,106372.19,106372.19,3.08025,758.0
2025-06-12 21:34:00,106372.2,106372.2,106372.19,106372.19,4.48762,363.0
2025-06-12 21:35:00,106372.2,106372.2,106247.08,106247.08,13.51773,2851.0
2025-06-12 21:36:00,106247.08,106247.09,106199.25,106219.99,20.19864,2518.0
2025-06-12 21:37:00,106219.99,106258.54,106207.34,106258.54,4.89846,1773.0
2025-06-12 21:38:00,106258.53,106258.54,106213.86,106214.67,5.5893,1422.0
2025-06-12 21:39:00,106214.67,106214.67,106049.56,106122.77,11.85249,6369.0
2025-06-12 21:40:00,106122.77,106122.77,106064.6,106075.65,4.81209,1958.0
2025-06-12 21:41:00,106075.66,106098.66,105958.05,105958.05,12.50565,4781.0
2025-06-12 21:42:00,105958.06,105975.48,105863.0,105912.31,16.33354,9345.0
2025-06-12 21:43:00,105912.31,106123.53,105912.31,106095.85,11.41215,9243.0
2025-06-12 21:44:00,106095.85,106095.85,106030.75,106058.57,11.8381,3807.0
2025-06-12 21:45:00,106058.57,106108.7,106058.56,106108.69,2.35097,2204.0
2025-06-12 21:46:00,106108.7,106164.08,106067.78,106106.71,12.54496,7440.0
2025-06-12 21:47:00,106106.71,106164.0,106090.88,106146.26,8.31839,5213.0
2025-06-12 21:48:00,106146.26,106146.26,106090.49,106092.15,2.91982,2294.0
2025-06-12 21:49:00,106092.15,106144.43,106092.15,106144.35,4.45189,2418.0
2025-06-12 21:50:00,106144.36,106154.96,106144.35,106150.05,1.37977,554.0
2025-06-12 21:51:00,106150.05,106155.51,106116.0,106120.01,9.62458,2617.0
2025-06-12 21:52:00,106120.01,106152.85,106115.25,106152.85,3.19747,1876.0
2025-06-12 21:53:00,106152.84,106152.85,106101.04,106140.37,6.26411,2215.0
2025-06-12 21:54:00,106140.37,106140.37,106140.15,106140.16,2.0726,364.0
2025-06-12 21:55:00,106140.16,106140.16,106091.41,106091.41,4.37412,1465.0
2025-06-12 21:56:00,106091.4,106091.4,106000.21,106000.22,5.33646,2394.0
2025-06-12 21:57:00,106000.21,106000.22,105970.29,105996.77,6.97488,2078.0
2025-06-12 21:58:00,105996.77,106002.43,105975.03,105996.91,8.28365,2335.0
2025-06-12 21:59:00,105996.91,105996.91,105894.31,105894.31,7.46942,3340.0
2025-06-12 22:00:00,105894.32,105957.75,105869.23,105935.4,12.6201,4731.0
2025-06-12 22:01:00,105935.4,105988.15,105933.36,105975.09,6.63463,3325.0
2025-06-12 22:02:00,105975.08,105990.62,105941.95,105971.85,9.52177,3766.0
2025-06-12 22:03:00,105971.85,106000.0,105955.98,105990.88,5.29928,4050.0
2025-06-12 22:04:00,105990.88,106103.63,105990.87,106103.63,8.76917,3966.0
2025-06-12 22:05:00,106103.62,106109.75,106078.92,106078.94,3.41813,2718.0
2025-06-12 22:06:00,106078.93,106103.72,106035.7,106103.72,6.3568,3722.0
2025-06-12 22:07:00,106103.71,106225.4,106103.71,106225.39,5.48156,3273.0
2025-06-12 22:08:00,106225.4,106225.4,106072.85,106115.16,4.84324,4672.0
2025-06-12 22:09:00,106115.15,106115.16,106034.88,106078.26,5.96268,4215.0
2025-06-12 22:10:00,106078.26,106084.97,105992.06,105992.06,12.37543,3533.0
2025-06-12 22:11:00,105992.07,106088.4,105992.07,106079.85,8.43683,3321.0
2025-06-12 22:12:00,106079.99,106127.73,106079.98,106120.5,5.60944,2502.0
2025-06-12 22:13:00,106120.49,106158.96,106120.49,106138.38,2.67911,2476.0
2025-06-12 22:14:00,106138.38,106166.87,106132.5,106166.87,3.78671,2694.0
2025-06-12 22:15:00,106166.87,106187.28,106051.59,106056.02,32.94822,5243.0
2025-06-12 22:16:00,106056.02,106065.25,105987.88,106004.7,6.40446,4459.0
2025-06-12 22:17:00,106004.7,106017.71,105982.86,106011.61,5.69094,2511.0
2025-06-12 22:18:00,106011.6,106011.6,105810.0,105832.05,26.42401,5656.0
2025-06-12 22:19:00,105832.05,105838.8,105780.0,105780.01,7.98376,3740.0
2025-06-12 22:20:00,105780.01,105838.79,105752.53,105838.79,44.2497,4107.0
2025-06-12 22:21:00,105838.78,105944.8,105838.78,105937.06,30.49292,4654.0
2025-06-12 22:22:00,105937.05,105937.05,105883.63,105904.48,7.29191,3649.0
2025-06-12 22:23:00,105904.47,105995.22,105901.65,105984.15,6.06071,3531.0
2025-06-12 22:24:00,105984.16,105985.35,105950.0,105957.15,4.38637,2315.0
2025-06-12 22:25:00,105957.14,106030.16,105957.14,106010.1,7.94478,3881.0
2025-06-12 22:26:00,106010.09,106043.13,106008.34,106008.34,5.41822,2161.0
2025-06-12 22:27:00,106008.35,106050.33,106006.37,106041.15,9.03757,3312.0
2025-06-12 22:28:00,106041.15,106051.35,106016.6,106042.04,7.7085,2111.0
2025-06-12 22:29:00,106042.04,106047.76,105875.13,105875.13,22.77964,4804.0
2025-06-12 22:30:00,105875.14,105875.14,105790.12,105790.15,9.79575,2936.0
2025-06-12 22:31:00,105790.16,105804.87,105762.97,105804.86,10.81481,3595.0
2025-06-12 22:32:00,105804.87,105825.62,105800.0,105822.36,5.35402,2574.0
2025-06-12 22:33:00,105822.35,105839.96,105801.15,105838.06,5.29643,1746.0
2025-06-12 22:34:00,105838.05,105846.9,105764.72,105775.31,6.54341,4165.0
2025-06-12 22:35:00,105775.3,105832.57,105775.3,105832.57,3.90845,2062.0
2025-06-12 22:36:00,105832.58,105893.88,105817.95,105884.4,4.7796,2955.0
2025-06-12 22:37:00,105884.4,105895.05,105848.45,105848.45,3.68237,1871.0
2025-06-12 22:38:00,105848.46,105848.46,105797.95,105822.96,6.24902,3505.0
2025-06-12 22:39:00,105822.96,105827.25,105770.6,105827.23,7.12493,3408.0
2025-06-12 22:40:00,105827.23,105846.18,105823.2,105842.26,3.22352,2238.0
2025-06-12 22:41:00,105842.26,105939.73,105831.45,105939.58,12.94544,3663.0
2025-06-12 22:42:00,105939.57,105974.17,105939.57,105954.31,6.1359,3039.0
2025-06-12 22:43:00,105954.3,105954.3,105850.01,105850.02,5.15159,2280.0
2025-06-12 22:44:00,105850.01,105850.02,105809.79,105809.8,7.1706,1657.0
2025-06-12 22:45:00,105809.8,105940.0,105809.79,105896.46,19.46663,5591.0
2025-06-12 22:46:00,105896.46,105896.46,105793.44,105804.0,4.75526,2946.0
2025-06-12 22:47:00,105804.0,105838.15,105804.0,105838.15,6.44382,1716.0
2025-06-12 22:48:00,105838.89,105908.4,105838.89,105908.4,3.12873,1882.0
2025-06-12 22:49:00,105908.39,105938.3,105900.0,105900.0,2.37975,2421.0
2025-06-12 22:50:00,105900.01,105900.01,105845.3,105890.11,6.07649,2609.0
2025-06-12 22:51:00,105890.1,105890.53,105849.53,105890.53,3.27219,2780.0
2025-06-12 22:52:00,105890.52,105904.31,105823.5,105824.33,10.51999,1738.0
2025-06-12 22:53:00,105824.32,105853.2,105806.6,105853.19,8.89218,2383.0
2025-06-12 22:54:00,105853.2,105912.49,105756.02,105756.03,38.00968,5684.0
2025-06-12 22:55:00,105756.03,105765.88,105726.65,105762.14,21.32294,3496.0
2025-06-12 22:56:00,105762.15,105853.12,105762.14,105853.12,9.46673,1960.0
2025-06-12 22:57:00,105853.12,105874.33,105841.59,105870.08,6.27852,2180.0
2025-06-12 22:58:00,105870.08,105884.01,105867.47,105884.01,2.42589,874.0
2025-06-12 22:59:00,105884.0,105923.1,105884.0,105890.7,9.2158,2794.0
2025-06-12 23:00:00,105890.69,105953.39,105851.47,105953.39,10.33584,3314.0
2025-06-12 23:01:00,105953.39,105999.35,105953.38,105990.15,7.77584,2652.0
2025-06-12 23:02:00,105990.15,106140.0,105990.14,106080.0,32.48521,4043.0
2025-06-12 23:03:00,106080.01,106080.01,106035.55,106041.61,7.09984,2645.0
2025-06-12 23:04:00,106041.6,106066.67,105994.19,106066.67,6.17321,4050.0
2025-06-12 23:05:00,106066.67,106071.97,106026.18,106026.18,4.55677,1791.0
2025-06-12 23:06:00,106026.18,106028.4,106000.3,106011.15,4.11193,1316.0
2025-06-12 23:07:00,106011.16,106062.6,106011.15,106062.59,2.5537,1245.0
2025-06-12 23:08:00,106062.59,106098.65,106062.59,106094.1,3.44594,1270.0
2025-06-12 23:09:00,106094.1,106098.0,106012.06,106012.07,28.49184,2765.0
2025-06-12 23:10:00,106012.07,106056.59,106011.15,106056.59,6.16928,2115.0
2025-06-12 23:11:00,106056.59,106088.0,106056.58,106087.99,4.50873,901.0
2025-06-12 23:12:00,106088.0,106132.68,106087.99,106105.32,3.94612,2035.0
2025-06-12 23:13:00,106105.31,106105.31,106081.34,106081.35,5.39553,677.0
2025-06-12 23:14:00,106081.35,106081.35,105778.55,105811.57,31.0394,6832.0
2025-06-12 23:15:00,105811.58,105878.63,105811.57,105853.13,8.79947,2985.0
2025-06-12 23:16:00,105853.13,105878.61,105853.12,105860.54,3.24887,1515.0
2025-06-12 23:17:00,105860.54,105937.22,105860.54,105937.22,4.8253,2240.0
2025-06-12 23:18:00,105937.21,105963.37,105900.0,105963.37,7.54441,3217.0
2025-06-12 23:19:00,105963.37,105973.07,105963.36,105971.69,5.47493,1160.0
2025-06-12 23:20:00,105971.7,105977.99,105960.15,105960.16,5.28719,1323.0
2025-06-12 23:21:00,105960.16,106026.01,105956.85,105992.9,4.28867,2518.0
2025-06-12 23:22:00,105992.9,105996.98,105960.15,105996.97,2.98796,1817.0
2025-06-12 23:23:00,105996.97,106098.64,105996.97,106098.64,8.93275,2778.0
2025-06-12 23:24:00,106098.63,106098.97,106063.98,106098.97,4.57389,1169.0
2025-06-12 23:25:00,106098.96,106102.95,106055.19,106094.55,18.12167,2749.0
2025-06-12 23:26:00,106094.55,106109.54,106079.99,106101.0,17.14058,2079.0
2025-06-12 23:27:00,106100.99,106101.0,106097.1,106097.1,3.23387,530.0
2025-06-12 23:28:00,106097.1,106102.65,106097.1,106102.64,4.22596,603.0
2025-06-12 23:29:00,106102.65,106102.65,106102.64,106102.65,4.64936,284.0
2025-06-12 23:30:00,106102.65,106102.65,106044.86,106044.87,7.40313,1582.0
2025-06-12 23:31:00,106044.87,106044.87,105999.99,105999.99,21.05849,2824.0
2025-06-12 23:32:00,106000.0,106022.97,105997.88,106022.97,3.39388,1147.0
2025-06-12 23:33:00,106022.96,106022.97,105989.39,105989.4,3.53414,1334.0
2025-06-12 23:34:00,105989.4,105989.4,105951.42,105951.43,1.67708,985.0
2025-06-12 23:35:00,105951.42,105951.42,105911.02,105934.35,2.88041,1862.0
2025-06-12 23:36:00,105934.34,105989.09,105924.0,105989.09,4.06263,2445.0
2025-06-12 23:37:00,105989.09,106035.56,105989.08,106028.26,6.09303,2076.0
2025-06-12 23:38:00,106028.26,106035.0,106016.59,106016.59,4.64043,979.0
2025-06-12 23:39:00,106016.6,106016.6,106006.03,106011.0,4.50637,691.0
2025-06-12 23:40:00,106011.0,106042.74,106008.45,106042.74,3.17149,1599.0
2025-06-12 23:41:00,106042.74,106056.66,106000.0,106012.79,9.24899,1875.0
2025-06-12 23:42:00,106012.8,106053.11,106012.8,106040.85,6.23229,1785.0
2025-06-12 23:43:00,106040.86,106091.74,106040.86,106073.5,5.12713,1880.0
2025-06-12 23:44:00,106073.51,106077.86,106072.0,106072.0,2.70627,610.0
2025-06-12 23:45:00,106072.0,106072.0,105966.58,106033.72,8.32601,3465.0
2025-06-12 23:46:00,106033.72,106048.32,106008.12,106008.12,4.43482,2894.0
2025-06-12 23:47:00,106008.13,106008.13,105953.76,105953.77,2.02026,1164.0
2025-06-12 23:48:00,105953.77,105988.3,105925.14,105988.3,4.75132,2858.0
2025-06-12 23:49:00,105988.3,106018.57,105988.29,106011.86,2.83857,1331.0
2025-06-12 23:50:00,106011.86,106011.86,105973.43,105973.44,2.3274,1050.0
2025-06-12 23:51:00,105973.43,105973.44,105871.35,105871.35,8.68346,2225.0
2025-06-12 23:52:00,105871.35,105927.02,105871.35,105927.01,2.54581,2082.0
2025-06-12 23:53:00,105927.01,105927.02,105912.3,105912.31,4.63136,764.0
2025-06-12 23:54:00,105912.31,105912.31,105868.0,105882.6,6.31837,1865.0
2025-06-12 23:55:00,105882.59,105882.6,105882.59,105882.6,2.36039,233.0
2025-06-12 23:56:00,105882.59,105890.58,105878.09,105890.58,3.31834,711.0
2025-06-12 23:57:00,105890.57,105916.5,105890.57,105904.17,10.2725,1620.0
2025-06-12 23:58:00,105904.18,105904.18,105861.85,105894.34,13.67993,1214.0
2025-06-12 23:59:00,105894.33,105894.34,105671.72,105671.73,61.45065,8407.0
2025-06-13 00:00:00,105671.74,105694.0,105570.71,105584.38,160.62897,11840.0
2025-06-13 00:01:00,105584.39,105584.39,105200.0,105252.38,281.48312,22061.0
2025-06-13 00:02:00,105252.38,105338.0,104665.44,104749.21,387.74591,32602.0
2025-06-13 00:03:00,104749.21,104840.03,104528.54,104603.92,206.03494,25186.0
2025-06-13 00:04:00,104603.91,104984.25,104520.0,104796.22,100.20725,22061.0
2025-06-13 00:05:00,104796.22,104873.76,104572.96,104828.0,89.82508,17149.0
2025-06-13 00:06:00,104828.0,104948.23,104758.1,104834.76,63.58401,13869.0
2025-06-13 00:07:00,104834.76,104834.76,104518.0,104572.01,66.95889,15320.0
2025-06-13 00:08:00,104572.0,104715.59,104547.02,104668.18,53.64669,14654.0
2025-06-13 00:09:00,104668.18,104740.0,104523.55,104629.92,96.54681,15828.0
2025-06-13 00:10:00,104629.91,104629.92,104336.96,104437.18,272.66191,17724.0
2025-06-13 00:11:00,104437.19,104480.0,104252.0,104447.98,121.44042,14820.0
2025-06-13 00:12:00,104447.97,104501.81,104172.47,104219.1,164.39239,17945.0
2025-06-13 00:13:00,104219.11,104359.12,104160.65,104202.04,72.64241,15602.0
2025-06-13 00:14:00,104202.04,104340.89,104040.0,104328.68,164.7473,18144.0
2025-06-13 00:15:00,104328.68,104357.82,104211.05,104298.16,52.66492,13241.0
2025-06-13 00:16:00,104298.15,104315.92,104116.2,104302.04,39.56955,13469.0
2025-06-13 00:17:00,104302.04,104356.9,104189.08,104189.09,105.10945,13752.0
2025-06-13 00:18:00,104189.08,104581.68,104176.46,104540.0,69.53929,13308.0
2025-06-13 00:19:00,104540.0,104573.7,104387.45,104414.16,76.27904,14169.0
2025-06-13 00:20:00,104414.16,104560.0,104414.16,104544.6,52.04202,9937.0
2025-06-13 00:21:00,104544.6,104609.76,104419.5,104419.51,47.26475,11366.0
2025-06-13 00:22:00,104419.5,104474.84,104207.17,104252.47,49.77387,13522.0
2025-06-13 00:23:00,104252.47,104317.73,104068.0,104078.8,95.87113,12297.0
2025-06-13 00:24:00,104078.79,104113.19,103909.14,103947.89,185.05702,17548.0
2025-06-13 00:25:00,103947.88,103947.89,103575.35,103788.64,196.45175,21352.0
2025-06-13 00:26:00,103788.64,104022.43,103788.64,104012.82,55.72148,14642.0
2025-06-13 00:27:00,104011.05,104011.05,103800.0,103838.41,40.85724,12146.0
2025-06-13 00:28:00,103838.41,104005.26,103798.99,103861.92,95.35386,14668.0
2025-06-13 00:29:00,103861.92,103989.53,103721.51,103721.52,41.2409,11752.0
2025-06-13 00:30:00,103721.52,103931.17,103631.14,103929.99,69.1106,13498.0
2025-06-13 00:31:00,103929.98,103977.08,103709.99,103793.43,88.8888,14985.0
2025-06-13 00:32:00,103793.43,103900.07,103467.87,103518.01,106.11284,17872.0
2025-06-13 00:33:00,103518.0,103521.37,103343.5,103398.01,136.26875,18810.0
2025-06-13 00:34:00,103398.0,103460.14,103307.46,103389.99,130.23145,18474.0
2025-06-13 00:35:00,103389.99,103581.9,103349.66,103366.84,104.00209,13308.0
2025-06-13 00:36:00,103367.99,103419.43,103213.87,103332.97,97.998,15627.0
2025-06-13 00:37:00,103332.97,103566.0,103315.33,103540.65,50.80437,8723.0
2025-06-13 00:38:00,103540.64,103614.57,103446.33,103593.65,65.16475,13311.0
2025-06-13 00:39:00,103593.66,103800.3,103571.88,103699.05,75.76297,13453.0
2025-06-13 00:40:00,103699.05,103765.35,103600.94,103686.58,59.28534,15877.0
2025-06-13 00:41:00,103686.59,103904.2,103686.59,103856.34,83.98562,10269.0
2025-06-13 00:42:00,103856.34,104017.47,103856.34,104009.09,69.59288,8973.0
2025-06-13 00:43:00,104009.09,104130.7,103971.3,104070.0,59.39188,9278.0
2025-06-13 00:44:00,104069.99,104104.85,103918.81,103918.83,54.46387,10117.0
2025-06-13 00:45:00,103918.83,104133.16,103908.5,103947.06,35.72862,11873.0
2025-06-13 00:46:00,103947.05,103991.99,103800.0,103884.0,69.601,9812.0
2025-06-13 00:47:00,103884.0,104100.0,103868.43,104100.0,30.59545,9467.0
2025-06-13 00:48:00,104100.0,104119.37,103982.34,104069.67,26.39745,5936.0
2025-06-13 00:49:00,104069.67,104101.15,103927.37,103946.62,28.95869,5888.0
2025-06-13 00:50:00,103946.62,103948.0,103867.89,103906.22,61.34234,6046.0
2025-06-13 00:51:00,103906.22,103984.15,103869.19,103869.21,21.95242,7301.0
2025-06-13 00:52:00,103869.21,103899.17,103623.95,103632.4,74.44697,9907.0
2025-06-13 00:53:00,103632.4,103700.0,103548.77,103698.56,43.92844,10125.0
2025-06-13 00:54:00,103698.56,103698.56,103600.0,103679.71,31.28389,10645.0
2025-06-13 00:55:00,103679.72,103801.22,103623.19,103760.0,25.53293,10803.0
2025-06-13 00:56:00,103760.0,103899.16,103760.0,103899.16,34.78765,8200.0
2025-06-13 00:57:00,103899.16,104004.96,103885.38,103885.38,59.52404,8591.0
2025-06-13 00:58:00,103885.39,103897.4,103815.68,103866.22,15.25133,6778.0
2025-06-13 00:59:00,103866.22,103866.22,103797.79,103797.81,14.41111,4723.0
2025-06-13 01:00:00,103797.81,103797.81,103628.88,103630.7,39.05822,6800.0
2025-06-13 01:01:00,103630.71,103632.22,103298.37,103392.28,350.61196,11921.0
2025-06-13 01:02:00,103392.28,103456.88,103315.93,103439.67,58.06519,7065.0
2025-06-13 01:03:00,103439.67,103536.11,103360.92,103400.0,123.84549,8318.0
2025-06-13 01:04:00,103400.0,103400.0,103000.0,103246.0,304.54432,20530.0
2025-06-13 01:05:00,103241.85,103420.49,103099.19,103236.11,181.66291,18083.0
2025-06-13 01:06:00,103236.1,103384.38,103111.58,103384.37,42.68289,13379.0
2025-06-13 01:07:00,103384.38,103496.04,103278.35,103334.19,46.38477,11190.0
2025-06-13 01:08:00,103334.19,103398.04,103099.99,103208.32,168.36821,11761.0
2025-06-13 01:09:00,103208.31,103208.32,102992.94,103054.07,191.65851,12417.0
2025-06-13 01:10:00,103054.07,103084.07,102700.72,102799.99,164.88514,19551.0
2025-06-13 01:11:00,102799.99,102924.35,102664.31,102836.13,182.91835,16342.0
2025-06-13 01:12:00,102836.12,102980.36,102748.51,102980.35,103.894,13848.0
2025-06-13 01:13:00,102980.35,102990.63,102770.84,102915.85,58.56738,13204.0
2025-06-13 01:14:00,102915.85,103100.0,102880.0,102906.36,65.69773,14972.0
2025-06-13 01:15:00,102906.36,103116.79,102880.15,103096.91,40.1414,12670.0
2025-06-13 01:16:00,103096.91,103248.42,103080.0,103236.11,39.5858,10233.0
2025-06-13 01:17:00,103236.1,103250.0,103101.67,103101.67,32.86473,13238.0
2025-06-13 01:18:00,103101.68,103388.57,103096.79,103388.56,45.21778,11993.0
2025-06-13 01:19:00,103388.57,103398.62,103266.09,103266.1,27.67265,7805.0
2025-06-13 01:20:00,103266.09,103449.99,103266.09,103298.11,52.62033,11195.0
2025-06-13 01:21:00,103298.1,103427.29,103229.46,103380.01,34.11446,8831.0
2025-06-13 01:22:00,103380.01,103406.28,103201.1,103201.11,16.05444,9237.0
2025-06-13 01:23:00,103201.1,103433.13,103200.0,103380.01,24.85844,9948.0
2025-06-13 01:24:00,103380.01,103393.97,103300.01,103312.22,15.5549,8833.0
2025-06-13 01:25:00,103312.21,103454.22,103268.11,103454.22,30.15133,9995.0
2025-06-13 01:26:00,103454.22,103454.22,103350.0,103350.0,40.85155,7319.0
2025-06-13 01:27:00,103350.01,103446.76,103231.92,103274.65,55.13519,10076.0
2025-06-13 01:28:00,103274.66,103312.96,103188.0,103240.01,31.54768,9790.0
2025-06-13 01:29:00,103240.0,103251.62,103189.67,103251.62,47.86108,6481.0
2025-06-13 01:30:00,103251.6,103251.6,103122.21,103173.74,22.73913,9286.0
2025-06-13 01:31:00,103173.36,103231.44,103085.01,103101.66,32.95653,7826.0
2025-06-13 01:32:00,103101.65,103109.41,103025.73,103068.3,33.00944,8390.0
2025-06-13 01:33:00,103068.29,103357.16,103036.75,103284.82,41.40036,9964.0
2025-06-13 01:34:00,103284.82,103323.88,103100.01,103100.02,51.30847,9226.0
2025-06-13 01:35:00,103100.02,103184.0,103043.72,103184.0,26.83739,8545.0
2025-06-13 01:36:00,103184.0,103298.07,103111.84,103155.29,28.95452,11769.0
2025-06-13 01:37:00,103155.29,103343.57,103140.0,103334.01,29.07383,9366.0
2025-06-13 01:38:00,103334.01,103334.02,103169.69,103292.54,25.49538,10787.0
2025-06-13 01:39:00,103292.7,103292.7,103086.87,103089.35,44.31894,8359.0
2025-06-13 01:40:00,103089.35,103100.0,102974.39,103030.2,43.56422,10016.0
2025-06-13 01:41:00,103030.19,103056.15,102990.0,103048.1,23.3557,5995.0
2025-06-13 01:42:00,103048.1,103230.76,103048.09,103213.18,20.5837,6474.0
2025-06-13 01:43:00,103213.17,103300.0,103190.58,103296.55,13.3122,4953.0
2025-06-13 01:44:00,103296.54,103543.56,103296.54,103516.69,54.94703,7648.0
2025-06-13 01:45:00,103516.69,103729.79,103516.69,103722.15,35.75758,8402.0
2025-06-13 01:46:00,103722.16,103938.59,103678.7,103779.34,170.40454,15395.0
2025-06-13 01:47:00,103779.33,103790.06,103710.01,103776.0,34.84943,7038.0
2025-06-13 01:48:00,103776.0,103855.53,103700.79,103700.8,39.89232,9570.0
2025-06-13 01:49:00,103700.79,103708.95,103605.67,103609.36,15.02905,6375.0
2025-06-13 01:50:00,103609.36,103616.19,103570.95,103570.95,20.43161,4050.0
2025-06-13 01:51:00,103570.95,103625.41,103567.4,103611.19,13.39317,5238.0
2025-06-13 01:52:00,103611.2,103765.91,103582.0,103723.57,35.38023,6428.0
2025-06-13 01:53:00,103723.57,103804.14,103723.57,103787.99,12.88971,3461.0
2025-06-13 01:54:00,103787.99,103797.76,103774.59,103780.71,10.37522,2213.0
2025-06-13 01:55:00,103780.71,103780.71,103726.43,103764.04,10.91205,3924.0
2025-06-13 01:56:00,103764.05,103818.22,103729.12,103783.45,10.14938,5465.0
2025-06-13 01:57:00,103783.45,103826.62,103740.03,103775.08,9.81373,5729.0
2025-06-13 01:58:00,103775.08,103825.44,103740.03,103759.82,10.62715,3401.0
2025-06-13 01:59:00,103759.82,103773.65,103730.39,103773.65,11.91341,2342.0
2025-06-13 02:00:00,103773.65,103773.65,103698.0,103737.15,26.97355,5926.0
2025-06-13 02:01:00,103737.15,103784.67,103692.93,103703.9,22.41358,6229.0
2025-06-13 02:02:00,103703.89,103736.41,103688.16,103700.87,13.2199,4394.0
2025-06-13 02:03:00,103700.86,103742.29,103676.89,103723.42,14.9741,5351.0
2025-06-13 02:04:00,103723.43,103723.43,103582.0,103597.95,11.26495,5280.0
2025-06-13 02:05:00,103597.94,103713.96,103590.01,103622.53,18.85904,7626.0
2025-06-13 02:06:00,103622.53,103627.9,103560.13,103560.22,13.86724,7490.0
2025-06-13 02:07:00,103560.22,103620.0,103560.21,103620.0,10.66045,3016.0
2025-06-13 02:08:00,103620.0,103627.91,103569.31,103612.01,11.6315,4182.0
2025-06-13 02:09:00,103612.01,103671.81,103599.97,103617.13,8.67474,3607.0
2025-06-13 02:10:00,103617.14,103847.57,103617.13,103811.37,24.39559,6516.0
2025-06-13 02:11:00,103811.37,103870.0,103779.99,103832.36,29.02801,5829.0
2025-06-13 02:12:00,103832.37,103840.0,103800.01,103822.01,18.01615,2939.0
2025-06-13 02:13:00,103822.01,103876.35,103791.32,103807.98,22.57141,5272.0
2025-06-13 02:14:00,103807.97,103832.36,103732.86,103732.86,42.07705,5420.0
2025-06-13 02:15:00,103732.86,103732.86,103600.0,103674.4,39.05827,6808.0
2025-06-13 02:16:00,103674.41,103791.4,103671.3,103780.01,18.8798,6935.0
2025-06-13 02:17:00,103780.0,103811.67,103715.26,103780.12,15.84098,5503.0
2025-06-13 02:18:00,103780.13,103902.97,103780.12,103902.96,20.33474,6166.0
2025-06-13 02:19:00,103902.97,103976.64,103804.04,103868.69,26.62319,8296.0
2025-06-13 02:20:00,103868.69,103869.6,103771.46,103775.53,17.2775,4163.0
2025-06-13 02:21:00,103775.54,103860.47,103775.54,103847.47,14.707,4044.0
2025-06-13 02:22:00,103847.47,103857.35,103786.94,103786.94,40.19588,4942.0
2025-06-13 02:23:00,103786.95,103809.33,103740.23,103740.24,22.98047,5930.0
2025-06-13 02:24:00,103740.24,103740.24,103586.33,103613.49,16.81781,6659.0
2025-06-13 02:25:00,103613.49,103650.0,103586.47,103650.0,10.15238,4638.0
2025-06-13 02:26:00,103649.99,103729.26,103634.57,103658.08,33.015,5541.0
2025-06-13 02:27:00,103658.08,103780.27,103632.24,103762.37,9.51521,4004.0
2025-06-13 02:28:00,103762.36,103762.37,103701.06,103729.8,11.11187,4400.0
2025-06-13 02:29:00,103729.8,103762.37,103700.0,103716.11,6.65232,3119.0
2025-06-13 02:30:00,103716.11,103780.27,103675.25,103780.26,39.3357,6407.0
2025-06-13 02:31:00,103780.26,103856.44,103780.26,103856.42,61.03967,4193.0
2025-06-13 02:32:00,103856.43,103932.98,103836.58,103855.21,17.45907,6764.0
2025-06-13 02:33:00,103855.21,103873.62,103835.6,103835.61,10.72996,3604.0
2025-06-13 02:34:00,103835.6,103925.41,103818.0,103903.36,11.95729,3761.0
2025-06-13 02:35:00,103903.36,103903.36,103841.83,103841.83,23.41464,3793.0
2025-06-13 02:36:00,103841.84,103860.36,103803.72,103803.72,17.50361,4387.0
2025-06-13 02:37:00,103803.73,103813.83,103735.74,103795.21,14.56354,4612.0
2025-06-13 02:38:00,103795.21,103795.21,103470.58,103488.88,100.80545,8508.0
2025-06-13 02:39:00,103488.88,103516.01,103435.98,103451.8,26.25045,6486.0
2025-06-13 02:40:00,103451.79,103466.96,103389.47,103439.99,26.14232,4902.0
2025-06-13 02:41:00,103440.0,103440.0,103385.39,103405.5,14.50363,4462.0
2025-06-13 02:42:00,103405.5,103405.5,103285.71,103285.72,12.21407,4034.0
2025-06-13 02:43:00,103285.71,103285.71,103065.58,103131.12,64.71089,11545.0
2025-06-13 02:44:00,103131.12,103237.92,103128.94,103168.2,40.23296,6071.0
2025-06-13 02:45:00,103168.2,103211.59,103154.27,103172.26,24.1239,4857.0
2025-06-13 02:46:00,103172.26,103350.33,103172.25,103340.05,36.40824,6767.0
2025-06-13 02:47:00,103340.06,103580.52,103310.7,103547.54,59.68164,10329.0
2025-06-13 02:48:00,103547.53,103564.36,103492.72,103515.99,27.00021,4703.0
2025-06-13 02:49:00,103516.0,103704.58,103515.99,103704.58,22.46974,7530.0
2025-06-13 02:50:00,103704.57,103749.49,103694.85,103727.98,15.65844,4334.0
2025-06-13 02:51:00,103727.98,103754.07,103627.9,103627.91,15.15795,4369.0
2025-06-13 02:52:00,103627.9,103673.03,103592.0,103621.54,18.66181,4981.0
2025-06-13 02:53:00,103621.55,103624.48,103568.6,103591.87,7.88566,3496.0
2025-06-13 02:54:00,103591.87,103591.88,103503.12,103508.35,9.04496,2762.0
2025-06-13 02:55:00,103508.35,103519.74,103490.48,103497.3,8.80183,2286.0
2025-06-13 02:56:00,103497.3,103563.16,103497.29,103563.16,7.7111,3305.0
2025-06-13 02:57:00,103563.16,103640.0,103563.15,103640.0,14.48995,4681.0
2025-06-13 02:58:00,103639.99,103650.0,103626.0,103626.0,9.21004,1690.0
2025-06-13 02:59:00,103626.01,103660.0,103626.0,103641.21,13.22738,1396.0
2025-06-13 03:00:00,103641.2,103641.21,103605.12,103618.79,18.099,1479.0
2025-06-13 03:01:00,103618.79,103659.98,103618.78,103649.01,15.97036,3494.0
2025-06-13 03:02:00,103649.01,103730.28,103649.0,103723.78,43.47308,2836.0
2025-06-13 03:03:00,103723.78,103723.78,103640.77,103640.78,10.53826,1838.0
2025-06-13 03:04:00,103640.78,103709.4,103640.77,103654.6,13.94988,3224.0
2025-06-13 03:05:00,103654.6,103823.69,103654.59,103823.68,23.17384,4075.0
2025-06-13 03:06:00,103823.69,103823.69,103780.26,103788.11,9.72962,1674.0
2025-06-13 03:07:00,103788.12,103832.36,103780.26,103832.35,9.13913,2176.0
2025-06-13 03:08:00,103832.35,103886.4,103810.98,103875.49,16.0851,3732.0
2025-06-13 03:09:00,103875.5,103935.52,103875.49,103924.8,11.04874,2906.0
2025-06-13 03:10:00,103924.8,103937.78,103896.61,103933.13,14.51123,2271.0
2025-06-13 03:11:00,103933.13,103982.64,103900.01,103982.64,15.17883,4604.0
2025-06-13 03:12:00,103982.64,104083.37,103982.63,104077.36,41.8051,7370.0
2025-06-13 03:13:00,104077.36,104084.22,104000.0,104000.02,25.26189,4774.0
2025-06-13 03:14:00,104000.01,104021.95,103970.48,103986.52,31.55136,4685.0
2025-06-13 03:15:00,103986.52,104060.0,103955.42,104055.67,20.71514,3772.0
2025-06-13 03:16:00,104055.67,104081.01,104025.31,104066.26,13.52966,3606.0
2025-06-13 03:17:00,104066.25,104141.16,104050.5,104129.97,16.84337,4127.0
2025-06-13 03:18:00,104129.97,104145.76,104096.18,104115.05,14.11809,3795.0
2025-06-13 03:19:00,104115.06,104234.71,104115.05,104234.7,30.11395,4845.0
2025-06-13 03:20:00,104234.71,104241.59,104214.48,104241.59,21.10738,2082.0
2025-06-13 03:21:00,104241.59,104318.01,104241.58,104318.01,34.02696,6115.0
2025-06-13 03:22:00,104318.01,104339.62,104315.54,104315.55,17.3111,2001.0
2025-06-13 03:23:00,104315.54,104315.55,104140.27,104140.28,17.70871,5194.0
2025-06-13 03:24:00,104140.28,104212.46,104103.24,104192.16,31.12785,4604.0
2025-06-13 03:25:00,104192.16,104280.13,104171.05,104171.05,21.3363,4663.0
2025-06-13 03:26:00,104171.06,104285.23,104171.05,104259.73,21.18265,5074.0
2025-06-13 03:27:00,104259.73,104268.68,104214.62,104214.63,15.70479,2078.0
2025-06-13 03:28:00,104214.63,104214.63,104100.79,104100.8,11.41408,4516.0
2025-06-13 03:29:00,104100.8,104100.8,104076.15,104090.51,9.47731,1743.0
2025-06-13 03:30:00,104090.52,104101.51,104014.82,104047.83,20.54406,4939.0
2025-06-13 03:31:00,104047.82,104171.06,104047.82,104171.06,16.57902,4853.0
2025-06-13 03:32:00,104171.05,104238.96,104171.05,104220.44,16.04324,4660.0
2025-06-13 03:33:00,104220.45,104238.95,104180.0,104195.24,13.74756,3439.0
2025-06-13 03:34:00,104195.25,104257.9,104195.24,104257.9,12.4607,3494.0
2025-06-13 03:35:00,104257.9,104257.9,104154.03,104154.03,15.54825,4370.0
2025-06-13 03:36:00,104154.03,104205.0,104150.0,104160.39,5.58599,3987.0
2025-06-13 03:37:00,104160.39,104236.25,104150.0,104236.25,8.50094,2286.0
2025-06-13 03:38:00,104236.25,104275.77,104221.03,104221.03,21.36935,4685.0
2025-06-13 03:39:00,104221.03,104221.04,104161.0,104186.01,7.7147,3775.0
2025-06-13 03:40:00,104186.01,104236.47,104176.8,104227.35,13.9022,2604.0
2025-06-13 03:41:00,104227.35,104227.36,104207.77,104227.36,7.18115,2569.0
2025-06-13 03:42:00,104227.35,104227.36,104162.74,104164.48,7.23516,2443.0
2025-06-13 03:43:00,104164.48,104173.95,104164.47,104173.94,9.44427,1003.0
2025-06-13 03:44:00,104173.95,104194.32,104157.38,104157.39,10.94632,2215.0
2025-06-13 03:45:00,104157.38,104203.33,104157.38,104203.32,13.3533,1544.0
2025-06-13 03:46:00,104203.32,104203.33,104160.0,104160.01,8.18915,2210.0
2025-06-13 03:47:00,104160.01,104166.3,104009.01,104009.02,25.66739,4534.0
2025-06-13 03:48:00,104009.02,104019.4,103960.47,104007.45,37.42415,4820.0
2025-06-13 03:49:00,104007.46,104008.2,103974.14,104008.2,11.30014,2264.0
2025-06-13 03:50:00,104008.19,104122.42,104008.19,104122.42,7.71594,2214.0
2025-06-13 03:51:00,104122.42,104150.0,104069.87,104069.87,7.78969,3283.0
2025-06-13 03:52:00,104069.87,104105.05,104069.87,104100.76,4.98449,1393.0
2025-06-13 03:53:00,104100.76,104214.48,104062.3,104214.47,36.01282,4151.0
2025-06-13 03:54:00,104214.48,104590.0,104209.38,104480.74,209.11095,15420.0
2025-06-13 03:55:00,104480.74,104517.13,104417.67,104448.43,27.44231,4944.0
2025-06-13 03:56:00,104448.44,104590.0,104448.43,104520.5,69.6593,9685.0
2025-06-13 03:57:00,104520.0,104529.98,104406.22,104408.38,13.01976,4102.0
2025-06-13 03:58:00,104408.37,104408.38,104319.15,104364.97,16.20829,4835.0
2025-06-13 03:59:00,104364.97,104364.98,104272.0,104277.22,22.37414,2768.0
2025-06-13 04:00:00,104277.22,104291.02,104243.74,104255.39,20.70338,3151.0
2025-06-13 04:01:00,104255.4,104257.95,104232.01,104232.02,7.22472,2196.0
2025-06-13 04:02:00,104232.01,104232.02,104149.2,104149.2,15.02504,4687.0
2025-06-13 04:03:00,104149.21,104149.21,104009.43,104034.0,17.62917,6540.0
2025-06-13 04:04:00,104034.0,104040.0,104000.0,104030.0,10.28868,4020.0
2025-06-13 04:05:00,104029.99,104030.0,104000.0,104009.54,6.30778,2553.0
2025-06-13 04:06:00,104009.55,104057.99,103985.73,103985.74,9.95894,3944.0
2025-06-13 04:07:00,103985.74,103995.05,103900.0,103900.01,20.18375,3780.0
2025-06-13 04:08:00,103900.0,103938.36,103837.77,103862.86,18.45508,6638.0
2025-06-13 04:09:00,103862.85,103951.39,103862.85,103951.39,16.0489,2459.0
2025-06-13 04:10:00,103951.39,103995.05,103941.45,103946.85,10.40915,3219.0
2025-06-13 04:11:00,103946.84,103954.97,103912.15,103943.84,31.29106,2476.0
2025-06-13 04:12:00,103943.84,104040.79,103943.84,104037.9,8.07838,3307.0
2025-06-13 04:13:00,104037.9,104078.0,103980.0,104000.0,8.9608,3275.0
2025-06-13 04:14:00,104000.0,104008.65,103968.31,103997.41,6.09464,2050.0
2025-06-13 04:15:00,103997.42,104073.25,103981.31,103981.31,14.41159,5874.0
2025-06-13 04:16:00,103981.31,103987.98,103869.81,103869.82,17.62862,3965.0
2025-06-13 04:17:00,103869.81,103899.36,103851.0,103871.69,12.53383,3378.0
2025-06-13 04:18:00,103871.7,103980.6,103871.7,103890.0,15.64942,4504.0
2025-06-13 04:19:00,103889.99,103953.95,103850.0,103927.19,9.54004,4035.0
2025-06-13 04:20:00,103927.19,103936.5,103839.61,103840.0,11.40117,2521.0
2025-06-13 04:21:00,103840.01,103910.53,103840.01,103855.36,21.78774,4353.0
2025-06-13 04:22:00,103855.36,103855.36,103800.0,103800.0,4.95837,2485.0
2025-06-13 04:23:00,103800.0,103910.51,103782.75,103867.26,21.9844,5694.0
2025-06-13 04:24:00,103867.26,103883.85,103814.32,103854.13,5.94433,2970.0
2025-06-13 04:25:00,103854.13,103943.01,103854.13,103943.01,8.92972,2599.0
2025-06-13 04:26:00,103943.01,103953.95,103919.26,103919.26,6.34136,1553.0
2025-06-13 04:27:00,103919.26,103981.55,103917.63,103972.31,5.10746,2402.0
2025-06-13 04:28:00,103972.31,104036.96,103968.0,104036.96,7.37596,2529.0
2025-06-13 04:29:00,104036.96,104077.98,104036.96,104070.74,14.30896,2513.0
2025-06-13 04:30:00,104070.75,104165.47,104062.8,104165.46,11.19061,3708.0
2025-06-13 04:31:00,104165.46,104165.47,104132.18,104139.75,5.73036,1785.0
2025-06-13 04:32:00,104139.74,104195.0,104127.63,104195.0,15.23445,2487.0
2025-06-13 04:33:00,104194.99,104218.35,104167.09,104179.97,11.01327,3409.0
2025-06-13 04:34:00,104179.97,104205.38,104172.88,104205.38,4.88262,1429.0
2025-06-13 04:35:00,104205.38,104214.47,104181.47,104181.48,9.58805,1222.0
2025-06-13 04:36:00,104181.47,104237.63,104176.83,104197.39,8.31955,3520.0
2025-06-13 04:37:00,104197.39,104214.48,104153.17,104171.84,9.24072,3906.0
2025-06-13 04:38:00,104171.84,104197.94,104160.36,104160.37,9.50434,2642.0
2025-06-13 04:39:00,104160.36,104214.47,104160.36,104171.7,11.76801,2649.0
2025-06-13 04:40:00,104171.85,104230.05,104171.85,104221.96,9.58478,2026.0
2025-06-13 04:41:00,104221.95,104300.0,104221.95,104299.99,20.03123,2388.0
2025-06-13 04:42:00,104300.0,104325.21,104300.0,104306.26,10.06145,1321.0
2025-06-13 04:43:00,104306.26,104367.28,104306.26,104344.0,17.00323,3315.0
2025-06-13 04:44:00,104344.0,104488.37,104321.1,104487.99,39.35129,4835.0
2025-06-13 04:45:00,104487.99,104487.99,104324.17,104324.3,11.67072,4262.0
2025-06-13 04:46:00,104324.3,104335.78,104280.52,104301.31,9.93758,2878.0
2025-06-13 04:47:00,104301.31,104344.74,104273.85,104333.4,4.57428,2250.0
2025-06-13 04:48:00,104333.41,104443.23,104333.4,104434.95,9.29689,3321.0
2025-06-13 04:49:00,104434.95,104434.95,104412.18,104423.7,8.15748,1645.0
2025-06-13 04:50:00,104423.7,104423.71,104414.0,104420.39,8.63658,1220.0
2025-06-13 04:51:00,104420.39,104474.99,104414.01,104462.09,6.66015,2389.0
2025-06-13 04:52:00,104462.09,104506.36,104462.09,104475.77,8.40736,2693.0
2025-06-13 04:53:00,104475.77,104475.77,104451.05,104465.84,7.47077,1412.0
2025-06-13 04:54:00,104465.84,104470.41,104421.42,104470.4,5.43737,2206.0
2025-06-13 04:55:00,104470.41,104493.16,104376.0,104376.0,9.21016,4054.0
2025-06-13 04:56:00,104376.02,104390.47,104331.64,104390.47,15.53552,3713.0
2025-06-13 04:57:00,104390.48,104440.45,104390.48,104440.44,5.66857,1614.0
2025-06-13 04:58:00,104440.44,104440.44,104404.0,104414.57,5.10338,1681.0
2025-06-13 04:59:00,104414.57,104432.75,104404.51,104404.52,7.50439,1342.0
2025-06-13 05:00:00,104404.52,104404.52,104281.47,104299.69,13.09378,3717.0
2025-06-13 05:01:00,104299.68,104318.87,104277.0,104277.01,10.99473,3076.0
2025-06-13 05:02:00,104277.01,104293.79,104237.72,104262.31,20.8849,3088.0
2025-06-13 05:03:00,104262.31,104320.0,104262.31,104320.0,16.35321,3395.0
2025-06-13 05:04:00,104320.0,104393.38,104310.02,104363.33,9.24047,2714.0
2025-06-13 05:05:00,104363.33,104426.16,104363.32,104421.0,6.53812,1897.0
2025-06-13 05:06:00,104420.99,104450.0,104400.25,104431.32,7.68465,3019.0
2025-06-13 05:07:00,104431.31,104431.32,104363.32,104425.79,6.56833,2659.0
2025-06-13 05:08:00,104425.79,104425.8,104344.73,104344.73,14.23944,3042.0
2025-06-13 05:09:00,104344.74,104419.99,104344.73,104400.0,19.57813,2325.0
2025-06-13 05:10:00,104400.01,104431.58,104363.48,104431.57,10.58893,3577.0
2025-06-13 05:11:00,104431.57,104431.58,104300.0,104323.81,13.17514,3378.0
2025-06-13 05:12:00,104323.8,104323.81,104285.96,104295.07,4.8458,1288.0
2025-06-13 05:13:00,104295.06,104295.07,104284.86,104295.06,5.29163,890.0
2025-06-13 05:14:00,104295.07,104295.07,104295.06,104295.06,5.32219,286.0
2025-06-13 05:15:00,104295.06,104295.06,104257.89,104262.77,3.70666,1266.0
2025-06-13 05:16:00,104262.78,104357.0,104262.77,104356.99,8.69073,2235.0
2025-06-13 05:17:00,104356.99,104356.99,104310.27,104329.38,4.34991,1889.0
2025-06-13 05:18:00,104329.37,104371.64,104317.14,104342.05,5.19427,2127.0
2025-06-13 05:19:00,104342.05,104342.05,104291.88,104307.2,5.40008,1496.0
2025-06-13 05:20:00,104307.2,104371.21,104302.25,104371.21,6.43923,1552.0
2025-06-13 05:21:00,104371.2,104388.88,104300.69,104300.7,5.64094,2589.0
2025-06-13 05:22:00,104300.7,104331.44,104274.05,104318.7,18.50783,2750.0
2025-06-13 05:23:00,104318.7,104318.7,104296.09,104307.88,6.1233,1034.0
2025-06-13 05:24:00,104307.87,104446.88,104307.87,104446.88,9.67685,2847.0
2025-06-13 05:25:00,104446.88,104448.0,104377.42,104377.43,13.73389,2130.0
2025-06-13 05:26:00,104377.43,104431.58,104377.43,104414.84,11.27916,2025.0
2025-06-13 05:27:00,104414.83,104432.0,104388.15,104432.0,13.54617,1841.0
2025-06-13 05:28:00,104431.99,104432.0,104403.97,104403.97,17.80044,1413.0
2025-06-13 05:29:00,104403.97,104403.97,104313.73,104313.74,11.50096,2438.0
2025-06-13 05:30:00,104313.74,104339.36,104278.6,104321.16,18.63978,4213.0
2025-06-13 05:31:00,104321.15,104321.15,104291.39,104301.3,7.25714,1807.0
2025-06-13 05:32:00,104301.31,104301.32,104246.89,104246.9,9.5622,2161.0
2025-06-13 05:33:00,104246.9,104259.5,104198.23,104198.23,17.15838,2517.0
2025-06-13 05:34:00,104198.24,104280.25,104195.16,104218.03,19.50553,4225.0
2025-06-13 05:35:00,104218.02,104218.03,104204.58,104206.31,12.17203,1358.0
2025-06-13 05:36:00,104206.31,104206.31,104175.85,104183.51,8.46457,2376.0
2025-06-13 05:37:00,104183.5,104183.5,104076.32,104094.7,25.1091,3045.0
2025-06-13 05:38:00,104094.71,104168.51,104094.7,104168.5,4.21117,2049.0
2025-06-13 05:39:00,104168.51,104229.24,104139.84,104139.84,23.24987,3033.0
2025-06-13 05:40:00,104139.84,104175.52,104113.13,104155.6,10.42372,3253.0
2025-06-13 05:41:00,104155.6,104183.0,104146.1,104178.99,8.70637,1704.0
2025-06-13 05:42:00,104178.98,104286.98,104178.98,104257.9,9.37464,3150.0
2025-06-13 05:43:00,104257.9,104257.9,104225.0,104234.74,4.45861,1420.0
2025-06-13 05:44:00,104234.74,104252.16,104234.5,104234.5,1.9498,1075.0
2025-06-13 05:45:00,104234.51,104256.77,104221.73,104221.74,13.18539,1468.0
2025-06-13 05:46:00,104221.74,104292.43,104221.73,104292.43,4.0361,1570.0
2025-06-13 05:47:00,104292.43,104292.43,104271.57,104291.53,4.54007,1244.0
2025-06-13 05:48:00,104291.53,104310.85,104260.0,104310.85,5.95364,2514.0
2025-06-13 05:49:00,104310.85,104366.43,104310.84,104360.01,17.43924,2573.0
2025-06-13 05:50:00,104360.0,104360.01,104171.06,104171.06,16.57694,3599.0
2025-06-13 05:51:00,104171.06,104192.0,104159.96,104182.1,5.14156,1642.0
2025-06-13 05:52:00,104182.1,104182.1,104164.49,104166.01,10.3959,1054.0
2025-06-13 05:53:00,104166.01,104231.0,104166.0,104231.0,6.77252,1550.0
2025-06-13 05:54:00,104231.0,104257.9,104182.23,104182.24,10.41854,2688.0
2025-06-13 05:55:00,104182.23,104200.48,104003.41,104106.69,33.06214,3829.0
2025-06-13 05:56:00,104106.69,104116.0,104106.69,104116.0,4.01273,516.0
2025-06-13 05:57:00,104116.0,104116.0,104094.23,104103.82,7.61701,806.0
2025-06-13 05:58:00,104103.82,104103.83,104005.27,104005.28,11.26234,2379.0
2025-06-13 05:59:00,104005.27,104040.7,104000.0,104002.25,13.50899,2003.0
2025-06-13 06:00:00,104002.26,104002.26,103953.94,103953.95,12.66966,2227.0
2025-06-13 06:01:00,103953.95,104012.5,103953.94,104012.5,8.59234,1757.0
2025-06-13 06:02:00,104012.5,104171.06,104012.49,104160.7,5.10953,2541.0
2025-06-13 06:03:00,104160.7,104174.05,104148.23,104153.5,23.43933,1454.0
2025-06-13 06:04:00,104153.49,104153.49,104110.07,104110.07,13.8121,1384.0
2025-06-13 06:05:00,104110.08,104110.08,104040.78,104040.79,6.68365,2737.0
2025-06-13 06:06:00,104040.78,104040.78,103973.83,104007.8,5.39295,2433.0
2025-06-13 06:07:00,104007.8,104090.0,104000.01,104003.99,16.10535,3848.0
2025-06-13 06:08:00,104004.0,104098.1,104000.0,104098.1,4.41754,2858.0
2025-06-13 06:09:00,104098.1,104140.0,104098.09,104140.0,4.75507,1104.0
2025-06-13 06:10:00,104140.0,104146.84,104127.63,104127.63,3.77155,618.0
2025-06-13 06:11:00,104127.63,104152.99,104060.54,104152.99,5.57165,3458.0
2025-06-13 06:12:00,104152.99,104182.83,104101.29,104127.64,12.06647,4737.0
2025-06-13 06:13:00,104127.64,104127.64,104025.8,104025.8,4.28831,2323.0
2025-06-13 06:14:00,104025.41,104066.26,104018.68,104066.26,3.93651,1728.0
2025-06-13 06:15:00,104066.25,104071.82,104033.83,104071.82,3.37532,2042.0
2025-06-13 06:16:00,104071.81,104071.81,104000.0,104002.52,5.4964,2897.0
2025-06-13 06:17:00,104002.53,104002.53,103984.6,103995.15,11.0052,1414.0
2025-06-13 06:18:00,103995.16,104037.71,103995.15,104037.71,5.52064,1286.0
2025-06-13 06:19:00,104037.71,104039.39,104010.4,104026.07,4.50278,1879.0
2025-06-13 06:20:00,104026.07,104026.08,103953.94,103953.94,6.87472,1964.0
2025-06-13 06:21:00,103953.95,103980.0,103935.6,103974.38,22.23212,2857.0
2025-06-13 06:22:00,103974.38,103982.5,103974.38,103976.0,2.96696,880.0
2025-06-13 06:23:00,103976.01,103976.01,103973.46,103973.47,3.26561,415.0
2025-06-13 06:24:00,103973.46,103997.33,103941.36,103941.36,7.79115,3294.0
2025-06-13 06:25:00,103941.37,103964.16,103910.81,103914.82,6.96695,3117.0
2025-06-13 06:26:00,103914.98,103977.72,103914.98,103972.51,6.15842,3415.0
2025-06-13 06:27:00,103972.51,103972.51,103853.17,103853.18,9.8051,3357.0
2025-06-13 06:28:00,103853.18,103865.5,103853.17,103855.21,6.90318,1050.0
2025-06-13 06:29:00,103855.2,103855.21,103848.63,103848.63,4.01719,887.0
2025-06-13 06:30:00,103848.63,103884.5,103848.63,103884.5,8.38445,1469.0
2025-06-13 06:31:00,103884.5,103928.0,103884.49,103910.53,4.758,2328.0
2025-06-13 06:32:00,103910.52,103938.89,103896.66,103915.24,6.80934,1979.0
2025-06-13 06:33:00,103915.24,103928.39,103907.03,103907.03,4.26882,1161.0
2025-06-13 06:34:00,103907.03,103919.27,103892.55,103919.27,4.6203,1726.0
2025-06-13 06:35:00,103919.27,103923.7,103890.01,103910.52,15.3176,2361.0
2025-06-13 06:36:00,103910.53,103944.59,103910.0,103938.2,3.35861,1060.0
2025-06-13 06:37:00,103938.2,103938.2,103886.19,103886.19,10.83005,2521.0
2025-06-13 06:38:00,103886.19,103886.2,103825.11,103841.52,10.8224,3426.0
2025-06-13 06:39:00,103841.53,103902.0,103841.52,103901.99,3.91479,2083.0
2025-06-13 06:40:00,103902.0,103931.49,103894.66,103908.49,4.56811,2176.0
2025-06-13 06:41:00,103908.5,103965.48,103908.49,103965.48,6.8188,2367.0
2025-06-13 06:42:00,103965.48,104013.19,103965.47,104008.49,5.81515,1459.0
2025-06-13 06:43:00,104008.5,104008.5,103983.75,103985.38,3.02789,845.0
2025-06-13 06:44:00,103985.37,104003.45,103985.37,103987.43,16.35837,785.0
2025-06-13 06:45:00,103987.44,103987.44,103855.6,103933.38,22.77046,5072.0
2025-06-13 06:46:00,103933.38,103933.38,103915.67,103919.56,3.70966,942.0
2025-06-13 06:47:00,103919.56,103953.95,103880.0,103953.94,7.96763,3143.0
2025-06-13 06:48:00,103953.94,103953.95,103900.07,103900.07,6.87241,2159.0
2025-06-13 06:49:00,103900.08,104235.29,103900.07,104230.22,54.73454,7157.0
2025-06-13 06:50:00,104230.23,104257.9,104209.72,104238.29,18.27526,3010.0
2025-06-13 06:51:00,104238.28,104350.12,104229.0,104327.01,26.08371,4014.0
2025-06-13 06:52:00,104327.01,104368.58,104308.44,104308.45,14.73897,2622.0
2025-06-13 06:53:00,104308.44,104529.28,104301.31,104464.87,67.37581,7323.0
2025-06-13 06:54:00,104464.87,104500.0,104447.08,104447.08,34.42923,4094.0
2025-06-13 06:55:00,104447.07,104512.78,104437.31,104491.44,16.84638,3901.0
2025-06-13 06:56:00,104491.45,104497.5,104451.75,104451.75,4.20834,2070.0
2025-06-13 06:57:00,104451.75,104451.76,104377.09,104408.8,20.54653,4488.0
2025-06-13 06:58:00,104408.8,104657.34,104396.83,104639.99,134.024,9509.0
2025-06-13 06:59:00,104639.99,104722.5,104639.99,104704.26,32.51218,5835.0
2025-06-13 07:00:00,104704.27,104712.58,104604.82,104605.27,17.86304,5703.0
2025-06-13 07:01:00,104605.28,104636.0,104591.74,104597.26,16.37212,5057.0
2025-06-13 07:02:00,104597.26,104600.05,104507.68,104540.49,25.76376,4391.0
2025-06-13 07:03:00,104540.5,104540.5,104477.16,104496.01,13.34444,2687.0
2025-06-13 07:04:00,104496.0,104518.98,104437.68,104437.69,17.90707,3350.0
2025-06-13 07:05:00,104437.69,104437.69,104376.43,104376.43,9.49188,2214.0
2025-06-13 07:06:00,104376.44,104431.57,104376.44,104392.5,11.23368,3051.0
2025-06-13 07:07:00,104392.5,104490.83,104392.49,104490.83,3.48749,2504.0
2025-06-13 07:08:00,104490.83,104594.02,104490.82,104556.36,6.67174,2669.0
2025-06-13 07:09:00,104556.37,104556.37,104447.55,104478.86,20.32137,3587.0
2025-06-13 07:10:00,104478.86,104526.29,104474.99,104489.98,20.61252,2718.0
2025-06-13 07:11:00,104489.97,104489.98,104470.22,104474.99,3.28757,1500.0
2025-06-13 07:12:00,104475.0,104518.43,104469.32,104498.28,23.61795,3130.0
2025-06-13 07:13:00,104498.28,104498.29,104416.03,104416.04,4.91464,1983.0
2025-06-13 07:14:00,104416.03,104522.83,104376.43,104475.0,12.66538,5629.0
2025-06-13 07:15:00,104475.0,104521.58,104445.09,104521.58,9.43356,3569.0
2025-06-13 07:16:00,104521.57,104525.44,104480.0,104489.48,3.77279,2285.0
2025-06-13 07:17:00,104489.48,104500.0,104441.85,104441.85,5.49381,3067.0
2025-06-13 07:18:00,104441.85,104457.13,104424.0,104424.0,4.29182,2021.0
2025-06-13 07:19:00,104424.0,104459.0,104400.5,104446.01,7.11604,3518.0
2025-06-13 07:20:00,104446.0,104495.01,104446.0,104488.0,3.47352,2366.0
2025-06-13 07:21:00,104488.01,104488.01,104421.51,104421.51,6.58537,1986.0
2025-06-13 07:22:00,104421.51,104456.5,104401.49,104432.27,9.06066,3978.0
2025-06-13 07:23:00,104432.77,104544.5,104431.57,104544.49,16.7838,2868.0
2025-06-13 07:24:00,104544.5,104637.35,104544.5,104637.35,24.53727,4205.0
2025-06-13 07:25:00,104637.34,104730.22,104637.34,104679.5,20.9971,4494.0
2025-06-13 07:26:00,104679.5,104739.43,104648.68,104648.68,9.16924,3909.0
2025-06-13 07:27:00,104648.69,104694.5,104648.68,104692.49,3.10232,1816.0
2025-06-13 07:28:00,104692.49,104731.32,104679.43,104692.1,6.4901,3449.0
2025-06-13 07:29:00,104692.1,104814.64,104692.1,104790.77,38.31709,5325.0
2025-06-13 07:30:00,104790.77,104791.53,104761.06,104791.52,49.40522,3349.0
2025-06-13 07:31:00,104791.53,104830.95,104762.43,104815.51,29.25673,5085.0
2025-06-13 07:32:00,104815.51,104843.82,104766.0,104781.48,25.87048,3024.0
2025-06-13 07:33:00,104781.49,104797.92,104781.48,104793.36,12.21858,2040.0
2025-06-13 07:34:00,104793.37,104793.37,104703.65,104703.66,19.00365,3551.0
2025-06-13 07:35:00,104703.66,104729.91,104693.2,104713.74,21.19572,2722.0
2025-06-13 07:36:00,104713.75,104728.1,104676.68,104676.68,29.37385,3036.0
2025-06-13 07:37:00,104676.69,104676.69,104604.09,104639.8,34.77769,3205.0
2025-06-13 07:38:00,104639.81,104668.84,104639.8,104666.35,16.27904,2701.0
2025-06-13 07:39:00,104666.36,104737.85,104648.68,104648.68,26.47837,4222.0
2025-06-13 07:40:00,104648.69,104691.69,104648.68,104648.68,19.30232,2820.0
2025-06-13 07:41:00,104648.69,104662.29,104623.06,104628.0,25.35502,2948.0
2025-06-13 07:42:00,104628.01,104647.76,104605.26,104647.75,12.51921,2856.0
2025-06-13 07:43:00,104647.76,104739.5,104647.75,104739.5,36.53914,2754.0
2025-06-13 07:44:00,104739.5,104744.03,104707.49,104707.49,15.25921,2330.0
2025-06-13 07:45:00,104707.5,104707.5,104605.26,104661.01,25.92531,3413.0
2025-06-13 07:46:00,104661.02,104742.16,104661.01,104690.65,23.88959,5139.0
2025-06-13 07:47:00,104690.64,104735.53,104690.64,104721.63,12.06833,3073.0
2025-06-13 07:48:00,104721.63,104721.64,104649.46,104680.0,18.2157,2766.0
2025-06-13 07:49:00,104680.01,104735.53,104657.22,104657.23,17.09231,2783.0
2025-06-13 07:50:00,104657.23,104774.38,104657.22,104767.01,14.7909,3757.0
2025-06-13 07:51:00,104767.01,104785.98,104761.1,104764.02,29.18637,2339.0
2025-06-13 07:52:00,104764.02,104864.2,104750.0,104835.54,36.26989,2806.0
2025-06-13 07:53:00,104835.55,104915.0,104794.19,104898.51,85.43461,4183.0
2025-06-13 07:54:00,104898.51,104925.01,104863.04,104871.35,27.84978,2196.0
2025-06-13 07:55:00,104871.35,104955.61,104871.34,104955.0,49.29367,2873.0
2025-06-13 07:56:00,104955.01,104970.12,104902.34,104902.34,38.6738,1978.0
2025-06-13 07:57:00,104902.34,104938.25,104902.34,104935.99,20.43174,2490.0
2025-06-13 07:58:00,104935.99,104937.74,104900.36,104914.81,18.04282,1875.0
2025-06-13 07:59:00,104914.81,104914.82,104872.98,104895.0,26.08321,2120.0
2025-06-13 08:00:00,104895.01,104932.69,104895.0,104910.49,14.98638,2145.0
2025-06-13 08:01:00,104910.49,105010.1,104910.48,104969.68,52.25088,6938.0
2025-06-13 08:02:00,104969.67,104984.5,104932.8,104932.8,16.96981,2914.0
2025-06-13 08:03:00,104932.81,105010.1,104932.81,104977.52,51.9989,2998.0
2025-06-13 08:04:00,104977.52,104977.53,104957.01,104965.15,21.05203,2421.0
2025-06-13 08:05:00,104965.15,104965.15,104918.5,104943.97,19.14856,3175.0
2025-06-13 08:06:00,104943.97,104977.84,104909.86,104924.25,21.19762,3604.0
2025-06-13 08:07:00,104924.24,104952.64,104876.0,104952.64,21.86511,3184.0
2025-06-13 08:08:00,104952.64,105006.74,104952.64,105006.71,18.57299,3050.0
2025-06-13 08:09:00,105006.72,105114.88,105006.71,105087.5,100.90615,5560.0
2025-06-13 08:10:00,105087.5,105141.41,105076.11,105134.0,37.68207,3566.0
2025-06-13 08:11:00,105134.0,105138.14,105089.38,105120.93,19.08656,2482.0
2025-06-13 08:12:00,105120.93,105181.82,105120.92,105181.82,40.27744,3062.0
2025-06-13 08:13:00,105181.81,105282.83,105181.81,105265.0,91.6107,8582.0
2025-06-13 08:14:00,105264.99,105434.34,105264.99,105396.5,142.41534,9466.0
2025-06-13 08:15:00,105396.5,105400.0,105350.0,105366.85,31.91962,5367.0
2025-06-13 08:16:00,105366.85,105390.25,105341.0,105342.0,26.89462,3771.0
2025-06-13 08:17:00,105342.0,105434.34,105333.51,105393.13,17.32804,4562.0
2025-06-13 08:18:00,105393.13,105393.14,105329.0,105358.82,25.14929,3753.0
2025-06-13 08:19:00,105358.82,105389.62,105312.18,105314.58,14.35735,3259.0
2025-06-13 08:20:00,105314.58,105334.85,105282.57,105282.58,13.64113,2297.0
2025-06-13 08:21:00,105282.57,105282.58,105146.49,105146.49,26.21342,3889.0
2025-06-13 08:22:00,105146.5,105195.01,105146.01,105185.0,18.0747,2006.0
2025-06-13 08:23:00,105185.0,105200.0,105161.92,105164.66,26.56555,2551.0
2025-06-13 08:24:00,105164.65,105243.17,105164.65,105243.16,18.94612,2550.0
2025-06-13 08:25:00,105243.17,105264.82,105110.9,105110.91,33.66256,3702.0
2025-06-13 08:26:00,105110.9,105144.5,105087.86,105087.86,19.74741,2944.0
2025-06-13 08:27:00,105087.86,105115.43,105070.86,105115.42,23.91144,2962.0
2025-06-13 08:28:00,105115.42,105150.28,105108.24,105132.25,22.79419,2533.0
2025-06-13 08:29:00,105132.26,105137.94,105119.5,105119.5,7.69921,2183.0
2025-06-13 08:30:00,105119.5,105119.5,105070.04,105096.69,14.10572,1833.0
2025-06-13 08:31:00,105096.7,105126.32,105096.7,105116.73,19.91089,1905.0
2025-06-13 08:32:00,105116.72,105176.89,105101.0,105176.89,22.02915,3177.0
2025-06-13 08:33:00,105177.0,105223.89,105140.01,105156.45,23.20929,4553.0
2025-06-13 08:34:00,105156.46,105187.14,105129.79,105187.14,18.9811,2365.0
2025-06-13 08:35:00,105187.14,105220.98,105169.73,105189.06,28.60602,3775.0
2025-06-13 08:36:00,105189.05,105189.06,105071.71,105071.72,23.2975,3609.0
2025-06-13 08:37:00,105071.72,105089.4,105039.47,105076.0,30.45733,2977.0
2025-06-13 08:38:00,105076.0,105211.71,105076.0,105206.73,26.45033,4710.0
2025-06-13 08:39:00,105206.74,105206.74,105107.02,105111.2,15.26744,2449.0
2025-06-13 08:40:00,105111.21,105140.0,105037.45,105082.9,14.02735,3104.0
2025-06-13 08:41:00,105082.89,105082.89,105001.25,105001.25,8.7782,2426.0
2025-06-13 08:42:00,105001.25,105001.25,104930.94,104930.94,12.50952,3754.0
2025-06-13 08:43:00,104930.95,104936.0,104908.46,104920.94,12.1134,2125.0
2025-06-13 08:44:00,104920.95,104920.95,104920.94,104920.94,3.48435,287.0
2025-06-13 08:45:00,104920.95,104920.95,104736.21,104742.0,20.38868,5735.0
2025-06-13 08:46:00,104741.99,104898.69,104741.99,104898.68,13.0022,3985.0
2025-06-13 08:47:00,104898.69,104898.69,104822.84,104822.85,5.16211,2344.0
2025-06-13 08:48:00,104822.85,104865.79,104809.51,104854.0,6.97267,2752.0
2025-06-13 08:49:00,104853.99,104940.0,104853.99,104909.24,6.59831,2985.0
2025-06-13 08:50:00,104909.23,104909.23,104847.45,104898.03,5.67105,3411.0
2025-06-13 08:51:00,104898.03,104939.17,104867.48,104867.48,6.18186,2398.0
2025-06-13 08:52:00,104867.49,104892.0,104844.0,104879.09,5.78617,2291.0
2025-06-13 08:53:00,104879.09,104912.0,104866.76,104872.01,5.79659,2571.0
2025-06-13 08:54:00,104872.0,104872.0,104737.4,104752.45,8.79825,3065.0
2025-06-13 08:55:00,104752.45,104766.0,104690.85,104730.21,16.95063,3826.0
2025-06-13 08:56:00,104730.2,104758.67,104716.35,104740.28,9.87486,2485.0
2025-06-13 08:57:00,104740.27,104791.17,104740.27,104790.0,7.16777,2001.0
2025-06-13 08:58:00,104790.01,104812.0,104781.81,104812.0,10.8651,1194.0
2025-06-13 08:59:00,104812.0,104813.52,104739.44,104739.45,5.18629,1577.0
2025-06-13 09:00:00,104739.44,104760.0,104705.65,104733.68,15.35135,2118.0
2025-06-13 09:01:00,104733.68,104760.0,104714.42,104760.0,7.35801,2050.0
2025-06-13 09:02:00,104760.0,104760.0,104654.0,104681.22,13.25629,3666.0
2025-06-13 09:03:00,104681.22,104681.22,104640.43,104680.0,13.68915,1786.0
2025-06-13 09:04:00,104680.0,104697.4,104636.73,104673.71,18.9449,2999.0
2025-06-13 09:05:00,104673.7,104723.98,104652.92,104723.98,9.68582,2369.0
2025-06-13 09:06:00,104723.98,104762.1,104678.94,104752.2,8.99664,3308.0
2025-06-13 09:07:00,104752.21,104765.8,104725.5,104733.86,5.06367,2749.0
2025-06-13 09:08:00,104733.85,104760.0,104708.82,104736.63,8.42266,2296.0
2025-06-13 09:09:00,104736.62,104757.8,104692.99,104709.54,6.76602,2856.0
2025-06-13 09:10:00,104709.55,104721.98,104660.0,104660.01,8.22059,2261.0
2025-06-13 09:11:00,104660.0,104715.06,104659.08,104692.81,4.38662,2768.0
2025-06-13 09:12:00,104692.11,104708.97,104682.79,104708.0,3.60604,1643.0
2025-06-13 09:13:00,104708.0,104732.84,104636.6,104647.07,17.28331,4314.0
2025-06-13 09:14:00,104647.06,104712.23,104583.18,104712.23,12.58381,4773.0
2025-06-13 09:15:00,104712.23,104785.24,104672.07,104785.21,15.45425,3647.0
2025-06-13 09:16:00,104785.22,104785.22,104706.44,104725.28,12.9894,4122.0
2025-06-13 09:17:00,104725.27,104749.18,104652.22,104720.0,22.80376,3446.0
2025-06-13 09:18:00,104720.0,104720.0,104555.84,104570.72,90.83266,3500.0
2025-06-13 09:19:00,104570.73,104683.18,104570.72,104627.49,12.28665,4319.0
2025-06-13 09:20:00,104627.5,104673.0,104627.49,104667.5,23.24116,2492.0
2025-06-13 09:21:00,104667.5,104667.5,104616.8,104648.68,4.95315,3047.0
2025-06-13 09:22:00,104648.68,104701.04,104639.39,104639.4,7.71995,2470.0
2025-06-13 09:23:00,104639.39,104639.39,104514.21,104571.49,34.26142,3766.0
2025-06-13 09:24:00,104571.49,104619.82,104565.77,104584.01,4.69187,2317.0
2025-06-13 09:25:00,104584.01,104584.01,104500.0,104500.0,46.52025,2781.0
2025-06-13 09:26:00,104500.0,104618.01,104500.0,104618.01,9.15876,2700.0
2025-06-13 09:27:00,104618.0,104648.69,104563.99,104627.81,18.04188,2934.0
2025-06-13 09:28:00,104627.8,104705.12,104627.8,104705.11,8.0505,1273.0
2025-06-13 09:29:00,104705.12,104735.53,104692.63,104692.63,12.82908,2367.0
2025-06-13 09:30:00,104692.63,104772.85,104648.68,104762.31,25.3824,4079.0
2025-06-13 09:31:00,104762.31,104765.2,104692.11,104692.11,15.61744,2478.0
2025-06-13 09:32:00,104692.11,104702.6,104692.1,104701.5,4.84092,782.0
2025-06-13 09:33:00,104701.5,104716.84,104627.99,104692.1,19.01123,4696.0
2025-06-13 09:34:00,104692.1,104692.11,104648.68,104648.68,3.88083,1595.0
2025-06-13 09:35:00,104648.69,104648.69,104580.0,104580.0,7.79961,2880.0
2025-06-13 09:36:00,104580.01,104590.51,104539.62,104590.5,6.21783,1986.0
2025-06-13 09:37:00,104590.51,104648.69,104590.51,104599.0,5.18691,4156.0
2025-06-13 09:38:00,104599.0,104633.0,104583.5,104633.0,2.46042,1739.0
2025-06-13 09:39:00,104633.0,104681.09,104631.0,104681.09,5.75107,1618.0
2025-06-13 09:40:00,104681.1,104753.44,104681.1,104703.02,3.72616,2912.0
2025-06-13 09:41:00,104703.02,104703.03,104630.0,104653.16,5.51897,3158.0
2025-06-13 09:42:00,104653.16,104676.83,104624.0,104624.0,3.6339,1761.0
2025-06-13 09:43:00,104624.0,104624.0,104605.26,104620.28,3.69817,1129.0
2025-06-13 09:44:00,104620.29,104675.63,104620.29,104675.62,3.45236,1263.0
2025-06-13 09:45:00,104675.62,104730.86,104672.36,104672.36,4.46867,2742.0
2025-06-13 09:46:00,104672.36,104677.71,104660.0,104662.31,3.23781,1500.0
2025-06-13 09:47:00,104662.31,104664.5,104626.34,104632.99,3.40274,3111.0
2025-06-13 09:48:00,104632.99,104692.1,104632.99,104692.1,2.94034,2002.0
2025-06-13 09:49:00,104692.11,104692.11,104649.67,104673.5,11.95553,2589.0
2025-06-13 09:50:00,104673.5,104676.0,104656.99,104657.0,3.28446,1525.0
2025-06-13 09:51:00,104656.99,104676.0,104649.51,104652.0,3.82062,1697.0
2025-06-13 09:52:00,104652.01,104676.0,104633.31,104676.0,6.46269,2968.0
2025-06-13 09:53:00,104676.0,104735.53,104675.99,104735.52,3.76827,1845.0
2025-06-13 09:54:00,104735.52,104750.0,104712.48,104750.0,3.84264,1318.0
2025-06-13 09:55:00,104749.99,104837.56,104749.99,104837.56,7.51003,1757.0
2025-06-13 09:56:00,104837.56,104916.0,104837.55,104900.51,5.91316,3463.0
2025-06-13 09:57:00,104900.5,104911.5,104852.5,104860.5,5.79586,2205.0
2025-06-13 09:58:00,104860.49,104861.0,104813.39,104836.69,23.64072,2498.0
2025-06-13 09:59:00,104836.68,104836.69,104817.0,104830.36,4.8473,1042.0
2025-06-13 10:00:00,104830.36,104865.79,104821.99,104865.79,7.24516,3613.0
2025-06-13 10:01:00,104865.78,104865.79,104835.0,104846.48,5.33843,1611.0
2025-06-13 10:02:00,104846.49,104846.49,104700.75,104700.76,7.79361,3410.0
2025-06-13 10:03:00,104700.75,104709.0,104670.22,104670.23,5.98262,1960.0
2025-06-13 10:04:00,104670.23,104670.23,104628.0,104628.01,4.79715,1619.0
2025-06-13 10:05:00,104628.0,104628.0,104425.79,104470.89,52.32741,6846.0
2025-06-13 10:06:00,104470.88,104497.99,104464.57,104497.99,4.72112,2825.0
2025-06-13 10:07:00,104497.99,104555.29,104497.98,104529.83,6.51622,2317.0
2025-06-13 10:08:00,104529.83,104636.44,104529.83,104636.44,14.24379,2811.0
2025-06-13 10:09:00,104636.44,104659.04,104620.81,104657.53,4.95999,1581.0
2025-06-13 10:10:00,104657.54,104670.22,104657.53,104660.44,7.68558,1005.0
2025-06-13 10:11:00,104660.45,104778.95,104660.45,104778.94,9.00514,4651.0
2025-06-13 10:12:00,104778.95,104839.28,104748.0,104839.28,7.16913,3757.0
2025-06-13 10:13:00,104839.27,104864.0,104790.0,104790.0,15.68089,2672.0
2025-06-13 10:14:00,104790.0,104790.0,104692.1,104760.87,7.71193,3058.0
2025-06-13 10:15:00,104761.0,104819.91,104760.29,104764.26,11.22258,3361.0
2025-06-13 10:16:00,104764.25,104778.94,104704.57,104778.94,6.99882,3539.0
2025-06-13 10:17:00,104778.94,104778.94,104604.61,104628.0,10.4975,4257.0
2025-06-13 10:18:00,104627.99,104750.0,104627.99,104720.03,5.59075,2881.0
2025-06-13 10:19:00,104720.03,104720.04,104648.68,104666.99,5.41748,2436.0
2025-06-13 10:20:00,104667.0,104692.1,104609.16,104609.16,6.83245,3005.0
2025-06-13 10:21:00,104609.16,104628.5,104605.94,104620.99,5.91704,1670.0
2025-06-13 10:22:00,104620.99,104676.0,104620.99,104648.69,5.34741,2252.0
2025-06-13 10:23:00,104648.69,104673.0,104648.68,104672.99,1.13321,810.0
2025-06-13 10:24:00,104673.0,104686.8,104659.16,104659.17,3.57175,1889.0
2025-06-13 10:25:00,104659.16,104668.5,104648.68,104648.68,2.88901,1372.0
2025-06-13 10:26:00,104648.68,104668.08,104633.0,104633.0,4.95545,2103.0
2025-06-13 10:27:00,104633.01,104703.96,104633.0,104660.0,5.16926,2965.0
2025-06-13 10:28:00,104660.0,104693.05,104656.0,104692.11,3.11999,1187.0
2025-06-13 10:29:00,104692.1,104704.64,104664.0,104664.0,5.52892,1826.0
2025-06-13 10:30:00,104664.0,104664.0,104614.2,104622.0,3.81681,2069.0
2025-06-13 10:31:00,104622.0,104639.92,104611.34,104615.99,4.22092,1553.0
2025-06-13 10:32:00,104616.0,104633.0,104601.0,104601.0,2.26586,1232.0
2025-06-13 10:33:00,104601.01,104601.01,104518.42,104536.72,4.70682,2688.0
2025-06-13 10:34:00,104536.72,104689.95,104536.71,104661.36,5.93894,3202.0
2025-06-13 10:35:00,104661.36,104704.41,104661.35,104704.41,5.36496,2212.0
2025-06-13 10:36:00,104704.4,104735.53,104704.4,104735.52,1.64134,898.0
2025-06-13 10:37:00,104735.53,104735.53,104689.65,104689.65,5.11082,1694.0
2025-06-13 10:38:00,104689.65,104689.66,104638.59,104657.49,4.27758,2317.0
2025-06-13 10:39:00,104657.5,104810.77,104615.13,104790.82,57.85078,4818.0
2025-06-13 10:40:00,104790.83,104820.66,104790.82,104820.65,9.44223,1770.0
2025-06-13 10:41:00,104820.66,104839.0,104802.36,104807.83,7.8709,2037.0
2025-06-13 10:42:00,104807.82,104810.86,104778.94,104810.86,5.17946,2442.0
2025-06-13 10:43:00,104810.86,104833.79,104810.85,104823.57,5.48525,1709.0
2025-06-13 10:44:00,104823.57,104823.57,104774.98,104774.98,2.28522,1887.0
2025-06-13 10:45:00,104774.99,104841.92,104774.98,104841.92,5.96774,2038.0
2025-06-13 10:46:00,104841.92,104841.92,104796.01,104796.02,2.46178,1311.0
2025-06-13 10:47:00,104796.01,104842.93,104781.47,104822.37,4.06249,2232.0
2025-06-13 10:48:00,104822.37,104822.37,104723.4,104723.41,5.27425,2617.0
2025-06-13 10:49:00,104723.4,104739.43,104660.0,104660.01,2.81726,2016.0
2025-06-13 10:50:00,104660.0,104701.0,104611.02,104628.75,14.5361,3423.0
2025-06-13 10:51:00,104628.75,104676.69,104623.92,104662.63,3.37981,2000.0
2025-06-13 10:52:00,104662.63,104700.0,104662.62,104699.99,2.46094,1163.0
2025-06-13 10:53:00,104700.0,104708.0,104692.1,104707.99,2.92762,1025.0
2025-06-13 10:54:00,104707.99,104759.99,104707.99,104759.99,2.93185,1173.0
2025-06-13 10:55:00,104759.99,104812.26,104759.99,104791.0,4.05362,1900.0
2025-06-13 10:56:00,104791.01,104846.15,104791.0,104846.15,4.95295,1734.0
2025-06-13 10:57:00,104846.15,104871.98,104839.99,104867.33,19.34043,2509.0
2025-06-13 10:58:00,104867.34,104925.1,104867.33,104911.86,68.62829,1289.0
2025-06-13 10:59:00,104911.86,104911.86,104874.0,104874.01,16.45438,1588.0
2025-06-13 11:00:00,104874.0,104908.0,104874.0,104898.5,6.02672,1536.0
2025-06-13 11:01:00,104898.51,104898.51,104804.51,104804.52,8.43257,2352.0
2025-06-13 11:02:00,104804.52,104850.34,104804.51,104850.34,4.30704,1591.0
2025-06-13 11:03:00,104850.34,104851.5,104822.36,104832.85,4.32549,1128.0
2025-06-13 11:04:00,104832.84,104945.36,104828.0,104945.36,7.15949,3387.0
2025-06-13 11:05:00,104945.36,104950.0,104925.4,104925.5,4.53497,1755.0
2025-06-13 11:06:00,104925.51,104925.51,104896.5,104919.43,7.73415,2595.0
2025-06-13 11:07:00,104919.43,104950.0,104919.42,104949.99,3.23326,1378.0
2025-06-13 11:08:00,104950.0,105045.79,104949.99,105045.79,23.85516,3410.0
2025-06-13 11:09:00,105045.79,105045.79,105016.99,105018.01,18.5106,3361.0
2025-06-13 11:10:00,105018.01,105030.0,105018.01,105023.5,8.50184,1064.0
2025-06-13 11:11:00,105023.01,105023.01,104952.63,104952.64,6.29711,2585.0
2025-06-13 11:12:00,104952.63,104952.64,104874.51,104878.49,8.68278,3538.0
2025-06-13 11:13:00,104878.5,104878.5,104811.03,104817.45,5.21656,2071.0
2025-06-13 11:14:00,104817.45,104855.93,104810.38,104855.92,2.66867,1533.0
2025-06-13 11:15:00,104855.93,104919.24,104855.92,104889.57,5.65692,2306.0
2025-06-13 11:16:00,104889.58,104889.58,104855.92,104856.0,3.71788,1498.0
2025-06-13 11:17:00,104855.99,104856.0,104776.06,104813.5,18.6803,3474.0
2025-06-13 11:18:00,104813.5,104858.39,104813.49,104849.49,6.82679,2408.0
2025-06-13 11:19:00,104849.49,104887.68,104833.79,104860.0,6.72204,3098.0
2025-06-13 11:20:00,104860.0,104874.5,104836.5,104836.5,3.55717,2048.0
2025-06-13 11:21:00,104836.5,104845.5,104776.09,104779.99,71.18896,2372.0
2025-06-13 11:22:00,104780.0,104813.5,104780.0,104813.49,4.0094,1855.0
2025-06-13 11:23:00,104813.5,104832.93,104786.89,104786.89,4.88821,1663.0
2025-06-13 11:24:00,104786.89,104801.0,104756.01,104799.74,7.27293,3100.0
2025-06-13 11:25:00,104799.51,104803.5,104796.08,104797.87,2.28341,1007.0
2025-06-13 11:26:00,104797.87,104797.88,104721.28,104721.29,2.91929,2075.0
2025-06-13 11:27:00,104721.28,104727.0,104708.9,104727.0,2.79068,1390.0
2025-06-13 11:28:00,104727.35,104748.2,104698.71,104710.46,13.10025,2318.0
2025-06-13 11:29:00,104710.47,104742.98,104710.46,104742.98,1.35802,1305.0
2025-06-13 11:30:00,104742.98,104804.17,104730.0,104804.17,6.15448,3187.0
2025-06-13 11:31:00,104804.17,104865.25,104804.16,104855.38,10.68444,3197.0
2025-06-13 11:32:00,104855.39,104867.0,104821.66,104821.66,7.96699,2197.0
2025-06-13 11:33:00,104821.66,104821.67,104719.79,104719.8,11.41115,2867.0
2025-06-13 11:34:00,104719.8,104719.8,104648.68,104665.5,7.88947,2224.0
2025-06-13 11:35:00,104665.5,104774.01,104665.5,104764.0,8.95486,3038.0
2025-06-13 11:36:00,104764.0,104811.21,104764.0,104811.2,2.03604,1400.0
2025-06-13 11:37:00,104811.21,104832.82,104763.59,104763.59,7.23205,2073.0
2025-06-13 11:38:00,104763.6,104763.6,104643.91,104643.91,10.60152,2348.0
2025-06-13 11:39:00,104643.91,104731.53,104640.0,104731.53,8.33675,2771.0
2025-06-13 11:40:00,104731.52,104800.0,104731.52,104757.07,7.59197,2907.0
2025-06-13 11:41:00,104757.07,104757.08,104738.5,104738.51,2.41186,704.0
2025-06-13 11:42:00,104738.5,104784.51,104738.5,104767.95,3.17594,1744.0
2025-06-13 11:43:00,104767.96,104878.4,104767.96,104878.4,8.94221,3033.0
2025-06-13 11:44:00,104878.39,104907.89,104875.45,104907.89,7.47558,2211.0
2025-06-13 11:45:00,104907.88,104914.95,104907.88,104914.95,2.831,583.0
2025-06-13 11:46:00,104915.74,104935.36,104915.74,104935.36,5.08607,725.0
2025-06-13 11:47:00,104935.35,104935.36,104909.21,104924.35,5.16241,1721.0
2025-06-13 11:48:00,104924.35,104924.35,104898.74,104908.25,9.01823,956.0
2025-06-13 11:49:00,104908.24,104908.25,104892.26,104892.27,3.93146,1150.0
2025-06-13 11:50:00,104892.26,104892.26,104840.02,104857.63,4.68954,1790.0
2025-06-13 11:51:00,104857.64,104930.41,104857.63,104918.0,5.65023,2743.0
2025-06-13 11:52:00,104918.0,104918.92,104901.03,104903.94,3.54201,1491.0
2025-06-13 11:53:00,104903.94,104930.03,104903.93,104930.03,1.80201,1099.0
2025-06-13 11:54:00,104930.03,105045.79,104923.76,105045.78,45.16629,3634.0
2025-06-13 11:55:00,105045.79,105045.79,105019.29,105022.28,22.0449,2188.0
2025-06-13 11:56:00,105022.29,105022.29,104974.37,104974.38,14.71348,2949.0
2025-06-13 11:57:00,104974.38,104987.27,104952.63,104987.27,4.85302,2076.0
2025-06-13 11:58:00,104987.27,104995.57,104980.0,104989.99,2.4638,816.0
2025-06-13 11:59:00,104989.98,105039.48,104989.98,105039.48,6.23242,2064.0
2025-06-13 12:00:00,105039.48,105039.48,105010.35,105018.37,4.21065,1421.0
2025-06-13 12:01:00,105018.38,105018.38,104952.64,104952.65,8.1817,1954.0
2025-06-13 12:02:00,104952.65,104996.06,104935.87,104996.06,8.21004,1997.0
2025-06-13 12:03:00,104996.06,105036.2,104996.05,105015.39,9.97391,2363.0
2025-06-13 12:04:00,105015.39,105066.66,105006.83,105041.44,40.1525,3724.0
2025-06-13 12:05:00,105041.77,105066.34,105003.01,105003.01,24.80824,2470.0
2025-06-13 12:06:00,105003.02,105012.28,104996.05,105012.28,14.16537,1398.0
2025-06-13 12:07:00,105012.28,105080.66,105012.27,105017.97,32.08047,5108.0
2025-06-13 12:08:00,105017.96,105056.01,104961.39,105047.12,16.16334,3525.0
2025-06-13 12:09:00,105047.11,105082.9,105047.11,105082.9,5.38794,2609.0
2025-06-13 12:10:00,105082.9,105126.32,105082.89,105100.26,14.47068,3027.0
2025-06-13 12:11:00,105100.25,105105.5,105074.37,105105.5,5.30998,1996.0
2025-06-13 12:12:00,105105.49,105140.0,105102.59,105140.0,10.44747,5289.0
2025-06-13 12:13:00,105140.0,105169.74,105126.31,105169.74,20.01626,2173.0
2025-06-13 12:14:00,105169.73,105183.21,105169.73,105180.22,3.91438,2013.0
2025-06-13 12:15:00,105180.23,105240.0,105180.22,105213.99,22.15437,4213.0
2025-06-13 12:16:00,105213.99,105290.14,105188.93,105256.04,25.92279,4182.0
2025-06-13 12:17:00,105256.03,105259.72,105110.41,105110.41,13.14056,4965.0
2025-06-13 12:18:00,105110.41,105110.42,105007.29,105059.91,37.93578,3608.0
2025-06-13 12:19:00,105059.9,105059.9,105000.0,105008.72,7.22859,3693.0
2025-06-13 12:20:00,105008.81,105082.9,104984.49,105021.11,10.71022,5253.0
2025-06-13 12:21:00,105021.11,105058.62,104980.85,105058.62,9.95862,4120.0
2025-06-13 12:22:00,105058.62,105113.78,105035.82,105071.77,71.74594,4433.0
2025-06-13 12:23:00,105071.77,105080.87,104994.76,105014.47,14.78258,3566.0
2025-06-13 12:24:00,105014.46,105130.93,105014.46,105070.0,23.46437,4113.0
2025-06-13 12:25:00,105070.0,105137.06,105029.93,105137.05,7.9603,4844.0
2025-06-13 12:26:00,105137.06,105150.51,105064.27,105124.45,13.97189,4177.0
2025-06-13 12:27:00,105124.44,105136.77,105089.6,105096.38,24.67147,3656.0
2025-06-13 12:28:00,105096.38,105107.99,105065.71,105094.02,4.37297,2855.0
2025-06-13 12:29:00,105094.02,105104.91,105044.83,105049.99,7.99061,3765.0
2025-06-13 12:30:00,105050.0,105073.82,105039.47,105064.88,4.11552,2953.0
2025-06-13 12:31:00,105066.35,105116.44,105064.0,105116.44,4.21828,2759.0
2025-06-13 12:32:00,105116.44,105180.0,105110.79,105180.0,14.49489,3203.0
2025-06-13 12:33:00,105179.99,105180.0,105100.0,105100.0,9.44786,3835.0
2025-06-13 12:34:00,105100.0,105100.0,105008.8,105008.81,16.79609,3942.0
2025-06-13 12:35:00,105008.81,105081.8,105008.8,105081.8,5.65833,2473.0
2025-06-13 12:36:00,105081.8,105081.8,104973.78,104973.79,11.7552,3266.0
2025-06-13 12:37:00,104973.79,105000.0,104973.78,104996.05,4.13934,688.0
2025-06-13 12:38:00,104996.06,104996.07,104975.0,104975.72,7.29293,1554.0
2025-06-13 12:39:00,104975.72,104995.86,104945.84,104962.24,7.20211,3286.0
2025-06-13 12:40:00,104962.24,105020.0,104962.23,105000.81,21.27734,3309.0
2025-06-13 12:41:00,105000.81,105050.56,104996.05,105050.55,6.86894,1641.0
2025-06-13 12:42:00,105050.55,105050.56,104998.67,104998.67,4.79249,1913.0
2025-06-13 12:43:00,104998.67,104998.67,104961.21,104976.35,6.02772,3481.0
2025-06-13 12:44:00,104976.34,104976.34,104909.21,104909.21,9.43489,3479.0
2025-06-13 12:45:00,104909.21,104990.41,104909.21,104970.0,23.71895,2468.0
2025-06-13 12:46:00,104970.0,104990.4,104914.71,104944.01,8.20078,3289.0
2025-06-13 12:47:00,104944.01,104964.37,104920.66,104964.36,9.78633,1589.0
2025-06-13 12:48:00,104964.37,104996.05,104936.93,104950.0,9.87066,2236.0
2025-06-13 12:49:00,104950.0,105012.33,104936.29,105000.82,6.6929,2142.0
2025-06-13 12:50:00,105000.81,105018.0,104976.0,104976.01,5.05218,2364.0
2025-06-13 12:51:00,104976.0,104976.01,104908.43,104933.48,8.40771,3053.0
2025-06-13 12:52:00,104933.48,104933.49,104888.01,104888.02,12.66216,2910.0
2025-06-13 12:53:00,104888.02,104909.23,104865.23,104865.24,4.48454,1691.0
2025-06-13 12:54:00,104865.23,104885.61,104865.23,104885.6,4.26647,1131.0
2025-06-13 12:55:00,104885.61,104919.18,104885.61,104893.11,9.80378,1450.0
2025-06-13 12:56:00,104893.1,104893.11,104865.78,104865.78,4.77999,843.0
2025-06-13 12:57:00,104865.79,104900.0,104861.78,104861.78,4.4858,1450.0
2025-06-13 12:58:00,104861.78,104861.79,104822.36,104839.8,6.43493,1764.0
2025-06-13 12:59:00,104839.8,104852.29,104839.8,104852.29,3.14853,419.0
2025-06-13 13:00:00,104852.28,104859.53,104830.9,104859.0,6.73311,2572.0
2025-06-13 13:01:00,104859.0,104895.0,104838.52,104838.52,7.05045,2148.0
2025-06-13 13:02:00,104838.53,104838.53,104801.34,104816.53,7.29424,2403.0
2025-06-13 13:03:00,104816.52,104854.77,104816.52,104822.36,5.56078,1958.0
2025-06-13 13:04:00,104822.37,104875.74,104822.36,104875.74,6.12331,1865.0
2025-06-13 13:05:00,104875.74,104875.74,104785.19,104835.49,76.76388,3300.0
2025-06-13 13:06:00,104835.5,104835.5,104786.96,104797.05,7.45977,1458.0
2025-06-13 13:07:00,104797.06,104797.06,104761.64,104773.93,13.77735,1473.0
2025-06-13 13:08:00,104773.94,104844.27,104773.94,104783.8,14.02278,2381.0
2025-06-13 13:09:00,104783.8,104783.8,104756.57,104779.99,4.93464,1585.0
2025-06-13 13:10:00,104779.99,104844.24,104779.98,104816.54,8.58849,1866.0
2025-06-13 13:11:00,104816.54,104819.52,104795.63,104795.64,6.03742,1626.0
2025-06-13 13:12:00,104795.64,104795.65,104764.27,104783.64,6.43511,1327.0
2025-06-13 13:13:00,104783.64,104795.64,104769.85,104769.86,8.54817,1486.0
2025-06-13 13:14:00,104769.85,104822.37,104769.85,104810.22,5.14345,1582.0
2025-06-13 13:15:00,104810.22,104811.26,104791.15,104810.99,5.11372,1438.0
2025-06-13 13:16:00,104810.99,104887.9,104810.99,104887.89,5.17009,1252.0
2025-06-13 13:17:00,104887.9,104887.9,104784.32,104784.33,4.99003,2766.0
2025-06-13 13:18:00,104784.32,104784.32,104721.05,104735.52,17.89273,3939.0
2025-06-13 13:19:00,104735.53,104795.5,104733.6,104778.47,10.16315,2163.0
2025-06-13 13:20:00,104778.47,104795.5,104756.0,104785.59,5.81073,1729.0
2025-06-13 13:21:00,104785.03,104816.05,104781.45,104786.54,6.59263,2052.0
2025-06-13 13:22:00,104786.53,104809.42,104750.0,104759.99,5.99595,2789.0
2025-06-13 13:23:00,104760.0,104802.37,104759.99,104786.81,6.21065,1996.0
2025-06-13 13:24:00,104786.8,104786.8,104735.52,104749.74,6.85777,2700.0
2025-06-13 13:25:00,104749.74,104797.56,104735.52,104795.49,6.5546,3300.0
2025-06-13 13:26:00,104795.49,104892.15,104795.49,104892.14,11.76089,2113.0
2025-06-13 13:27:00,104892.14,104892.15,104827.17,104827.17,8.62081,1494.0
2025-06-13 13:28:00,104827.18,104927.68,104823.51,104823.51,8.22741,3697.0
2025-06-13 13:29:00,104823.52,104880.0,104822.36,104851.15,4.85975,3080.0
2025-06-13 13:30:00,104851.14,104859.6,104754.22,104830.01,11.53961,6830.0
2025-06-13 13:31:00,104830.0,105019.54,104827.68,104996.06,20.63787,7353.0
2025-06-13 13:32:00,104996.06,105012.82,104868.11,104910.42,14.73764,6300.0
2025-06-13 13:33:00,104910.5,104952.64,104720.02,104720.02,8.26185,7074.0
2025-06-13 13:34:00,104720.02,104822.37,104683.06,104815.98,14.95992,6034.0
2025-06-13 13:35:00,104815.98,104901.7,104778.95,104897.16,8.8911,8081.0
2025-06-13 13:36:00,104897.16,105142.13,104895.42,105090.43,17.20657,9743.0
2025-06-13 13:37:00,105090.42,105123.24,105000.0,105049.98,16.83252,7681.0
2025-06-13 13:38:00,105049.98,105104.2,105000.0,105104.2,7.49335,4075.0
2025-06-13 13:39:00,105106.18,105300.0,105106.18,105250.0,20.18472,7407.0
2025-06-13 13:40:00,105250.01,105300.0,105221.06,105231.28,13.18957,3567.0
2025-06-13 13:41:00,105231.27,105260.0,105169.73,105202.6,30.57486,5076.0
2025-06-13 13:42:00,105202.6,105256.58,105149.99,105239.99,32.50028,7052.0
2025-06-13 13:43:00,105240.0,105280.45,105192.13,105234.0,72.19211,8513.0
2025-06-13 13:44:00,105234.0,105272.0,105193.76,105227.3,34.96652,5497.0
2025-06-13 13:45:00,105227.3,105235.8,104982.55,105011.02,24.58739,12095.0
2025-06-13 13:46:00,105011.02,105148.72,104987.46,105108.23,9.89288,7661.0
2025-06-13 13:47:00,105108.23,105114.0,104964.91,105000.7,55.87347,8385.0
2025-06-13 13:48:00,105000.71,105069.86,104996.05,105020.58,8.97423,5069.0
2025-06-13 13:49:00,105020.59,105100.0,104996.05,105056.66,12.11659,5848.0
2025-06-13 13:50:00,105056.65,105056.65,104964.79,104989.73,19.73286,6617.0
2025-06-13 13:51:00,104989.73,105108.0,104989.73,105001.17,14.7946,7785.0
2025-06-13 13:52:00,105001.17,105043.56,104980.4,104980.4,15.58815,4617.0
2025-06-13 13:53:00,104980.4,105018.84,104841.05,104842.92,10.77927,5467.0
2025-06-13 13:54:00,104842.93,104842.93,104744.03,104765.11,17.98151,5581.0
2025-06-13 13:55:00,104765.11,104816.29,104758.96,104807.84,9.13324,3715.0
2025-06-13 13:56:00,104807.83,104813.05,104716.65,104762.91,7.85315,3598.0
2025-06-13 13:57:00,104762.9,104812.07,104720.0,104728.63,6.05881,4366.0
2025-06-13 13:58:00,104728.62,104728.63,104681.5,104688.01,4.36343,1784.0
2025-06-13 13:59:00,104688.01,104732.44,104674.14,104732.44,12.68332,2280.0
2025-06-13 14:00:00,104732.82,104992.17,104732.82,104840.46,126.91662,13241.0
2025-06-13 14:01:00,104840.46,104876.9,104778.94,104817.1,8.88153,6820.0
2025-06-13 14:02:00,104817.95,104836.92,104726.37,104793.17,9.86684,5799.0
2025-06-13 14:03:00,104793.16,104866.44,104740.7,104745.0,13.08804,6459.0
2025-06-13 14:04:00,104744.99,104744.99,104568.0,104596.26,66.70818,9435.0
2025-06-13 14:05:00,104596.27,104637.35,104566.41,104579.48,11.81186,6727.0
2025-06-13 14:06:00,104579.49,104673.3,104551.16,104641.03,11.18576,5889.0
2025-06-13 14:07:00,104640.88,104640.88,104506.37,104579.08,31.49123,6779.0
2025-06-13 14:08:00,104579.07,104624.46,104508.0,104527.59,13.90465,4846.0
2025-06-13 14:09:00,104527.59,104625.62,104500.0,104625.62,14.48277,5651.0
2025-06-13 14:10:00,104625.62,104628.4,104474.99,104478.01,25.61063,6018.0
2025-06-13 14:11:00,104478.0,104487.91,104438.5,104449.04,21.49377,3862.0
2025-06-13 14:12:00,104449.04,104475.0,104392.86,104456.0,22.57869,3607.0
2025-06-13 14:13:00,104456.0,104557.85,104421.37,104550.01,9.87477,4905.0
2025-06-13 14:14:00,104550.01,104590.46,104515.06,104548.38,16.2248,5152.0
2025-06-13 14:15:00,104548.38,104548.38,104431.57,104478.84,22.72413,4824.0
2025-06-13 14:16:00,104478.84,104478.85,104293.16,104425.43,24.30832,7209.0
2025-06-13 14:17:00,104425.43,104496.0,104400.9,104475.0,7.72452,5863.0
2025-06-13 14:18:00,104474.03,104534.46,104441.44,104526.49,10.44386,6755.0
2025-06-13 14:19:00,104526.88,104533.93,104441.06,104446.8,10.54676,5164.0
2025-06-13 14:20:00,104446.81,104474.2,104336.68,104336.69,11.61388,4148.0
2025-06-13 14:21:00,104336.69,104417.95,104264.0,104283.8,60.17127,6648.0
2025-06-13 14:22:00,104283.8,104335.46,104266.26,104292.81,18.48175,4681.0
2025-06-13 14:23:00,104292.8,104363.18,104272.14,104352.67,32.18001,5141.0
2025-06-13 14:24:00,104352.66,104388.16,104319.87,104345.26,9.59035,4705.0
2025-06-13 14:25:00,104345.27,104372.74,104257.77,104366.02,12.23297,5681.0
2025-06-13 14:26:00,104366.02,104412.93,104353.66,104378.71,19.86715,3839.0
2025-06-13 14:27:00,104379.0,104419.59,104322.68,104322.68,30.10187,4005.0
2025-06-13 14:28:00,104322.68,104322.68,104155.49,104176.49,68.2562,7993.0
2025-06-13 14:29:00,104176.48,104219.9,104154.81,104157.01,21.52054,2598.0
2025-06-13 14:30:00,104157.01,104209.35,104118.0,104203.99,23.78738,4692.0
2025-06-13 14:31:00,104203.99,104284.0,104200.26,104280.0,8.51441,4618.0
2025-06-13 14:32:00,104280.0,104352.87,104279.99,104352.86,8.24362,3231.0
2025-06-13 14:33:00,104352.86,104387.75,104351.25,104356.71,14.97572,3320.0
2025-06-13 14:34:00,104356.72,104388.16,104356.71,104366.41,4.56938,2048.0
2025-06-13 14:35:00,104366.41,104366.42,104264.34,104286.28,17.19756,3830.0
2025-06-13 14:36:00,104286.29,104384.1,104270.24,104384.09,11.56098,4109.0
2025-06-13 14:37:00,104384.1,104529.19,104384.1,104509.8,23.08115,4668.0
2025-06-13 14:38:00,104509.8,104560.0,104507.95,104544.33,14.29263,4350.0
2025-06-13 14:39:00,104544.33,104599.53,104540.0,104574.63,16.08766,3845.0
2025-06-13 14:40:00,104574.63,104598.46,104574.63,104583.74,6.18984,1945.0
2025-06-13 14:41:00,104583.75,104583.75,104434.33,104484.99,7.86751,4372.0
2025-06-13 14:42:00,104484.99,104742.69,104484.99,104704.71,31.04044,8891.0
2025-06-13 14:43:00,104704.71,104704.72,104628.0,104628.0,8.2311,3570.0
2025-06-13 14:44:00,104628.01,104661.35,104587.62,104661.35,4.65295,2977.0
2025-06-13 14:45:00,104661.35,104696.53,104620.0,104641.72,18.76394,3447.0
2025-06-13 14:46:00,104641.73,104700.0,104600.03,104610.3,10.71244,4768.0
2025-06-13 14:47:00,104610.29,104610.3,104512.71,104566.03,8.06006,3924.0
2025-06-13 14:48:00,104567.08,104656.97,104554.16,104571.31,7.60943,5435.0
2025-06-13 14:49:00,104571.3,104620.19,104488.12,104571.16,8.08182,5202.0
2025-06-13 14:50:00,104571.16,104571.16,104502.79,104535.31,5.39271,4603.0
2025-06-13 14:51:00,104535.32,104605.27,104535.32,104604.0,5.72546,3808.0
2025-06-13 14:52:00,104604.0,104648.69,104590.32,104632.01,9.60165,3464.0
2025-06-13 14:53:00,104632.0,104723.7,104632.0,104695.72,23.09588,4501.0
2025-06-13 14:54:00,104695.72,104747.5,104668.55,104747.49,13.14068,4177.0
2025-06-13 14:55:00,104747.5,104865.79,104747.5,104865.79,17.69105,5864.0
2025-06-13 14:56:00,104865.79,104909.22,104856.0,104880.45,8.41881,4227.0
2025-06-13 14:57:00,104880.46,104908.39,104855.8,104882.0,7.88149,3293.0
2025-06-13 14:58:00,104882.0,104984.81,104881.99,104973.9,20.73975,4245.0
2025-06-13 14:59:00,104973.9,105011.76,104970.0,104970.74,8.6141,3671.0
2025-06-13 15:00:00,104970.74,105086.75,104970.74,105068.0,19.25892,4981.0
2025-06-13 15:01:00,105067.99,105100.0,105047.03,105078.08,9.09797,3779.0
2025-06-13 15:02:00,105078.07,105087.51,104982.38,105019.99,13.22605,4585.0
2025-06-13 15:03:00,105019.99,105020.0,104865.78,104874.7,12.41817,4450.0
2025-06-13 15:04:00,104874.69,104902.99,104860.0,104874.17,7.43384,3449.0
2025-06-13 15:05:00,104874.17,104969.66,104865.78,104969.66,6.07551,2805.0
2025-06-13 15:06:00,104969.66,105035.3,104960.42,104987.18,8.13407,5433.0
2025-06-13 15:07:00,104987.17,105169.74,104980.0,105163.99,15.54356,5550.0
2025-06-13 15:08:00,105163.99,105220.0,105159.49,105211.71,17.40762,4918.0
2025-06-13 15:09:00,105211.72,105400.0,105194.73,105359.99,48.76883,8511.0
2025-06-13 15:10:00,105359.99,105412.0,105300.0,105322.52,39.04908,5707.0
2025-06-13 15:11:00,105322.52,105345.54,105250.01,105283.41,26.19224,5529.0
2025-06-13 15:12:00,105283.42,105379.88,105280.0,105379.87,37.8938,4780.0
2025-06-13 15:13:00,105379.87,105484.85,105344.99,105475.0,67.84377,5606.0
2025-06-13 15:14:00,105474.99,105494.95,105405.9,105477.96,24.02081,4147.0
2025-06-13 15:15:00,105477.96,105483.24,105373.95,105373.95,24.04227,4460.0
2025-06-13 15:16:00,105373.96,105431.95,105343.06,105431.94,20.12389,5428.0
2025-06-13 15:17:00,105431.94,105484.36,105407.03,105447.99,14.34503,6789.0
2025-06-13 15:18:00,105447.99,105504.67,105404.27,105481.95,28.21108,8091.0
2025-06-13 15:19:00,105481.95,105481.95,105387.14,105452.99,13.34258,5955.0
2025-06-13 15:20:00,105453.0,105595.96,105422.83,105595.96,72.67824,7974.0
2025-06-13 15:21:00,105595.96,105606.06,105569.87,105588.0,24.11562,3979.0
2025-06-13 15:22:00,105588.0,105616.16,105476.76,105616.15,35.92329,6522.0
2025-06-13 15:23:00,105616.15,105747.47,105601.42,105620.01,114.46573,11177.0
2025-06-13 15:24:00,105620.0,105644.0,105500.0,105506.55,17.41893,7184.0
2025-06-13 15:25:00,105506.55,105700.0,105485.29,105651.86,28.76386,7415.0
2025-06-13 15:26:00,105651.86,105651.87,105553.12,105610.39,17.427,6640.0
2025-06-13 15:27:00,105610.38,105672.58,105554.0,105646.98,16.34281,5723.0
2025-06-13 15:28:00,105646.97,105646.97,105536.0,105536.0,5.49908,4593.0
2025-06-13 15:29:00,105536.0,105634.0,105534.2,105633.99,10.62502,4940.0
2025-06-13 15:30:00,105633.99,105640.95,105564.91,105621.7,18.57114,4954.0
2025-06-13 15:31:00,105621.71,105672.95,105610.37,105630.81,10.71415,5849.0
2025-06-13 15:32:00,105630.8,105661.77,105611.06,105624.01,14.25231,5386.0
2025-06-13 15:33:00,105624.0,105659.68,105581.25,105606.95,10.42609,3554.0
2025-06-13 15:34:00,105606.95,105676.0,105585.07,105616.93,11.00111,5574.0
2025-06-13 15:35:00,105616.93,105656.0,105529.41,105604.88,13.13118,5655.0
2025-06-13 15:36:00,105604.88,105632.46,105550.64,105600.01,10.60819,3803.0
2025-06-13 15:37:00,105600.01,105689.8,105572.0,105572.0,11.93406,3523.0
2025-06-13 15:38:00,105572.0,105638.73,105544.0,105595.83,8.64247,6415.0
2025-06-13 15:39:00,105595.82,105661.76,105500.0,105573.52,13.00521,6365.0
2025-06-13 15:40:00,105573.52,105654.57,105560.0,105639.99,12.12898,5778.0
2025-06-13 15:41:00,105640.0,105680.0,105597.91,105661.99,30.4423,5156.0
2025-06-13 15:42:00,105662.0,105674.0,105611.62,105611.63,9.55853,2325.0
2025-06-13 15:43:00,105611.62,105612.2,105573.52,105607.37,9.09136,3872.0
2025-06-13 15:44:00,105607.38,105679.59,105607.38,105658.0,7.63731,3804.0
2025-06-13 15:45:00,105658.01,105705.89,105657.99,105676.03,11.57579,2095.0
2025-06-13 15:46:00,105676.03,105676.03,105525.09,105609.99,23.57706,6402.0
2025-06-13 15:47:00,105609.99,105610.0,105541.06,105573.14,9.619,4601.0
2025-06-13 15:48:00,105573.14,105641.23,105573.14,105601.98,7.09945,4619.0
2025-06-13 15:49:00,105601.98,105634.82,105575.55,105601.99,5.14253,4346.0
2025-06-13 15:50:00,105601.99,105661.77,105601.99,105624.79,8.35262,3154.0
2025-06-13 15:51:00,105624.8,105653.73,105561.72,105609.68,8.67269,4423.0
2025-06-13 15:52:00,105609.67,105661.76,105600.0,105623.75,7.12525,5159.0
2025-06-13 15:53:00,105623.75,105655.73,105605.45,105605.46,4.89046,2977.0
2025-06-13 15:54:00,105605.45,105614.0,105545.28,105545.29,8.21344,2743.0
2025-06-13 15:55:00,105545.28,105545.28,105320.71,105330.34,19.98049,7380.0
2025-06-13 15:56:00,105330.34,105352.95,105272.66,105334.45,19.65101,3632.0
2025-06-13 15:57:00,105334.45,105373.96,105314.83,105373.95,6.16701,2295.0
2025-06-13 15:58:00,105373.95,105475.78,105373.95,105407.54,8.32949,3883.0
2025-06-13 15:59:00,105407.54,105436.87,105388.44,105436.87,5.52364,1566.0
2025-06-13 16:00:00,105436.87,105452.64,105397.05,105397.06,6.2825,2911.0
2025-06-13 16:01:00,105397.05,105397.05,105308.83,105344.01,8.26424,3985.0
2025-06-13 16:02:00,105344.01,105390.0,105344.0,105373.95,4.03579,2574.0
2025-06-13 16:03:00,105373.96,105400.0,105358.01,105400.0,4.19478,1969.0
2025-06-13 16:04:00,105399.99,105463.55,105399.99,105440.0,6.59645,2071.0
2025-06-13 16:05:00,105440.0,105496.24,105425.36,105491.99,15.92089,2766.0
2025-06-13 16:06:00,105492.0,105522.58,105464.59,105522.57,8.53026,2695.0
2025-06-13 16:07:00,105522.58,105559.55,105522.57,105546.01,12.62598,3928.0
2025-06-13 16:08:00,105546.01,105554.54,105514.56,105514.57,5.41294,2383.0
2025-06-13 16:09:00,105514.57,105547.33,105512.0,105512.01,5.31437,3304.0
2025-06-13 16:10:00,105512.0,105617.65,105512.0,105577.99,12.97126,4583.0
2025-06-13 16:11:00,105577.99,105672.63,105577.99,105672.63,15.75996,4328.0
2025-06-13 16:12:00,105672.64,105808.08,105672.63,105759.57,80.1903,7352.0
2025-06-13 16:13:00,105759.57,105792.0,105743.6,105791.99,7.89568,2990.0
2025-06-13 16:14:00,105792.0,105858.59,105791.99,105856.88,35.01302,2736.0
2025-06-13 16:15:00,105856.89,105888.89,105818.02,105884.25,44.28168,4028.0
2025-06-13 16:16:00,105884.26,105939.37,105884.25,105939.37,34.48476,2547.0
2025-06-13 16:17:00,105939.37,105939.39,105832.0,105864.39,59.94074,4685.0
2025-06-13 16:18:00,105864.4,105949.49,105813.76,105949.48,39.09747,5922.0
2025-06-13 16:19:00,105949.48,105949.49,105928.31,105938.32,30.51704,2785.0
2025-06-13 16:20:00,105938.33,105938.33,105823.28,105823.28,13.56481,4504.0
2025-06-13 16:21:00,105823.27,105920.0,105812.77,105908.0,12.22526,4554.0
2025-06-13 16:22:00,105908.01,105948.54,105908.0,105914.84,11.45661,2089.0
2025-06-13 16:23:00,105914.84,105914.85,105845.21,105895.96,11.28461,3838.0
2025-06-13 16:24:00,105895.97,105949.14,105895.96,105916.13,19.33526,2120.0
2025-06-13 16:25:00,105916.13,105981.0,105881.37,105921.32,90.36153,5333.0
2025-06-13 16:26:00,105921.32,105924.01,105891.34,105891.39,16.8659,2535.0
2025-06-13 16:27:00,105891.39,105914.22,105868.01,105868.01,16.76045,3169.0
2025-06-13 16:28:00,105868.01,105879.57,105820.07,105833.99,18.77639,3356.0
2025-06-13 16:29:00,105833.99,105860.02,105797.9,105815.35,20.86971,4072.0
2025-06-13 16:30:00,105815.35,105815.35,105763.86,105793.1,25.51938,3111.0
2025-06-13 16:31:00,105793.09,105843.17,105751.62,105751.65,13.73119,5189.0
2025-06-13 16:32:00,105751.66,105826.53,105751.65,105799.79,51.66812,3129.0
2025-06-13 16:33:00,105799.79,105850.0,105736.01,105849.99,32.15247,3945.0
2025-06-13 16:34:00,105850.0,105850.0,105749.99,105749.99,6.43488,2394.0
2025-06-13 16:35:00,105749.99,105787.98,105749.99,105777.39,3.63455,1998.0
2025-06-13 16:36:00,105777.39,105789.99,105757.54,105773.99,4.4381,1978.0
2025-06-13 16:37:00,105774.0,105776.4,105714.87,105720.52,15.01965,1640.0
2025-06-13 16:38:00,105720.53,105738.49,105606.88,105632.5,23.84292,3961.0
2025-06-13 16:39:00,105632.51,105634.99,105542.64,105563.99,28.7177,3942.0
2025-06-13 16:40:00,105563.99,105574.69,105532.07,105544.0,6.37252,2270.0
2025-06-13 16:41:00,105543.99,105544.0,105439.75,105499.93,17.22378,5434.0
2025-06-13 16:42:00,105499.93,105499.94,105442.26,105465.72,7.1195,2813.0
2025-06-13 16:43:00,105465.72,105539.97,105465.71,105492.14,11.21617,4285.0
2025-06-13 16:44:00,105492.14,105626.97,105485.29,105612.01,17.95102,4980.0
2025-06-13 16:45:00,105612.0,105612.0,105520.18,105543.99,6.76073,4976.0
2025-06-13 16:46:00,105543.99,105543.99,105441.17,105448.0,5.34193,3407.0
2025-06-13 16:47:00,105448.0,105448.0,105417.0,105445.66,7.41367,2327.0
2025-06-13 16:48:00,105445.67,105505.39,105440.08,105505.39,4.70073,1957.0
2025-06-13 16:49:00,105505.4,105529.42,105372.31,105398.55,63.17396,5113.0
2025-06-13 16:50:00,105398.55,105484.0,105398.55,105484.0,5.51456,2553.0
2025-06-13 16:51:00,105484.0,105518.59,105444.05,105458.92,8.72991,3054.0
2025-06-13 16:52:00,105458.93,105553.44,105458.93,105553.44,6.93143,3029.0
2025-06-13 16:53:00,105553.43,105567.46,105523.02,105567.46,8.31865,2623.0
2025-06-13 16:54:00,105567.45,105696.87,105567.45,105692.07,7.65745,4328.0
2025-06-13 16:55:00,105692.08,105787.05,105689.07,105769.42,18.31469,3606.0
2025-06-13 16:56:00,105769.42,105779.8,105753.79,105774.89,3.52301,1980.0
2025-06-13 16:57:00,105774.9,105774.9,105760.0,105760.01,1.83661,568.0
2025-06-13 16:58:00,105760.01,105789.57,105760.01,105772.01,2.4119,1558.0
2025-06-13 16:59:00,105772.01,105783.66,105772.0,105783.66,2.88711,517.0
2025-06-13 17:00:00,105783.65,105783.65,105741.15,105742.01,13.71349,2262.0
2025-06-13 17:01:00,105742.0,105750.8,105652.99,105678.72,26.93805,3195.0
2025-06-13 17:02:00,105678.72,105678.72,105579.82,105627.87,69.82693,3293.0
2025-06-13 17:03:00,105627.87,105627.87,105540.0,105562.0,65.69381,2973.0
2025-06-13 17:04:00,105562.0,105592.13,105558.75,105558.75,4.75482,1771.0
2025-06-13 17:05:00,105558.75,105582.12,105558.75,105582.12,7.45559,611.0
2025-06-13 17:06:00,105582.11,105600.0,105555.01,105573.53,9.65707,2390.0
2025-06-13 17:07:00,105573.53,105573.53,105464.59,105468.51,7.64046,3808.0
2025-06-13 17:08:00,105468.52,105538.79,105402.28,105524.01,15.06437,5511.0
2025-06-13 17:09:00,105524.01,105573.53,105499.99,105529.42,8.77645,3306.0
2025-06-13 17:10:00,105529.42,105529.42,105425.23,105467.4,12.71153,4049.0
2025-06-13 17:11:00,105467.4,105467.4,105397.05,105411.99,13.98376,2815.0
2025-06-13 17:12:00,105411.99,105431.19,105381.83,105431.18,7.61234,2151.0
2025-06-13 17:13:00,105431.18,105453.59,105420.67,105441.18,8.1241,1909.0
2025-06-13 17:14:00,105441.18,105441.18,105376.88,105376.88,4.06392,2339.0
2025-06-13 17:15:00,105376.89,105376.89,105289.55,105289.56,8.02577,3036.0
2025-06-13 17:16:00,105289.56,105303.99,105173.95,105191.24,15.40069,5971.0
2025-06-13 17:17:00,105191.24,105219.29,105176.47,105209.9,8.81711,2759.0
2025-06-13 17:18:00,105209.9,105229.33,105188.23,105229.32,14.29289,3270.0
2025-06-13 17:19:00,105229.32,105300.0,105169.49,105198.93,38.08304,6316.0
2025-06-13 17:20:00,105198.93,105272.34,105182.19,105272.34,12.23723,4430.0
2025-06-13 17:21:00,105272.34,105368.0,105266.33,105274.41,13.93508,5069.0
2025-06-13 17:22:00,105274.42,105320.84,105259.68,105259.69,10.7716,5017.0
2025-06-13 17:23:00,105259.68,105259.68,105212.95,105212.95,8.07225,3466.0
2025-06-13 17:24:00,105212.95,105242.68,105206.61,105239.59,4.45503,2702.0
2025-06-13 17:25:00,105239.58,105275.95,105224.77,105264.01,6.61955,3075.0
2025-06-13 17:26:00,105264.01,105264.01,105136.48,105146.0,12.25966,4622.0
2025-06-13 17:27:00,105146.0,105170.03,105132.34,105170.02,9.52443,1984.0
2025-06-13 17:28:00,105170.02,105170.03,105111.7,105119.99,9.49524,2434.0
2025-06-13 17:29:00,105119.99,105119.99,105061.47,105063.2,22.84867,1857.0
2025-06-13 17:30:00,105063.2,105186.68,105040.0,105159.99,13.57293,5420.0
2025-06-13 17:31:00,105159.99,105194.29,105127.01,105194.28,4.26077,3041.0
2025-06-13 17:32:00,105194.29,105196.6,105176.44,105176.47,8.56826,2843.0
2025-06-13 17:33:00,105176.47,105200.0,105063.69,105099.18,33.89519,6406.0
2025-06-13 17:34:00,105099.18,105157.12,105090.0,105109.35,5.82494,4468.0
2025-06-13 17:35:00,105109.34,105200.0,105109.34,105145.55,11.00008,4835.0
2025-06-13 17:36:00,105145.55,105174.55,105145.54,105174.55,4.10543,2405.0
2025-06-13 17:37:00,105174.55,105174.55,105028.0,105123.07,10.80733,7133.0
2025-06-13 17:38:00,105123.07,105235.15,105123.06,105171.18,12.23563,5923.0
2025-06-13 17:39:00,105171.18,105271.86,105171.17,105253.1,5.586,2997.0
2025-06-13 17:40:00,105253.1,105256.0,105184.05,105245.47,5.37872,5473.0
2025-06-13 17:41:00,105245.47,105274.96,105220.58,105264.71,4.02801,2917.0
2025-06-13 17:42:00,105264.71,105327.38,105212.0,105243.59,11.67401,4845.0
2025-06-13 17:43:00,105243.59,105280.97,105212.0,105228.29,10.42655,3610.0
2025-06-13 17:44:00,105228.28,105228.29,105136.55,105148.71,7.42571,5405.0
2025-06-13 17:45:00,105148.71,105148.72,105036.33,105038.0,7.06886,3209.0
2025-06-13 17:46:00,105038.01,105051.45,105000.0,105025.99,9.74452,3149.0
2025-06-13 17:47:00,105025.99,105048.0,105000.0,105000.0,2.99653,1762.0
2025-06-13 17:48:00,105000.0,105000.01,104867.65,104867.66,49.51577,5515.0
2025-06-13 17:49:00,104867.66,104931.03,104867.65,104931.03,7.95558,2731.0
2025-06-13 17:50:00,104931.03,105088.24,104926.38,105088.23,12.77662,5646.0
2025-06-13 17:51:00,105088.23,105180.27,105088.23,105149.99,9.45417,3333.0
2025-06-13 17:52:00,105149.99,105272.0,105149.99,105272.0,8.03202,4458.0
2025-06-13 17:53:00,105271.99,105272.0,105183.62,105221.98,8.58841,3301.0
2025-06-13 17:54:00,105221.99,105221.99,105198.0,105202.45,3.78084,1992.0
2025-06-13 17:55:00,105202.45,105250.88,105202.44,105237.85,3.98502,2854.0
2025-06-13 17:56:00,105237.85,105338.13,105237.85,105338.12,5.49589,2721.0
2025-06-13 17:57:00,105338.12,105367.4,105311.22,105311.22,8.1356,2905.0
2025-06-13 17:58:00,105311.23,105425.52,105286.7,105418.74,11.5392,4484.0
2025-06-13 17:59:00,105418.75,105422.0,105380.06,105390.94,6.3887,2003.0
2025-06-13 18:00:00,105390.94,105427.15,105380.06,105427.14,2.68283,1630.0
2025-06-13 18:01:00,105427.15,105480.0,105420.54,105467.29,6.2567,2998.0
2025-06-13 18:02:00,105467.28,105472.0,105344.2,105344.2,6.68831,4893.0
2025-06-13 18:03:00,105344.2,105344.2,105209.16,105215.26,10.07575,4339.0
2025-06-13 18:04:00,105215.26,105215.26,105121.86,105194.75,26.21988,5731.0
2025-06-13 18:05:00,105194.75,105304.0,105180.26,105211.29,19.28996,5730.0
2025-06-13 18:06:00,105211.29,105211.29,105120.0,105120.01,4.57137,2883.0
2025-06-13 18:07:00,105120.0,105125.27,105088.64,105094.33,8.04664,1657.0
2025-06-13 18:08:00,105094.34,105094.34,105017.8,105017.82,7.90527,3043.0
2025-06-13 18:09:00,105017.83,105060.0,105017.82,105034.77,4.4294,2221.0
2025-06-13 18:10:00,105034.77,105034.77,105020.0,105032.0,3.45298,1050.0
2025-06-13 18:11:00,105032.0,105040.0,105027.99,105031.33,6.24432,1029.0
2025-06-13 18:12:00,105031.34,105044.01,105003.16,105023.36,6.17597,2591.0
2025-06-13 18:13:00,105023.35,105104.0,105022.26,105103.99,3.61171,2138.0
2025-06-13 18:14:00,105104.0,105128.0,105045.7,105045.71,7.77495,3092.0
2025-06-13 18:15:00,105045.7,105079.73,105000.0,105043.99,25.82093,4948.0
2025-06-13 18:16:00,105043.98,105043.98,104889.5,104912.62,15.29913,5480.0
2025-06-13 18:17:00,104912.61,104978.0,104894.0,104922.79,6.90324,4207.0
2025-06-13 18:18:00,104922.8,104955.89,104906.07,104950.36,4.75828,3140.0
2025-06-13 18:19:00,104950.36,104994.96,104936.34,104982.0,4.72493,3318.0
2025-06-13 18:20:00,104981.99,105071.63,104975.99,104996.49,9.98752,4152.0
2025-06-13 18:21:00,104996.49,105033.62,104976.0,105033.62,3.50822,3182.0
2025-06-13 18:22:00,105033.62,105038.0,105005.08,105015.62,6.18272,2954.0
2025-06-13 18:23:00,105015.62,105234.31,105015.62,105234.3,12.34285,7103.0
2025-06-13 18:24:00,105234.3,105234.3,105180.22,105204.0,8.42608,3675.0
2025-06-13 18:25:00,105204.0,105204.0,105117.18,105179.2,10.52183,4696.0
2025-06-13 18:26:00,105179.2,105188.23,105044.11,105046.22,8.56951,4733.0
2025-06-13 18:27:00,105046.22,105046.22,104860.46,104880.96,15.07328,6883.0
2025-06-13 18:28:00,104880.96,104980.0,104868.02,104965.99,11.11031,4361.0
2025-06-13 18:29:00,104966.0,105015.63,104955.88,104988.93,5.2282,2986.0
2025-06-13 18:30:00,104988.94,105001.93,104936.25,104960.73,7.78435,4133.0
2025-06-13 18:31:00,104960.73,104960.74,104867.64,104867.65,7.77834,2802.0
2025-06-13 18:32:00,104867.65,104883.63,104806.87,104824.82,22.26529,3885.0
2025-06-13 18:33:00,104824.81,104824.82,104751.45,104765.54,19.78219,6106.0
2025-06-13 18:34:00,104765.54,104836.46,104765.53,104836.46,6.19168,2407.0
2025-06-13 18:35:00,104836.46,104883.36,104806.87,104806.87,10.30316,3713.0
2025-06-13 18:36:00,104806.88,104806.88,104668.73,104668.73,11.95683,4309.0
2025-06-13 18:37:00,104668.73,104769.85,104668.73,104754.13,9.59222,4503.0
2025-06-13 18:38:00,104754.13,104754.14,104680.4,104691.99,13.02589,4474.0
2025-06-13 18:39:00,104691.98,104728.58,104691.98,104708.52,8.98559,1990.0
2025-06-13 18:40:00,104708.52,104779.42,104680.4,104755.61,12.37384,4746.0
2025-06-13 18:41:00,104755.6,104796.75,104704.8,104704.81,17.47828,4161.0
2025-06-13 18:42:00,104704.8,104773.2,104680.4,104756.0,6.53651,3563.0
2025-06-13 18:43:00,104755.99,104787.14,104722.8,104768.0,7.10855,3829.0
2025-06-13 18:44:00,104768.0,104811.99,104743.79,104811.98,9.78554,4249.0
2025-06-13 18:45:00,104811.99,104956.94,104799.99,104925.98,13.89325,5832.0
2025-06-13 18:46:00,104925.98,105048.0,104925.98,105035.99,14.75427,4242.0
2025-06-13 18:47:00,105035.99,105116.83,104977.56,105026.25,51.2403,6069.0
2025-06-13 18:48:00,105026.24,105041.57,104996.67,105004.0,7.02052,3484.0
2025-06-13 18:49:00,105003.99,105044.12,104984.68,105025.34,6.43697,3944.0
2025-06-13 18:50:00,105025.34,105033.12,104955.42,104969.74,17.02616,3915.0
2025-06-13 18:51:00,104969.75,105097.67,104969.75,105075.26,8.94161,5111.0
2025-06-13 18:52:00,105075.27,105101.72,105066.0,105098.91,7.12837,3151.0
2025-06-13 18:53:00,105098.9,105156.56,105098.9,105152.53,6.8096,3385.0
2025-06-13 18:54:00,105152.52,105175.68,105120.0,105175.68,5.32558,3164.0
2025-06-13 18:55:00,105175.68,105279.35,105124.0,105149.17,16.3982,8682.0
2025-06-13 18:56:00,105149.17,105149.18,105025.33,105048.0,9.97424,4908.0
2025-06-13 18:57:00,105048.01,105048.01,104996.0,104999.99,5.16341,3214.0
2025-06-13 18:58:00,105000.0,105111.04,104999.99,105088.23,9.25482,3821.0
2025-06-13 18:59:00,105088.23,105204.0,105085.65,105193.04,8.83415,3861.0
2025-06-13 19:00:00,105193.04,105193.04,105126.13,105141.98,9.4983,3051.0
2025-06-13 19:01:00,105141.99,105164.0,105053.83,105056.49,10.93159,2540.0
2025-06-13 19:02:00,105056.49,105056.49,104988.72,105032.27,10.12328,3299.0
2025-06-13 19:03:00,105032.27,105148.56,105032.27,105128.0,9.51189,3951.0
2025-06-13 19:04:00,105128.0,105139.66,105120.0,105137.78,5.49505,1536.0
2025-06-13 19:05:00,105137.79,105140.0,105031.2,105072.47,9.20693,3796.0
2025-06-13 19:06:00,105072.48,105134.0,105072.47,105133.99,3.26242,2418.0
2025-06-13 19:07:00,105133.99,105162.9,105132.35,105134.89,4.82593,2322.0
2025-06-13 19:08:00,105134.89,105147.18,105134.88,105143.76,2.72049,1229.0
2025-06-13 19:09:00,105143.76,105253.06,105140.62,105253.06,7.77446,4022.0
2025-06-13 19:10:00,105253.06,105343.87,105246.73,105312.02,14.47837,4530.0
2025-06-13 19:11:00,105312.03,105324.0,105285.57,105300.01,4.92466,1778.0
2025-06-13 19:12:00,105300.01,105300.01,105229.89,105275.94,3.44206,2813.0
2025-06-13 19:13:00,105275.95,105334.35,105243.38,105243.39,7.09386,4020.0
2025-06-13 19:14:00,105243.39,105332.37,105243.39,105286.27,8.00054,5035.0
2025-06-13 19:15:00,105286.28,105308.14,105272.0,105294.0,5.71895,3342.0
2025-06-13 19:16:00,105294.0,105318.25,105272.07,105318.25,4.48317,3067.0
2025-06-13 19:17:00,105318.25,105329.17,105214.68,105267.99,6.64427,3313.0
2025-06-13 19:18:00,105268.0,105326.3,105267.99,105284.37,15.74264,4222.0
2025-06-13 19:19:00,105284.38,105284.38,105200.0,105204.0,6.06768,3146.0
2025-06-13 19:20:00,105204.0,105387.06,105204.0,105387.05,13.20741,5941.0
2025-06-13 19:21:00,105387.05,105436.9,105376.0,105378.61,9.3677,4214.0
2025-06-13 19:22:00,105378.61,105378.61,105178.38,105178.39,12.40395,4942.0
2025-06-13 19:23:00,105178.39,105184.0,105140.02,105157.29,4.74947,2864.0
2025-06-13 19:24:00,105157.28,105191.89,105088.23,105088.24,4.035,2841.0
2025-06-13 19:25:00,105088.23,105088.23,104900.0,104925.38,32.78829,5966.0
2025-06-13 19:26:00,104925.38,104991.14,104914.88,104990.0,4.61341,2055.0
2025-06-13 19:27:00,104990.0,104990.01,104901.89,104929.98,12.21629,4797.0
2025-06-13 19:28:00,104929.99,105080.0,104929.99,105043.02,5.81861,4127.0
2025-06-13 19:29:00,105043.03,105050.52,105028.0,105042.97,3.06713,1544.0
2025-06-13 19:30:00,105042.97,105111.6,105042.97,105111.59,3.38215,2986.0
2025-06-13 19:31:00,105111.59,105119.43,105065.27,105089.23,7.95114,3696.0
2025-06-13 19:32:00,105089.23,105091.48,105044.11,105055.99,4.6019,3363.0
2025-06-13 19:33:00,105055.99,105055.99,104948.39,104948.39,7.00551,4609.0
2025-06-13 19:34:00,104948.4,105058.28,104938.55,105010.33,4.8077,4330.0
2025-06-13 19:35:00,105010.33,105078.0,104999.99,105066.0,3.34829,3022.0
2025-06-13 19:36:00,105066.0,105168.0,105065.99,105167.99,7.88109,3268.0
2025-06-13 19:37:00,105168.0,105248.92,105167.99,105222.0,7.25413,4444.0
2025-06-13 19:38:00,105222.01,105237.65,105167.7,105167.7,4.81564,3224.0
2025-06-13 19:39:00,105167.06,105167.06,105065.68,105132.36,4.1832,4041.0
2025-06-13 19:40:00,105132.35,105201.15,105088.24,105180.09,8.25172,3718.0
2025-06-13 19:41:00,105180.09,105230.68,105168.08,105168.08,5.25554,2837.0
2025-06-13 19:42:00,105168.09,105184.0,105110.0,105121.68,2.90891,1859.0
2025-06-13 19:43:00,105121.68,105121.68,105075.32,105075.43,6.04345,1282.0
2025-06-13 19:44:00,105075.42,105122.51,105067.51,105094.72,7.71626,2123.0
2025-06-13 19:45:00,105094.71,105106.0,105040.76,105051.11,3.90695,2204.0
2025-06-13 19:46:00,105051.11,105059.71,105022.74,105059.71,7.09543,2271.0
2025-06-13 19:47:00,105059.7,105156.0,105052.0,105105.88,7.74633,4246.0
2025-06-13 19:48:00,105105.88,105180.69,105085.65,105180.69,12.66954,3777.0
2025-06-13 19:49:00,105182.0,105260.0,105124.01,105124.02,5.69043,6654.0
2025-06-13 19:50:00,105124.02,105180.27,105124.02,105142.19,16.97974,4140.0
2025-06-13 19:51:00,105142.2,105194.8,105120.31,105120.32,4.48062,3983.0
2025-06-13 19:52:00,105120.31,105160.9,105100.0,105103.76,9.21507,3485.0
2025-06-13 19:53:00,105103.99,105151.74,105062.92,105066.01,5.84873,3053.0
2025-06-13 19:54:00,105066.01,105139.99,105066.0,105128.72,6.36509,3115.0
2025-06-13 19:55:00,105128.25,105128.25,105080.0,105097.23,7.16878,3274.0
2025-06-13 19:56:00,105097.23,105142.84,105052.0,105052.0,6.61339,3245.0
2025-06-13 19:57:00,105052.0,105110.71,105037.88,105087.34,10.25141,3765.0
2025-06-13 19:58:00,105087.35,105117.19,105061.26,105117.19,8.23217,3173.0
2025-06-13 19:59:00,105117.18,105117.19,105050.0,105110.0,7.13065,3778.0
2025-06-13 20:00:00,105110.01,105164.08,105110.01,105138.0,11.7669,4017.0
2025-06-13 20:01:00,105138.01,105213.19,105138.0,105164.53,15.19649,3105.0
2025-06-13 20:02:00,105164.53,105204.67,105162.0,105188.0,6.12151,3678.0
2025-06-13 20:03:00,105188.01,105188.01,105088.23,105174.84,5.87741,5851.0
2025-06-13 20:04:00,105174.84,105174.84,105094.2,105094.21,4.15499,2706.0
2025-06-13 20:05:00,105094.2,105094.21,105020.87,105088.81,14.99213,5323.0
2025-06-13 20:06:00,105088.81,105147.25,105057.11,105100.0,8.47955,4364.0
2025-06-13 20:07:00,105100.01,105164.48,105080.02,105080.02,12.21891,4034.0
2025-06-13 20:08:00,105080.03,105129.01,105046.01,105103.7,27.19709,4803.0
2025-06-13 20:09:00,105103.7,105176.48,105078.0,105176.48,7.55604,4778.0
2025-06-13 20:10:00,105176.48,105204.93,105104.04,105144.48,7.62503,5040.0
2025-06-13 20:11:00,105144.49,105254.96,105128.4,105220.58,10.91177,5372.0
2025-06-13 20:12:00,105220.58,105228.0,105202.55,105202.55,6.16777,1631.0
2025-06-13 20:13:00,105202.55,105238.0,105165.31,105220.58,3.33446,3677.0
2025-06-13 20:14:00,105220.58,105327.94,105220.58,105321.99,18.14785,4766.0
2025-06-13 20:15:00,105322.0,105342.71,105228.75,105300.0,7.44956,4656.0
2025-06-13 20:16:00,105300.0,105377.0,105287.29,105376.99,8.017,2939.0
2025-06-13 20:17:00,105377.0,105377.0,105313.37,105313.37,8.65491,1442.0
2025-06-13 20:18:00,105313.37,105313.37,105208.12,105232.82,11.68519,3021.0
2025-06-13 20:19:00,105232.81,105308.83,105232.81,105264.71,5.18149,2753.0
2025-06-13 20:20:00,105264.7,105265.56,105240.21,105248.0,2.25033,1368.0
2025-06-13 20:21:00,105248.0,105279.28,105217.99,105276.0,4.7045,3598.0
2025-06-13 20:22:00,105276.01,105284.38,105250.33,105250.33,1.78807,1314.0
2025-06-13 20:23:00,105250.34,105250.34,105122.84,105125.99,11.51898,3272.0
2025-06-13 20:24:00,105126.0,105238.92,105125.99,105202.02,5.18068,2825.0
2025-06-13 20:25:00,105202.02,105202.02,105138.59,105138.6,7.74209,1892.0
2025-06-13 20:26:00,105138.6,105300.0,105138.6,105300.0,8.68857,3729.0
2025-06-13 20:27:00,105299.99,105308.8,105264.7,105264.71,3.83133,1835.0
2025-06-13 20:28:00,105264.71,105306.4,105260.0,105296.0,1.16324,1439.0
2025-06-13 20:29:00,105296.01,105306.4,105296.0,105306.4,0.70579,291.0
2025-06-13 20:30:00,105306.4,105306.4,105198.56,105205.88,2.78074,2508.0
2025-06-13 20:31:00,105205.87,105251.4,105198.0,105251.4,2.46448,1771.0
2025-06-13 20:32:00,105251.39,105274.96,105220.58,105220.59,3.17501,2421.0
2025-06-13 20:33:00,105220.58,105258.74,105220.0,105253.39,1.51037,1651.0
2025-06-13 20:34:00,105253.4,105253.4,105208.01,105209.15,1.07033,1406.0
2025-06-13 20:35:00,105209.14,105277.49,105209.14,105277.48,3.09039,1723.0
2025-06-13 20:36:00,105277.49,105318.62,105277.48,105284.37,4.83159,1841.0
2025-06-13 20:37:00,105284.38,105284.38,105248.92,105284.36,2.09463,1290.0
2025-06-13 20:38:00,105284.37,105284.37,105264.7,105264.7,1.48777,594.0
2025-06-13 20:39:00,105264.71,105306.0,105264.7,105305.99,1.50296,1325.0
2025-06-13 20:40:00,105306.0,105306.0,105284.37,105284.37,0.83009,549.0
2025-06-13 20:41:00,105284.38,105347.03,105284.38,105347.02,8.85245,2872.0
2025-06-13 20:42:00,105347.01,105347.03,105336.49,105347.03,12.09888,880.0
2025-06-13 20:43:00,105347.03,105405.52,105342.0,105405.51,12.78426,2207.0
2025-06-13 20:44:00,105405.52,105508.34,105405.52,105505.03,20.02824,3695.0
2025-06-13 20:45:00,105505.03,105505.03,105371.52,105372.01,8.25856,3293.0
2025-06-13 20:46:00,105372.0,105403.21,105372.0,105403.21,1.72419,1004.0
2025-06-13 20:47:00,105403.21,105403.21,105369.73,105369.73,2.65595,1380.0
2025-06-13 20:48:00,105369.73,105417.53,105352.94,105393.71,3.77127,2132.0
2025-06-13 20:49:00,105393.72,105393.72,105300.0,105300.01,3.05789,2439.0
2025-06-13 20:50:00,105300.01,105300.01,105256.0,105297.99,7.92732,2660.0
2025-06-13 20:51:00,105297.99,105297.99,105221.2,105221.2,1.93697,1599.0
2025-06-13 20:52:00,105221.21,105233.65,105203.86,105233.64,4.32324,1068.0
2025-06-13 20:53:00,105233.65,105303.04,105233.64,105303.04,2.56436,1944.0
2025-06-13 20:54:00,105303.04,105346.88,105292.0,105346.88,4.69621,2133.0
2025-06-13 20:55:00,105346.88,105418.75,105346.88,105418.75,2.90354,2181.0
2025-06-13 20:56:00,105418.75,105463.55,105418.74,105428.28,5.38775,2056.0
2025-06-13 20:57:00,105428.28,105441.99,105428.28,105441.18,1.83769,467.0
2025-06-13 20:58:00,105441.17,105441.18,105401.68,105401.69,5.02985,918.0
2025-06-13 20:59:00,105401.69,105424.0,105400.0,105424.0,2.02457,1189.0
2025-06-13 21:00:00,105424.0,105447.51,105423.99,105437.0,2.30025,938.0
2025-06-13 21:01:00,105437.0,105437.0,105376.0,105376.01,2.02911,1431.0
2025-06-13 21:02:00,105376.01,105420.0,105376.0,105419.99,2.77795,1649.0
2025-06-13 21:03:00,105420.0,105441.18,105401.62,105420.83,1.65396,1372.0
2025-06-13 21:04:00,105420.83,105420.83,105381.28,105405.03,4.01405,1820.0
2025-06-13 21:05:00,105405.03,105410.0,105393.07,105410.0,1.77549,761.0
2025-06-13 21:06:00,105410.0,105414.16,105380.0,105406.51,2.29551,1323.0
2025-06-13 21:07:00,105406.51,105455.9,105406.51,105423.8,6.45178,1810.0
2025-06-13 21:08:00,105423.79,105423.8,105380.07,105380.07,3.68535,1163.0
2025-06-13 21:09:00,105380.07,105380.07,105339.74,105339.74,4.96876,1064.0
2025-06-13 21:10:00,105339.74,105339.75,105334.47,105334.47,1.99695,266.0
2025-06-13 21:11:00,105334.47,105349.19,105334.47,105349.19,3.15069,475.0
2025-06-13 21:12:00,105349.18,105405.94,105349.18,105405.94,2.76376,1605.0
2025-06-13 21:13:00,105405.94,105448.0,105405.93,105437.46,8.19567,1547.0
2025-06-13 21:14:00,105437.46,105437.46,105420.78,105420.79,3.35052,646.0
2025-06-13 21:15:00,105420.79,105420.79,105350.6,105350.61,4.55228,1812.0
2025-06-13 21:16:00,105350.61,105350.61,105326.41,105326.42,3.07485,1065.0
2025-06-13 21:17:00,105326.42,105396.0,105326.41,105364.23,4.54826,1950.0
2025-06-13 21:18:00,105364.23,105380.35,105363.68,105363.69,1.78354,945.0
2025-06-13 21:19:00,105363.68,105391.7,105363.68,105378.79,4.0271,1236.0
2025-06-13 21:20:00,105378.78,105378.79,105378.78,105378.79,0.32488,82.0
2025-06-13 21:21:00,105378.79,105378.79,105378.78,105378.78,0.21251,94.0
2025-06-13 21:22:00,105378.79,105395.51,105378.78,105395.51,1.5689,551.0
2025-06-13 21:23:00,105395.51,105454.22,105395.5,105454.22,2.45974,1760.0
2025-06-13 21:24:00,105454.21,105500.95,105454.21,105500.62,2.8514,1217.0
2025-06-13 21:25:00,105500.62,105500.62,105459.66,105459.67,5.60595,828.0
2025-06-13 21:26:00,105459.66,105490.63,105459.66,105490.63,1.68896,1000.0
2025-06-13 21:27:00,105490.62,105640.62,105490.62,105639.99,31.20058,4617.0
2025-06-13 21:28:00,105640.0,105640.85,105546.08,105546.09,11.29053,4827.0
2025-06-13 21:29:00,105546.08,105571.06,105522.12,105571.05,8.33453,2100.0
2025-06-13 21:30:00,105571.05,105642.71,105571.05,105642.71,3.94513,1547.0
2025-06-13 21:31:00,105642.7,105645.42,105642.7,105645.41,1.17286,334.0
2025-06-13 21:32:00,105645.42,105648.0,105645.42,105648.0,1.5055,380.0
2025-06-13 21:33:00,105647.99,105648.0,105548.0,105548.0,10.36934,4548.0
2025-06-13 21:34:00,105548.01,105548.01,105474.9,105474.9,6.38777,3784.0
2025-06-13 21:35:00,105474.9,105474.9,105440.0,105446.31,3.85833,1417.0
2025-06-13 21:36:00,105446.3,105520.0,105446.3,105500.01,5.39236,2019.0
2025-06-13 21:37:00,105500.0,105529.42,105500.0,105529.41,5.3802,832.0
2025-06-13 21:38:00,105529.42,105587.71,105529.41,105587.7,3.12233,1386.0
2025-06-13 21:39:00,105587.71,105627.53,105582.42,105627.53,4.78147,1082.0
2025-06-13 21:40:00,105627.52,105637.78,105616.96,105637.77,5.40607,725.0
2025-06-13 21:41:00,105637.78,105637.78,105604.16,105633.71,2.34051,1389.0
2025-06-13 21:42:00,105633.7,105633.71,105614.23,105614.24,5.87149,744.0
2025-06-13 21:43:00,105614.23,105661.77,105614.23,105654.15,4.44729,1525.0
2025-06-13 21:44:00,105654.16,105654.16,105626.57,105633.32,5.66637,658.0
2025-06-13 21:45:00,105633.31,105666.49,105622.49,105666.49,3.36102,849.0
2025-06-13 21:46:00,105666.49,105762.86,105666.49,105720.01,17.29292,3526.0
2025-06-13 21:47:00,105720.02,105782.6,105720.01,105782.59,4.55982,1557.0
2025-06-13 21:48:00,105782.6,105788.79,105742.75,105745.22,5.48234,1562.0
2025-06-13 21:49:00,105745.23,105745.23,105662.4,105662.4,3.70873,2977.0
2025-06-13 21:50:00,105662.39,105662.4,105598.77,105598.77,4.10593,2443.0
2025-06-13 21:51:00,105598.77,105598.77,105564.11,105564.11,1.37836,2016.0
2025-06-13 21:52:00,105564.12,105564.12,105561.99,105561.99,0.49886,323.0
2025-06-13 21:53:00,105561.99,105562.0,105542.16,105542.16,1.46036,813.0
2025-06-13 21:54:00,105542.16,105597.91,105542.15,105597.91,5.15748,1403.0
2025-06-13 21:55:00,105597.92,105649.6,105597.91,105644.04,3.93987,1431.0
2025-06-13 21:56:00,105644.03,105644.04,105614.0,105614.01,3.19784,1101.0
2025-06-13 21:57:00,105614.0,105614.01,105604.4,105604.4,0.80488,536.0
2025-06-13 21:58:00,105604.4,105640.0,105604.4,105606.0,7.5707,1668.0
2025-06-13 21:59:00,105605.74,105612.59,105561.07,105612.59,3.53678,2229.0
2025-06-13 22:00:00,105612.58,105661.77,105612.58,105661.76,2.13324,1707.0
2025-06-13 22:01:00,105661.77,105719.24,105661.76,105719.24,2.04458,1414.0
2025-06-13 22:02:00,105719.24,105833.51,105719.23,105802.0,9.98415,4800.0
2025-06-13 22:03:00,105801.99,105802.0,105755.26,105765.84,12.58918,2102.0
2025-06-13 22:04:00,105765.84,105783.92,105758.15,105783.91,3.09263,981.0
2025-06-13 22:05:00,105783.92,105783.92,105758.46,105758.47,1.61039,832.0
2025-06-13 22:06:00,105758.46,105758.47,105689.35,105707.0,5.63932,2028.0
2025-06-13 22:07:00,105707.01,105783.88,105707.0,105783.11,4.86226,1347.0
2025-06-13 22:08:00,105783.11,105783.12,105740.0,105740.0,6.38321,1122.0
2025-06-13 22:09:00,105740.0,105758.72,105728.47,105728.48,1.59312,986.0
2025-06-13 22:10:00,105728.48,105728.48,105700.0,105700.0,2.33816,819.0
2025-06-13 22:11:00,105700.01,105722.83,105696.34,105712.25,1.99568,1111.0
2025-06-13 22:12:00,105712.25,105712.26,105668.6,105668.61,2.61418,1469.0
2025-06-13 22:13:00,105668.6,105713.9,105668.6,105713.9,1.42135,1083.0
2025-06-13 22:14:00,105713.9,105714.31,105713.89,105714.3,2.9264,206.0
2025-06-13 22:15:00,105714.31,105762.83,105714.3,105750.0,3.81593,1660.0
2025-06-13 22:16:00,105749.99,105750.0,105705.88,105705.89,3.30434,1116.0
2025-06-13 22:17:00,105705.88,105705.89,105662.31,105694.33,2.67763,1424.0
2025-06-13 22:18:00,105694.33,105694.34,105665.76,105687.2,3.07461,911.0
2025-06-13 22:19:00,105687.21,105692.8,105665.02,105665.02,3.4249,1001.0
2025-06-13 22:20:00,105665.01,105679.1,105662.31,105670.0,2.82723,451.0
2025-06-13 22:21:00,105670.0,105694.0,105670.0,105693.99,1.89541,548.0
2025-06-13 22:22:00,105694.0,105732.3,105693.99,105724.71,3.33213,1160.0
2025-06-13 22:23:00,105724.71,105724.72,105705.88,105705.88,1.16731,514.0
2025-06-13 22:24:00,105705.89,105732.3,105664.85,105664.85,2.34653,1749.0
2025-06-13 22:25:00,105664.86,105667.22,105627.42,105655.39,9.25661,2067.0
2025-06-13 22:26:00,105655.38,105655.39,105643.97,105643.97,2.70673,418.0
2025-06-13 22:27:00,105643.97,105643.98,105643.97,105643.98,1.45517,125.0
2025-06-13 22:28:00,105643.98,105643.98,105643.89,105643.9,0.95175,305.0
2025-06-13 22:29:00,105643.9,105643.9,105623.3,105623.31,0.66731,384.0
2025-06-13 22:30:00,105623.3,105631.23,105623.3,105631.22,0.83407,274.0
2025-06-13 22:31:00,105631.23,105658.22,105631.22,105658.22,2.26105,680.0
2025-06-13 22:32:00,105658.22,105678.7,105658.21,105678.7,0.61261,436.0
2025-06-13 22:33:00,105678.7,105678.7,105664.29,105664.3,0.8148,495.0
2025-06-13 22:34:00,105664.29,105664.3,105645.14,105645.14,4.53149,737.0
2025-06-13 22:35:00,105645.13,105645.14,105603.15,105617.65,3.54846,1664.0
2025-06-13 22:36:00,105617.64,105629.17,105617.64,105629.16,1.42121,331.0
2025-06-13 22:37:00,105629.16,105629.16,105588.0,105588.01,2.2501,1424.0
2025-06-13 22:38:00,105588.0,105608.79,105573.52,105587.06,19.37906,1245.0
2025-06-13 22:39:00,105587.06,105587.07,105587.06,105587.06,0.42646,169.0
2025-06-13 22:40:00,105587.07,105587.07,105553.98,105563.82,3.26649,784.0
2025-06-13 22:41:00,105563.81,105563.82,105542.0,105542.01,3.30302,713.0
2025-06-13 22:42:00,105542.01,105562.54,105542.0,105562.53,1.72685,679.0
2025-06-13 22:43:00,105562.53,105574.09,105562.53,105574.08,1.09256,448.0
2025-06-13 22:44:00,105574.08,105584.6,105574.08,105584.6,0.73834,329.0
2025-06-13 22:45:00,105584.59,105617.65,105584.59,105617.64,5.28301,1101.0
2025-06-13 22:46:00,105617.65,105627.21,105600.0,105627.2,1.86901,1417.0
2025-06-13 22:47:00,105627.2,105627.21,105622.0,105622.0,0.37537,284.0
2025-06-13 22:48:00,105622.01,105760.01,105622.01,105760.01,10.28079,3110.0
2025-06-13 22:49:00,105760.01,105774.53,105758.56,105769.01,3.89296,1383.0
2025-06-13 22:50:00,105769.01,105821.88,105769.0,105821.87,3.4815,1724.0
2025-06-13 22:51:00,105821.87,105838.24,105802.56,105838.23,3.28795,1356.0
2025-06-13 22:52:00,105838.23,105840.0,105838.23,105840.0,5.25507,371.0
2025-06-13 22:53:00,105840.0,105840.0,105769.0,105769.01,18.81954,1066.0
2025-06-13 22:54:00,105769.01,105790.59,105749.99,105774.01,10.98924,2012.0
2025-06-13 22:55:00,105774.01,105790.94,105774.0,105790.94,0.9591,543.0
2025-06-13 22:56:00,105790.94,105790.94,105777.08,105777.09,2.19553,414.0
2025-06-13 22:57:00,105777.08,105777.29,105751.66,105777.29,2.74181,1313.0
2025-06-13 22:58:00,105777.28,105777.29,105751.28,105751.28,1.30897,578.0
2025-06-13 22:59:00,105751.29,105751.29,105751.28,105751.28,0.66295,116.0
2025-06-13 23:00:00,105751.29,105779.05,105751.28,105779.04,1.83804,760.0
2025-06-13 23:01:00,105779.05,105794.0,105773.99,105793.99,4.81605,861.0
2025-06-13 23:02:00,105793.99,105805.49,105793.99,105805.49,0.99315,363.0
2025-06-13 23:03:00,105805.49,105805.49,105805.48,105805.49,1.16402,215.0
2025-06-13 23:04:00,105805.49,105840.0,105805.48,105839.99,2.38632,816.0
2025-06-13 23:05:00,105839.99,105850.0,105839.99,105849.99,2.5874,520.0
2025-06-13 23:06:00,105849.99,105849.99,105836.0,105838.24,4.9664,1000.0
2025-06-13 23:07:00,105838.24,105845.99,105838.23,105838.23,4.00115,509.0
2025-06-13 23:08:00,105838.23,105878.36,105838.23,105878.36,9.59705,1282.0
2025-06-13 23:09:00,105878.35,105909.36,105878.35,105906.62,13.54181,1260.0
2025-06-13 23:10:00,105906.62,105906.63,105882.35,105900.0,6.17204,1143.0
2025-06-13 23:11:00,105899.99,105903.98,105851.56,105851.57,6.43329,1529.0
2025-06-13 23:12:00,105851.56,105851.56,105782.84,105782.84,4.83636,1468.0
2025-06-13 23:13:00,105782.85,105782.85,105770.89,105781.26,2.1559,716.0
2025-06-13 23:14:00,105781.26,105781.26,105777.09,105777.09,1.73842,404.0
2025-06-13 23:15:00,105777.09,105838.24,105777.09,105838.23,2.93168,1414.0
2025-06-13 23:16:00,105838.24,105863.43,105838.23,105852.83,6.90976,1113.0
2025-06-13 23:17:00,105852.84,105864.99,105852.83,105864.98,1.30338,473.0
2025-06-13 23:18:00,105864.99,105864.99,105864.98,105864.98,1.04887,118.0
2025-06-13 23:19:00,105864.98,105864.99,105854.0,105854.54,3.91239,570.0
2025-06-13 23:20:00,105854.55,105894.18,105854.54,105894.18,3.11174,1681.0
2025-06-13 23:21:00,105894.18,105896.98,105894.18,105896.98,1.5318,244.0
2025-06-13 23:22:00,105896.97,105896.98,105870.23,105870.24,4.07069,1163.0
2025-06-13 23:23:00,105870.24,105882.8,105870.23,105882.56,7.98338,450.0
2025-06-13 23:24:00,105882.56,105882.56,105882.55,105882.55,1.50573,165.0
2025-06-13 23:25:00,105882.56,105882.56,105882.55,105882.56,1.10686,114.0
2025-06-13 23:26:00,105882.56,105882.56,105882.55,105882.56,0.91399,158.0
2025-06-13 23:27:00,105882.55,105882.56,105874.0,105874.0,2.39368,339.0
2025-06-13 23:28:00,105874.01,105874.01,105862.38,105862.38,1.93667,476.0
2025-06-13 23:29:00,105862.38,105874.27,105862.38,105874.27,2.05586,732.0
2025-06-13 23:30:00,105874.27,105874.27,105874.26,105874.27,1.50732,188.0
2025-06-13 23:31:00,105874.27,105877.18,105874.26,105877.17,2.03919,323.0
2025-06-13 23:32:00,105877.17,105877.18,105877.17,105877.17,0.88319,153.0
2025-06-13 23:33:00,105877.17,105877.18,105877.17,105877.17,1.3601,135.0
2025-06-13 23:34:00,105877.18,105877.18,105877.17,105877.18,1.29315,178.0
2025-06-13 23:35:00,105877.18,105894.0,105877.17,105893.77,13.43252,827.0
2025-06-13 23:36:00,105893.78,105936.64,105893.77,105933.32,11.99644,1620.0
2025-06-13 23:37:00,105933.33,105933.33,105933.32,105933.32,1.00544,197.0
2025-06-13 23:38:00,105933.32,105933.33,105926.04,105926.04,4.07382,502.0
2025-06-13 23:39:00,105926.04,105926.05,105915.46,105915.46,2.64939,585.0
2025-06-13 23:40:00,105915.45,105930.0,105915.45,105929.99,2.32676,605.0
2025-06-13 23:41:00,105930.0,105999.95,105929.99,105978.0,19.68418,2709.0
2025-06-13 23:42:00,105978.0,105995.16,105970.97,105975.85,15.47248,1013.0
2025-06-13 23:43:00,105975.85,106000.0,105975.84,105999.99,6.10801,1547.0
2025-06-13 23:44:00,105999.99,106030.8,105999.99,106021.99,36.61359,1223.0
2025-06-13 23:45:00,106021.98,106179.53,106021.98,106140.57,88.24164,7856.0
2025-06-13 23:46:00,106140.57,106140.57,106068.0,106095.58,16.43872,3393.0
2025-06-13 23:47:00,106095.59,106114.98,106069.55,106075.99,6.06782,3076.0
2025-06-13 23:48:00,106076.0,106110.31,106064.89,106110.31,4.76133,3330.0
2025-06-13 23:49:00,106110.3,106110.31,106071.24,106071.24,5.3347,1292.0
2025-06-13 23:50:00,106071.24,106071.24,105975.82,105975.82,11.51983,3392.0
2025-06-13 23:51:00,105975.82,105977.86,105972.34,105977.86,4.28961,623.0
2025-06-13 23:52:00,105977.86,106029.59,105977.86,106029.59,6.19655,1240.0
2025-06-13 23:53:00,106029.59,106029.59,105990.17,106007.99,4.10086,1370.0
2025-06-13 23:54:00,106008.0,106014.72,106005.46,106014.71,5.04566,701.0
2025-06-13 23:55:00,106014.71,106018.89,106014.7,106018.88,2.33466,321.0
2025-06-13 23:56:00,106018.89,106058.83,106018.88,106058.83,3.06971,1013.0
2025-06-13 23:57:00,106058.83,106058.83,106049.33,106049.33,4.87637,518.0
2025-06-13 23:58:00,106049.33,106085.49,106049.33,106085.48,3.43361,817.0
2025-06-13 23:59:00,106085.48,106085.48,106066.59,106066.59,18.58133,1035.0
2025-06-14 00:00:00,106066.59,106072.0,106046.95,106046.96,11.14907,1461.0
2025-06-14 00:01:00,106046.95,106046.95,105931.1,105970.78,20.00296,3636.0
2025-06-14 00:02:00,105970.79,106026.0,105970.78,106007.17,9.40805,2227.0
2025-06-14 00:03:00,106007.17,106017.78,105999.83,106010.69,5.06347,1537.0
2025-06-14 00:04:00,106010.68,106030.5,106005.37,106005.37,2.84798,1125.0
2025-06-14 00:05:00,106005.38,106005.38,105953.38,105988.0,11.84631,2363.0
2025-06-14 00:06:00,105987.99,105988.0,105950.36,105955.77,6.08313,1600.0
2025-06-14 00:07:00,105955.77,105955.78,105932.16,105948.81,5.83206,1275.0
2025-06-14 00:08:00,105948.8,106021.53,105937.89,106015.49,9.14714,2132.0
2025-06-14 00:09:00,106015.49,106015.49,105946.45,105946.45,3.75468,1496.0
2025-06-14 00:10:00,105946.46,105981.0,105946.45,105980.99,0.97699,865.0
2025-06-14 00:11:00,105981.0,105981.0,105947.85,105980.87,5.55675,1448.0
2025-06-14 00:12:00,105980.87,105980.88,105947.85,105947.85,4.25767,1592.0
2025-06-14 00:13:00,105947.85,105947.85,105926.16,105931.6,3.92547,1206.0
2025-06-14 00:14:00,105931.6,105957.71,105931.6,105947.98,4.47704,1179.0
2025-06-14 00:15:00,105947.99,105963.59,105947.99,105963.37,5.27135,732.0
2025-06-14 00:16:00,105963.37,105979.99,105963.37,105979.98,3.31802,951.0
2025-06-14 00:17:00,105979.99,106014.71,105960.0,105960.0,8.94988,2549.0
2025-06-14 00:18:00,105959.99,105960.0,105926.47,105959.98,3.66668,1905.0
2025-06-14 00:19:00,105959.98,105959.98,105926.47,105926.47,7.84926,1362.0
2025-06-14 00:20:00,105926.47,105926.48,105900.0,105900.0,25.30956,853.0
2025-06-14 00:21:00,105900.0,105900.0,105861.1,105874.0,25.89575,1522.0
2025-06-14 00:22:00,105874.0,106050.0,105874.0,106042.6,44.83118,3242.0
2025-06-14 00:23:00,106042.61,106042.61,105930.03,105930.03,4.97029,2238.0
2025-06-14 00:24:00,105930.03,105970.51,105916.5,105952.37,5.11025,3202.0
2025-06-14 00:25:00,105952.38,105952.38,105926.47,105926.47,2.73262,1207.0
2025-06-14 00:26:00,105926.48,105926.48,105703.61,105773.44,57.1556,4433.0
2025-06-14 00:27:00,105773.44,105819.8,105772.5,105819.79,9.699,1709.0
2025-06-14 00:28:00,105819.8,105852.0,105794.11,105794.11,4.17608,2380.0
2025-06-14 00:29:00,105794.12,105800.0,105773.31,105799.99,23.67017,1559.0
2025-06-14 00:30:00,105800.0,105845.05,105794.11,105845.04,24.49786,1919.0
2025-06-14 00:31:00,105845.05,105858.33,105814.68,105821.86,7.18883,1887.0
2025-06-14 00:32:00,105821.87,105852.0,105812.0,105850.5,9.15372,1790.0
2025-06-14 00:33:00,105850.51,105858.72,105829.16,105838.56,4.12676,1959.0
2025-06-14 00:34:00,105838.55,105838.56,105830.16,105830.17,4.38332,564.0
2025-06-14 00:35:00,105830.17,105864.9,105817.12,105853.5,13.19662,1964.0
2025-06-14 00:36:00,105853.51,105861.3,105853.5,105861.3,2.02755,405.0
2025-06-14 00:37:00,105861.29,105864.43,105833.45,105864.42,14.98293,1996.0
2025-06-14 00:38:00,105864.42,105882.35,105864.41,105882.35,1.63399,941.0
2025-06-14 00:39:00,105882.36,105909.26,105872.17,105898.67,6.40113,1685.0
2025-06-14 00:40:00,105898.66,105898.66,105876.23,105880.0,7.0547,918.0
2025-06-14 00:41:00,105880.01,106000.0,105880.0,105937.06,24.5478,3534.0
2025-06-14 00:42:00,105937.05,105937.05,105882.35,105911.45,25.60726,2617.0
2025-06-14 00:43:00,105911.45,105966.46,105904.09,105948.24,20.99301,2031.0
2025-06-14 00:44:00,105948.24,105948.25,105927.52,105942.93,7.77089,975.0
2025-06-14 00:45:00,105942.93,105956.13,105911.45,105923.01,17.06147,2176.0
2025-06-14 00:46:00,105923.01,105965.69,105923.01,105955.41,86.52251,3816.0
2025-06-14 00:47:00,105955.41,106001.05,105941.0,106001.04,48.10038,2647.0
2025-06-14 00:48:00,106001.05,106001.05,105956.24,105969.44,10.0054,1409.0
2025-06-14 00:49:00,105969.43,106025.78,105969.43,106020.0,34.39131,2419.0
2025-06-14 00:50:00,106020.01,106069.36,106006.09,106069.36,56.09389,3084.0
2025-06-14 00:51:00,106069.35,106155.29,106069.35,106155.28,130.89992,6528.0
2025-06-14 00:52:00,106155.28,106232.1,106147.76,106217.0,127.15329,5186.0
2025-06-14 00:53:00,106217.01,106252.0,105983.06,105983.06,68.68207,7639.0
2025-06-14 00:54:00,105983.06,105999.67,105861.3,105861.31,27.38011,4212.0
2025-06-14 00:55:00,105861.3,105861.3,105753.8,105753.81,22.84335,3107.0
2025-06-14 00:56:00,105753.8,105780.0,105737.81,105780.0,15.47436,2629.0
2025-06-14 00:57:00,105779.99,105793.79,105761.27,105761.27,6.09907,1263.0
2025-06-14 00:58:00,105761.27,105769.5,105731.87,105766.02,45.19877,1872.0
2025-06-14 00:59:00,105766.01,105826.33,105757.39,105826.32,65.10127,2658.0
2025-06-14 01:00:00,105826.32,105826.33,105745.8,105745.8,9.96531,1806.0
2025-06-14 01:01:00,105745.81,105760.61,105738.54,105751.52,22.66422,1426.0
2025-06-14 01:02:00,105751.53,105751.53,105740.29,105751.53,4.60972,763.0
2025-06-14 01:03:00,105751.53,105778.5,105740.62,105740.63,7.87878,1224.0
2025-06-14 01:04:00,105740.62,105741.0,105563.58,105566.81,68.22091,4352.0
2025-06-14 01:05:00,105566.81,105611.86,105561.85,105573.52,24.56132,1720.0
2025-06-14 01:06:00,105573.53,105573.53,105496.62,105536.49,32.97056,4088.0
2025-06-14 01:07:00,105536.49,105562.93,105536.49,105547.86,26.8975,1419.0
2025-06-14 01:08:00,105547.87,105574.93,105537.59,105574.92,6.25979,1906.0
2025-06-14 01:09:00,105574.93,105585.64,105574.92,105585.63,2.12913,409.0
2025-06-14 01:10:00,105585.64,105590.01,105561.9,105562.53,14.78712,1525.0
2025-06-14 01:11:00,105562.52,105577.51,105462.11,105470.57,24.36207,2831.0
2025-06-14 01:12:00,105470.56,105470.57,105450.08,105461.84,4.82576,1070.0
2025-06-14 01:13:00,105461.84,105468.88,105461.83,105468.88,11.11339,387.0
2025-06-14 01:14:00,105468.88,105489.62,105460.0,105460.01,5.44136,2850.0
2025-06-14 01:15:00,105460.01,105486.67,105460.0,105486.67,7.25034,759.0
2025-06-14 01:16:00,105486.67,105489.66,105452.7,105452.71,7.01228,852.0
2025-06-14 01:17:00,105452.7,105467.82,105452.7,105466.06,9.15523,777.0
2025-06-14 01:18:00,105466.06,105466.07,105466.06,105466.06,1.47729,119.0
2025-06-14 01:19:00,105466.06,105502.91,105451.11,105490.68,27.76162,2040.0
2025-06-14 01:20:00,105490.68,105550.56,105490.67,105550.56,32.21493,1651.0
2025-06-14 01:21:00,105550.56,105586.13,105550.55,105567.24,26.68363,1802.0
2025-06-14 01:22:00,105567.24,105567.24,105528.84,105551.85,29.10193,2578.0
2025-06-14 01:23:00,105551.86,105561.59,105530.08,105552.18,25.45945,1455.0
2025-06-14 01:24:00,105552.18,105568.34,105525.14,105568.33,25.15574,2089.0
2025-06-14 01:25:00,105568.33,105568.33,105547.31,105551.12,24.3573,1347.0
2025-06-14 01:26:00,105551.12,105573.18,105551.12,105571.22,27.38414,1122.0
2025-06-14 01:27:00,105571.22,105571.22,105525.13,105535.92,29.17225,2403.0
2025-06-14 01:28:00,105535.92,105545.04,105511.81,105511.81,24.52906,2146.0
2025-06-14 01:29:00,105511.81,105524.45,105509.31,105524.05,28.31748,1247.0
2025-06-14 01:30:00,105524.05,105524.06,105472.3,105489.17,33.51836,2602.0
2025-06-14 01:31:00,105489.17,105524.68,105485.75,105524.67,25.79904,2813.0
2025-06-14 01:32:00,105524.68,105538.07,105506.43,105535.24,27.58705,2890.0
2025-06-14 01:33:00,105535.25,105537.61,105519.19,105533.95,25.00746,1499.0
2025-06-14 01:34:00,105533.95,105584.15,105509.37,105509.38,30.8668,3925.0
2025-06-14 01:35:00,105509.37,105520.92,105488.61,105494.75,28.32641,1918.0
2025-06-14 01:36:00,105494.75,105515.99,105473.74,105512.33,29.03024,2436.0
2025-06-14 01:37:00,105512.33,105515.71,105486.81,105486.81,28.50871,1273.0
2025-06-14 01:38:00,105486.82,105515.76,105480.01,105480.01,26.11455,1929.0
2025-06-14 01:39:00,105480.0,105501.05,105471.51,105493.66,25.35213,1882.0
2025-06-14 01:40:00,105493.66,105529.42,105489.32,105529.41,30.84314,2157.0
2025-06-14 01:41:00,105529.42,105548.02,105490.54,105490.55,32.02725,2473.0
2025-06-14 01:42:00,105490.54,105517.18,105487.64,105517.17,29.3178,1382.0
2025-06-14 01:43:00,105517.17,105517.18,105497.17,105515.41,30.81528,1644.0
2025-06-14 01:44:00,105515.41,105515.42,105495.57,105513.99,30.76086,1776.0
2025-06-14 01:45:00,105513.99,105554.46,105513.98,105532.2,34.43088,2255.0
2025-06-14 01:46:00,105532.2,105565.64,105524.15,105565.49,38.90633,1712.0
2025-06-14 01:47:00,105565.49,105565.49,105518.58,105518.58,25.87334,1370.0
2025-06-14 01:48:00,105518.58,105567.52,105515.47,105540.63,18.62678,2411.0
2025-06-14 01:49:00,105540.63,105544.52,105540.63,105544.52,2.42925,440.0
2025-06-14 01:50:00,105544.52,105560.87,105543.79,105543.97,7.20079,1415.0
2025-06-14 01:51:00,105543.97,105543.97,105521.6,105521.61,5.26464,627.0
2025-06-14 01:52:00,105521.6,105537.65,105495.57,105537.65,9.47139,2149.0
2025-06-14 01:53:00,105537.8,105558.81,105532.69,105532.69,3.83392,1074.0
2025-06-14 01:54:00,105532.7,105532.7,105454.46,105469.42,6.20692,2137.0
2025-06-14 01:55:00,105469.42,105469.42,105440.0,105440.0,2.25118,1121.0
2025-06-14 01:56:00,105440.01,105456.0,105440.0,105456.0,3.15945,653.0
2025-06-14 01:57:00,105455.99,105469.48,105455.99,105469.48,3.27103,424.0
2025-06-14 01:58:00,105469.47,105517.38,105463.54,105508.33,8.46094,1643.0
2025-06-14 01:59:00,105508.34,105508.34,105470.34,105470.35,3.14533,608.0
2025-06-14 02:00:00,105470.35,105495.92,105470.34,105495.91,3.00988,864.0
2025-06-14 02:01:00,105495.91,105495.92,105495.91,105495.92,0.98559,190.0
2025-06-14 02:02:00,105495.92,105495.93,105491.51,105491.52,2.30147,451.0
2025-06-14 02:03:00,105491.52,105491.52,105484.2,105484.21,2.03235,363.0
2025-06-14 02:04:00,105484.22,105484.22,105484.21,105484.21,2.17557,137.0
2025-06-14 02:05:00,105484.21,105484.21,105425.9,105435.24,14.39949,1118.0
2025-06-14 02:06:00,105435.23,105445.1,105397.05,105445.09,12.12515,2173.0
2025-06-14 02:07:00,105445.09,105452.61,105420.0,105429.99,6.53715,1275.0
2025-06-14 02:08:00,105429.99,105430.0,105418.34,105418.35,4.21598,589.0
2025-06-14 02:09:00,105418.35,105418.35,105418.34,105418.35,1.1309,154.0
2025-06-14 02:10:00,105418.35,105418.35,105418.34,105418.34,1.38301,189.0
2025-06-14 02:11:00,105418.34,105418.35,105374.0,105388.5,9.42768,1373.0
2025-06-14 02:12:00,105388.49,105500.0,105388.49,105499.99,11.56889,2494.0
2025-06-14 02:13:00,105500.0,105500.0,105480.43,105490.86,14.9712,1157.0
2025-06-14 02:14:00,105490.86,105490.86,105468.01,105468.01,5.2191,821.0
2025-06-14 02:15:00,105468.02,105472.16,105441.52,105441.53,8.71644,937.0
2025-06-14 02:16:00,105441.52,105446.0,105433.91,105445.99,8.35835,600.0
2025-06-14 02:17:00,105446.0,105491.81,105446.0,105491.81,2.5878,787.0
2025-06-14 02:18:00,105491.8,105491.81,105491.49,105491.49,4.99842,229.0
2025-06-14 02:19:00,105491.49,105529.42,105491.49,105529.41,7.80225,1538.0
2025-06-14 02:20:00,105529.42,105558.98,105529.41,105558.97,4.13556,677.0
2025-06-14 02:21:00,105558.98,105611.67,105558.98,105578.71,11.47154,1458.0
2025-06-14 02:22:00,105578.71,105578.72,105508.33,105508.33,5.32538,1462.0
2025-06-14 02:23:00,105508.33,105508.33,105474.99,105505.27,5.45401,1582.0
2025-06-14 02:24:00,105505.38,105526.15,105503.08,105503.08,3.16435,770.0
2025-06-14 02:25:00,105503.09,105503.09,105455.0,105455.0,1.88549,1036.0
2025-06-14 02:26:00,105455.0,105455.01,105448.03,105451.23,1.90678,440.0
2025-06-14 02:27:00,105451.23,105451.24,105448.02,105448.02,0.62974,210.0
2025-06-14 02:28:00,105448.02,105448.03,105418.74,105418.74,5.11012,1001.0
2025-06-14 02:29:00,105418.74,105418.74,105367.57,105384.77,8.39261,1759.0
2025-06-14 02:30:00,105384.77,105384.77,105363.19,105375.67,2.61737,970.0
2025-06-14 02:31:00,105375.67,105375.68,105375.67,105375.67,2.11496,163.0
2025-06-14 02:32:00,105375.68,105375.68,105342.68,105342.69,3.62846,1075.0
2025-06-14 02:33:00,105342.68,105366.06,105342.68,105366.05,8.0335,945.0
2025-06-14 02:34:00,105366.05,105366.06,105341.3,105341.3,3.26679,833.0
2025-06-14 02:35:00,105341.3,105341.31,105324.41,105328.68,2.02947,707.0
2025-06-14 02:36:00,105328.69,105328.69,105322.34,105322.35,3.25125,426.0
2025-06-14 02:37:00,105322.34,105331.83,105322.34,105331.83,4.45192,501.0
2025-06-14 02:38:00,105331.83,105336.3,105331.83,105336.29,1.47261,379.0
2025-06-14 02:39:00,105336.3,105340.0,105336.29,105340.0,3.79668,367.0
2025-06-14 02:40:00,105340.0,105340.0,105330.0,105330.0,2.82343,586.0
2025-06-14 02:41:00,105330.0,105330.01,105329.96,105329.97,1.73786,296.0
2025-06-14 02:42:00,105329.97,105329.97,105312.88,105312.88,2.98223,607.0
2025-06-14 02:43:00,105312.89,105329.96,105312.89,105329.95,4.07514,581.0
2025-06-14 02:44:00,105329.95,105329.96,105320.01,105320.01,2.7592,406.0
2025-06-14 02:45:00,105320.02,105335.58,105320.01,105335.57,3.52133,630.0
2025-06-14 02:46:00,105335.57,105335.58,105335.57,105335.57,1.53212,141.0
2025-06-14 02:47:00,105335.57,105335.58,105335.57,105335.58,0.54508,89.0
2025-06-14 02:48:00,105335.58,105344.84,105335.57,105344.83,2.69832,526.0
2025-06-14 02:49:00,105344.84,105344.84,105344.83,105344.84,0.90891,136.0
2025-06-14 02:50:00,105344.83,105344.84,105335.61,105335.62,1.95183,500.0
2025-06-14 02:51:00,105335.62,105390.0,105335.61,105382.42,7.57317,1797.0
2025-06-14 02:52:00,105382.42,105382.43,105375.79,105375.8,2.19905,603.0
2025-06-14 02:53:00,105375.79,105375.8,105358.74,105369.31,3.99451,637.0
2025-06-14 02:54:00,105369.31,105404.98,105369.3,105404.98,4.88505,1910.0
2025-06-14 02:55:00,105404.98,105417.37,105404.97,105414.2,2.68111,556.0
2025-06-14 02:56:00,105414.2,105423.57,105414.2,105414.99,3.89987,866.0
2025-06-14 02:57:00,105414.99,105414.99,105369.73,105369.73,4.41701,1138.0
2025-06-14 02:58:00,105369.74,105380.0,105339.72,105340.63,24.30254,1589.0
2025-06-14 02:59:00,105340.63,105374.18,105340.63,105374.17,3.0798,904.0
2025-06-14 03:00:00,105374.18,105385.78,105310.01,105315.4,12.53873,1913.0
2025-06-14 03:01:00,105315.4,105333.2,105315.39,105333.2,2.60606,810.0
2025-06-14 03:02:00,105333.2,105333.2,105276.57,105300.0,20.0172,2202.0
2025-06-14 03:03:00,105300.0,105317.29,105299.99,105317.29,0.73598,339.0
2025-06-14 03:04:00,105317.29,105328.0,105306.75,105328.0,3.24266,947.0
2025-06-14 03:05:00,105328.0,105329.17,105320.0,105320.01,2.09317,452.0
2025-06-14 03:06:00,105320.01,105334.0,105320.0,105333.99,1.09161,519.0
2025-06-14 03:07:00,105334.0,105334.0,105304.76,105316.51,6.56727,982.0
2025-06-14 03:08:00,105316.5,105316.51,105316.5,105316.51,1.17591,130.0
2025-06-14 03:09:00,105316.51,105316.51,105308.84,105308.85,1.00165,257.0
2025-06-14 03:10:00,105308.85,105308.85,105276.84,105276.85,7.29393,740.0
2025-06-14 03:11:00,105276.85,105333.37,105269.11,105318.19,10.20714,2350.0
2025-06-14 03:12:00,105318.18,105318.19,105300.51,105313.35,6.22582,772.0
2025-06-14 03:13:00,105313.36,105313.36,105313.35,105313.36,0.70105,78.0
2025-06-14 03:14:00,105313.36,105313.36,105280.0,105280.0,2.28885,747.0
2025-06-14 03:15:00,105280.0,105280.01,105259.59,105259.59,1.86963,616.0
2025-06-14 03:16:00,105259.59,105259.6,105246.04,105246.05,3.0203,798.0
2025-06-14 03:17:00,105246.04,105290.48,105246.04,105290.48,6.13501,1454.0
2025-06-14 03:18:00,105290.47,105290.48,105271.85,105271.86,1.63457,573.0
2025-06-14 03:19:00,105271.86,105271.86,105265.02,105265.03,1.25268,314.0
2025-06-14 03:20:00,105265.02,105265.03,105265.02,105265.02,0.94901,248.0
2025-06-14 03:21:00,105265.02,105291.95,105265.02,105291.95,6.03463,926.0
2025-06-14 03:22:00,105291.94,105294.39,105270.41,105294.39,9.09912,1514.0
2025-06-14 03:23:00,105294.4,105308.0,105294.4,105296.6,2.61357,916.0
2025-06-14 03:24:00,105296.6,105296.6,105280.01,105280.42,2.60235,579.0
2025-06-14 03:25:00,105280.43,105321.73,105280.42,105321.7,5.11286,1055.0
2025-06-14 03:26:00,105321.7,105334.06,105321.69,105334.05,2.14321,515.0
2025-06-14 03:27:00,105334.05,105352.95,105334.05,105352.95,2.45141,491.0
2025-06-14 03:28:00,105352.95,105352.95,105352.94,105352.95,1.90085,164.0
2025-06-14 03:29:00,105352.94,105352.95,105352.94,105352.94,2.24515,161.0
2025-06-14 03:30:00,105352.95,105352.95,105322.65,105325.1,6.29383,872.0
2025-06-14 03:31:00,105325.1,105380.71,105325.09,105380.71,7.83196,1633.0
2025-06-14 03:32:00,105380.7,105418.7,105380.7,105418.69,4.36458,1094.0
2025-06-14 03:33:00,105418.69,105418.7,105418.69,105418.7,0.84168,166.0
2025-06-14 03:34:00,105418.7,105440.0,105362.52,105365.42,10.16214,2079.0
2025-06-14 03:35:00,105365.41,105396.48,105365.41,105396.47,3.88033,815.0
2025-06-14 03:36:00,105396.47,105396.47,105365.41,105365.42,3.5088,748.0
2025-06-14 03:37:00,105365.42,105365.42,105345.61,105345.61,2.94493,553.0
2025-06-14 03:38:00,105345.61,105359.37,105345.61,105359.36,2.72984,583.0
2025-06-14 03:39:00,105359.36,105359.37,105352.94,105352.95,1.42938,346.0
2025-06-14 03:40:00,105352.94,105352.96,105345.62,105352.96,4.16785,562.0
2025-06-14 03:41:00,105352.96,105352.96,105318.17,105318.18,4.69437,1202.0
2025-06-14 03:42:00,105318.17,105318.18,105318.17,105318.18,4.38156,250.0
2025-06-14 03:43:00,105318.17,105318.18,105318.17,105318.17,4.20173,287.0
2025-06-14 03:44:00,105318.17,105332.0,105318.17,105321.47,3.76012,925.0
2025-06-14 03:45:00,105321.46,105321.47,105310.97,105310.97,1.51777,731.0
2025-06-14 03:46:00,105310.98,105310.98,105308.82,105308.83,1.42856,373.0
2025-06-14 03:47:00,105308.83,105308.83,105284.37,105284.38,2.70737,802.0
2025-06-14 03:48:00,105284.37,105284.37,105202.08,105205.39,7.80059,2999.0
2025-06-14 03:49:00,105205.39,105205.4,105200.0,105200.01,5.15964,708.0
2025-06-14 03:50:00,105200.0,105212.03,105200.0,105200.01,12.70081,1129.0
2025-06-14 03:51:00,105200.0,105203.27,105197.96,105203.27,5.20637,696.0
2025-06-14 03:52:00,105203.27,105220.0,105203.26,105219.99,2.31679,635.0
2025-06-14 03:53:00,105220.0,105220.0,105216.09,105216.09,2.45918,273.0
2025-06-14 03:54:00,105216.1,105248.3,105216.09,105248.3,6.59102,1201.0
2025-06-14 03:55:00,105248.3,105287.81,105248.29,105287.8,5.91638,1802.0
2025-06-14 03:56:00,105287.8,105287.81,105283.49,105283.49,3.55206,398.0
2025-06-14 03:57:00,105283.49,105283.5,105237.54,105237.54,2.99864,1491.0
2025-06-14 03:58:00,105237.55,105237.55,105228.64,105228.64,2.17091,390.0
2025-06-14 03:59:00,105228.64,105228.83,105228.64,105228.82,4.62928,237.0
2025-06-14 04:00:00,105228.83,105228.83,105212.09,105226.37,9.60126,742.0
2025-06-14 04:01:00,105226.38,105238.59,105226.37,105238.59,1.78591,689.0
2025-06-14 04:02:00,105238.59,105254.75,105238.58,105254.74,4.35108,699.0
2025-06-14 04:03:00,105254.75,105259.92,105254.75,105259.92,1.81798,431.0
2025-06-14 04:04:00,105259.92,105271.68,105259.91,105271.67,2.03892,467.0
2025-06-14 04:05:00,105271.68,105295.1,105271.67,105295.1,2.15871,986.0
2025-06-14 04:06:00,105295.1,105295.1,105295.09,105295.1,1.52984,231.0
2025-06-14 04:07:00,105295.1,105305.72,105295.09,105305.71,2.54248,604.0
2025-06-14 04:08:00,105305.71,105317.62,105302.97,105317.62,2.36325,746.0
2025-06-14 04:09:00,105317.62,105317.62,105302.0,105302.0,1.60354,716.0
2025-06-14 04:10:00,105302.01,105312.0,105292.47,105312.0,5.61447,1102.0
2025-06-14 04:11:00,105312.0,105326.71,105311.52,105326.71,7.68242,842.0
2025-06-14 04:12:00,105326.7,105351.1,105326.7,105351.09,3.04513,957.0
2025-06-14 04:13:00,105351.1,105384.99,105342.39,105342.4,7.72281,1644.0
2025-06-14 04:14:00,105342.4,105342.4,105320.0,105320.0,1.7607,801.0
2025-06-14 04:15:00,105320.01,105369.57,105320.0,105349.96,7.81609,1355.0
2025-06-14 04:16:00,105349.95,105349.96,105320.0,105334.81,5.39078,1002.0
2025-06-14 04:17:00,105334.81,105338.0,105334.8,105338.0,1.0939,242.0
2025-06-14 04:18:00,105338.0,105338.0,105298.05,105298.06,5.74841,1064.0
2025-06-14 04:19:00,105298.06,105298.06,105259.02,105259.02,2.3563,957.0
2025-06-14 04:20:00,105259.03,105271.92,105248.92,105271.91,2.84406,1083.0
2025-06-14 04:21:00,105271.92,105328.7,105271.91,105288.23,21.90772,2223.0
2025-06-14 04:22:00,105288.24,105300.0,105288.23,105300.0,2.47571,410.0
2025-06-14 04:23:00,105300.0,105300.0,105294.17,105294.17,0.81461,295.0
2025-06-14 04:24:00,105294.17,105294.18,105294.17,105294.17,1.57516,243.0
2025-06-14 04:25:00,105294.17,105294.18,105294.17,105294.18,0.67766,172.0
2025-06-14 04:26:00,105294.18,105294.18,105294.16,105294.16,0.82347,234.0
2025-06-14 04:27:00,105294.16,105294.17,105294.0,105294.01,1.22857,260.0
2025-06-14 04:28:00,105294.01,105333.73,105294.0,105333.72,19.57085,1111.0
2025-06-14 04:29:00,105333.72,105339.98,105333.72,105339.97,1.57055,220.0
2025-06-14 04:30:00,105339.98,105339.98,105339.97,105339.98,0.6666,157.0
2025-06-14 04:31:00,105339.97,105369.58,105332.57,105369.58,5.6859,1440.0
2025-06-14 04:32:00,105369.72,105383.43,105369.72,105383.42,1.20277,619.0
2025-06-14 04:33:00,105383.42,105397.06,105383.42,105397.05,3.63547,319.0
2025-06-14 04:34:00,105397.06,105397.06,105385.0,105385.01,2.99048,404.0
2025-06-14 04:35:00,105385.0,105397.06,105354.72,105354.72,6.82526,1017.0
2025-06-14 04:36:00,105354.73,105354.73,105329.16,105341.26,3.42334,686.0
2025-06-14 04:37:00,105341.27,105343.41,105341.26,105343.41,1.72985,262.0
2025-06-14 04:38:00,105343.4,105343.41,105343.4,105343.4,2.40773,165.0
2025-06-14 04:39:00,105343.4,105343.41,105308.85,105308.85,2.31669,802.0
2025-06-14 04:40:00,105308.86,105329.02,105276.29,105276.3,10.29006,1247.0
2025-06-14 04:41:00,105276.3,105296.49,105276.29,105296.49,1.97724,549.0
2025-06-14 04:42:00,105296.48,105296.49,105296.48,105296.49,0.74994,154.0
2025-06-14 04:43:00,105296.49,105336.0,105296.48,105336.0,3.3564,686.0
2025-06-14 04:44:00,105336.0,105336.0,105326.13,105326.14,0.92985,296.0
2025-06-14 04:45:00,105326.13,105341.76,105326.13,105341.76,2.6289,363.0
2025-06-14 04:46:00,105341.76,105341.76,105341.75,105341.76,1.00725,119.0
2025-06-14 04:47:00,105341.76,105341.76,105341.75,105341.76,1.6466,175.0
2025-06-14 04:48:00,105341.76,105370.59,105341.75,105370.58,5.18952,695.0
2025-06-14 04:49:00,105370.59,105370.59,105360.26,105360.26,1.73275,358.0
2025-06-14 04:50:00,105360.26,105360.27,105340.44,105340.44,2.08349,625.0
2025-06-14 04:51:00,105340.45,105340.45,105285.41,105297.98,4.84383,1243.0
2025-06-14 04:52:00,105297.99,105317.75,105297.98,105317.74,2.41363,746.0
2025-06-14 04:53:00,105317.75,105317.75,105317.74,105317.74,0.3273,178.0
2025-06-14 04:54:00,105317.75,105327.8,105314.0,105314.01,2.27299,585.0
2025-06-14 04:55:00,105314.0,105314.01,105314.0,105314.0,0.60427,149.0
2025-06-14 04:56:00,105314.0,105337.68,105291.71,105337.68,6.83171,1380.0
2025-06-14 04:57:00,105337.68,105352.95,105337.68,105352.94,1.16528,351.0
2025-06-14 04:58:00,105352.94,105372.0,105352.94,105372.0,2.35477,606.0
2025-06-14 04:59:00,105372.0,105372.0,105371.07,105371.07,1.45837,284.0
2025-06-14 05:00:00,105371.08,105397.06,105366.24,105366.24,11.7004,990.0
2025-06-14 05:01:00,105366.25,105366.25,105340.6,105340.6,3.80388,784.0
2025-06-14 05:02:00,105340.61,105351.38,105324.0,105351.37,6.51809,1061.0
2025-06-14 05:03:00,105351.38,105358.46,105297.32,105320.64,29.0485,1208.0
2025-06-14 05:04:00,105320.63,105335.71,105320.63,105335.7,3.18998,488.0
2025-06-14 05:05:00,105335.71,105335.71,105324.0,105324.01,2.69777,451.0
2025-06-14 05:06:00,105324.01,105324.01,105317.3,105317.3,1.08667,401.0
2025-06-14 05:07:00,105317.3,105317.31,105317.3,105317.31,0.84119,115.0
2025-06-14 05:08:00,105317.3,105317.31,105314.0,105314.01,0.51932,260.0
2025-06-14 05:09:00,105314.01,105314.01,105308.82,105308.82,1.14544,341.0
2025-06-14 05:10:00,105308.83,105308.83,105308.82,105308.83,0.56247,97.0
2025-06-14 05:11:00,105308.83,105308.83,105308.82,105308.83,0.5071,114.0
2025-06-14 05:12:00,105308.82,105308.83,105308.82,105308.82,0.60245,167.0
2025-06-14 05:13:00,105308.83,105308.83,105308.82,105308.83,1.14937,174.0
2025-06-14 05:14:00,105308.82,105308.82,105286.6,105286.6,2.56404,712.0
2025-06-14 05:15:00,105286.61,105286.61,105275.37,105275.38,7.42043,454.0
2025-06-14 05:16:00,105275.37,105275.38,105275.37,105275.38,0.37595,95.0
2025-06-14 05:17:00,105275.37,105275.39,105275.37,105275.39,4.5666,488.0
2025-06-14 05:18:00,105275.38,105275.39,105270.68,105270.69,5.85833,408.0
2025-06-14 05:19:00,105270.68,105270.69,105270.37,105270.38,1.34952,251.0
2025-06-14 05:20:00,105270.37,105326.1,105265.32,105326.1,13.21446,1523.0
2025-06-14 05:21:00,105326.1,105326.1,105307.3,105307.31,2.37853,1057.0
2025-06-14 05:22:00,105307.3,105307.31,105296.33,105296.33,1.54351,434.0
2025-06-14 05:23:00,105296.33,105317.99,105296.33,105317.99,2.88495,816.0
2025-06-14 05:24:00,105317.99,105317.99,105308.82,105308.82,3.14296,515.0
2025-06-14 05:25:00,105308.82,105308.83,105308.82,105308.82,0.69044,115.0
2025-06-14 05:26:00,105308.83,105308.83,105308.82,105308.83,0.50201,104.0
2025-06-14 05:27:00,105308.82,105326.21,105293.42,105326.2,8.76045,1342.0
2025-06-14 05:28:00,105326.21,105338.94,105313.35,105313.35,2.70024,1122.0
2025-06-14 05:29:00,105313.35,105313.36,105313.35,105313.35,0.68389,141.0
2025-06-14 05:30:00,105313.36,105313.36,105293.43,105293.44,2.50188,612.0
2025-06-14 05:31:00,105293.44,105293.44,105276.53,105276.54,3.61107,850.0
2025-06-14 05:32:00,105276.54,105276.54,105276.53,105276.54,0.64518,162.0
2025-06-14 05:33:00,105276.53,105276.54,105260.82,105260.83,3.32251,531.0
2025-06-14 05:34:00,105260.82,105260.83,105233.95,105242.09,15.38881,561.0
2025-06-14 05:35:00,105242.09,105260.83,105242.08,105260.82,4.24575,840.0
2025-06-14 05:36:00,105260.83,105260.83,105260.82,105260.83,1.00089,123.0
2025-06-14 05:37:00,105260.82,105331.32,105260.82,105331.31,7.95724,1945.0
2025-06-14 05:38:00,105331.32,105334.5,105323.14,105323.15,2.54448,795.0
2025-06-14 05:39:00,105323.15,105323.15,105308.82,105308.83,1.26038,380.0
2025-06-14 05:40:00,105308.83,105317.24,105308.82,105317.23,1.57728,265.0
2025-06-14 05:41:00,105317.24,105317.24,105317.23,105317.23,1.47616,89.0
2025-06-14 05:42:00,105317.23,105343.28,105317.23,105343.27,3.26035,924.0
2025-06-14 05:43:00,105343.27,105343.28,105343.27,105343.28,0.68527,124.0
2025-06-14 05:44:00,105343.27,105343.28,105341.21,105341.21,1.92389,256.0
2025-06-14 05:45:00,105341.22,105341.22,105341.21,105341.21,1.22055,112.0
2025-06-14 05:46:00,105341.22,105341.22,105341.21,105341.22,0.61624,162.0
2025-06-14 05:47:00,105341.22,105341.22,105341.21,105341.22,3.03806,442.0
2025-06-14 05:48:00,105341.22,105363.06,105341.21,105353.73,5.46016,1460.0
2025-06-14 05:49:00,105353.73,105353.74,105341.18,105341.19,1.26957,494.0
2025-06-14 05:50:00,105341.19,105346.0,105341.18,105346.0,1.05537,296.0
2025-06-14 05:51:00,105346.0,105353.74,105345.99,105353.74,1.80793,442.0
2025-06-14 05:52:00,105353.74,105353.74,105353.73,105353.74,0.55941,182.0
2025-06-14 05:53:00,105353.73,105353.74,105343.19,105343.2,1.61936,438.0
2025-06-14 05:54:00,105343.19,105343.19,105304.32,105304.32,3.57634,1249.0
2025-06-14 05:55:00,105304.32,105304.33,105304.32,105304.32,0.45872,143.0
2025-06-14 05:56:00,105304.33,105304.33,105304.32,105304.32,2.11753,275.0
2025-06-14 05:57:00,105304.32,105304.33,105285.44,105285.45,1.86641,707.0
2025-06-14 05:58:00,105285.45,105295.28,105285.44,105295.28,4.32105,500.0
2025-06-14 05:59:00,105295.28,105295.28,105288.29,105288.3,2.7576,495.0
2025-06-14 06:00:00,105288.3,105288.3,105287.86,105287.87,5.5375,385.0
2025-06-14 06:01:00,105287.87,105294.36,105287.86,105294.36,2.15326,478.0
2025-06-14 06:02:00,105294.36,105314.64,105294.0,105294.01,5.12934,1123.0
2025-06-14 06:03:00,105294.0,105294.01,105272.67,105272.67,1.08187,642.0
2025-06-14 06:04:00,105272.68,105272.68,105272.67,105272.67,0.41401,136.0
2025-06-14 06:05:00,105272.67,105272.68,105254.31,105254.31,2.28869,590.0
2025-06-14 06:06:00,105254.32,105254.32,105223.67,105223.68,2.70827,693.0
2025-06-14 06:07:00,105223.67,105223.67,105209.56,105219.46,5.44003,1108.0
2025-06-14 06:08:00,105219.46,105219.46,105217.99,105217.99,2.65068,256.0
2025-06-14 06:09:00,105217.99,105316.51,105217.99,105303.27,19.97278,1224.0
2025-06-14 06:10:00,105303.28,105305.0,105303.27,105305.0,0.63002,205.0
2025-06-14 06:11:00,105304.99,105321.82,105294.5,105294.5,5.4551,1512.0
2025-06-14 06:12:00,105294.5,105294.51,105232.86,105256.59,13.10113,1245.0
2025-06-14 06:13:00,105256.59,105264.41,105256.59,105264.41,1.73961,261.0
2025-06-14 06:14:00,105264.41,105264.41,105240.01,105240.02,2.17947,525.0
2025-06-14 06:15:00,105240.02,105244.75,105236.61,105244.74,2.48496,483.0
2025-06-14 06:16:00,105244.74,105244.75,105244.74,105244.75,0.34985,102.0
2025-06-14 06:17:00,105244.74,105244.75,105145.38,105183.08,20.37958,2091.0
2025-06-14 06:18:00,105183.08,105207.4,105183.07,105203.87,3.61659,934.0
2025-06-14 06:19:00,105203.86,105203.87,105152.01,105152.02,5.54277,1444.0
2025-06-14 06:20:00,105152.01,105152.02,105132.35,105148.84,3.52046,1092.0
2025-06-14 06:21:00,105148.84,105148.84,105127.72,105127.72,1.12062,742.0
2025-06-14 06:22:00,105127.72,105145.11,105110.25,105112.21,10.2698,1473.0
2025-06-14 06:23:00,105112.21,105160.0,105112.2,105156.76,9.21847,961.0
2025-06-14 06:24:00,105156.76,105168.82,105156.75,105160.01,1.19066,606.0
2025-06-14 06:25:00,105160.0,105160.0,105141.66,105141.67,1.81852,571.0
2025-06-14 06:26:00,105141.66,105176.48,105141.66,105169.42,8.48001,833.0
2025-06-14 06:27:00,105169.42,105169.43,105161.42,105161.42,1.22912,411.0
2025-06-14 06:28:00,105161.43,105161.43,105161.42,105161.43,1.99763,217.0
2025-06-14 06:29:00,105161.42,105161.43,105161.42,105161.43,0.59297,103.0
2025-06-14 06:30:00,105161.42,105161.43,105161.42,105161.43,1.34754,161.0
2025-06-14 06:31:00,105161.43,105161.43,105140.34,105140.35,2.52297,614.0
2025-06-14 06:32:00,105140.35,105140.35,105133.62,105133.63,2.61201,446.0
2025-06-14 06:33:00,105133.62,105150.0,105118.93,105149.0,12.27707,843.0
2025-06-14 06:34:00,105148.99,105160.0,105148.99,105159.99,1.05566,238.0
2025-06-14 06:35:00,105160.0,105160.0,105159.99,105159.99,0.45246,136.0
2025-06-14 06:36:00,105160.0,105216.97,105159.99,105215.41,3.75973,1729.0
2025-06-14 06:37:00,105215.41,105215.41,105203.57,105203.57,3.17581,416.0
2025-06-14 06:38:00,105203.57,105203.58,105189.75,105197.99,2.98938,475.0
2025-06-14 06:39:00,105198.0,105198.0,105197.99,105197.99,0.91282,133.0
2025-06-14 06:40:00,105197.99,105198.0,105183.05,105183.06,3.03711,341.0
2025-06-14 06:41:00,105183.06,105183.06,105152.41,105152.41,2.46431,681.0
2025-06-14 06:42:00,105152.41,105169.52,105152.41,105169.52,3.32336,892.0
2025-06-14 06:43:00,105169.52,105185.28,105169.51,105185.28,1.92171,517.0
2025-06-14 06:44:00,105185.28,105185.28,105185.27,105185.28,0.45408,120.0
2025-06-14 06:45:00,105185.28,105185.28,105169.99,105170.0,3.54125,615.0
2025-06-14 06:46:00,105170.0,105184.0,105169.99,105183.85,1.39238,376.0
2025-06-14 06:47:00,105183.85,105183.85,105183.84,105183.85,0.60324,121.0
2025-06-14 06:48:00,105183.85,105183.85,105183.84,105183.85,0.3611,152.0
2025-06-14 06:49:00,105183.85,105183.85,105155.31,105155.32,2.01517,891.0
2025-06-14 06:50:00,105155.31,105164.01,105155.31,105164.01,2.13526,578.0
2025-06-14 06:51:00,105164.0,105164.01,105164.0,105164.01,0.74041,179.0
2025-06-14 06:52:00,105164.01,105164.01,105133.76,105133.77,10.7006,1051.0
2025-06-14 06:53:00,105133.77,105133.77,105133.76,105133.76,1.0385,179.0
2025-06-14 06:54:00,105133.77,105133.77,105132.35,105132.36,1.7528,449.0
2025-06-14 06:55:00,105132.35,105132.36,105125.88,105125.88,1.74256,326.0
2025-06-14 06:56:00,105125.88,105125.89,105125.88,105125.88,2.73877,280.0
2025-06-14 06:57:00,105125.89,105125.89,105125.88,105125.89,2.84711,347.0
2025-06-14 06:58:00,105125.89,105125.89,105117.14,105117.15,2.25181,712.0
2025-06-14 06:59:00,105117.14,105117.14,105105.13,105105.13,2.77044,741.0
2025-06-14 07:00:00,105105.14,105105.14,105096.16,105096.16,2.71759,553.0
2025-06-14 07:01:00,105096.16,105096.17,105082.23,105082.24,4.47227,1337.0
2025-06-14 07:02:00,105082.24,105082.24,105062.5,105062.55,3.4134,783.0
2025-06-14 07:03:00,105062.56,105062.56,105042.28,105054.94,10.01342,1042.0
2025-06-14 07:04:00,105054.94,105054.94,105048.11,105048.11,4.28679,431.0
2025-06-14 07:05:00,105048.11,105048.11,105019.39,105019.39,6.00012,1358.0
2025-06-14 07:06:00,105019.39,105019.39,105000.0,105000.01,6.13614,1715.0
2025-06-14 07:07:00,105000.0,105000.01,104986.94,104986.94,10.30315,1731.0
2025-06-14 07:08:00,104986.95,104986.95,104940.97,104940.99,16.77105,2197.0
2025-06-14 07:09:00,104940.98,104954.0,104940.98,104954.0,10.60325,681.0
2025-06-14 07:10:00,104953.99,104964.84,104953.99,104961.13,5.47758,918.0
2025-06-14 07:11:00,104961.14,104961.14,104931.36,104948.78,20.92399,1235.0
2025-06-14 07:12:00,104948.77,104948.78,104929.07,104929.08,5.72584,843.0
2025-06-14 07:13:00,104929.07,104940.0,104929.07,104939.99,2.81608,444.0
2025-06-14 07:14:00,104940.0,104940.0,104939.99,104940.0,1.6439,167.0
2025-06-14 07:15:00,104940.0,104984.45,104939.99,104951.86,15.35997,1917.0
2025-06-14 07:16:00,104951.86,104951.86,104931.91,104931.92,6.93617,798.0
2025-06-14 07:17:00,104931.92,104931.92,104931.91,104931.91,1.1995,173.0
2025-06-14 07:18:00,104931.92,104937.17,104931.91,104937.16,4.00525,459.0
2025-06-14 07:19:00,104937.16,104937.17,104881.24,104881.24,12.20649,2760.0
2025-06-14 07:20:00,104881.24,104881.25,104860.0,104860.01,5.42369,1391.0
2025-06-14 07:21:00,104860.01,104860.01,104792.98,104815.93,12.96057,3125.0
2025-06-14 07:22:00,104815.92,104892.49,104815.92,104892.49,8.59116,1807.0
2025-06-14 07:23:00,104892.49,104938.4,104892.48,104938.4,7.77519,1546.0
2025-06-14 07:24:00,104938.4,104938.4,104911.75,104917.05,4.5258,809.0
2025-06-14 07:25:00,104917.05,104966.39,104917.05,104966.38,9.56877,1634.0
2025-06-14 07:26:00,104966.38,104979.87,104952.5,104955.89,2.81668,1004.0
2025-06-14 07:27:00,104955.88,104985.51,104955.88,104985.51,6.56322,736.0
2025-06-14 07:28:00,104985.51,104985.51,104985.5,104985.51,0.91575,139.0
2025-06-14 07:29:00,104985.51,104985.51,104985.5,104985.5,0.6652,115.0
2025-06-14 07:30:00,104985.51,105000.0,104981.03,105000.0,5.36993,793.0
2025-06-14 07:31:00,104999.99,105034.91,104999.99,105017.1,3.84446,1192.0
2025-06-14 07:32:00,105017.09,105032.42,105017.09,105032.42,1.60111,493.0
2025-06-14 07:33:00,105032.41,105042.23,105032.41,105042.22,5.18174,445.0
2025-06-14 07:34:00,105042.22,105058.32,105042.22,105048.91,8.64791,872.0
2025-06-14 07:35:00,105048.9,105048.91,105029.06,105029.07,7.09363,745.0
2025-06-14 07:36:00,105029.06,105089.23,105029.06,105089.22,8.98006,1414.0
2025-06-14 07:37:00,105089.23,105144.57,105089.22,105093.07,11.81157,2789.0
2025-06-14 07:38:00,105093.07,105093.08,105068.12,105079.96,9.39622,624.0
2025-06-14 07:39:00,105079.95,105108.71,105079.95,105108.71,4.00916,612.0
2025-06-14 07:40:00,105108.71,105116.72,105105.2,105105.21,4.23638,645.0
2025-06-14 07:41:00,105105.2,105120.01,105105.2,105120.0,10.37845,512.0
2025-06-14 07:42:00,105120.01,105120.01,105120.0,105120.01,2.19309,161.0
2025-06-14 07:43:00,105120.01,105120.01,105120.0,105120.01,3.01689,183.0
2025-06-14 07:44:00,105120.01,105142.14,105120.0,105142.13,6.52275,678.0
2025-06-14 07:45:00,105142.13,105142.14,105136.66,105136.67,4.51639,330.0
2025-06-14 07:46:00,105136.67,105136.67,105136.66,105136.66,1.3638,166.0
2025-06-14 07:47:00,105136.67,105136.67,105136.66,105136.66,1.52861,176.0
2025-06-14 07:48:00,105136.66,105136.67,105136.66,105136.67,1.85788,151.0
2025-06-14 07:49:00,105136.67,105136.67,105080.36,105095.99,8.60247,1223.0
2025-06-14 07:50:00,105096.0,105099.75,105088.24,105099.74,3.62891,558.0
2025-06-14 07:51:00,105099.75,105099.75,105048.06,105071.99,5.97176,1373.0
2025-06-14 07:52:00,105072.0,105105.04,105068.4,105068.4,5.08759,1073.0
2025-06-14 07:53:00,105068.4,105069.36,105057.11,105069.36,3.43852,580.0
2025-06-14 07:54:00,105069.36,105080.0,105050.04,105050.04,3.69916,656.0
2025-06-14 07:55:00,105050.04,105050.05,105047.63,105047.64,4.19623,269.0
2025-06-14 07:56:00,105047.63,105070.01,105047.63,105070.01,1.90512,723.0
2025-06-14 07:57:00,105070.01,105080.0,105070.0,105080.0,8.01374,565.0
2025-06-14 07:58:00,105079.99,105086.45,105079.99,105086.4,1.43616,370.0
2025-06-14 07:59:00,105086.39,105086.39,105076.59,105076.59,1.68695,502.0
2025-06-14 08:00:00,105076.59,105096.01,105062.5,105096.01,6.45822,1128.0
2025-06-14 08:01:00,105096.0,105102.94,105082.01,105082.02,6.66869,854.0
2025-06-14 08:02:00,105082.02,105082.02,105050.38,105050.39,1.38906,870.0
2025-06-14 08:03:00,105050.38,105050.38,105020.48,105020.48,1.16831,1075.0
2025-06-14 08:04:00,105020.48,105020.48,105001.55,105001.56,0.68214,609.0
2025-06-14 08:05:00,105001.55,105001.56,105001.16,105001.16,4.30854,232.0
2025-06-14 08:06:00,105001.16,105001.17,104929.35,104929.35,11.35437,2075.0
2025-06-14 08:07:00,104929.36,104929.36,104912.05,104912.05,4.01467,598.0
2025-06-14 08:08:00,104912.06,104912.06,104892.79,104900.79,8.7167,989.0
2025-06-14 08:09:00,104900.79,104943.0,104900.79,104909.78,8.85861,1981.0
2025-06-14 08:10:00,104909.78,104909.78,104896.71,104896.71,5.01974,368.0
2025-06-14 08:11:00,104896.71,104907.17,104896.71,104907.17,3.57043,371.0
2025-06-14 08:12:00,104907.17,104907.17,104906.0,104906.01,2.78422,265.0
2025-06-14 08:13:00,104906.01,104906.01,104906.0,104906.01,3.76711,221.0
2025-06-14 08:14:00,104906.01,104906.01,104896.73,104896.74,2.9505,343.0
2025-06-14 08:15:00,104896.73,104918.82,104882.32,104918.82,17.60954,1267.0
2025-06-14 08:16:00,104918.81,104918.82,104871.06,104871.06,18.60753,1188.0
2025-06-14 08:17:00,104871.06,104914.08,104871.06,104914.08,3.82267,1231.0
2025-06-14 08:18:00,104914.07,104932.93,104914.07,104932.92,1.56304,711.0
2025-06-14 08:19:00,104932.92,104936.73,104923.19,104936.72,2.51498,792.0
2025-06-14 08:20:00,104936.73,104982.92,104936.72,104963.25,3.78836,2000.0
2025-06-14 08:21:00,104962.01,104962.02,104962.01,104962.01,0.98167,143.0
2025-06-14 08:22:00,104962.01,104968.94,104962.01,104968.94,0.95743,317.0
2025-06-14 08:23:00,104968.94,104985.64,104968.94,104985.64,1.04659,617.0
2025-06-14 08:24:00,104985.63,104985.64,104977.43,104977.43,0.92624,316.0
2025-06-14 08:25:00,104977.43,104994.92,104977.43,104994.92,1.32551,532.0
2025-06-14 08:26:00,104994.91,104994.92,104994.91,104994.91,0.30221,96.0
2025-06-14 08:27:00,104994.92,104994.92,104994.91,104994.92,2.72422,159.0
2025-06-14 08:28:00,104994.92,105014.15,104994.91,105006.84,3.23816,931.0
2025-06-14 08:29:00,105006.83,105006.84,105006.83,105006.84,1.3199,104.0
2025-06-14 08:30:00,105006.84,105006.84,104977.54,104977.54,2.0898,956.0
2025-06-14 08:31:00,104977.55,104977.55,104949.33,104949.34,1.74837,784.0
2025-06-14 08:32:00,104949.34,104949.34,104933.94,104933.94,2.24146,472.0
2025-06-14 08:33:00,104933.94,104933.95,104873.62,104873.62,3.14569,1461.0
2025-06-14 08:34:00,104873.63,104912.02,104873.62,104912.02,4.9602,1530.0
2025-06-14 08:35:00,104912.02,104939.12,104912.01,104939.11,2.31231,690.0
2025-06-14 08:36:00,104939.12,104993.29,104939.12,104993.29,3.04287,1777.0
2025-06-14 08:37:00,104993.29,105037.21,104993.28,105037.21,4.06134,1281.0
2025-06-14 08:38:00,105037.2,105037.21,105032.0,105037.2,3.36482,470.0
2025-06-14 08:39:00,105037.2,105044.1,105037.2,105044.09,12.05221,436.0
2025-06-14 08:40:00,105044.09,105044.09,105044.08,105044.08,1.22007,142.0
2025-06-14 08:41:00,105044.09,105069.07,105044.08,105069.07,1.61207,695.0
2025-06-14 08:42:00,105069.06,105069.07,105069.06,105069.07,0.56144,106.0
2025-06-14 08:43:00,105069.06,105069.07,105060.41,105060.41,2.31912,311.0
2025-06-14 08:44:00,105060.41,105067.99,105060.41,105067.99,2.16699,260.0
2025-06-14 08:45:00,105067.99,105112.86,105067.99,105112.86,3.52129,1071.0
2025-06-14 08:46:00,105112.85,105112.86,105105.2,105105.21,1.2994,282.0
2025-06-14 08:47:00,105105.21,105132.36,105105.2,105132.36,3.47955,622.0
2025-06-14 08:48:00,105132.35,105132.36,105106.27,105106.27,2.49947,651.0
2025-06-14 08:49:00,105106.28,105111.34,105106.27,105111.33,1.30748,346.0
2025-06-14 08:50:00,105111.33,105111.34,105105.2,105105.21,2.15273,402.0
2025-06-14 08:51:00,105105.21,105105.21,105062.66,105062.67,2.41303,1078.0
2025-06-14 08:52:00,105062.67,105062.67,105062.66,105062.66,0.51903,196.0
2025-06-14 08:53:00,105062.66,105085.0,105062.66,105084.99,6.94098,606.0
2025-06-14 08:54:00,105084.99,105113.98,105084.99,105112.61,3.52618,928.0
2025-06-14 08:55:00,105112.6,105112.61,105107.6,105107.6,2.9583,401.0
2025-06-14 08:56:00,105107.6,105107.61,105107.6,105107.61,0.57718,121.0
2025-06-14 08:57:00,105107.61,105107.61,105107.6,105107.6,0.51607,125.0
2025-06-14 08:58:00,105107.61,105107.61,105107.6,105107.6,0.61574,129.0
2025-06-14 08:59:00,105107.61,105107.61,105095.03,105095.03,3.68101,583.0
2025-06-14 09:00:00,105095.04,105095.04,105095.03,105095.03,2.10971,279.0
2025-06-14 09:01:00,105095.04,105095.04,105092.37,105092.38,2.46762,462.0
2025-06-14 09:02:00,105092.37,105092.37,105029.85,105054.81,8.05273,1073.0
2025-06-14 09:03:00,105054.81,105054.81,105054.8,105054.81,0.5678,117.0
2025-06-14 09:04:00,105054.81,105054.82,105054.8,105054.81,7.81391,282.0
2025-06-14 09:05:00,105054.81,105110.15,105054.81,105080.02,11.99154,1516.0
2025-06-14 09:06:00,105080.01,105080.01,105044.11,105044.12,3.88742,1039.0
2025-06-14 09:07:00,105044.12,105044.12,105036.75,105036.75,4.36372,347.0
2025-06-14 09:08:00,105036.75,105036.76,105031.75,105031.76,3.3943,302.0
2025-06-14 09:09:00,105031.76,105031.76,105007.03,105007.03,5.91699,599.0
2025-06-14 09:10:00,105007.03,105007.03,105000.52,105000.52,5.38753,285.0
2025-06-14 09:11:00,105000.52,105012.0,105000.52,105011.99,10.52767,616.0
2025-06-14 09:12:00,105012.0,105043.41,105011.99,105043.41,8.42827,1243.0
2025-06-14 09:13:00,105043.4,105067.37,105043.4,105044.13,5.09317,1763.0
2025-06-14 09:14:00,105044.12,105044.13,105044.12,105044.13,0.37016,163.0
2025-06-14 09:15:00,105044.13,105044.13,105008.96,105008.96,9.47244,993.0
2025-06-14 09:16:00,105008.96,105020.0,105008.96,105020.0,1.09624,251.0
2025-06-14 09:17:00,105019.99,105037.94,105019.99,105037.93,4.21696,619.0
2025-06-14 09:18:00,105037.94,105037.94,105009.57,105029.25,16.18591,1209.0
2025-06-14 09:19:00,105029.26,105050.0,105029.26,105049.99,0.87235,623.0
2025-06-14 09:20:00,105049.99,105079.51,105049.99,105079.51,1.94991,552.0
2025-06-14 09:21:00,105079.5,105088.24,105079.5,105088.24,1.69228,277.0
2025-06-14 09:22:00,105088.23,105088.24,105088.23,105088.24,1.35942,142.0
2025-06-14 09:23:00,105088.23,105088.24,105069.88,105069.89,2.59775,616.0
2025-06-14 09:24:00,105069.89,105069.89,105055.11,105055.11,4.87999,376.0
2025-06-14 09:25:00,105055.12,105055.12,105055.11,105055.12,0.40544,84.0
2025-06-14 09:26:00,105055.11,105055.12,105055.11,105055.12,0.37153,104.0
2025-06-14 09:27:00,105055.11,105055.12,105011.63,105011.64,4.50531,857.0
2025-06-14 09:28:00,105011.64,105039.76,105011.63,105039.76,1.99362,832.0
2025-06-14 09:29:00,105039.76,105039.76,105010.65,105010.66,12.48397,738.0
2025-06-14 09:30:00,105010.65,105010.66,104996.17,104996.18,1.57811,569.0
2025-06-14 09:31:00,104996.18,105007.54,104996.17,105000.0,2.4936,708.0
2025-06-14 09:32:00,104999.99,105000.0,104982.56,104982.56,0.60586,460.0
2025-06-14 09:33:00,104982.56,104982.56,104965.6,104973.39,2.11815,721.0
2025-06-14 09:34:00,104973.4,104973.4,104955.02,104955.02,1.44256,522.0
2025-06-14 09:35:00,104955.02,104983.65,104955.02,104983.65,2.37926,545.0
2025-06-14 09:36:00,104983.64,104983.65,104983.64,104983.64,1.03773,206.0
2025-06-14 09:37:00,104983.64,104983.64,104960.0,104975.66,2.0295,751.0
2025-06-14 09:38:00,104975.65,104975.66,104966.0,104966.0,1.1712,338.0
2025-06-14 09:39:00,104966.01,104966.01,104966.0,104966.0,1.21881,139.0
2025-06-14 09:40:00,104966.01,104966.01,104966.0,104966.01,0.44988,137.0
2025-06-14 09:41:00,104966.0,104973.52,104966.0,104966.19,1.58407,520.0
2025-06-14 09:42:00,104966.2,104966.2,104966.19,104966.2,0.70122,87.0
2025-06-14 09:43:00,104966.19,104966.2,104956.0,104956.01,0.89019,341.0
2025-06-14 09:44:00,104956.01,104956.01,104956.0,104956.01,0.70103,85.0
2025-06-14 09:45:00,104956.0,104967.21,104956.0,104967.2,1.37796,320.0
2025-06-14 09:46:00,104967.21,104967.21,104956.0,104956.0,1.16531,624.0
2025-06-14 09:47:00,104956.01,104956.01,104940.79,104940.79,1.69186,447.0
2025-06-14 09:48:00,104940.8,104940.8,104881.24,104881.24,18.36885,1230.0
2025-06-14 09:49:00,104881.25,104897.99,104880.0,104897.99,5.3367,971.0
2025-06-14 09:50:00,104898.0,104915.9,104895.73,104895.74,5.645,1320.0
2025-06-14 09:51:00,104895.74,104895.74,104860.46,104860.46,4.20316,1038.0
2025-06-14 09:52:00,104860.47,104899.99,104860.46,104899.98,5.16757,1207.0
2025-06-14 09:53:00,104899.98,104899.99,104886.17,104886.18,4.01649,717.0
2025-06-14 09:54:00,104886.17,104886.18,104861.0,104861.01,6.10578,1212.0
2025-06-14 09:55:00,104861.01,104883.48,104857.5,104883.47,7.48032,1298.0
2025-06-14 09:56:00,104883.47,104889.07,104867.99,104868.0,9.97459,1059.0
2025-06-14 09:57:00,104867.99,104868.0,104867.99,104868.0,1.03198,142.0
2025-06-14 09:58:00,104867.99,104868.0,104850.54,104858.21,15.33666,945.0
2025-06-14 09:59:00,104858.2,104862.26,104858.2,104862.26,1.61309,258.0
2025-06-14 10:00:00,104862.26,104919.99,104862.25,104911.77,2.73466,1510.0
2025-06-14 10:01:00,104911.77,104911.77,104881.65,104897.4,2.68331,918.0
2025-06-14 10:02:00,104897.4,104908.33,104897.39,104908.32,1.69694,343.0
2025-06-14 10:03:00,104908.32,104908.33,104908.32,104908.32,0.423,123.0
2025-06-14 10:04:00,104908.32,104908.33,104898.0,104898.01,1.58041,480.0
2025-06-14 10:05:00,104898.01,104906.29,104888.26,104906.29,2.16309,673.0
2025-06-14 10:06:00,104906.29,104906.29,104906.28,104906.29,0.57405,142.0
2025-06-14 10:07:00,104906.29,104951.16,104899.43,104951.15,3.46673,1436.0
2025-06-14 10:08:00,104951.16,104951.16,104926.5,104926.5,1.84775,782.0
2025-06-14 10:09:00,104926.51,104926.51,104836.06,104841.65,4.52561,1868.0
2025-06-14 10:10:00,104841.65,104880.0,104841.64,104879.99,1.82337,1103.0
2025-06-14 10:11:00,104879.99,104906.52,104879.99,104906.51,3.78645,870.0
2025-06-14 10:12:00,104906.52,104952.04,104906.51,104952.03,1.98399,1139.0
2025-06-14 10:13:00,104952.03,104975.85,104952.03,104975.84,2.1621,716.0
2025-06-14 10:14:00,104975.84,104988.01,104975.84,104977.5,4.67188,703.0
2025-06-14 10:15:00,104977.5,104977.5,104947.8,104947.81,3.63019,743.0
2025-06-14 10:16:00,104947.8,104947.81,104922.61,104922.62,2.23854,464.0
2025-06-14 10:17:00,104922.61,104945.57,104922.61,104945.56,2.97742,547.0
2025-06-14 10:18:00,104945.57,104945.57,104911.76,104911.76,2.00186,906.0
2025-06-14 10:19:00,104911.76,104921.31,104908.97,104908.98,2.18405,679.0
2025-06-14 10:20:00,104908.97,104908.98,104869.53,104869.53,4.01285,1045.0
2025-06-14 10:21:00,104869.54,104882.0,104869.53,104881.99,1.97875,375.0
2025-06-14 10:22:00,104882.0,104910.75,104882.0,104910.75,1.4177,637.0
2025-06-14 10:23:00,104910.75,104941.79,104910.74,104941.79,1.59111,709.0
2025-06-14 10:24:00,104941.78,104941.79,104941.78,104941.79,1.14592,144.0
2025-06-14 10:25:00,104941.78,104941.79,104941.78,104941.79,1.64822,285.0
2025-06-14 10:26:00,104941.79,104941.79,104941.78,104941.79,0.58509,141.0
2025-06-14 10:27:00,104941.78,104941.79,104941.78,104941.78,2.13807,266.0
2025-06-14 10:28:00,104941.79,104989.39,104941.78,104989.38,5.59391,1113.0
2025-06-14 10:29:00,104989.39,104994.71,104989.38,104994.71,2.15312,258.0
2025-06-14 10:30:00,104994.7,105033.8,104994.7,105033.8,4.55938,802.0
2025-06-14 10:31:00,105033.8,105051.13,105033.79,105051.12,4.29224,549.0
2025-06-14 10:32:00,105051.13,105059.94,105051.12,105051.13,5.02639,723.0
2025-06-14 10:33:00,105051.12,105092.37,105051.12,105092.37,2.11198,967.0
2025-06-14 10:34:00,105092.38,105117.07,105073.33,105117.06,4.83452,1565.0
2025-06-14 10:35:00,105117.07,105117.07,105094.68,105094.69,4.84795,621.0
2025-06-14 10:36:00,105094.69,105094.69,105088.53,105088.54,6.96417,502.0
2025-06-14 10:37:00,105088.54,105088.54,105060.43,105060.44,5.99314,915.0
2025-06-14 10:38:00,105060.43,105060.43,105006.37,105012.53,3.42135,2298.0
2025-06-14 10:39:00,105012.53,105012.54,105012.53,105012.53,0.3069,90.0
2025-06-14 10:40:00,105012.54,105030.77,105012.53,105030.77,1.24127,435.0
2025-06-14 10:41:00,105030.77,105042.81,105030.76,105032.3,4.48327,628.0
2025-06-14 10:42:00,105032.31,105032.31,105005.64,105010.37,2.13,929.0
2025-06-14 10:43:00,105010.37,105013.48,105010.36,105013.47,2.50987,182.0
2025-06-14 10:44:00,105013.48,105013.48,105004.0,105004.0,1.10717,340.0
2025-06-14 10:45:00,105004.01,105004.01,105004.0,105004.01,0.86683,116.0
2025-06-14 10:46:00,105004.01,105004.01,105004.0,105004.01,0.55127,185.0
2025-06-14 10:47:00,105004.01,105039.33,105004.0,105039.33,2.4952,964.0
2025-06-14 10:48:00,105039.33,105039.33,105035.95,105035.95,2.15025,502.0
2025-06-14 10:49:00,105035.96,105035.96,105020.19,105020.2,3.83452,556.0
2025-06-14 10:50:00,105020.2,105020.2,105011.92,105011.93,2.29888,358.0
2025-06-14 10:51:00,105011.93,105011.93,105011.92,105011.92,0.31178,123.0
2025-06-14 10:52:00,105011.92,105011.93,105011.92,105011.92,1.09561,187.0
2025-06-14 10:53:00,105011.93,105011.93,105011.92,105011.92,1.05271,201.0
2025-06-14 10:54:00,105011.92,105011.93,105011.92,105011.92,0.34128,231.0
2025-06-14 10:55:00,105011.93,105011.93,105011.92,105011.93,0.75656,158.0
2025-06-14 10:56:00,105011.92,105011.93,105011.92,105011.92,0.62471,147.0
2025-06-14 10:57:00,105011.93,105011.93,105011.92,105011.92,0.75994,174.0
2025-06-14 10:58:00,105011.92,105011.93,105011.92,105011.93,0.69556,165.0
2025-06-14 10:59:00,105011.93,105011.93,105011.92,105011.92,2.4894,199.0
2025-06-14 11:00:00,105011.92,105011.93,105011.92,105011.92,1.95602,185.0
2025-06-14 11:01:00,105011.93,105011.93,105011.92,105011.93,1.26191,201.0
2025-06-14 11:02:00,105011.93,105017.58,105011.92,105017.58,1.86376,441.0
2025-06-14 11:03:00,105017.57,105017.58,105011.9,105011.9,4.44367,457.0
2025-06-14 11:04:00,105011.91,105011.91,105011.9,105011.91,3.22298,198.0
2025-06-14 11:05:00,105011.9,105011.91,104970.83,104970.83,2.89526,931.0
2025-06-14 11:06:00,104970.84,105005.96,104970.83,105005.95,3.06325,987.0
2025-06-14 11:07:00,105005.96,105018.84,105005.95,105018.83,2.31006,465.0
2025-06-14 11:08:00,105018.83,105028.88,104994.5,104994.51,3.73409,1132.0
2025-06-14 11:09:00,104994.51,104994.51,104948.38,104953.64,2.90726,922.0
2025-06-14 11:10:00,104953.64,104983.03,104953.63,104983.02,1.51243,798.0
2025-06-14 11:11:00,104983.03,104983.03,104983.02,104983.03,0.4419,102.0
2025-06-14 11:12:00,104983.03,104983.03,104971.18,104971.19,2.90949,401.0
2025-06-14 11:13:00,104971.18,104971.18,104960.07,104964.98,1.5254,407.0
2025-06-14 11:14:00,104964.98,104979.33,104964.97,104979.33,0.89161,449.0
2025-06-14 11:15:00,104979.33,104979.33,104979.32,104979.33,0.37972,127.0
2025-06-14 11:16:00,104979.32,104997.89,104979.32,104997.88,0.83233,431.0
2025-06-14 11:17:00,104997.89,104997.89,104997.88,104997.88,1.42372,144.0
2025-06-14 11:18:00,104997.88,105035.74,104997.88,105035.74,3.41365,995.0
2025-06-14 11:19:00,105035.74,105063.67,105027.5,105063.67,2.73932,1425.0
2025-06-14 11:20:00,105063.67,105068.0,105063.66,105068.0,0.80989,263.0
2025-06-14 11:21:00,105067.99,105072.0,105067.99,105068.01,0.83725,333.0
2025-06-14 11:22:00,105068.01,105072.89,105048.54,105048.55,4.56819,752.0
2025-06-14 11:23:00,105048.55,105064.81,105048.54,105064.81,0.80538,324.0
2025-06-14 11:24:00,105064.81,105064.81,105052.37,105052.37,2.03071,473.0
2025-06-14 11:25:00,105052.38,105052.38,105050.0,105050.01,0.38433,175.0
2025-06-14 11:26:00,105050.01,105050.01,105050.0,105050.0,0.34692,127.0
2025-06-14 11:27:00,105050.01,105058.0,105050.0,105057.99,2.02121,363.0
2025-06-14 11:28:00,105058.0,105062.0,105009.54,105009.54,2.72923,1120.0
2025-06-14 11:29:00,105009.54,105009.55,105009.54,105009.54,0.50741,128.0
2025-06-14 11:30:00,105009.55,105030.0,105009.54,105029.99,10.13042,819.0
2025-06-14 11:31:00,105030.0,105096.0,105029.99,105070.43,22.18345,1296.0
2025-06-14 11:32:00,105070.42,105070.43,105044.46,105044.46,3.4701,932.0
2025-06-14 11:33:00,105044.46,105044.47,105044.46,105044.47,0.37985,96.0
2025-06-14 11:34:00,105044.47,105044.47,105031.4,105031.99,9.1215,714.0
2025-06-14 11:35:00,105031.99,105032.0,105031.99,105032.0,0.51176,131.0
2025-06-14 11:36:00,105032.0,105049.87,105031.99,105036.25,3.20021,1059.0
2025-06-14 11:37:00,105036.25,105036.25,105012.31,105025.36,1.93311,1037.0
2025-06-14 11:38:00,105025.35,105025.36,105000.01,105000.02,3.7382,1037.0
2025-06-14 11:39:00,105000.02,105000.02,104972.4,104972.41,2.20266,953.0
2025-06-14 11:40:00,104972.4,104972.41,104962.32,104962.32,1.46406,561.0
2025-06-14 11:41:00,104962.32,104962.33,104962.32,104962.33,1.49614,159.0
2025-06-14 11:42:00,104962.33,104991.05,104962.33,104991.04,3.26059,945.0
2025-06-14 11:43:00,104991.05,104991.05,104960.99,104961.0,1.36787,886.0
2025-06-14 11:44:00,104961.0,104970.0,104960.99,104969.99,0.74355,329.0
2025-06-14 11:45:00,104969.99,104970.0,104969.99,104969.99,0.38077,125.0
2025-06-14 11:46:00,104970.0,104988.81,104961.34,104988.81,1.68997,1061.0
2025-06-14 11:47:00,104988.81,105004.99,104978.97,104978.98,4.52547,1436.0
2025-06-14 11:48:00,104978.98,105003.23,104978.97,105003.23,2.2866,707.0
2025-06-14 11:49:00,105003.22,105014.28,105003.22,105014.28,0.72811,466.0
2025-06-14 11:50:00,105014.28,105060.42,105014.27,105060.0,5.50127,1412.0
2025-06-14 11:51:00,105059.99,105075.03,105050.25,105075.03,2.13487,923.0
2025-06-14 11:52:00,105075.03,105075.03,105062.75,105062.75,1.21663,441.0
2025-06-14 11:53:00,105062.76,105078.75,105050.25,105078.74,14.88557,903.0
2025-06-14 11:54:00,105078.74,105078.75,105078.74,105078.75,0.81263,156.0
2025-06-14 11:55:00,105078.74,105078.75,105060.41,105071.92,6.96051,765.0
2025-06-14 11:56:00,105071.92,105086.42,105071.91,105086.41,0.48988,741.0
2025-06-14 11:57:00,105086.42,105087.0,105082.35,105087.0,2.28702,477.0
2025-06-14 11:58:00,105086.99,105093.94,105086.99,105093.94,0.4467,229.0
2025-06-14 11:59:00,105093.94,105093.94,105082.01,105082.01,4.15813,491.0
2025-06-14 12:00:00,105082.01,105082.01,105071.4,105071.41,1.92985,584.0
2025-06-14 12:01:00,105071.41,105071.41,105052.5,105052.51,6.61506,680.0
2025-06-14 12:02:00,105052.5,105093.29,105052.5,105093.29,6.54414,1285.0
2025-06-14 12:03:00,105093.29,105100.0,105093.28,105099.99,1.06147,255.0
2025-06-14 12:04:00,105099.99,105100.0,105065.05,105065.06,2.35599,894.0
2025-06-14 12:05:00,105065.05,105065.06,105060.41,105060.41,0.80368,213.0
2025-06-14 12:06:00,105060.42,105060.42,105052.51,105056.51,1.69524,556.0
2025-06-14 12:07:00,105056.51,105056.52,105012.65,105039.21,6.84716,1590.0
2025-06-14 12:08:00,105039.21,105048.53,105039.21,105044.11,1.62529,560.0
2025-06-14 12:09:00,105044.11,105044.12,105026.5,105026.5,0.9596,463.0
2025-06-14 12:10:00,105026.5,105026.51,104970.83,104970.84,5.54588,1145.0
2025-06-14 12:11:00,104970.83,104970.83,104922.87,104938.0,7.26993,1420.0
2025-06-14 12:12:00,104937.99,104941.33,104937.99,104938.19,4.06845,647.0
2025-06-14 12:13:00,104938.2,104963.67,104938.19,104963.67,3.12885,719.0
2025-06-14 12:14:00,104963.66,104985.15,104963.66,104970.83,1.87749,854.0
2025-06-14 12:15:00,104970.84,104970.84,104953.12,104959.61,1.45478,526.0
2025-06-14 12:16:00,104959.62,104984.81,104959.61,104984.81,1.32008,558.0
2025-06-14 12:17:00,104984.81,105036.48,104984.8,105020.62,3.36425,1627.0
2025-06-14 12:18:00,105020.62,105020.62,104977.96,104977.97,2.99902,1173.0
2025-06-14 12:19:00,104977.96,104977.97,104947.27,104947.27,1.56879,912.0
2025-06-14 12:20:00,104947.27,104947.27,104923.79,104945.71,2.16623,851.0
2025-06-14 12:21:00,104945.71,104945.71,104939.37,104939.37,1.13272,262.0
2025-06-14 12:22:00,104939.37,104950.0,104932.65,104949.99,3.49666,888.0
2025-06-14 12:23:00,104949.99,104950.0,104949.99,104949.99,0.7524,169.0
2025-06-14 12:24:00,104949.99,104950.0,104909.43,104946.21,3.78453,1661.0
2025-06-14 12:25:00,104946.22,104958.24,104946.21,104958.23,0.63358,500.0
2025-06-14 12:26:00,104958.23,104958.24,104924.5,104924.5,1.67099,794.0
2025-06-14 12:27:00,104924.5,104924.51,104916.37,104924.51,4.88486,486.0
2025-06-14 12:28:00,104924.51,104924.51,104914.05,104914.05,2.00463,373.0
2025-06-14 12:29:00,104914.06,104914.06,104910.0,104910.0,9.2818,456.0
2025-06-14 12:30:00,104910.0,104910.01,104910.0,104910.0,7.02501,280.0
2025-06-14 12:31:00,104910.0,104910.01,104888.0,104888.0,13.63076,915.0
2025-06-14 12:32:00,104888.0,104952.73,104888.0,104952.73,6.24784,1782.0
2025-06-14 12:33:00,104952.73,104952.73,104924.82,104924.83,2.53755,795.0
2025-06-14 12:34:00,104924.82,104942.94,104924.82,104942.94,0.78797,613.0
2025-06-14 12:35:00,104942.94,104942.94,104942.93,104942.93,1.68223,101.0
2025-06-14 12:36:00,104942.93,104975.3,104942.93,104975.3,2.83425,928.0
2025-06-14 12:37:00,104975.3,104989.33,104975.29,104989.32,0.97549,618.0
2025-06-14 12:38:00,104989.32,104989.33,104980.0,104980.01,2.09741,448.0
2025-06-14 12:39:00,104980.0,105002.55,104964.71,104964.71,4.16887,1287.0
2025-06-14 12:40:00,104964.72,104964.72,104932.45,104932.46,1.60227,780.0
2025-06-14 12:41:00,104932.45,104932.46,104932.45,104932.45,0.53042,144.0
2025-06-14 12:42:00,104932.45,104932.47,104881.24,104881.25,14.12897,1064.0
2025-06-14 12:43:00,104881.25,104881.25,104846.15,104846.15,4.93093,963.0
2025-06-14 12:44:00,104846.16,104846.16,104745.1,104818.21,35.84916,4244.0
2025-06-14 12:45:00,104818.21,104898.46,104818.21,104882.2,12.08199,2326.0
2025-06-14 12:46:00,104882.19,104926.99,104882.19,104920.63,2.65906,1284.0
2025-06-14 12:47:00,104920.63,104920.64,104855.25,104880.0,7.42156,1950.0
2025-06-14 12:48:00,104879.99,104880.0,104844.42,104876.32,5.95628,1714.0
2025-06-14 12:49:00,104876.32,104891.04,104863.22,104891.03,3.29676,1447.0
2025-06-14 12:50:00,104891.04,104926.4,104891.04,104926.39,2.54773,877.0
2025-06-14 12:51:00,104926.39,104945.49,104926.39,104945.48,1.97331,1143.0
2025-06-14 12:52:00,104945.49,104945.49,104917.52,104917.52,1.69486,998.0
2025-06-14 12:53:00,104917.51,104917.51,104880.31,104880.31,2.77129,1217.0
2025-06-14 12:54:00,104880.32,104901.97,104880.31,104901.96,1.89559,757.0
2025-06-14 12:55:00,104901.96,104931.8,104901.96,104931.8,1.51769,709.0
2025-06-14 12:56:00,104931.8,104997.08,104931.79,104989.89,10.85538,2170.0
2025-06-14 12:57:00,104989.9,105000.0,104989.89,104999.99,1.68639,440.0
2025-06-14 12:58:00,105000.0,105049.94,104999.99,105045.99,14.76452,1609.0
2025-06-14 12:59:00,105045.99,105053.66,105044.11,105053.63,4.44632,611.0
2025-06-14 13:00:00,105053.64,105053.64,105019.28,105020.79,11.18419,1092.0
2025-06-14 13:01:00,105020.8,105061.2,105020.79,105061.2,3.5415,789.0
2025-06-14 13:02:00,105061.19,105131.25,105061.19,105131.25,8.31443,1508.0
2025-06-14 13:03:00,105131.24,105131.25,105082.23,105099.99,7.25964,1565.0
2025-06-14 13:04:00,105100.0,105100.0,105096.14,105096.14,5.34188,240.0
2025-06-14 13:05:00,105096.15,105096.15,105063.35,105063.35,2.61055,842.0
2025-06-14 13:06:00,105063.35,105071.22,105048.11,105048.11,2.50716,721.0
2025-06-14 13:07:00,105048.12,105048.12,105034.64,105043.24,1.36047,524.0
2025-06-14 13:08:00,105043.24,105043.25,105031.3,105031.31,1.18706,332.0
2025-06-14 13:09:00,105031.31,105031.31,105006.14,105006.14,12.1633,460.0
2025-06-14 13:10:00,105006.14,105040.0,105006.14,105039.99,2.20752,758.0
2025-06-14 13:11:00,105039.99,105040.0,105033.68,105033.68,1.3046,222.0
2025-06-14 13:12:00,105033.67,105033.67,105010.83,105027.12,2.50856,875.0
2025-06-14 13:13:00,105027.13,105027.13,105027.12,105027.12,0.70287,118.0
2025-06-14 13:14:00,105027.13,105040.32,105024.55,105024.56,6.12459,716.0
2025-06-14 13:15:00,105024.55,105024.55,105023.33,105023.34,1.51217,211.0
2025-06-14 13:16:00,105023.34,105023.34,105023.33,105023.34,0.51968,125.0
2025-06-14 13:17:00,105023.34,105051.99,105023.33,105051.99,2.45681,844.0
2025-06-14 13:18:00,105051.99,105057.01,105000.0,105000.0,12.01472,1123.0
2025-06-14 13:19:00,105000.0,105000.01,104914.16,104915.8,4.87904,2998.0
2025-06-14 13:20:00,104915.79,104945.41,104915.79,104945.41,4.74225,1437.0
2025-06-14 13:21:00,104945.4,104951.91,104916.0,104916.0,2.42276,816.0
2025-06-14 13:22:00,104916.0,104940.0,104915.0,104940.0,1.42446,1054.0
2025-06-14 13:23:00,104940.0,104940.0,104902.28,104902.28,2.94485,1439.0
2025-06-14 13:24:00,104902.28,104933.55,104902.28,104933.54,5.3293,942.0
2025-06-14 13:25:00,104933.54,104933.54,104904.83,104904.84,6.93154,904.0
2025-06-14 13:26:00,104904.84,104919.97,104904.83,104919.97,6.14401,750.0
2025-06-14 13:27:00,104919.96,104940.0,104913.47,104918.72,3.64169,1017.0
2025-06-14 13:28:00,104918.73,104939.1,104918.72,104939.09,2.0389,601.0
2025-06-14 13:29:00,104939.09,104946.22,104934.21,104934.21,3.03726,470.0
2025-06-14 13:30:00,104934.22,104955.1,104905.19,104955.1,7.50978,1949.0
2025-06-14 13:31:00,104955.1,104987.29,104955.1,104987.28,3.15213,640.0
2025-06-14 13:32:00,104987.29,104987.29,104965.62,104986.12,5.03327,1062.0
2025-06-14 13:33:00,104986.11,104986.12,104932.08,104932.08,6.9216,1915.0
2025-06-14 13:34:00,104932.09,104956.92,104932.09,104956.91,2.99172,828.0
2025-06-14 13:35:00,104956.92,104975.34,104956.91,104975.33,1.66944,565.0
2025-06-14 13:36:00,104975.33,105044.1,104975.33,105044.09,5.44508,1531.0
2025-06-14 13:37:00,105044.09,105070.93,105044.09,105070.92,2.79112,1045.0
2025-06-14 13:38:00,105070.92,105070.93,105044.11,105052.01,16.19909,1071.0
2025-06-14 13:39:00,105052.01,105052.01,105044.11,105049.36,2.31153,504.0
2025-06-14 13:40:00,105049.36,105057.87,105049.36,105050.0,3.38912,526.0
2025-06-14 13:41:00,105050.0,105050.0,105013.51,105013.51,6.70044,1106.0
2025-06-14 13:42:00,105013.51,105038.55,105013.51,105038.55,4.45169,666.0
2025-06-14 13:43:00,105038.55,105038.55,104980.85,104980.85,6.25098,983.0
2025-06-14 13:44:00,104980.0,104983.0,104972.51,104982.99,1.66696,483.0
2025-06-14 13:45:00,104982.99,104983.0,104932.09,104932.1,2.31034,978.0
2025-06-14 13:46:00,104932.1,104949.47,104920.45,104944.89,3.61399,969.0
2025-06-14 13:47:00,104944.89,104944.9,104923.15,104923.23,2.58324,1105.0
2025-06-14 13:48:00,104923.23,104923.23,104923.22,104923.22,0.78739,160.0
2025-06-14 13:49:00,104923.22,104954.67,104923.22,104954.66,1.25763,989.0
2025-06-14 13:50:00,104954.67,104991.6,104954.66,104982.75,1.73189,1364.0
2025-06-14 13:51:00,104982.76,104982.76,104961.05,104961.06,1.69518,535.0
2025-06-14 13:52:00,104961.06,105005.74,104961.05,105005.74,2.02764,946.0
2025-06-14 13:53:00,105005.73,105012.0,105005.73,105006.91,0.74841,337.0
2025-06-14 13:54:00,105006.92,105090.36,105006.91,105022.53,35.70497,2319.0
2025-06-14 13:55:00,105022.52,105022.53,105012.21,105012.21,0.62426,223.0
2025-06-14 13:56:00,105012.21,105012.21,105002.5,105002.5,0.63049,208.0
2025-06-14 13:57:00,105002.5,105032.15,105002.5,105009.54,3.67339,1000.0
2025-06-14 13:58:00,105009.54,105017.42,105009.54,105017.41,0.56066,225.0
2025-06-14 13:59:00,105017.41,105017.42,105017.41,105017.41,0.23194,97.0
2025-06-14 14:00:00,105017.41,105019.0,105017.41,105019.0,1.00826,287.0
2025-06-14 14:01:00,105019.0,105035.3,105018.99,105019.01,2.28821,753.0
2025-06-14 14:02:00,105019.01,105047.25,105019.01,105047.25,2.26274,737.0
2025-06-14 14:03:00,105047.25,105047.25,105005.65,105005.66,2.19777,780.0
2025-06-14 14:04:00,105005.66,105005.66,105005.65,105005.66,0.51946,133.0
2025-06-14 14:05:00,105005.65,105016.0,105003.75,105003.75,1.62007,801.0
2025-06-14 14:06:00,105003.75,105018.97,105003.75,105018.97,1.81783,367.0
2025-06-14 14:07:00,105018.96,105018.97,105003.61,105012.52,1.22874,648.0
2025-06-14 14:08:00,105012.51,105023.99,105012.51,105018.87,1.31088,417.0
2025-06-14 14:09:00,105018.87,105018.89,105001.23,105011.24,2.40741,1217.0
2025-06-14 14:10:00,105011.23,105011.24,105011.23,105011.24,0.91238,203.0
2025-06-14 14:11:00,105011.23,105017.69,105011.23,105017.69,1.31288,237.0
2025-06-14 14:12:00,105017.69,105044.39,105017.69,105044.39,1.17368,1059.0
2025-06-14 14:13:00,105044.38,105044.39,105044.38,105044.39,0.93694,175.0
2025-06-14 14:14:00,105044.39,105060.42,105044.38,105053.79,5.81659,827.0
2025-06-14 14:15:00,105053.78,105053.79,105011.24,105011.25,4.79863,1080.0
2025-06-14 14:16:00,105011.25,105020.94,105003.43,105013.83,3.41638,1131.0
2025-06-14 14:17:00,105013.84,105032.29,105013.83,105032.29,1.80935,670.0
2025-06-14 14:18:00,105032.28,105032.29,105015.02,105030.0,2.45165,941.0
2025-06-14 14:19:00,105029.99,105054.34,105029.99,105036.44,2.50585,837.0
2025-06-14 14:20:00,105036.44,105051.99,105036.44,105046.73,0.70245,439.0
2025-06-14 14:21:00,105046.73,105046.74,105046.73,105046.73,0.53579,137.0
2025-06-14 14:22:00,105046.73,105046.74,105007.59,105007.6,2.33151,865.0
2025-06-14 14:23:00,105007.59,105013.99,105007.59,105013.99,1.61929,378.0
2025-06-14 14:24:00,105013.98,105013.99,105013.98,105013.98,0.38835,132.0
2025-06-14 14:25:00,105013.98,105060.0,105013.98,105059.99,1.91617,975.0
2025-06-14 14:26:00,105059.99,105060.0,105059.97,105059.98,2.19625,358.0
2025-06-14 14:27:00,105059.98,105059.98,105000.7,105000.71,4.37944,1063.0
2025-06-14 14:28:00,105000.71,105005.86,105000.71,105005.85,1.4234,388.0
2025-06-14 14:29:00,105005.85,105005.86,105005.85,105005.86,1.58616,165.0
2025-06-14 14:30:00,105005.86,105005.86,105005.85,105005.85,0.29344,136.0
2025-06-14 14:31:00,105005.86,105005.86,105005.85,105005.86,0.36715,154.0
2025-06-14 14:32:00,105005.85,105005.86,104984.46,104984.46,3.04085,825.0
2025-06-14 14:33:00,104984.46,104984.47,104959.11,104959.11,6.64595,793.0
2025-06-14 14:34:00,104959.12,104959.12,104932.89,104932.89,1.94695,811.0
2025-06-14 14:35:00,104932.89,104932.9,104932.89,104932.89,0.95215,183.0
2025-06-14 14:36:00,104932.89,104944.84,104930.74,104930.75,4.25808,941.0
2025-06-14 14:37:00,104930.74,104930.75,104899.5,104899.5,10.47794,1430.0
2025-06-14 14:38:00,104899.51,104899.51,104884.5,104885.41,2.68417,475.0
2025-06-14 14:39:00,104885.41,104904.67,104852.87,104904.66,5.84372,2599.0
2025-06-14 14:40:00,104904.67,104938.81,104904.66,104938.8,1.95308,1404.0
2025-06-14 14:41:00,104938.81,104938.81,104938.8,104938.8,0.5846,128.0
2025-06-14 14:42:00,104938.8,104938.81,104938.8,104938.8,0.29965,118.0
2025-06-14 14:43:00,104938.81,104938.81,104926.04,104926.04,2.44735,567.0
2025-06-14 14:44:00,104926.04,104926.05,104870.8,104883.45,6.63889,1501.0
2025-06-14 14:45:00,104883.45,104911.18,104883.45,104911.17,3.22667,1059.0
2025-06-14 14:46:00,104911.18,104911.18,104890.27,104890.28,2.3698,695.0
2025-06-14 14:47:00,104890.28,104890.28,104856.64,104867.65,2.75378,1139.0
2025-06-14 14:48:00,104867.65,104892.22,104867.64,104892.22,1.3603,1156.0
2025-06-14 14:49:00,104892.21,104895.13,104892.21,104895.12,1.0798,253.0
2025-06-14 14:50:00,104895.13,104895.13,104841.96,104892.0,9.86149,3202.0
2025-06-14 14:51:00,104891.99,104896.03,104890.92,104890.93,2.93089,506.0
2025-06-14 14:52:00,104890.93,104911.56,104890.92,104911.56,1.26388,686.0
2025-06-14 14:53:00,104911.56,104927.26,104911.56,104927.25,4.755,943.0
2025-06-14 14:54:00,104927.26,104935.34,104911.76,104935.34,7.66237,1217.0
2025-06-14 14:55:00,104935.33,104935.34,104935.33,104935.34,1.98461,134.0
2025-06-14 14:56:00,104935.34,104935.34,104935.33,104935.34,0.67961,226.0
2025-06-14 14:57:00,104935.34,104935.34,104935.33,104935.34,1.68786,255.0
2025-06-14 14:58:00,104935.33,104935.34,104911.63,104913.01,6.95669,618.0
2025-06-14 14:59:00,104913.01,104913.01,104913.0,104913.01,1.9414,246.0
2025-06-14 15:00:00,104913.01,104923.5,104913.0,104923.5,2.38636,448.0
2025-06-14 15:01:00,104923.5,104923.5,104923.49,104923.5,2.12621,232.0
2025-06-14 15:02:00,104923.5,104933.65,104923.49,104930.01,1.25065,510.0
2025-06-14 15:03:00,104930.01,104930.01,104930.0,104930.0,2.3696,237.0
2025-06-14 15:04:00,104930.0,104930.01,104930.0,104930.0,1.09761,174.0
2025-06-14 15:05:00,104930.01,104930.01,104930.0,104930.0,0.49424,167.0
2025-06-14 15:06:00,104930.0,104935.34,104930.0,104935.33,1.33347,403.0
2025-06-14 15:07:00,104935.34,104975.23,104935.34,104962.49,7.49043,2007.0
2025-06-14 15:08:00,104962.49,104962.5,104935.4,104935.41,2.84832,521.0
2025-06-14 15:09:00,104935.41,104953.25,104927.53,104927.54,3.51784,959.0
2025-06-14 15:10:00,104927.54,104928.76,104913.0,104928.76,2.23042,758.0
2025-06-14 15:11:00,104928.76,104937.86,104928.76,104937.86,3.18809,425.0
2025-06-14 15:12:00,104937.85,104948.94,104937.85,104948.93,4.79427,366.0
2025-06-14 15:13:00,104948.93,104948.94,104942.5,104942.5,2.98896,436.0
2025-06-14 15:14:00,104942.5,104942.5,104920.99,104921.01,4.75903,948.0
2025-06-14 15:15:00,104921.02,104930.24,104911.76,104930.24,2.75614,1131.0
2025-06-14 15:16:00,104930.24,104966.62,104930.24,104956.22,6.1779,1180.0
2025-06-14 15:17:00,104956.22,104956.22,104921.59,104933.84,2.9178,1161.0
2025-06-14 15:18:00,104933.83,104933.84,104915.69,104931.49,2.07118,864.0
2025-06-14 15:19:00,104931.5,104943.95,104930.04,104943.19,1.66137,939.0
2025-06-14 15:20:00,104943.18,104943.19,104943.18,104943.19,0.60809,118.0
2025-06-14 15:21:00,104943.18,104973.62,104943.18,104973.62,5.85716,1651.0
2025-06-14 15:22:00,104973.62,104983.05,104960.0,104960.0,1.89526,870.0
2025-06-14 15:23:00,104960.0,104960.01,104911.77,104916.01,3.60046,942.0
2025-06-14 15:24:00,104916.01,104945.11,104916.0,104945.11,1.7168,1471.0
2025-06-14 15:25:00,104945.11,104945.11,104936.08,104936.09,0.57911,226.0
2025-06-14 15:26:00,104936.08,104936.09,104860.01,104860.02,7.6676,1592.0
2025-06-14 15:27:00,104860.02,104860.02,104860.01,104860.02,0.63417,124.0
2025-06-14 15:28:00,104860.02,104860.02,104860.01,104860.02,1.03412,221.0
2025-06-14 15:29:00,104860.02,104902.12,104860.01,104902.11,3.50952,1590.0
2025-06-14 15:30:00,104902.12,104902.12,104862.6,104862.6,5.18224,616.0
2025-06-14 15:31:00,104862.6,104875.18,104862.6,104862.6,3.41886,823.0
2025-06-14 15:32:00,104862.61,104862.61,104830.0,104830.01,7.11862,682.0
2025-06-14 15:33:00,104830.0,104835.53,104700.01,104798.0,27.02614,3612.0
2025-06-14 15:34:00,104798.0,104798.0,104738.31,104760.0,3.49482,1018.0
2025-06-14 15:35:00,104760.0,104808.45,104759.99,104800.87,2.08304,1071.0
2025-06-14 15:36:00,104800.87,104800.87,104781.56,104781.57,4.02293,706.0
2025-06-14 15:37:00,104781.56,104850.49,104781.56,104827.77,4.00945,1890.0
2025-06-14 15:38:00,104827.77,104844.0,104751.39,104770.0,11.37039,2591.0
2025-06-14 15:39:00,104769.99,104778.49,104759.62,104778.48,5.17671,867.0
2025-06-14 15:40:00,104778.48,104794.89,104746.97,104746.98,4.02908,2086.0
2025-06-14 15:41:00,104746.97,104746.97,104709.51,104711.29,33.31995,1772.0
2025-06-14 15:42:00,104711.28,104760.0,104711.28,104724.85,13.35308,2403.0
2025-06-14 15:43:00,104724.85,104724.86,104654.18,104658.83,26.15862,3942.0
2025-06-14 15:44:00,104658.83,104743.16,104615.38,104740.26,19.29217,3875.0
2025-06-14 15:45:00,104740.26,104743.16,104674.21,104687.33,13.19539,2469.0
2025-06-14 15:46:00,104687.33,104778.03,104687.32,104764.93,32.68807,2121.0
2025-06-14 15:47:00,104764.93,104823.53,104764.92,104795.45,7.60927,1880.0
2025-06-14 15:48:00,104795.44,104795.44,104749.78,104779.04,9.83275,2160.0
2025-06-14 15:49:00,104779.04,104810.49,104779.04,104791.17,3.75421,1604.0
2025-06-14 15:50:00,104791.18,104823.53,104738.55,104823.53,13.17132,2776.0
2025-06-14 15:51:00,104823.52,104839.25,104815.28,104815.28,2.18358,1449.0
2025-06-14 15:52:00,104815.29,104829.35,104781.71,104781.72,4.88834,1555.0
2025-06-14 15:53:00,104781.72,104829.34,104781.72,104829.34,1.96645,728.0
2025-06-14 15:54:00,104829.34,104829.34,104823.53,104823.53,1.24735,440.0
2025-06-14 15:55:00,104823.54,104827.53,104823.53,104823.54,2.64311,554.0
2025-06-14 15:56:00,104823.54,104823.55,104788.32,104788.33,3.5391,953.0
2025-06-14 15:57:00,104788.33,104818.45,104788.32,104818.45,1.83117,594.0
2025-06-14 15:58:00,104818.44,104825.77,104818.44,104818.81,1.1903,415.0
2025-06-14 15:59:00,104818.81,104841.67,104818.81,104841.3,2.49477,587.0
2025-06-14 16:00:00,104841.29,104841.29,104780.4,104780.4,5.3649,2396.0
2025-06-14 16:01:00,104780.4,104832.34,104780.4,104831.74,3.8838,1378.0
2025-06-14 16:02:00,104831.74,104831.74,104827.01,104831.74,1.49174,577.0
2025-06-14 16:03:00,104831.74,104883.36,104831.73,104883.36,15.49005,1729.0
2025-06-14 16:04:00,104883.83,104894.76,104883.83,104894.75,1.61758,431.0
2025-06-14 16:05:00,104894.75,104900.0,104880.79,104892.53,4.61244,1221.0
2025-06-14 16:06:00,104892.52,104899.49,104885.48,104899.49,1.95987,540.0
2025-06-14 16:07:00,104899.49,104899.49,104893.99,104894.0,1.36846,353.0
2025-06-14 16:08:00,104894.0,104894.0,104847.77,104847.78,8.6525,1175.0
2025-06-14 16:09:00,104847.77,104847.78,104757.42,104757.43,5.77778,1788.0
2025-06-14 16:10:00,104757.42,104757.43,104700.88,104700.88,4.15686,1250.0
2025-06-14 16:11:00,104700.88,104759.75,104700.88,104759.75,4.27886,1237.0
2025-06-14 16:12:00,104759.74,104768.37,104759.74,104759.74,2.43349,662.0
2025-06-14 16:13:00,104759.75,104770.93,104759.74,104770.92,1.77784,498.0
2025-06-14 16:14:00,104770.92,104846.55,104770.92,104810.4,5.4873,2520.0
2025-06-14 16:15:00,104810.41,104858.97,104810.4,104858.96,3.8873,1406.0
2025-06-14 16:16:00,104858.97,104858.97,104827.41,104850.29,6.46768,1463.0
2025-06-14 16:17:00,104850.29,104865.52,104839.81,104859.47,2.76305,1648.0
2025-06-14 16:18:00,104859.46,104859.47,104774.03,104774.04,4.08388,1768.0
2025-06-14 16:19:00,104774.04,104789.67,104773.94,104773.95,3.77111,930.0
2025-06-14 16:20:00,104773.94,104821.11,104773.94,104779.49,4.43258,1839.0
2025-06-14 16:21:00,104779.5,104841.92,104779.5,104841.92,3.92958,1373.0
2025-06-14 16:22:00,104841.91,104841.91,104802.35,104802.35,2.22304,749.0
2025-06-14 16:23:00,104802.35,104802.36,104732.11,104732.12,4.45698,1510.0
2025-06-14 16:24:00,104732.11,104774.91,104714.28,104774.9,4.37652,1410.0
2025-06-14 16:25:00,104774.91,104774.91,104746.87,104746.87,1.3036,678.0
2025-06-14 16:26:00,104746.88,104750.1,104723.31,104740.17,2.36262,1397.0
2025-06-14 16:27:00,104740.18,104740.18,104737.47,104737.48,2.4183,302.0
2025-06-14 16:28:00,104737.48,104759.75,104737.47,104759.74,3.08802,667.0
2025-06-14 16:29:00,104759.74,104759.74,104710.41,104711.71,4.00106,1091.0
2025-06-14 16:30:00,104711.71,104711.72,104665.76,104679.86,6.03894,1661.0
2025-06-14 16:31:00,104679.86,104704.66,104679.85,104681.05,4.06352,1188.0
2025-06-14 16:32:00,104681.05,104681.05,104600.0,104616.97,7.13814,2483.0
2025-06-14 16:33:00,104616.96,104626.27,104550.24,104604.9,18.37469,3239.0
2025-06-14 16:34:00,104604.89,104630.55,104604.89,104618.61,15.36554,935.0
2025-06-14 16:35:00,104618.62,104697.14,104618.61,104697.14,4.94976,2748.0
2025-06-14 16:36:00,104697.14,104697.14,104642.66,104642.67,4.81098,1134.0
2025-06-14 16:37:00,104642.66,104658.36,104637.4,104654.2,2.53061,1344.0
2025-06-14 16:38:00,104654.19,104654.2,104637.0,104644.01,17.53528,1397.0
2025-06-14 16:39:00,104644.0,104644.01,104616.29,104633.75,12.36974,1178.0
2025-06-14 16:40:00,104633.74,104640.0,104633.74,104639.99,10.72799,603.0
2025-06-14 16:41:00,104639.99,104655.0,104639.99,104654.99,13.98461,664.0
2025-06-14 16:42:00,104654.99,104675.74,104647.05,104675.73,13.50349,1857.0
2025-06-14 16:43:00,104675.73,104675.74,104628.0,104628.0,7.4997,1372.0
2025-06-14 16:44:00,104628.01,104657.53,104628.0,104642.1,2.69447,1312.0
2025-06-14 16:45:00,104642.1,104642.1,104586.66,104586.67,5.33584,1536.0
2025-06-14 16:46:00,104586.66,104586.67,104471.88,104545.6,44.76568,5171.0
2025-06-14 16:47:00,104545.6,104634.0,104545.6,104560.74,9.14118,3813.0
2025-06-14 16:48:00,104560.74,104560.74,104501.03,104501.03,5.90734,1966.0
2025-06-14 16:49:00,104501.02,104501.03,104461.01,104482.0,12.21878,1982.0
2025-06-14 16:50:00,104482.01,104520.0,104368.83,104519.99,33.2338,4415.0
2025-06-14 16:51:00,104520.0,104520.0,104400.0,104497.24,152.53026,5376.0
2025-06-14 16:52:00,104497.23,104497.23,104359.5,104394.57,46.14291,3829.0
2025-06-14 16:53:00,104394.57,104424.29,104368.24,104388.53,14.03774,1794.0
2025-06-14 16:54:00,104388.52,104472.0,104388.52,104443.33,10.28069,2128.0
2025-06-14 16:55:00,104443.33,104458.99,104398.43,104398.43,19.55134,1894.0
2025-06-14 16:56:00,104398.43,104417.02,104378.9,104400.57,18.26902,2417.0
2025-06-14 16:57:00,104400.56,104445.89,104400.52,104418.0,29.14498,1774.0
2025-06-14 16:58:00,104418.0,104457.86,104417.96,104457.86,3.12646,981.0
2025-06-14 16:59:00,104457.85,104457.85,104440.42,104457.85,5.61669,882.0
2025-06-14 17:00:00,104457.84,104464.88,104433.54,104442.79,18.01561,2237.0
2025-06-14 17:01:00,104442.8,104442.8,104426.47,104426.54,3.24405,725.0
2025-06-14 17:02:00,104426.55,104426.55,104404.9,104420.29,10.80998,1659.0
2025-06-14 17:03:00,104420.3,104533.59,104420.29,104521.63,7.65945,3548.0
2025-06-14 17:04:00,104521.62,104558.83,104518.0,104558.82,3.64999,1170.0
2025-06-14 17:05:00,104558.83,104592.28,104558.82,104574.37,3.21903,1029.0
2025-06-14 17:06:00,104574.37,104591.85,104574.36,104591.84,4.99849,560.0
2025-06-14 17:07:00,104591.85,104599.68,104591.84,104599.67,1.00589,418.0
2025-06-14 17:08:00,104599.67,104640.77,104599.67,104640.77,2.35707,1192.0
2025-06-14 17:09:00,104640.76,104640.77,104630.84,104630.85,1.34961,326.0
2025-06-14 17:10:00,104630.85,104630.85,104602.92,104614.07,6.04155,1578.0
2025-06-14 17:11:00,104614.08,104631.1,104614.08,104631.09,2.92079,777.0
2025-06-14 17:12:00,104631.09,104631.1,104593.16,104593.16,7.21799,2249.0
2025-06-14 17:13:00,104593.17,104637.69,104586.59,104637.68,3.45945,1179.0
2025-06-14 17:14:00,104637.68,104637.69,104609.52,104609.53,3.54434,1340.0
2025-06-14 17:15:00,104609.53,104656.31,104600.0,104656.3,5.49135,1864.0
2025-06-14 17:16:00,104656.31,104676.72,104656.3,104669.54,3.62103,688.0
2025-06-14 17:17:00,104669.55,104695.33,104669.54,104695.32,3.55928,1244.0
2025-06-14 17:18:00,104695.33,104714.86,104685.03,104690.5,8.59388,1238.0
2025-06-14 17:19:00,104690.49,104690.5,104621.47,104621.47,9.3544,1948.0
2025-06-14 17:20:00,104621.48,104621.48,104607.56,104607.56,7.25065,856.0
2025-06-14 17:21:00,104607.56,104680.98,104607.56,104680.97,7.34417,1627.0
2025-06-14 17:22:00,104680.98,104686.81,104644.96,104650.52,6.83841,1827.0
2025-06-14 17:23:00,104650.52,104666.46,104650.51,104666.46,4.83586,468.0
2025-06-14 17:24:00,104666.46,104673.98,104666.45,104673.97,3.1327,431.0
2025-06-14 17:25:00,104673.97,104673.98,104655.74,104673.96,6.41276,1155.0
2025-06-14 17:26:00,104673.97,104721.53,104673.97,104721.52,6.0554,1138.0
2025-06-14 17:27:00,104721.52,104721.52,104687.7,104694.21,10.34678,1581.0
2025-06-14 17:28:00,104694.2,104694.21,104677.54,104677.55,5.16934,665.0
2025-06-14 17:29:00,104677.55,104677.55,104668.21,104668.21,4.43893,847.0
2025-06-14 17:30:00,104668.21,104705.19,104668.21,104705.18,5.6878,909.0
2025-06-14 17:31:00,104705.18,104705.19,104675.58,104695.99,2.78423,1139.0
2025-06-14 17:32:00,104695.99,104696.0,104683.06,104683.33,1.20316,349.0
2025-06-14 17:33:00,104683.33,104683.33,104601.3,104601.3,5.71419,1962.0
2025-06-14 17:34:00,104601.31,104601.31,104590.09,104590.09,6.63047,861.0
2025-06-14 17:35:00,104590.1,104590.1,104573.52,104590.1,2.96315,948.0
2025-06-14 17:36:00,104590.1,104641.18,104590.09,104608.72,2.0818,1450.0
2025-06-14 17:37:00,104608.71,104608.72,104571.73,104592.0,4.04299,1323.0
2025-06-14 17:38:00,104592.0,104599.84,104570.69,104576.0,5.05379,1665.0
2025-06-14 17:39:00,104576.0,104576.01,104575.99,104575.99,9.10144,326.0
2025-06-14 17:40:00,104575.99,104576.0,104574.23,104574.24,1.43101,271.0
2025-06-14 17:41:00,104574.23,104574.24,104558.82,104558.82,1.62101,356.0
2025-06-14 17:42:00,104558.82,104558.83,104558.82,104558.82,1.97967,208.0
2025-06-14 17:43:00,104558.83,104558.83,104489.47,104489.47,31.43461,1790.0
2025-06-14 17:44:00,104489.47,104507.32,104474.99,104507.32,19.1492,1149.0
2025-06-14 17:45:00,104507.32,104538.59,104499.99,104538.59,17.4194,1261.0
2025-06-14 17:46:00,104538.59,104574.62,104538.58,104574.62,9.15873,845.0
2025-06-14 17:47:00,104574.61,104612.0,104574.61,104612.0,2.38423,923.0
2025-06-14 17:48:00,104611.99,104626.5,104599.51,104599.52,5.53652,1124.0
2025-06-14 17:49:00,104599.51,104599.51,104506.36,104506.36,7.14056,2031.0
2025-06-14 17:50:00,104506.36,104540.46,104506.36,104540.45,1.46232,535.0
2025-06-14 17:51:00,104540.46,104591.23,104540.45,104591.22,1.31374,823.0
2025-06-14 17:52:00,104591.22,104599.07,104579.99,104579.99,1.67819,615.0
2025-06-14 17:53:00,104579.99,104580.0,104564.19,104564.19,2.94259,614.0
2025-06-14 17:54:00,104564.19,104599.15,104564.19,104571.1,11.51208,1067.0
2025-06-14 17:55:00,104571.1,104581.76,104565.43,104573.99,5.89272,918.0
2025-06-14 17:56:00,104573.99,104597.5,104573.99,104597.49,0.94697,523.0
2025-06-14 17:57:00,104597.49,104608.18,104597.49,104608.17,1.46982,397.0
2025-06-14 17:58:00,104608.18,104608.18,104608.17,104608.18,0.45776,88.0
2025-06-14 17:59:00,104608.18,104608.18,104608.17,104608.17,0.37623,89.0
2025-06-14 18:00:00,104608.18,104639.27,104608.17,104639.26,1.20277,620.0
2025-06-14 18:01:00,104639.27,104667.58,104632.64,104667.58,12.84759,1138.0
2025-06-14 18:02:00,104667.58,104670.68,104667.57,104670.68,0.5376,240.0
2025-06-14 18:03:00,104670.67,104689.82,104670.67,104689.81,1.84737,466.0
2025-06-14 18:04:00,104689.82,104720.0,104689.82,104720.0,1.7307,734.0
2025-06-14 18:05:00,104720.0,104799.5,104719.99,104799.5,5.50293,1608.0
2025-06-14 18:06:00,104799.5,104836.39,104799.5,104836.39,4.66083,1483.0
2025-06-14 18:07:00,104836.38,104842.66,104829.32,104842.0,4.07754,955.0
2025-06-14 18:08:00,104842.0,104924.86,104842.0,104886.44,12.63886,2859.0
2025-06-14 18:09:00,104886.44,104886.45,104845.36,104871.08,15.4901,1395.0
2025-06-14 18:10:00,104871.09,104903.06,104871.09,104903.06,2.44269,721.0
2025-06-14 18:11:00,104903.05,104995.72,104903.05,104955.19,10.44444,3076.0
2025-06-14 18:12:00,104955.19,104955.2,104920.43,104920.43,5.83959,1459.0
2025-06-14 18:13:00,104920.43,104922.46,104896.7,104922.46,4.20322,1330.0
2025-06-14 18:14:00,104922.46,104927.45,104916.1,104916.1,1.68188,616.0
2025-06-14 18:15:00,104916.1,104916.1,104881.36,104881.36,3.61498,794.0
2025-06-14 18:16:00,104881.36,104881.37,104872.46,104872.47,1.80488,389.0
2025-06-14 18:17:00,104872.47,104872.47,104861.97,104861.98,2.33211,377.0
2025-06-14 18:18:00,104861.97,104861.98,104772.33,104772.34,5.12657,1608.0
2025-06-14 18:19:00,104772.33,104772.33,104718.84,104722.73,3.76091,1085.0
2025-06-14 18:20:00,104722.73,104722.73,104700.53,104707.17,2.14383,796.0
2025-06-14 18:21:00,104707.16,104707.17,104707.16,104707.16,0.8617,175.0
2025-06-14 18:22:00,104707.17,104711.07,104707.16,104711.06,1.5336,311.0
2025-06-14 18:23:00,104711.07,104711.07,104667.58,104674.46,4.01075,1207.0
2025-06-14 18:24:00,104674.45,104674.45,104667.58,104667.59,0.95836,261.0
2025-06-14 18:25:00,104667.59,104667.59,104623.51,104623.52,5.52215,839.0
2025-06-14 18:26:00,104623.52,104666.98,104623.51,104657.3,3.54398,974.0
2025-06-14 18:27:00,104657.31,104657.31,104657.3,104657.3,0.65935,168.0
2025-06-14 18:28:00,104657.3,104657.31,104657.3,104657.3,0.47697,160.0
2025-06-14 18:29:00,104657.3,104657.31,104599.98,104610.84,11.82086,1210.0
2025-06-14 18:30:00,104610.83,104612.3,104600.37,104600.37,1.95476,597.0
2025-06-14 18:31:00,104600.38,104600.38,104529.59,104531.29,5.80994,1405.0
2025-06-14 18:32:00,104531.29,104531.29,104450.51,104462.64,6.40171,1450.0
2025-06-14 18:33:00,104462.64,104499.06,104410.41,104491.52,11.04466,3585.0
2025-06-14 18:34:00,104491.52,104498.0,104437.58,104478.9,5.50485,1888.0
2025-06-14 18:35:00,104478.9,104532.7,104478.89,104509.29,3.20864,1645.0
2025-06-14 18:36:00,104509.29,104538.21,104483.56,104501.34,3.63064,1839.0
2025-06-14 18:37:00,104502.0,104539.99,104494.42,104539.98,3.26102,1030.0
2025-06-14 18:38:00,104539.98,104540.0,104500.0,104516.46,4.17696,1247.0
2025-06-14 18:39:00,104516.47,104538.3,104447.06,104447.07,4.7845,1843.0
2025-06-14 18:40:00,104447.07,104478.31,104439.63,104440.95,3.92371,1205.0
2025-06-14 18:41:00,104440.95,104440.95,104388.0,104388.01,6.87501,2001.0
2025-06-14 18:42:00,104388.01,104424.26,104385.04,104424.25,4.85886,1568.0
2025-06-14 18:43:00,104424.25,104424.25,104384.97,104397.3,2.54612,1091.0
2025-06-14 18:44:00,104397.31,104426.23,104397.3,104420.87,15.32915,1144.0
2025-06-14 18:45:00,104420.87,104420.87,104396.16,104396.16,2.78396,1101.0
2025-06-14 18:46:00,104396.15,104414.47,104359.08,104409.86,6.41748,3165.0
2025-06-14 18:47:00,104409.86,104470.59,104409.86,104470.58,6.36497,2127.0
2025-06-14 18:48:00,104470.59,104514.71,104455.32,104514.7,30.55787,3406.0
2025-06-14 18:49:00,104514.7,104520.0,104514.7,104517.18,3.81015,807.0
2025-06-14 18:50:00,104517.17,104546.11,104517.17,104532.26,2.68456,1006.0
2025-06-14 18:51:00,104532.26,104542.88,104494.64,104502.5,3.51619,1462.0
2025-06-14 18:52:00,104502.5,104592.01,104502.49,104580.0,24.45747,3245.0
2025-06-14 18:53:00,104580.22,104607.99,104580.22,104607.98,2.47529,1563.0
2025-06-14 18:54:00,104607.99,104701.18,104607.99,104701.17,11.09012,4237.0
2025-06-14 18:55:00,104701.17,104768.63,104701.17,104768.63,4.43567,2365.0
2025-06-14 18:56:00,104768.63,104830.98,104768.63,104809.99,11.78183,3155.0
2025-06-14 18:57:00,104809.98,104814.0,104798.45,104798.45,1.81892,525.0
2025-06-14 18:58:00,104798.45,104847.2,104798.45,104843.49,3.60594,2119.0
2025-06-14 18:59:00,104843.49,104906.1,104834.98,104892.81,18.83842,2938.0
2025-06-14 19:00:00,104892.82,104937.14,104892.81,104917.99,7.7291,2036.0
2025-06-14 19:01:00,104918.0,104936.7,104911.22,104918.1,2.85431,1268.0
2025-06-14 19:02:00,104918.09,104918.09,104841.02,104885.36,7.45464,3078.0
2025-06-14 19:03:00,104885.37,104885.37,104803.11,104815.72,5.79357,1987.0
2025-06-14 19:04:00,104815.72,104911.77,104815.72,104911.77,20.64067,2768.0
2025-06-14 19:05:00,104911.76,104911.76,104883.88,104883.88,2.4942,926.0
2025-06-14 19:06:00,104883.89,104911.77,104883.88,104911.76,1.34445,507.0
2025-06-14 19:07:00,104911.76,104911.77,104911.76,104911.77,3.04942,296.0
2025-06-14 19:08:00,104911.77,105045.78,104911.76,105045.77,13.60308,3499.0
2025-06-14 19:09:00,105045.77,105045.77,104824.2,104876.83,16.31597,6945.0
2025-06-14 19:10:00,104876.83,104905.68,104846.04,104883.45,9.75979,2033.0
2025-06-14 19:11:00,104883.45,104959.65,104883.45,104949.89,3.62004,2716.0
2025-06-14 19:12:00,104949.89,104997.38,104909.2,104997.38,5.78649,3162.0
2025-06-14 19:13:00,104997.38,105022.12,104978.85,104978.86,10.0679,2513.0
2025-06-14 19:14:00,104978.85,104994.61,104970.35,104983.99,14.59665,1639.0
2025-06-14 19:15:00,104984.0,105019.88,104984.0,105015.75,3.18662,1996.0
2025-06-14 19:16:00,105015.74,105015.75,104928.81,104928.81,5.45475,2847.0
2025-06-14 19:17:00,104928.81,105000.0,104916.74,104989.49,2.93308,2145.0
2025-06-14 19:18:00,104989.49,104997.37,104975.66,104975.67,1.86277,630.0
2025-06-14 19:19:00,104975.66,104975.99,104961.33,104975.98,2.08654,937.0
2025-06-14 19:20:00,104975.98,104985.12,104966.21,104966.21,1.13242,499.0
2025-06-14 19:21:00,104966.21,104975.91,104958.34,104970.83,3.82426,828.0
2025-06-14 19:22:00,104970.83,104970.84,104964.11,104964.11,0.93258,348.0
2025-06-14 19:23:00,104964.11,104964.12,104956.22,104956.22,1.30919,376.0
2025-06-14 19:24:00,104956.23,104956.23,104899.99,104926.51,16.25335,1745.0
2025-06-14 19:25:00,104926.51,104926.52,104902.89,104913.06,4.93165,701.0
2025-06-14 19:26:00,104913.06,104926.09,104913.06,104926.08,2.5427,435.0
2025-06-14 19:27:00,104926.08,104926.51,104890.44,104898.63,2.73592,789.0
2025-06-14 19:28:00,104898.63,104919.67,104898.63,104914.41,1.7227,556.0
2025-06-14 19:29:00,104914.41,104914.42,104914.41,104914.41,0.6456,162.0
2025-06-14 19:30:00,104914.42,104914.42,104912.13,104912.13,0.86561,308.0
2025-06-14 19:31:00,104912.14,104981.1,104912.13,104963.35,4.85211,1932.0
2025-06-14 19:32:00,104963.35,104965.86,104945.2,104965.86,1.9007,1019.0
2025-06-14 19:33:00,104965.86,104965.86,104898.89,104898.89,3.13012,2137.0
2025-06-14 19:34:00,104898.89,104955.89,104898.89,104948.74,1.07521,1254.0
2025-06-14 19:35:00,104948.75,104948.75,104917.61,104917.61,3.14795,1092.0
2025-06-14 19:36:00,104917.61,104944.0,104916.51,104927.26,2.09473,937.0
2025-06-14 19:37:00,104927.26,104934.69,104917.37,104934.69,1.12932,704.0
2025-06-14 19:38:00,104934.69,104952.01,104934.68,104952.01,2.27576,438.0
2025-06-14 19:39:00,104952.01,104987.7,104952.01,104982.29,3.3619,1299.0
2025-06-14 19:40:00,104982.29,104991.14,104982.29,104991.14,2.31243,426.0
2025-06-14 19:41:00,104991.14,105015.63,104991.13,104999.99,5.35514,1179.0
2025-06-14 19:42:00,105000.0,105012.36,104969.17,104999.74,5.61966,1680.0
2025-06-14 19:43:00,104999.74,105015.63,104970.0,104970.0,5.3238,1557.0
2025-06-14 19:44:00,104970.0,104970.01,104970.0,104970.01,1.76762,88.0
2025-06-14 19:45:00,104970.0,104970.0,104915.27,104915.28,6.70086,2011.0
2025-06-14 19:46:00,104915.28,104955.98,104915.27,104942.63,2.13599,999.0
2025-06-14 19:47:00,104942.63,104942.64,104892.35,104918.65,5.55326,1748.0
2025-06-14 19:48:00,104918.66,104963.74,104850.0,104875.67,18.0633,2629.0
2025-06-14 19:49:00,104875.67,104875.67,104826.74,104826.75,8.09288,1038.0
2025-06-14 19:50:00,104826.75,104826.75,104704.81,104727.72,12.36591,2890.0
2025-06-14 19:51:00,104727.71,104741.95,104692.5,104741.94,3.29777,1375.0
2025-06-14 19:52:00,104741.94,104744.0,104712.79,104743.99,4.08505,1764.0
2025-06-14 19:53:00,104743.99,104768.39,104743.99,104757.9,1.86448,891.0
2025-06-14 19:54:00,104757.9,104757.91,104723.81,104739.52,2.02706,917.0
2025-06-14 19:55:00,104739.51,104739.51,104667.83,104696.82,14.55851,1920.0
2025-06-14 19:56:00,104696.83,104700.0,104679.14,104685.19,1.18198,422.0
2025-06-14 19:57:00,104685.19,104685.19,104636.36,104642.79,10.53559,819.0
2025-06-14 19:58:00,104642.79,104682.06,104642.79,104681.35,2.41898,1093.0
2025-06-14 19:59:00,104681.34,104681.35,104630.19,104645.67,6.94834,581.0
2025-06-14 20:00:00,104645.66,104656.79,104614.73,104624.14,12.66026,1717.0
2025-06-14 20:01:00,104624.14,104632.8,104624.13,104632.8,0.82525,427.0
2025-06-14 20:02:00,104632.79,104664.01,104632.79,104664.01,1.14226,1017.0
2025-06-14 20:03:00,104664.0,104728.74,104664.0,104728.74,4.38482,2018.0
2025-06-14 20:04:00,104728.73,104728.74,104614.29,104614.29,5.11437,1856.0
2025-06-14 20:05:00,104614.29,104628.05,104483.56,104483.56,29.63421,3481.0
2025-06-14 20:06:00,104483.57,104487.88,104437.86,104455.75,9.68424,2788.0
2025-06-14 20:07:00,104455.76,104465.15,104427.18,104432.85,8.0777,1224.0
2025-06-14 20:08:00,104432.86,104432.86,104397.7,104401.72,5.48603,1348.0
2025-06-14 20:09:00,104401.72,104423.0,104401.72,104406.69,6.42694,1269.0
2025-06-14 20:10:00,104406.69,104406.69,104300.0,104339.52,23.81103,6227.0
2025-06-14 20:11:00,104339.52,104436.74,104339.51,104436.74,5.63415,3266.0
2025-06-14 20:12:00,104436.74,104472.95,104425.78,104464.84,3.8093,1695.0
2025-06-14 20:13:00,104464.83,104464.84,104430.45,104446.11,2.60238,1193.0
2025-06-14 20:14:00,104446.11,104446.11,104363.36,104372.41,8.43285,2972.0
2025-06-14 20:15:00,104372.41,104438.44,104352.93,104397.6,8.27278,2463.0
2025-06-14 20:16:00,104397.61,104420.83,104372.88,104372.88,5.87193,2667.0
2025-06-14 20:17:00,104372.88,104387.12,104326.01,104349.23,3.98664,1696.0
2025-06-14 20:18:00,104349.23,104441.41,104326.79,104441.41,8.46298,3773.0
2025-06-14 20:19:00,104441.41,104502.38,104441.41,104478.23,7.34095,2161.0
2025-06-14 20:20:00,104478.24,104586.67,104478.23,104561.35,11.54799,4039.0
2025-06-14 20:21:00,104561.35,104561.36,104510.6,104552.41,7.32863,2116.0
2025-06-14 20:22:00,104552.41,104582.99,104551.16,104551.16,3.53881,1806.0
2025-06-14 20:23:00,104551.17,104578.03,104514.7,104514.7,4.62519,2285.0
2025-06-14 20:24:00,104514.71,104514.71,104440.21,104498.29,6.4806,3546.0
2025-06-14 20:25:00,104498.09,104562.68,104486.57,104544.63,4.67787,3069.0
2025-06-14 20:26:00,104544.63,104563.85,104533.72,104563.54,3.62816,2289.0
2025-06-14 20:27:00,104563.53,104591.99,104563.53,104574.79,2.70362,1415.0
2025-06-14 20:28:00,104574.78,104644.2,104574.78,104609.65,6.45286,2318.0
2025-06-14 20:29:00,104609.64,104662.7,104606.65,104648.51,4.80394,2252.0
2025-06-14 20:30:00,104648.51,104728.79,104648.51,104714.44,4.18393,3012.0
2025-06-14 20:31:00,104714.43,104775.18,104710.02,104775.17,8.07031,2875.0
2025-06-14 20:32:00,104775.18,104867.65,104775.17,104817.39,6.38908,3830.0
2025-06-14 20:33:00,104817.38,104847.4,104810.0,104847.39,2.50251,1551.0
2025-06-14 20:34:00,104847.4,104857.39,104782.75,104794.65,8.38583,2890.0
2025-06-14 20:35:00,104794.64,104812.08,104704.46,104780.01,14.15867,3626.0
2025-06-14 20:36:00,104780.0,104823.53,104768.94,104823.52,4.33951,2366.0
2025-06-14 20:37:00,104823.53,104851.12,104804.79,104851.12,2.02016,1621.0
2025-06-14 20:38:00,104851.11,104881.25,104831.11,104867.64,3.11283,1693.0
2025-06-14 20:39:00,104867.64,104991.0,104867.64,104955.34,19.7418,3172.0
2025-06-14 20:40:00,104955.34,104962.36,104922.22,104922.23,11.95006,2010.0
2025-06-14 20:41:00,104922.23,104976.64,104922.22,104965.61,5.20336,1402.0
2025-06-14 20:42:00,104965.62,104965.62,104906.14,104915.99,5.94969,2505.0
2025-06-14 20:43:00,104915.98,104950.25,104915.98,104950.25,2.38235,646.0
2025-06-14 20:44:00,104950.25,104950.25,104927.56,104927.57,3.46465,655.0
2025-06-14 20:45:00,104927.57,104947.56,104907.56,104947.29,14.00398,1812.0
2025-06-14 20:46:00,104947.29,104970.47,104947.28,104970.47,3.58063,574.0
2025-06-14 20:47:00,104970.47,104990.9,104948.69,104967.83,5.5933,1768.0
2025-06-14 20:48:00,104967.82,104967.83,104955.88,104955.88,1.28806,528.0
2025-06-14 20:49:00,104955.88,104955.89,104955.88,104955.89,0.92869,162.0
2025-06-14 20:50:00,104955.88,104955.89,104948.72,104948.73,1.57275,450.0
2025-06-14 20:51:00,104948.72,104948.73,104861.27,104861.28,6.95694,2973.0
2025-06-14 20:52:00,104861.27,104890.91,104856.12,104868.88,3.1977,1712.0
2025-06-14 20:53:00,104868.88,104868.88,104807.32,104827.32,4.83154,2570.0
2025-06-14 20:54:00,104827.33,104860.0,104827.32,104840.01,2.6543,1126.0
2025-06-14 20:55:00,104840.0,104866.21,104840.0,104866.2,1.25344,525.0
2025-06-14 20:56:00,104866.21,104889.92,104861.32,104861.33,5.34517,1427.0
2025-06-14 20:57:00,104861.32,104861.33,104861.32,104861.32,0.92244,155.0
2025-06-14 20:58:00,104861.33,104881.32,104861.32,104881.32,0.89519,444.0
2025-06-14 20:59:00,104881.32,104894.3,104881.32,104894.29,0.63596,338.0
2025-06-14 21:00:00,104894.3,104894.3,104894.29,104894.3,0.48414,158.0
2025-06-14 21:01:00,104894.3,104894.3,104887.06,104887.07,2.60568,431.0
2025-06-14 21:02:00,104887.07,104887.07,104870.77,104882.19,3.27414,851.0
2025-06-14 21:03:00,104882.19,104887.17,104872.0,104887.17,0.93204,510.0
2025-06-14 21:04:00,104887.16,104900.0,104887.16,104899.99,1.29041,381.0
2025-06-14 21:05:00,104899.99,104954.99,104899.99,104954.98,3.11449,935.0
2025-06-14 21:06:00,104954.98,104955.0,104924.87,104941.8,17.17815,1505.0
2025-06-14 21:07:00,104941.8,104955.89,104941.8,104945.89,1.48679,479.0
2025-06-14 21:08:00,104945.89,104948.29,104935.88,104940.56,1.78316,553.0
2025-06-14 21:09:00,104940.56,104945.9,104940.55,104945.89,0.54694,142.0
2025-06-14 21:10:00,104945.9,104955.03,104945.89,104945.9,2.84324,464.0
2025-06-14 21:11:00,104945.9,104951.95,104932.92,104951.95,4.66606,601.0
2025-06-14 21:12:00,104951.95,104978.34,104951.94,104978.34,5.54232,516.0
2025-06-14 21:13:00,104978.34,105000.0,104978.33,104978.34,22.66381,1422.0
2025-06-14 21:14:00,104978.33,105007.73,104978.32,105007.72,9.75368,1052.0
2025-06-14 21:15:00,105007.72,105020.0,104991.24,104991.24,15.95164,1263.0
2025-06-14 21:16:00,104991.24,105017.04,104991.24,105017.04,1.65124,563.0
2025-06-14 21:17:00,105017.04,105025.92,105017.04,105020.65,2.14286,663.0
2025-06-14 21:18:00,105020.65,105036.69,105020.65,105036.69,3.39288,658.0
2025-06-14 21:19:00,105036.69,105044.12,105036.68,105044.12,2.16787,329.0
2025-06-14 21:20:00,105044.11,105057.45,105044.11,105057.44,7.31454,660.0
2025-06-14 21:21:00,105057.44,105067.45,105050.54,105050.54,7.50186,1219.0
2025-06-14 21:22:00,105050.55,105132.36,105050.54,105132.35,14.95994,2075.0
2025-06-14 21:23:00,105132.35,105218.03,104958.36,104958.37,27.35733,6262.0
2025-06-14 21:24:00,104958.36,104958.37,104867.14,104895.03,7.0574,2499.0
2025-06-14 21:25:00,104895.04,104931.87,104895.04,104931.86,0.82877,574.0
2025-06-14 21:26:00,104931.86,105049.69,104931.86,105049.69,6.12056,3848.0
2025-06-14 21:27:00,105049.69,105138.6,105048.0,105113.23,18.88898,8404.0
2025-06-14 21:28:00,105113.23,105143.47,105106.25,105121.04,5.28965,2252.0
2025-06-14 21:29:00,105121.03,105168.76,105121.03,105168.75,1.40079,1225.0
2025-06-14 21:30:00,105168.76,105199.31,105168.75,105186.01,5.73107,2101.0
2025-06-14 21:31:00,105186.0,105199.81,105184.75,105184.76,1.52429,867.0
2025-06-14 21:32:00,105184.75,105184.76,105126.9,105130.03,8.94452,2326.0
2025-06-14 21:33:00,105130.03,105130.04,105130.03,105130.03,0.77841,127.0
2025-06-14 21:34:00,105130.03,105130.04,105130.03,105130.04,0.90681,235.0
2025-06-14 21:35:00,105130.04,105130.04,105095.56,105095.56,14.6002,1033.0
2025-06-14 21:36:00,105095.57,105095.57,105088.23,105088.23,1.30559,339.0
2025-06-14 21:37:00,105088.23,105118.24,105088.23,105098.9,9.52619,1200.0
2025-06-14 21:38:00,105098.91,105098.91,105098.9,105098.9,0.81769,265.0
2025-06-14 21:39:00,105098.9,105098.91,105098.9,105098.9,0.60677,112.0
2025-06-14 21:40:00,105098.9,105098.91,105098.9,105098.91,1.32429,215.0
2025-06-14 21:41:00,105098.91,105184.76,105098.91,105161.61,8.76476,2579.0
2025-06-14 21:42:00,105161.62,105189.54,105161.6,105189.53,5.59266,721.0
2025-06-14 21:43:00,105189.53,105189.54,105122.76,105122.77,9.9313,1819.0
2025-06-14 21:44:00,105122.76,105146.3,105122.76,105140.0,2.75216,598.0
2025-06-14 21:45:00,105140.0,105150.01,105140.0,105140.02,0.99282,373.0
2025-06-14 21:46:00,105140.03,105369.02,105140.02,105285.45,31.88775,9601.0
2025-06-14 21:47:00,105285.44,105351.02,105250.0,105315.07,14.54097,3754.0
2025-06-14 21:48:00,105315.08,105315.08,105275.08,105275.09,1.98063,894.0
2025-06-14 21:49:00,105275.08,105275.09,105241.92,105241.92,1.51149,1049.0
2025-06-14 21:50:00,105241.92,105241.93,105220.88,105220.88,1.22891,647.0
2025-06-14 21:51:00,105220.88,105308.83,105220.88,105298.29,7.06541,2710.0
2025-06-14 21:52:00,105298.29,105328.76,105298.29,105328.51,1.98076,1177.0
2025-06-14 21:53:00,105328.51,105352.95,105328.51,105331.49,8.55216,1503.0
2025-06-14 21:54:00,105331.35,105371.34,105329.93,105371.34,4.20344,1859.0
2025-06-14 21:55:00,105371.33,105376.74,105350.0,105376.74,20.71119,1083.0
2025-06-14 21:56:00,105376.74,105376.74,105317.73,105317.74,7.45702,1716.0
2025-06-14 21:57:00,105317.74,105340.0,105314.44,105339.99,3.78144,1185.0
2025-06-14 21:58:00,105340.0,105457.88,105339.99,105448.71,19.16051,4508.0
2025-06-14 21:59:00,105448.7,105458.71,105303.09,105315.54,15.91678,4421.0
2025-06-14 22:00:00,105315.55,105411.02,105315.55,105366.96,8.12673,3896.0
2025-06-14 22:01:00,105366.96,105366.96,105313.56,105358.96,3.12316,2287.0
2025-06-14 22:02:00,105358.96,105464.95,105358.96,105463.65,9.41226,4544.0
2025-06-14 22:03:00,105463.66,105473.76,105430.53,105464.6,10.38856,2496.0
2025-06-14 22:04:00,105464.6,105480.0,105464.59,105479.99,16.86423,966.0
2025-06-14 22:05:00,105479.99,105479.99,105455.59,105455.59,6.464,1172.0
2025-06-14 22:06:00,105455.6,105467.42,105455.59,105460.0,3.83489,913.0
2025-06-14 22:07:00,105460.01,105460.01,105386.82,105396.83,3.57561,1553.0
2025-06-14 22:08:00,105396.83,105415.25,105396.82,105413.37,5.43315,1697.0
2025-06-14 22:09:00,105413.37,105420.29,105413.37,105419.37,1.74708,759.0
2025-06-14 22:10:00,105419.36,105419.37,105398.83,105398.83,3.49976,840.0
2025-06-14 22:11:00,105398.83,105420.0,105398.82,105419.99,2.43531,815.0
2025-06-14 22:12:00,105420.0,105420.0,105410.63,105410.63,3.30948,630.0
2025-06-14 22:13:00,105410.63,105413.63,105403.37,105413.62,1.0403,522.0
2025-06-14 22:14:00,105413.62,105454.17,105413.62,105454.16,2.26626,1203.0
2025-06-14 22:15:00,105454.16,105477.17,105454.16,105477.16,2.22192,873.0
2025-06-14 22:16:00,105477.17,105477.17,105428.33,105428.33,6.74416,1211.0
2025-06-14 22:17:00,105428.33,105459.47,105428.33,105447.97,3.41573,1139.0
2025-06-14 22:18:00,105447.96,105453.65,105447.96,105453.65,0.46899,201.0
2025-06-14 22:19:00,105453.65,105469.47,105453.64,105469.46,2.64567,408.0
2025-06-14 22:20:00,105469.47,105469.47,105438.93,105450.31,6.38665,1096.0
2025-06-14 22:21:00,105450.31,105460.13,105426.35,105440.03,3.59496,1024.0
2025-06-14 22:22:00,105440.02,105452.0,105440.02,105452.0,0.94629,358.0
2025-06-14 22:23:00,105452.0,105452.7,105437.02,105452.69,3.73539,1023.0
2025-06-14 22:24:00,105452.69,105461.67,105452.69,105461.67,0.55028,232.0
2025-06-14 22:25:00,105461.66,105478.84,105461.66,105473.08,3.43159,681.0
2025-06-14 22:26:00,105473.08,105473.08,105447.43,105462.69,9.24397,1035.0
2025-06-14 22:27:00,105462.69,105480.0,105462.69,105463.54,6.87513,989.0
2025-06-14 22:28:00,105463.54,105463.55,105463.54,105463.54,0.60135,181.0
2025-06-14 22:29:00,105463.55,105463.55,105463.54,105463.54,0.35697,74.0
2025-06-14 22:30:00,105463.54,105463.55,105397.05,105397.06,4.40737,1397.0
2025-06-14 22:31:00,105397.05,105397.06,105350.86,105387.99,5.40154,1801.0
2025-06-14 22:32:00,105388.0,105388.0,105374.01,105382.01,1.03652,816.0
2025-06-14 22:33:00,105382.01,105396.55,105382.01,105389.58,0.97791,572.0
2025-06-14 22:34:00,105389.59,105441.18,105389.58,105424.0,2.64659,1702.0
2025-06-14 22:35:00,105424.01,105444.38,105424.0,105436.46,1.58758,495.0
2025-06-14 22:36:00,105436.47,105436.47,105376.58,105376.59,6.95626,1733.0
2025-06-14 22:37:00,105376.58,105407.83,105376.57,105407.83,1.32987,723.0
2025-06-14 22:38:00,105407.83,105411.71,105380.44,105380.44,2.75345,988.0
2025-06-14 22:39:00,105380.45,105397.05,105380.45,105397.04,1.14373,429.0
2025-06-14 22:40:00,105397.05,105397.05,105345.25,105352.72,3.80826,1465.0
2025-06-14 22:41:00,105352.72,105352.72,105334.68,105334.68,3.57376,587.0
2025-06-14 22:42:00,105334.68,105344.69,105334.68,105344.68,2.39611,294.0
2025-06-14 22:43:00,105344.69,105344.69,105308.82,105308.82,8.48049,1281.0
2025-06-14 22:44:00,105308.83,105314.46,105289.45,105314.45,6.04149,1166.0
2025-06-14 22:45:00,105314.45,105314.46,105314.45,105314.46,0.26432,98.0
2025-06-14 22:46:00,105314.46,105352.76,105314.46,105352.76,1.30052,757.0
2025-06-14 22:47:00,105352.76,105378.44,105352.75,105378.43,1.493,694.0
2025-06-14 22:48:00,105378.44,105386.21,105298.28,105305.73,9.97863,2247.0
2025-06-14 22:49:00,105305.74,105317.9,105305.73,105317.9,1.63952,289.0
2025-06-14 22:50:00,105317.89,105378.0,105317.89,105356.01,4.66588,1628.0
2025-06-14 22:51:00,105356.0,105356.01,105356.0,105356.0,0.24078,97.0
2025-06-14 22:52:00,105356.0,105388.93,105356.0,105388.93,1.55672,754.0
2025-06-14 22:53:00,105388.93,105388.93,105377.31,105377.31,6.31218,633.0
2025-06-14 22:54:00,105377.31,105387.98,105377.31,105387.97,0.59382,395.0
2025-06-14 22:55:00,105387.97,105387.98,105387.97,105387.98,0.7773,90.0
2025-06-14 22:56:00,105387.98,105387.98,105368.0,105368.0,3.15354,828.0
2025-06-14 22:57:00,105368.0,105376.44,105368.0,105376.43,0.88618,246.0
2025-06-14 22:58:00,105376.44,105376.44,105376.43,105376.43,1.13358,112.0
2025-06-14 22:59:00,105376.43,105428.75,105376.43,105428.74,3.14783,1135.0
2025-06-14 23:00:00,105428.75,105428.75,105418.74,105418.75,5.25754,837.0
2025-06-14 23:01:00,105418.74,105418.75,105397.05,105397.06,2.4388,716.0
2025-06-14 23:02:00,105397.06,105426.0,105397.05,105426.0,10.28169,971.0
2025-06-14 23:03:00,105426.0,105435.38,105406.46,105435.38,4.50045,947.0
2025-06-14 23:04:00,105435.37,105459.54,105435.37,105459.53,2.10475,837.0
2025-06-14 23:05:00,105459.54,105477.9,105459.54,105474.89,3.26573,990.0
2025-06-14 23:06:00,105474.89,105476.0,105474.89,105476.0,1.29143,266.0
2025-06-14 23:07:00,105475.99,105476.0,105475.99,105476.0,0.42823,161.0
2025-06-14 23:08:00,105476.0,105476.0,105456.8,105456.8,10.30159,1160.0
2025-06-14 23:09:00,105456.8,105456.81,105436.89,105436.89,2.3098,733.0
2025-06-14 23:10:00,105436.89,105476.0,105436.89,105475.99,4.24691,1382.0
2025-06-14 23:11:00,105476.0,105480.0,105466.0,105480.0,4.41579,910.0
2025-06-14 23:12:00,105480.0,105480.0,105470.0,105470.0,3.75879,622.0
2025-06-14 23:13:00,105470.01,105470.01,105460.01,105460.02,4.67149,839.0
2025-06-14 23:14:00,105460.01,105460.01,105434.78,105444.95,3.46263,1260.0
2025-06-14 23:15:00,105444.96,105444.96,105444.95,105444.95,0.29501,68.0
2025-06-14 23:16:00,105444.95,105444.96,105423.71,105425.99,5.64341,799.0
2025-06-14 23:17:00,105425.99,105426.0,105357.0,105357.01,12.3536,1664.0
2025-06-14 23:18:00,105357.0,105391.45,105357.0,105383.09,1.82766,979.0
2025-06-14 23:19:00,105383.09,105438.09,105383.09,105438.09,2.30192,1117.0
2025-06-14 23:20:00,105438.09,105460.79,105438.09,105452.54,2.71557,834.0
2025-06-14 23:21:00,105452.53,105452.54,105452.53,105452.54,1.32158,183.0
2025-06-14 23:22:00,105452.53,105452.54,105432.55,105432.55,7.3243,726.0
2025-06-14 23:23:00,105432.56,105432.56,105421.21,105421.21,3.09005,545.0
2025-06-14 23:24:00,105421.21,105421.21,105402.67,105402.67,2.98471,650.0
2025-06-14 23:25:00,105402.68,105402.68,105402.67,105402.68,1.80502,273.0
2025-06-14 23:26:00,105402.67,105402.67,105357.86,105397.05,7.90127,2486.0
2025-06-14 23:27:00,105397.05,105397.05,105390.88,105390.88,0.95301,328.0
2025-06-14 23:28:00,105390.88,105390.89,105390.88,105390.88,0.20039,92.0
2025-06-14 23:29:00,105390.88,105390.89,105348.81,105377.99,30.85593,1145.0
2025-06-14 23:30:00,105378.0,105388.0,105377.99,105388.0,2.2183,424.0
2025-06-14 23:31:00,105387.99,105388.0,105370.01,105370.01,3.27952,566.0
2025-06-14 23:32:00,105370.01,105380.26,105353.27,105353.27,6.43296,1070.0
2025-06-14 23:33:00,105353.27,105373.28,105353.27,105373.28,1.12718,612.0
2025-06-14 23:34:00,105373.27,105386.6,105373.27,105386.6,2.89734,442.0
2025-06-14 23:35:00,105386.6,105386.6,105376.6,105376.6,4.10421,536.0
2025-06-14 23:36:00,105376.6,105376.61,105376.6,105376.6,0.27319,88.0
2025-06-14 23:37:00,105376.6,105390.89,105376.6,105390.88,2.5703,597.0
2025-06-14 23:38:00,105390.88,105390.89,105385.61,105385.61,4.854,381.0
2025-06-14 23:39:00,105385.62,105385.62,105371.15,105371.15,2.95288,623.0
2025-06-14 23:40:00,105371.15,105390.89,105371.15,105390.88,1.72764,578.0
2025-06-14 23:41:00,105390.88,105397.06,105390.88,105397.06,2.54415,643.0
2025-06-14 23:42:00,105397.06,105397.06,105397.05,105397.05,1.02859,130.0
2025-06-14 23:43:00,105397.05,105418.75,105397.05,105418.74,2.7029,515.0
2025-06-14 23:44:00,105418.75,105449.92,105418.74,105449.92,1.61871,672.0
2025-06-14 23:45:00,105449.91,105477.08,105449.91,105477.07,3.67296,722.0
2025-06-14 23:46:00,105477.08,105477.08,105477.07,105477.08,0.88499,158.0
2025-06-14 23:47:00,105477.08,105477.08,105470.0,105470.0,12.04248,902.0
2025-06-14 23:48:00,105470.01,105470.01,105470.0,105470.01,0.48027,169.0
2025-06-14 23:49:00,105470.0,105470.01,105470.0,105470.01,1.44308,270.0
2025-06-14 23:50:00,105470.01,105470.01,105470.0,105470.0,2.53173,247.0
2025-06-14 23:51:00,105470.01,105470.01,105470.0,105470.0,3.9843,400.0
2025-06-14 23:52:00,105470.0,105470.01,105447.58,105447.58,7.34237,960.0
2025-06-14 23:53:00,105447.58,105447.59,105425.23,105435.23,6.48292,895.0
2025-06-14 23:54:00,105435.24,105447.02,105430.01,105430.01,4.1467,832.0
2025-06-14 23:55:00,105430.02,105430.02,105430.0,105430.0,6.6886,374.0
2025-06-14 23:56:00,105430.01,105430.01,105397.53,105409.12,7.14528,1098.0
2025-06-14 23:57:00,105409.11,105426.93,105409.11,105426.93,2.14674,799.0
2025-06-14 23:58:00,105426.92,105426.93,105426.92,105426.92,4.42598,437.0
2025-06-14 23:59:00,105426.92,105426.92,105414.63,105414.64,1.85373,291.0
2025-06-15 00:00:00,105414.63,105425.93,105414.63,105425.92,2.03644,571.0
2025-06-15 00:01:00,105425.92,105425.93,105416.0,105416.0,2.66351,528.0
2025-06-15 00:02:00,105416.01,105416.01,105416.0,105416.0,3.42765,404.0
2025-06-15 00:03:00,105416.01,105416.01,105414.1,105414.11,3.85837,481.0
2025-06-15 00:04:00,105414.11,105414.11,105364.33,105366.01,9.18335,1957.0
2025-06-15 00:05:00,105366.01,105373.85,105361.78,105373.85,3.22294,972.0
2025-06-15 00:06:00,105373.85,105391.08,105373.84,105391.08,8.2144,982.0
2025-06-15 00:07:00,105391.07,105391.08,105380.53,105380.54,1.63028,415.0
2025-06-15 00:08:00,105380.54,105384.76,105369.99,105370.0,2.02917,584.0
2025-06-15 00:09:00,105369.99,105370.0,105364.72,105364.72,1.12679,227.0
2025-06-15 00:10:00,105364.72,105375.21,105364.72,105375.21,3.35562,338.0
2025-06-15 00:11:00,105375.21,105424.68,105375.2,105424.67,2.97218,1736.0
2025-06-15 00:12:00,105424.68,105434.67,105424.67,105434.66,6.38451,448.0
2025-06-15 00:13:00,105434.66,105451.64,105434.66,105451.64,5.04786,790.0
2025-06-15 00:14:00,105451.64,105454.12,105451.63,105454.12,0.7038,191.0
2025-06-15 00:15:00,105454.12,105454.12,105454.11,105454.11,3.11774,185.0
2025-06-15 00:16:00,105454.12,105459.78,105454.11,105459.78,3.35656,177.0
2025-06-15 00:17:00,105459.78,105469.78,105459.77,105469.77,1.5686,488.0
2025-06-15 00:18:00,105469.78,105477.07,105469.77,105477.06,0.90616,441.0
2025-06-15 00:19:00,105477.07,105480.0,105477.06,105480.0,23.10312,711.0
2025-06-15 00:20:00,105480.0,105480.0,105464.58,105473.48,16.73255,1242.0
2025-06-15 00:21:00,105473.48,105478.53,105473.47,105478.52,1.10147,361.0
2025-06-15 00:22:00,105478.52,105480.0,105478.52,105480.0,23.68585,255.0
2025-06-15 00:23:00,105480.0,105480.0,105473.48,105473.49,7.58713,448.0
2025-06-15 00:24:00,105473.49,105473.49,105414.15,105414.16,4.09921,1606.0
2025-06-15 00:25:00,105414.16,105414.16,105388.94,105388.95,4.16283,745.0
2025-06-15 00:26:00,105388.95,105400.0,105388.94,105400.0,2.93921,420.0
2025-06-15 00:27:00,105400.0,105400.0,105382.89,105382.9,3.52272,693.0
2025-06-15 00:28:00,105382.89,105382.9,105363.12,105375.43,2.30433,904.0
2025-06-15 00:29:00,105375.43,105409.36,105375.43,105409.35,3.97752,1275.0
2025-06-15 00:30:00,105409.36,105409.36,105409.35,105409.35,0.3498,120.0
2025-06-15 00:31:00,105409.35,105409.36,105409.35,105409.36,0.20331,99.0
2025-06-15 00:32:00,105409.36,105409.36,105379.36,105379.36,5.69506,1218.0
2025-06-15 00:33:00,105379.37,105379.37,105264.75,105345.06,15.39258,4084.0
2025-06-15 00:34:00,105345.05,105389.99,105345.05,105389.98,2.35797,1502.0
2025-06-15 00:35:00,105389.99,105435.68,105389.98,105435.67,4.40517,1843.0
2025-06-15 00:36:00,105435.68,105470.57,105435.67,105470.56,3.52403,957.0
2025-06-15 00:37:00,105470.57,105470.57,105441.17,105441.17,4.96194,744.0
2025-06-15 00:38:00,105441.17,105441.18,105441.17,105441.17,2.17067,206.0
2025-06-15 00:39:00,105441.18,105441.18,105431.17,105431.18,3.55893,450.0
2025-06-15 00:40:00,105431.18,105431.18,105431.17,105431.17,1.24746,123.0
2025-06-15 00:41:00,105431.18,105467.43,105431.18,105467.42,4.12623,1456.0
2025-06-15 00:42:00,105467.43,105467.43,105450.66,105450.67,5.8423,851.0
2025-06-15 00:43:00,105450.66,105466.52,105450.66,105466.51,2.6414,597.0
2025-06-15 00:44:00,105466.52,105466.52,105466.51,105466.51,0.69286,167.0
2025-06-15 00:45:00,105466.52,105476.0,105466.51,105476.0,4.13662,346.0
2025-06-15 00:46:00,105476.0,105479.33,105475.99,105479.33,1.32618,325.0
2025-06-15 00:47:00,105479.33,105479.33,105479.32,105479.32,0.90893,130.0
2025-06-15 00:48:00,105479.32,105479.33,105479.32,105479.32,0.90745,128.0
2025-06-15 00:49:00,105479.32,105479.33,105479.32,105479.32,0.99396,124.0
2025-06-15 00:50:00,105479.33,105480.0,105479.32,105480.0,4.78586,232.0
2025-06-15 00:51:00,105479.99,105592.55,105479.99,105590.84,59.73259,5557.0
2025-06-15 00:52:00,105590.85,105642.71,105590.84,105642.71,6.79799,2175.0
2025-06-15 00:53:00,105642.7,105660.27,105619.83,105619.83,7.01827,1875.0
2025-06-15 00:54:00,105619.83,105619.84,105602.81,105602.81,10.92107,853.0
2025-06-15 00:55:00,105602.81,105623.75,105592.82,105623.74,4.73229,1539.0
2025-06-15 00:56:00,105623.75,105635.77,105623.74,105633.3,2.5623,732.0
2025-06-15 00:57:00,105633.31,105643.99,105633.3,105643.99,0.68495,372.0
2025-06-15 00:58:00,105643.99,105663.98,105643.98,105663.97,2.19896,765.0
2025-06-15 00:59:00,105663.98,105663.98,105643.99,105643.99,6.04494,850.0
2025-06-15 01:00:00,105643.99,105659.02,105643.99,105659.02,1.06256,574.0
2025-06-15 01:01:00,105659.01,105680.0,105659.01,105680.0,2.61134,1259.0
2025-06-15 01:02:00,105679.99,105680.0,105633.42,105641.98,7.96868,1699.0
2025-06-15 01:03:00,105641.98,105641.99,105573.6,105580.01,7.23477,1967.0
2025-06-15 01:04:00,105580.01,105618.48,105580.0,105618.48,5.28395,883.0
2025-06-15 01:05:00,105618.48,105620.0,105599.99,105599.99,3.86694,647.0
2025-06-15 01:06:00,105599.99,105600.0,105599.99,105599.99,0.5919,167.0
2025-06-15 01:07:00,105599.99,105600.0,105599.99,105599.99,0.32199,84.0
2025-06-15 01:08:00,105600.0,105600.0,105524.78,105549.79,14.2598,1481.0
2025-06-15 01:09:00,105549.79,105587.92,105549.78,105587.92,2.67554,1042.0
2025-06-15 01:10:00,105587.92,105587.92,105553.48,105553.49,3.61108,1073.0
2025-06-15 01:11:00,105553.49,105553.49,105533.08,105533.09,1.38346,366.0
2025-06-15 01:12:00,105533.09,105542.0,105533.08,105542.0,0.98367,352.0
2025-06-15 01:13:00,105541.99,105585.95,105541.99,105585.94,5.59153,1290.0
2025-06-15 01:14:00,105585.94,105585.95,105574.0,105574.01,0.75267,379.0
2025-06-15 01:15:00,105574.0,105574.01,105518.4,105545.03,5.23681,1928.0
2025-06-15 01:16:00,105545.03,105545.04,105514.96,105524.97,3.22206,1018.0
2025-06-15 01:17:00,105524.97,105524.97,105441.21,105451.22,20.34192,2091.0
2025-06-15 01:18:00,105451.21,105457.38,105437.65,105437.65,5.18225,866.0
2025-06-15 01:19:00,105437.65,105463.33,105427.66,105463.33,3.21145,1401.0
2025-06-15 01:20:00,105463.33,105473.33,105441.17,105441.17,5.57405,1063.0
2025-06-15 01:21:00,105441.17,105452.0,105441.17,105451.99,1.67994,407.0
2025-06-15 01:22:00,105451.99,105456.95,105451.99,105456.95,0.56037,249.0
2025-06-15 01:23:00,105456.94,105456.94,105433.64,105433.64,12.23667,1218.0
2025-06-15 01:24:00,105433.64,105471.72,105433.64,105471.71,3.3254,845.0
2025-06-15 01:25:00,105471.71,105478.57,105471.71,105478.57,0.49399,183.0
2025-06-15 01:26:00,105478.57,105478.57,105453.3,105453.3,1.36574,503.0
2025-06-15 01:27:00,105453.31,105460.94,105453.3,105460.19,0.36991,274.0
2025-06-15 01:28:00,105460.19,105460.19,105446.24,105446.24,1.08859,457.0
2025-06-15 01:29:00,105446.24,105446.25,105446.24,105446.24,0.50657,106.0
2025-06-15 01:30:00,105446.25,105446.25,105446.24,105446.24,0.28101,131.0
2025-06-15 01:31:00,105446.24,105446.25,105424.0,105424.0,8.93108,805.0
2025-06-15 01:32:00,105424.0,105424.01,105424.0,105424.0,0.53252,157.0
2025-06-15 01:33:00,105424.0,105434.01,105424.0,105424.02,2.85437,593.0
2025-06-15 01:34:00,105424.01,105424.01,105414.02,105414.02,3.54135,485.0
2025-06-15 01:35:00,105414.02,105424.03,105414.02,105424.02,2.04735,447.0
2025-06-15 01:36:00,105424.03,105424.03,105424.02,105424.03,0.56152,245.0
2025-06-15 01:37:00,105424.02,105429.27,105424.02,105429.27,0.71869,303.0
2025-06-15 01:38:00,105429.27,105429.27,105424.02,105424.03,2.01334,370.0
2025-06-15 01:39:00,105424.03,105444.16,105424.02,105444.15,0.59491,535.0
2025-06-15 01:40:00,105444.16,105444.16,105444.15,105444.15,0.24491,120.0
2025-06-15 01:41:00,105444.16,105444.16,105412.11,105427.7,4.54048,1299.0
2025-06-15 01:42:00,105427.7,105427.7,105427.69,105427.7,0.62311,168.0
2025-06-15 01:43:00,105427.7,105450.0,105427.69,105449.99,7.00286,574.0
2025-06-15 01:44:00,105450.0,105474.03,105449.99,105474.03,2.0562,490.0
2025-06-15 01:45:00,105474.03,105474.03,105452.99,105453.0,1.78968,620.0
2025-06-15 01:46:00,105453.0,105475.24,105445.23,105475.23,2.04011,788.0
2025-06-15 01:47:00,105475.24,105483.67,105465.25,105483.66,4.6674,648.0
2025-06-15 01:48:00,105483.67,105483.67,105421.38,105424.55,7.2428,1296.0
2025-06-15 01:49:00,105424.55,105424.56,105410.5,105410.6,3.84819,650.0
2025-06-15 01:50:00,105410.6,105438.92,105410.59,105438.91,1.08168,647.0
2025-06-15 01:51:00,105438.92,105454.6,105438.91,105454.59,1.56817,433.0
2025-06-15 01:52:00,105454.59,105454.6,105426.4,105426.4,4.03861,808.0
2025-06-15 01:53:00,105426.41,105436.92,105420.59,105436.92,1.87948,617.0
2025-06-15 01:54:00,105436.92,105451.39,105436.92,105451.38,0.99153,382.0
2025-06-15 01:55:00,105451.39,105452.59,105442.58,105442.59,0.87502,528.0
2025-06-15 01:56:00,105442.58,105442.59,105423.86,105432.3,2.35238,654.0
2025-06-15 01:57:00,105432.3,105432.3,105421.03,105421.04,2.97751,426.0
2025-06-15 01:58:00,105421.04,105421.04,105421.03,105421.03,1.20011,109.0
2025-06-15 01:59:00,105421.03,105421.04,105421.03,105421.03,0.54563,174.0
2025-06-15 02:00:00,105421.03,105432.83,105421.03,105432.83,1.60803,480.0
2025-06-15 02:01:00,105432.83,105507.91,105432.83,105507.9,3.82361,1573.0
2025-06-15 02:02:00,105507.9,105507.91,105500.0,105500.0,0.64005,256.0
2025-06-15 02:03:00,105500.01,105500.01,105490.01,105490.01,0.97988,306.0
2025-06-15 02:04:00,105490.01,105502.67,105490.01,105502.67,1.57511,395.0
2025-06-15 02:05:00,105502.67,105537.88,105502.66,105537.87,3.10745,1031.0
2025-06-15 02:06:00,105537.87,105573.53,105537.87,105573.53,5.27715,742.0
2025-06-15 02:07:00,105573.52,105584.6,105537.16,105537.16,4.01541,1271.0
2025-06-15 02:08:00,105537.17,105547.17,105537.16,105547.17,0.5243,239.0
2025-06-15 02:09:00,105547.17,105547.17,105536.0,105536.0,1.11478,427.0
2025-06-15 02:10:00,105536.0,105550.0,105533.59,105549.99,1.61447,636.0
2025-06-15 02:11:00,105549.99,105585.44,105549.99,105585.26,12.18185,508.0
2025-06-15 02:12:00,105585.27,105585.27,105573.52,105573.52,1.80505,423.0
2025-06-15 02:13:00,105573.52,105617.65,105573.52,105617.64,7.72204,897.0
2025-06-15 02:14:00,105617.65,105624.0,105600.01,105600.01,3.35429,955.0
2025-06-15 02:15:00,105600.0,105600.01,105600.0,105600.01,0.70691,151.0
2025-06-15 02:16:00,105600.01,105600.01,105600.0,105600.01,1.16392,114.0
2025-06-15 02:17:00,105600.01,105600.01,105600.0,105600.0,1.36155,153.0
2025-06-15 02:18:00,105600.01,105600.01,105567.71,105567.72,2.09835,861.0
2025-06-15 02:19:00,105567.72,105567.72,105542.84,105542.84,0.56418,723.0
2025-06-15 02:20:00,105542.84,105588.35,105542.84,105588.34,2.07599,1367.0
2025-06-15 02:21:00,105588.34,105588.35,105577.13,105577.13,0.67587,379.0
2025-06-15 02:22:00,105577.13,105582.0,105577.13,105582.0,0.69232,245.0
2025-06-15 02:23:00,105582.0,105582.0,105581.99,105581.99,0.57729,164.0
2025-06-15 02:24:00,105582.0,105582.0,105581.99,105581.99,0.38655,170.0
2025-06-15 02:25:00,105581.99,105582.0,105581.99,105581.99,0.48748,175.0
2025-06-15 02:26:00,105581.99,105582.0,105581.99,105582.0,0.24032,142.0
2025-06-15 02:27:00,105582.0,105582.0,105561.96,105561.97,1.41895,565.0
2025-06-15 02:28:00,105561.96,105561.97,105561.96,105561.97,0.37885,121.0
2025-06-15 02:29:00,105561.96,105596.81,105561.96,105596.81,2.71803,1327.0
2025-06-15 02:30:00,105596.81,105617.65,105596.8,105614.94,4.31674,755.0
2025-06-15 02:31:00,105614.94,105614.95,105600.0,105600.0,2.34841,564.0
2025-06-15 02:32:00,105600.0,105600.01,105578.01,105578.01,6.70151,583.0
2025-06-15 02:33:00,105578.01,105578.02,105520.02,105544.89,17.86537,1482.0
2025-06-15 02:34:00,105544.88,105544.89,105544.88,105544.89,0.1616,97.0
2025-06-15 02:35:00,105544.89,105544.89,105515.73,105515.73,1.37248,597.0
2025-06-15 02:36:00,105515.73,105531.99,105515.73,105531.99,1.11899,417.0
2025-06-15 02:37:00,105531.99,105531.99,105531.98,105531.99,0.27734,112.0
2025-06-15 02:38:00,105531.99,105531.99,105531.98,105531.99,0.28464,103.0
2025-06-15 02:39:00,105531.99,105551.99,105531.98,105551.99,3.34913,576.0
2025-06-15 02:40:00,105551.98,105551.99,105541.99,105542.0,1.77722,448.0
2025-06-15 02:41:00,105542.0,105547.0,105541.99,105546.99,1.57532,269.0
2025-06-15 02:42:00,105547.0,105547.0,105546.97,105546.97,0.4237,265.0
2025-06-15 02:43:00,105546.97,105546.97,105532.0,105540.39,2.21558,546.0
2025-06-15 02:44:00,105540.39,105540.4,105540.39,105540.4,2.0771,182.0
2025-06-15 02:45:00,105540.4,105548.35,105540.39,105548.34,3.29853,383.0
2025-06-15 02:46:00,105548.34,105548.35,105536.41,105536.41,0.91571,356.0
2025-06-15 02:47:00,105536.41,105536.42,105536.41,105536.41,0.46201,93.0
2025-06-15 02:48:00,105536.42,105536.42,105536.41,105536.42,0.19266,147.0
2025-06-15 02:49:00,105536.41,105536.42,105536.41,105536.42,0.44425,105.0
2025-06-15 02:50:00,105536.42,105536.42,105525.19,105525.19,1.21169,520.0
2025-06-15 02:51:00,105525.19,105525.2,105520.01,105520.01,0.49461,258.0
2025-06-15 02:52:00,105520.02,105520.02,105520.01,105520.02,0.64623,117.0
2025-06-15 02:53:00,105520.02,105520.02,105510.59,105510.6,1.09549,251.0
2025-06-15 02:54:00,105510.59,105510.6,105482.6,105493.51,8.38201,1013.0
2025-06-15 02:55:00,105493.51,105493.51,105490.0,105490.01,1.63038,306.0
2025-06-15 02:56:00,105490.01,105490.01,105490.0,105490.01,0.6422,121.0
2025-06-15 02:57:00,105490.01,105490.01,105485.33,105485.34,0.52561,294.0
2025-06-15 02:58:00,105485.34,105485.34,105481.02,105481.03,0.81864,308.0
2025-06-15 02:59:00,105481.03,105481.03,105481.02,105481.02,0.79305,101.0
2025-06-15 03:00:00,105481.03,105494.0,105481.02,105494.0,2.21895,644.0
2025-06-15 03:01:00,105494.0,105494.0,105493.99,105493.99,0.84937,179.0
2025-06-15 03:02:00,105494.0,105494.0,105487.49,105487.49,0.75128,356.0
2025-06-15 03:03:00,105487.49,105487.5,105487.49,105487.49,0.1998,118.0
2025-06-15 03:04:00,105487.5,105487.5,105487.49,105487.49,0.24011,118.0
2025-06-15 03:05:00,105487.49,105487.5,105487.49,105487.5,0.3339,77.0
2025-06-15 03:06:00,105487.49,105487.5,105487.49,105487.49,0.36424,127.0
2025-06-15 03:07:00,105487.49,105487.5,105482.21,105482.22,1.44618,367.0
2025-06-15 03:08:00,105482.22,105489.99,105482.21,105489.98,3.33926,335.0
2025-06-15 03:09:00,105489.98,105489.99,105489.98,105489.99,0.20849,100.0
2025-06-15 03:10:00,105489.99,105489.99,105489.98,105489.98,0.15974,111.0
2025-06-15 03:11:00,105489.99,105499.98,105489.98,105499.98,3.31292,378.0
2025-06-15 03:12:00,105499.97,105511.59,105499.97,105504.51,4.56583,451.0
2025-06-15 03:13:00,105504.51,105504.51,105504.5,105504.5,1.48289,85.0
2025-06-15 03:14:00,105504.51,105504.51,105504.5,105504.51,1.19235,155.0
2025-06-15 03:15:00,105504.5,105504.51,105504.5,105504.51,0.46491,117.0
2025-06-15 03:16:00,105504.5,105514.51,105504.31,105514.5,1.79465,684.0
2025-06-15 03:17:00,105514.5,105514.51,105514.5,105514.5,0.65151,77.0
2025-06-15 03:18:00,105514.5,105514.51,105514.5,105514.5,1.17175,142.0
2025-06-15 03:19:00,105514.5,105514.51,105508.8,105508.8,2.13774,476.0
2025-06-15 03:20:00,105508.8,105508.81,105508.8,105508.81,0.20138,158.0
2025-06-15 03:21:00,105508.81,105508.81,105494.6,105494.6,2.32241,563.0
2025-06-15 03:22:00,105494.6,105500.0,105494.6,105500.0,2.03985,367.0
2025-06-15 03:23:00,105500.0,105500.0,105499.99,105500.0,0.29326,120.0
2025-06-15 03:24:00,105500.0,105500.0,105499.99,105500.0,0.22833,128.0
2025-06-15 03:25:00,105499.99,105500.0,105499.99,105499.99,0.40429,93.0
2025-06-15 03:26:00,105499.99,105500.0,105499.99,105500.0,0.0778,91.0
2025-06-15 03:27:00,105500.0,105546.96,105499.99,105529.41,6.89744,1609.0
2025-06-15 03:28:00,105529.42,105534.41,105529.41,105534.41,0.59407,246.0
2025-06-15 03:29:00,105534.41,105534.42,105534.41,105534.42,0.15604,118.0
2025-06-15 03:30:00,105534.42,105534.42,105526.63,105526.64,2.33128,380.0
2025-06-15 03:31:00,105526.64,105526.64,105508.33,105508.33,1.07486,420.0
2025-06-15 03:32:00,105508.33,105508.34,105497.08,105497.09,9.10306,508.0
2025-06-15 03:33:00,105497.09,105502.08,105494.6,105502.07,9.44355,609.0
2025-06-15 03:34:00,105502.08,105524.0,105502.07,105523.99,5.37259,595.0
2025-06-15 03:35:00,105523.99,105524.0,105503.23,105503.8,1.32406,673.0
2025-06-15 03:36:00,105503.81,105503.81,105503.8,105503.81,0.18867,93.0
2025-06-15 03:37:00,105503.81,105503.81,105503.8,105503.8,0.35132,106.0
2025-06-15 03:38:00,105503.8,105543.58,105503.8,105543.57,1.73065,975.0
2025-06-15 03:39:00,105543.57,105543.57,105540.77,105540.78,0.78197,292.0
2025-06-15 03:40:00,105540.77,105547.99,105540.77,105547.99,0.92954,259.0
2025-06-15 03:41:00,105547.99,105566.22,105547.98,105556.23,3.61472,1011.0
2025-06-15 03:42:00,105556.22,105556.23,105556.22,105556.23,0.46996,157.0
2025-06-15 03:43:00,105556.22,105556.23,105556.22,105556.23,2.83767,108.0
2025-06-15 03:44:00,105556.23,105556.23,105540.77,105540.77,1.82035,617.0
2025-06-15 03:45:00,105540.77,105540.78,105531.45,105531.46,0.79821,308.0
2025-06-15 03:46:00,105531.46,105531.46,105504.49,105504.49,1.00448,547.0
2025-06-15 03:47:00,105504.49,105504.5,105504.49,105504.49,0.19887,105.0
2025-06-15 03:48:00,105504.49,105504.5,105498.01,105498.01,1.36369,519.0
2025-06-15 03:49:00,105498.02,105503.02,105498.01,105503.01,0.90373,275.0
2025-06-15 03:50:00,105503.01,105503.02,105503.01,105503.01,0.38883,154.0
2025-06-15 03:51:00,105503.01,105503.02,105503.01,105503.01,0.34141,121.0
2025-06-15 03:52:00,105503.01,105503.02,105503.01,105503.01,0.17127,121.0
2025-06-15 03:53:00,105503.01,105503.02,105494.65,105494.66,2.9677,536.0
2025-06-15 03:54:00,105494.65,105494.66,105494.65,105494.65,0.59129,121.0
2025-06-15 03:55:00,105494.65,105494.66,105494.65,105494.66,0.25339,127.0
2025-06-15 03:56:00,105494.66,105494.66,105463.54,105473.55,10.67273,1073.0
2025-06-15 03:57:00,105473.54,105473.55,105473.54,105473.55,0.52405,121.0
2025-06-15 03:58:00,105473.55,105473.55,105473.54,105473.54,0.15001,102.0
2025-06-15 03:59:00,105473.54,105473.55,105473.54,105473.55,0.12286,88.0
2025-06-15 04:00:00,105473.54,105489.24,105473.54,105489.24,1.74285,499.0
2025-06-15 04:01:00,105489.24,105489.24,105489.23,105489.24,0.17789,161.0
2025-06-15 04:02:00,105489.24,105496.24,105489.24,105489.46,2.69343,652.0
2025-06-15 04:03:00,105489.45,105489.46,105489.45,105489.46,0.36245,105.0
2025-06-15 04:04:00,105489.45,105489.46,105485.49,105487.99,2.79349,345.0
2025-06-15 04:05:00,105488.42,105488.42,105488.41,105488.41,0.23719,80.0
2025-06-15 04:06:00,105488.42,105488.42,105488.41,105488.42,0.47466,92.0
2025-06-15 04:07:00,105488.42,105488.42,105488.41,105488.42,1.0158,116.0
2025-06-15 04:08:00,105488.42,105488.42,105488.41,105488.41,0.62311,108.0
2025-06-15 04:09:00,105488.42,105488.42,105488.41,105488.41,0.38345,71.0
2025-06-15 04:10:00,105488.41,105495.5,105488.41,105495.5,1.09398,376.0
2025-06-15 04:11:00,105495.49,105495.5,105495.49,105495.49,0.45572,100.0
2025-06-15 04:12:00,105495.5,105495.5,105495.49,105495.49,0.79275,80.0
2025-06-15 04:13:00,105495.49,105510.59,105495.49,105510.58,1.71523,515.0
2025-06-15 04:14:00,105510.58,105510.59,105510.58,105510.58,1.39342,133.0
2025-06-15 04:15:00,105510.59,105515.19,105510.58,105515.19,0.42412,190.0
2025-06-15 04:16:00,105515.18,105515.19,105515.18,105515.18,0.39302,124.0
2025-06-15 04:17:00,105515.19,105515.19,105515.18,105515.19,0.63232,118.0
2025-06-15 04:18:00,105515.19,105515.19,105515.18,105515.19,0.84637,99.0
2025-06-15 04:19:00,105515.19,105515.19,105501.08,105501.09,1.90816,480.0
2025-06-15 04:20:00,105501.08,105501.09,105491.08,105491.08,1.68705,505.0
2025-06-15 04:21:00,105491.09,105491.09,105491.08,105491.08,2.89071,135.0
2025-06-15 04:22:00,105491.08,105491.09,105491.08,105491.09,0.18536,120.0
2025-06-15 04:23:00,105491.09,105491.09,105491.08,105491.09,0.61724,75.0
2025-06-15 04:24:00,105491.08,105505.97,105491.08,105505.97,5.35996,963.0
2025-06-15 04:25:00,105505.98,105505.98,105505.97,105505.97,0.14331,110.0
2025-06-15 04:26:00,105505.98,105505.98,105505.97,105505.97,0.11058,94.0
2025-06-15 04:27:00,105505.98,105505.98,105505.97,105505.98,0.41557,112.0
2025-06-15 04:28:00,105505.97,105505.98,105505.97,105505.97,0.11621,84.0
2025-06-15 04:29:00,105505.97,105505.98,105505.97,105505.97,0.13167,74.0
2025-06-15 04:30:00,105505.98,105505.98,105505.97,105505.97,0.28261,156.0
2025-06-15 04:31:00,105505.97,105505.98,105505.97,105505.98,0.78128,114.0
2025-06-15 04:32:00,105505.97,105505.98,105505.97,105505.98,1.34901,251.0
2025-06-15 04:33:00,105505.98,105505.98,105505.97,105505.97,0.54801,127.0
2025-06-15 04:34:00,105505.98,105505.98,105505.97,105505.98,1.17358,320.0
2025-06-15 04:35:00,105505.98,105505.98,105494.86,105494.86,2.60059,569.0
2025-06-15 04:36:00,105494.86,105494.87,105494.86,105494.86,0.60346,111.0
2025-06-15 04:37:00,105494.87,105514.77,105494.87,105509.88,5.81757,961.0
2025-06-15 04:38:00,105509.88,105509.89,105509.88,105509.88,0.09877,78.0
2025-06-15 04:39:00,105509.89,105509.89,105509.88,105509.88,0.25387,108.0
2025-06-15 04:40:00,105509.89,105509.89,105509.88,105509.89,0.14829,97.0
2025-06-15 04:41:00,105509.88,105509.89,105480.01,105480.02,5.42064,855.0
2025-06-15 04:42:00,105480.02,105480.03,105480.02,105480.02,0.47876,126.0
2025-06-15 04:43:00,105480.02,105520.49,105480.02,105518.29,11.43806,535.0
2025-06-15 04:44:00,105518.28,105518.29,105503.38,105508.38,5.96555,801.0
2025-06-15 04:45:00,105508.38,105520.0,105508.38,105520.0,4.3451,515.0
2025-06-15 04:46:00,105520.0,105538.74,105519.99,105538.73,2.50526,644.0
2025-06-15 04:47:00,105538.74,105538.74,105538.73,105538.73,2.04299,152.0
2025-06-15 04:48:00,105538.74,105547.48,105538.73,105547.47,1.73318,487.0
2025-06-15 04:49:00,105547.47,105563.04,105547.47,105563.03,2.10166,562.0
2025-06-15 04:50:00,105563.03,105563.04,105563.03,105563.04,0.4942,151.0
2025-06-15 04:51:00,105563.03,105563.04,105553.12,105553.13,3.3992,742.0
2025-06-15 04:52:00,105553.13,105553.13,105553.12,105553.13,0.50901,160.0
2025-06-15 04:53:00,105553.13,105553.13,105553.12,105553.12,0.23714,116.0
2025-06-15 04:54:00,105553.13,105553.13,105553.12,105553.12,0.82323,124.0
2025-06-15 04:55:00,105553.13,105553.13,105543.13,105543.13,1.66591,442.0
2025-06-15 04:56:00,105543.13,105543.13,105543.12,105543.13,0.21249,137.0
2025-06-15 04:57:00,105543.13,105552.0,105543.12,105552.0,8.07773,1140.0
2025-06-15 04:58:00,105551.99,105559.69,105551.99,105559.68,3.88933,454.0
2025-06-15 04:59:00,105559.69,105559.69,105559.68,105559.68,0.1645,81.0
2025-06-15 05:00:00,105559.69,105559.69,105559.68,105559.68,0.62613,182.0
2025-06-15 05:01:00,105559.69,105559.69,105559.68,105559.68,1.42756,171.0
2025-06-15 05:02:00,105559.68,105559.69,105553.12,105553.13,1.18688,494.0
2025-06-15 05:03:00,105553.13,105553.13,105553.12,105553.12,0.1571,101.0
2025-06-15 05:04:00,105553.12,105553.13,105546.19,105546.2,1.08677,295.0
2025-06-15 05:05:00,105546.2,105546.2,105546.19,105546.19,3.037,275.0
2025-06-15 05:06:00,105546.2,105546.2,105544.3,105544.3,3.87858,286.0
2025-06-15 05:07:00,105544.3,105544.31,105544.3,105544.31,0.15191,55.0
2025-06-15 05:08:00,105544.3,105544.31,105543.36,105543.36,5.01117,437.0
2025-06-15 05:09:00,105543.14,105543.14,105530.97,105530.98,0.62511,348.0
2025-06-15 05:10:00,105530.97,105530.98,105530.97,105530.98,0.2402,81.0
2025-06-15 05:11:00,105530.97,105535.98,105530.97,105535.97,4.87458,454.0
2025-06-15 05:12:00,105535.98,105543.99,105535.97,105543.98,1.38253,449.0
2025-06-15 05:13:00,105543.99,105543.99,105540.69,105540.7,2.17757,215.0
2025-06-15 05:14:00,105540.69,105540.7,105540.69,105540.69,0.51245,96.0
2025-06-15 05:15:00,105540.69,105540.7,105540.69,105540.7,0.36637,87.0
2025-06-15 05:16:00,105540.69,105540.7,105540.69,105540.69,1.11851,163.0
2025-06-15 05:17:00,105540.7,105540.7,105540.69,105540.7,0.32293,120.0
2025-06-15 05:18:00,105540.69,105540.7,105507.65,105507.65,4.27357,992.0
2025-06-15 05:19:00,105507.65,105507.66,105507.65,105507.65,0.4038,86.0
2025-06-15 05:20:00,105507.65,105507.66,105507.65,105507.65,4.70944,350.0
2025-06-15 05:21:00,105507.65,105512.66,105507.65,105512.65,2.62352,620.0
2025-06-15 05:22:00,105512.66,105512.66,105512.65,105512.66,0.74782,102.0
2025-06-15 05:23:00,105512.66,105512.66,105512.65,105512.65,0.52458,90.0
2025-06-15 05:24:00,105512.65,105512.66,105512.65,105512.65,0.46959,103.0
2025-06-15 05:25:00,105512.65,105512.66,105512.65,105512.65,0.36269,81.0
2025-06-15 05:26:00,105512.65,105512.66,105512.65,105512.66,0.73854,104.0
2025-06-15 05:27:00,105512.65,105512.66,105512.65,105512.66,0.88404,97.0
2025-06-15 05:28:00,105512.65,105571.83,105512.65,105571.83,9.44532,1511.0
2025-06-15 05:29:00,105571.83,105661.77,105571.83,105661.77,11.97405,1867.0
2025-06-15 05:30:00,105661.76,105707.6,105661.76,105707.6,8.38354,2596.0
2025-06-15 05:31:00,105707.59,105707.6,105704.0,105704.01,7.32823,498.0
2025-06-15 05:32:00,105704.01,105711.98,105704.0,105711.98,2.40676,678.0
2025-06-15 05:33:00,105711.97,105711.98,105711.97,105711.98,1.71616,132.0
2025-06-15 05:34:00,105711.98,105730.72,105711.97,105730.71,3.63087,1009.0
2025-06-15 05:35:00,105730.72,105730.72,105725.72,105725.73,3.23518,413.0
2025-06-15 05:36:00,105725.72,105794.12,105725.72,105794.11,12.28248,3360.0
2025-06-15 05:37:00,105794.12,105800.0,105794.11,105799.99,7.50539,739.0
2025-06-15 05:38:00,105799.99,105806.0,105799.99,105805.99,2.44694,405.0
2025-06-15 05:39:00,105805.99,105812.95,105805.99,105806.46,5.00357,640.0
2025-06-15 05:40:00,105806.46,105806.47,105806.46,105806.47,1.23239,193.0
2025-06-15 05:41:00,105806.46,105806.47,105806.46,105806.46,0.76466,132.0
2025-06-15 05:42:00,105806.46,105806.47,105806.46,105806.46,4.7885,244.0
2025-06-15 05:43:00,105806.47,105806.47,105806.46,105806.47,0.66822,119.0
2025-06-15 05:44:00,105806.47,105821.88,105806.46,105821.87,5.2044,1037.0
2025-06-15 05:45:00,105821.88,105971.97,105821.87,105957.0,67.50691,5309.0
2025-06-15 05:46:00,105957.0,105957.0,105934.23,105949.99,5.47485,1035.0
2025-06-15 05:47:00,105949.99,105956.75,105949.99,105956.74,5.9298,459.0
2025-06-15 05:48:00,105956.74,105974.13,105956.74,105964.71,4.13602,1052.0
2025-06-15 05:49:00,105964.71,105982.69,105964.71,105982.68,3.58246,700.0
2025-06-15 05:50:00,105982.69,105982.69,105970.58,105970.58,2.97865,486.0
2025-06-15 05:51:00,105970.59,105970.59,105970.58,105970.58,0.65006,175.0
2025-06-15 05:52:00,105970.59,105970.59,105970.58,105970.58,2.0135,205.0
2025-06-15 05:53:00,105970.58,105970.59,105948.94,105948.94,3.93768,822.0
2025-06-15 05:54:00,105948.94,105958.95,105948.94,105958.94,3.90432,527.0
2025-06-15 05:55:00,105958.95,105958.95,105958.94,105958.94,1.73297,204.0
2025-06-15 05:56:00,105958.95,105958.95,105950.0,105950.0,2.51843,557.0
2025-06-15 05:57:00,105950.0,105996.0,105950.0,105986.0,7.02237,1249.0
2025-06-15 05:58:00,105986.0,106058.83,105986.0,106058.82,22.72712,3584.0
2025-06-15 05:59:00,106058.83,106100.0,106040.01,106073.94,23.98091,3439.0
2025-06-15 06:00:00,106073.95,106128.57,106067.36,106067.36,16.07,2905.0
2025-06-15 06:01:00,106067.37,106067.37,106013.14,106020.38,7.45657,2507.0
2025-06-15 06:02:00,106020.39,106020.39,105965.29,105965.29,7.12497,1648.0
2025-06-15 06:03:00,105965.29,105965.3,105948.95,105951.38,5.94352,759.0
2025-06-15 06:04:00,105951.39,105951.39,105926.47,105929.98,9.55215,1311.0
2025-06-15 06:05:00,105929.99,105929.99,105929.98,105929.98,0.91669,153.0
2025-06-15 06:06:00,105929.98,105937.93,105926.47,105930.0,2.81151,835.0
2025-06-15 06:07:00,105930.0,105930.01,105904.36,105904.36,2.00204,675.0
2025-06-15 06:08:00,105904.36,105904.37,105870.86,105872.0,18.98937,1043.0
2025-06-15 06:09:00,105872.01,105872.01,105815.88,105823.32,8.81659,1690.0
2025-06-15 06:10:00,105823.33,105859.4,105823.33,105825.34,4.26805,1790.0
2025-06-15 06:11:00,105825.33,105825.34,105780.0,105825.31,5.01175,2338.0
2025-06-15 06:12:00,105825.31,105825.31,105819.33,105819.33,0.58588,265.0
2025-06-15 06:13:00,105819.34,105822.01,105787.06,105802.88,4.89198,1226.0
2025-06-15 06:14:00,105802.89,105813.85,105802.88,105808.56,28.73955,838.0
2025-06-15 06:15:00,105808.56,105834.92,105808.56,105834.91,40.7305,2610.0
2025-06-15 06:16:00,105834.92,105876.65,105834.91,105876.65,11.14753,1536.0
2025-06-15 06:17:00,105876.64,105887.98,105862.0,105887.97,30.54879,2189.0
2025-06-15 06:18:00,105887.98,105911.08,105877.51,105885.27,46.96836,2440.0
2025-06-15 06:19:00,105885.27,105885.27,105800.0,105800.0,8.39173,2365.0
2025-06-15 06:20:00,105800.0,105800.0,105794.13,105794.13,8.01832,481.0
2025-06-15 06:21:00,105794.13,105794.14,105602.02,105640.52,78.73756,4565.0
2025-06-15 06:22:00,105640.53,105674.53,105640.52,105674.53,17.55662,1296.0
2025-06-15 06:23:00,105674.53,105684.43,105674.52,105684.43,2.46558,443.0
2025-06-15 06:24:00,105684.43,105684.44,105677.16,105677.16,2.57507,876.0
2025-06-15 06:25:00,105677.16,105677.16,105559.65,105591.67,24.88295,2160.0
2025-06-15 06:26:00,105591.68,105591.68,105591.67,105591.67,1.81312,190.0
2025-06-15 06:27:00,105591.67,105591.68,105564.65,105564.65,3.59242,700.0
2025-06-15 06:28:00,105564.65,105564.66,105551.77,105556.97,23.89786,1136.0
2025-06-15 06:29:00,105556.98,105556.98,105550.0,105550.0,3.60907,484.0
2025-06-15 06:30:00,105550.0,105550.01,105528.4,105528.4,4.48545,751.0
2025-06-15 06:31:00,105528.41,105538.68,105528.4,105538.67,5.89328,600.0
2025-06-15 06:32:00,105538.67,105548.78,105538.65,105538.65,4.29171,585.0
2025-06-15 06:33:00,105538.65,105538.66,105525.83,105525.83,5.52021,759.0
2025-06-15 06:34:00,105525.84,105525.84,105426.33,105426.33,48.28195,3697.0
2025-06-15 06:35:00,105426.33,105442.79,105410.43,105442.78,65.60098,2923.0
2025-06-15 06:36:00,105442.78,105484.5,105425.02,105484.49,54.13525,3876.0
2025-06-15 06:37:00,105484.5,105484.5,105484.49,105484.5,0.69604,139.0
2025-06-15 06:38:00,105484.49,105522.06,105484.49,105518.29,8.48608,1398.0
2025-06-15 06:39:00,105518.28,105518.29,105518.28,105518.28,0.41433,77.0
2025-06-15 06:40:00,105518.29,105518.29,105504.96,105515.71,4.91723,592.0
2025-06-15 06:41:00,105515.72,105515.72,105507.57,105507.58,1.21639,353.0
2025-06-15 06:42:00,105507.57,105518.75,105507.57,105509.51,3.47713,775.0
2025-06-15 06:43:00,105509.51,105509.52,105509.51,105509.52,0.37826,150.0
2025-06-15 06:44:00,105509.51,105516.0,105509.51,105515.99,6.90849,547.0
2025-06-15 06:45:00,105516.0,105520.71,105485.29,105485.29,3.9913,1149.0
2025-06-15 06:46:00,105485.3,105485.3,105441.18,105480.56,6.53959,2349.0
2025-06-15 06:47:00,105480.56,105493.89,105480.55,105493.89,3.3429,649.0
2025-06-15 06:48:00,105493.89,105493.89,105493.88,105493.88,1.9061,155.0
2025-06-15 06:49:00,105493.89,105493.9,105493.88,105493.89,0.94759,298.0
2025-06-15 06:50:00,105493.9,105493.9,105493.89,105493.9,0.98687,245.0
2025-06-15 06:51:00,105493.89,105493.9,105493.89,105493.89,0.56475,129.0
2025-06-15 06:52:00,105493.89,105493.9,105483.33,105483.34,2.04209,502.0
2025-06-15 06:53:00,105483.34,105483.34,105463.62,105463.63,2.40777,510.0
2025-06-15 06:54:00,105463.62,105468.63,105463.62,105468.62,4.28411,370.0
2025-06-15 06:55:00,105468.63,105468.63,105468.62,105468.62,1.33424,148.0
2025-06-15 06:56:00,105468.63,105468.63,105450.0,105450.01,5.1624,817.0
2025-06-15 06:57:00,105450.01,105450.01,105430.59,105430.59,2.94173,921.0
2025-06-15 06:58:00,105430.6,105430.6,105430.59,105430.6,3.37994,215.0
2025-06-15 06:59:00,105430.6,105440.72,105430.59,105440.69,7.83657,756.0
2025-06-15 07:00:00,105440.7,105440.7,105440.69,105440.69,0.92687,221.0
2025-06-15 07:01:00,105440.7,105440.7,105440.69,105440.7,0.83765,280.0
2025-06-15 07:02:00,105440.7,105440.71,105440.69,105440.7,1.82268,338.0
2025-06-15 07:03:00,105440.71,105440.71,105440.7,105440.7,0.68053,160.0
2025-06-15 07:04:00,105440.71,105442.92,105440.7,105442.92,3.37923,480.0
2025-06-15 07:05:00,105442.92,105442.92,105414.36,105414.36,15.76435,1281.0
2025-06-15 07:06:00,105414.37,105414.37,105400.0,105400.0,5.10776,675.0
2025-06-15 07:07:00,105400.01,105400.01,105380.0,105380.0,7.44498,874.0
2025-06-15 07:08:00,105380.0,105380.0,105314.37,105314.38,7.43165,2181.0
2025-06-15 07:09:00,105314.37,105314.37,105308.82,105308.84,8.63729,567.0
2025-06-15 07:10:00,105308.84,105329.27,105200.0,105329.17,40.13404,6386.0
2025-06-15 07:11:00,105329.16,105366.15,105329.16,105339.08,8.45284,3007.0
2025-06-15 07:12:00,105339.08,105360.2,105339.08,105360.19,3.30444,884.0
2025-06-15 07:13:00,105360.19,105414.79,105360.19,105408.4,7.77134,2340.0
2025-06-15 07:14:00,105408.4,105437.1,105408.4,105428.35,5.48355,1638.0
2025-06-15 07:15:00,105428.35,105428.35,105377.0,105385.98,4.92567,2333.0
2025-06-15 07:16:00,105385.99,105409.13,105385.99,105409.12,1.35563,911.0
2025-06-15 07:17:00,105409.13,105409.13,105409.12,105409.12,0.59369,144.0
2025-06-15 07:18:00,105409.13,105424.48,105377.01,105377.01,5.99878,1393.0
2025-06-15 07:19:00,105377.01,105377.02,105359.53,105367.44,2.76353,744.0
2025-06-15 07:20:00,105367.44,105367.44,105367.43,105367.43,0.91757,164.0
2025-06-15 07:21:00,105367.44,105390.98,105367.43,105390.97,4.57266,843.0
2025-06-15 07:22:00,105390.98,105390.98,105390.97,105390.98,0.38102,150.0
2025-06-15 07:23:00,105390.97,105390.98,105370.99,105371.0,2.50936,824.0
2025-06-15 07:24:00,105370.99,105371.0,105326.16,105326.16,6.79155,808.0
2025-06-15 07:25:00,105326.17,105332.99,105326.16,105332.98,3.89619,430.0
2025-06-15 07:26:00,105332.99,105332.99,105306.53,105306.53,1.03863,855.0
2025-06-15 07:27:00,105306.53,105306.54,105291.66,105291.66,2.00065,784.0
2025-06-15 07:28:00,105291.66,105298.6,105291.66,105298.59,3.80162,467.0
2025-06-15 07:29:00,105298.59,105298.6,105246.96,105275.99,10.15784,1727.0
2025-06-15 07:30:00,105276.0,105276.0,105265.14,105265.14,2.06127,676.0
2025-06-15 07:31:00,105265.15,105265.15,105216.78,105218.01,8.14693,1238.0
2025-06-15 07:32:00,105218.01,105239.87,105210.59,105239.86,4.91506,998.0
2025-06-15 07:33:00,105239.87,105308.83,105239.86,105308.82,6.87838,2089.0
2025-06-15 07:34:00,105308.83,105308.83,105288.91,105289.39,3.63163,682.0
2025-06-15 07:35:00,105289.39,105289.4,105289.39,105289.4,1.54257,155.0
2025-06-15 07:36:00,105289.4,105312.0,105289.39,105311.99,7.37257,1048.0
2025-06-15 07:37:00,105312.0,105429.32,105311.99,105401.35,25.80536,4170.0
2025-06-15 07:38:00,105401.34,105401.35,105360.0,105371.1,3.41042,1379.0
2025-06-15 07:39:00,105371.11,105371.11,105371.1,105371.1,1.27839,195.0
2025-06-15 07:40:00,105371.1,105371.11,105371.1,105371.1,1.68363,244.0
2025-06-15 07:41:00,105371.1,105371.11,105371.1,105371.1,1.40638,243.0
2025-06-15 07:42:00,105371.1,105406.31,105371.1,105380.0,7.36608,1317.0
2025-06-15 07:43:00,105380.0,105384.69,105379.68,105384.69,1.87093,320.0
2025-06-15 07:44:00,105384.69,105384.69,105360.0,105360.01,1.99806,804.0
2025-06-15 07:45:00,105360.0,105360.01,105346.66,105346.66,4.51092,386.0
2025-06-15 07:46:00,105346.67,105433.15,105346.66,105418.75,9.52531,2540.0
2025-06-15 07:47:00,105418.74,105436.12,105418.74,105434.39,1.92499,561.0
2025-06-15 07:48:00,105434.39,105434.4,105400.99,105400.99,4.13126,1344.0
2025-06-15 07:49:00,105401.0,105407.73,105400.99,105405.01,4.04739,850.0
2025-06-15 07:50:00,105405.0,105405.01,105405.0,105405.01,1.8177,186.0
2025-06-15 07:51:00,105405.01,105405.01,105405.0,105405.0,1.28714,203.0
2025-06-15 07:52:00,105405.01,105410.0,105405.0,105410.0,2.75063,729.0
2025-06-15 07:53:00,105410.0,105453.46,105409.99,105453.45,6.06363,988.0
2025-06-15 07:54:00,105453.45,105453.46,105453.45,105453.45,1.42217,233.0
2025-06-15 07:55:00,105453.45,105453.46,105453.45,105453.46,0.63486,160.0
2025-06-15 07:56:00,105453.46,105453.46,105437.8,105442.8,4.95905,724.0
2025-06-15 07:57:00,105442.8,105442.81,105442.8,105442.8,2.82614,242.0
2025-06-15 07:58:00,105442.81,105453.35,105442.8,105453.34,2.49565,350.0
2025-06-15 07:59:00,105453.35,105453.35,105428.0,105428.0,3.38319,671.0
2025-06-15 08:00:00,105428.0,105482.4,105428.0,105482.39,7.15021,1458.0
2025-06-15 08:01:00,105482.4,105482.4,105452.04,105452.05,5.71198,889.0
2025-06-15 08:02:00,105452.05,105452.05,105405.0,105405.01,2.58728,1839.0
2025-06-15 08:03:00,105405.0,105405.01,105401.34,105401.34,1.48156,250.0
2025-06-15 08:04:00,105401.34,105401.35,105397.05,105397.06,1.98054,321.0
2025-06-15 08:05:00,105397.06,105397.06,105361.52,105361.53,1.11257,887.0
2025-06-15 08:06:00,105361.53,105361.53,105338.54,105338.54,1.19114,581.0
2025-06-15 08:07:00,105338.54,105338.55,105268.38,105280.76,8.81775,1402.0
2025-06-15 08:08:00,105280.77,105303.14,105280.76,105303.13,9.14264,1133.0
2025-06-15 08:09:00,105303.14,105315.3,105292.08,105315.29,6.21282,1079.0
2025-06-15 08:10:00,105315.29,105338.1,105300.0,105338.1,14.04223,980.0
2025-06-15 08:11:00,105338.13,105338.13,105313.52,105313.52,1.95107,610.0
2025-06-15 08:12:00,105313.53,105313.53,105288.71,105288.71,2.87934,769.0
2025-06-15 08:13:00,105288.71,105299.74,105288.71,105299.74,3.3332,621.0
2025-06-15 08:14:00,105299.73,105299.73,105281.86,105281.86,2.69718,886.0
2025-06-15 08:15:00,105281.86,105306.98,105281.86,105306.97,4.98921,802.0
2025-06-15 08:16:00,105306.98,105306.98,105306.97,105306.97,0.93503,223.0
2025-06-15 08:17:00,105306.97,105322.83,105306.97,105322.83,2.77131,774.0
2025-06-15 08:18:00,105322.83,105322.83,105314.63,105314.63,1.93816,354.0
2025-06-15 08:19:00,105314.64,105314.64,105267.96,105267.97,3.06966,1645.0
2025-06-15 08:20:00,105267.96,105276.33,105267.96,105276.33,2.8069,539.0
2025-06-15 08:21:00,105276.32,105276.33,105255.96,105255.96,2.12732,680.0
2025-06-15 08:22:00,105255.97,105255.97,105255.96,105255.97,0.6873,203.0
2025-06-15 08:23:00,105255.97,105255.97,105255.96,105255.97,0.66695,196.0
2025-06-15 08:24:00,105255.97,105312.21,105255.96,105298.0,8.98981,1838.0
2025-06-15 08:25:00,105298.01,105298.01,105298.0,105298.01,0.2969,126.0
2025-06-15 08:26:00,105298.0,105298.01,105264.7,105264.7,7.17879,582.0
2025-06-15 08:27:00,105264.7,105264.71,105245.91,105245.91,0.64693,559.0
2025-06-15 08:28:00,105245.92,105245.92,105245.91,105245.91,0.42176,90.0
2025-06-15 08:29:00,105245.91,105245.92,105243.25,105243.26,0.98658,280.0
2025-06-15 08:30:00,105243.26,105275.31,105243.25,105275.3,15.09273,845.0
2025-06-15 08:31:00,105275.31,105286.88,105254.35,105254.36,2.3991,978.0
2025-06-15 08:32:00,105254.36,105254.36,105244.59,105244.6,1.32844,417.0
2025-06-15 08:33:00,105244.6,105244.6,105244.59,105244.59,1.22929,253.0
2025-06-15 08:34:00,105244.6,105244.61,105231.54,105231.55,5.07473,790.0
2025-06-15 08:35:00,105231.55,105231.55,105206.13,105221.89,5.85968,1522.0
2025-06-15 08:36:00,105221.89,105221.89,105221.88,105221.89,1.10246,236.0
2025-06-15 08:37:00,105221.88,105221.89,105221.88,105221.89,0.63931,119.0
2025-06-15 08:38:00,105221.89,105221.89,105212.33,105212.33,2.1866,525.0
2025-06-15 08:39:00,105212.34,105212.34,105200.0,105200.0,2.02721,412.0
2025-06-15 08:40:00,105200.0,105236.38,105200.0,105236.37,7.56941,1056.0
2025-06-15 08:41:00,105236.38,105236.38,105218.12,105218.44,7.20833,664.0
2025-06-15 08:42:00,105218.44,105218.45,105218.44,105218.44,1.00431,153.0
2025-06-15 08:43:00,105218.44,105262.9,105218.44,105262.89,7.64825,1672.0
2025-06-15 08:44:00,105262.9,105262.9,105240.0,105240.0,2.98152,600.0
2025-06-15 08:45:00,105240.0,105240.0,105213.0,105213.0,5.50335,983.0
2025-06-15 08:46:00,105213.0,105213.0,105200.0,105208.12,1.98143,728.0
2025-06-15 08:47:00,105208.12,105208.12,105208.11,105208.12,1.19954,149.0
2025-06-15 08:48:00,105208.12,105208.12,105208.11,105208.11,0.83445,192.0
2025-06-15 08:49:00,105208.11,105208.11,105142.08,105190.36,13.99896,3344.0
2025-06-15 08:50:00,105190.36,105200.12,105155.47,105200.12,11.53538,2558.0
2025-06-15 08:51:00,105200.12,105218.49,105197.02,105197.02,11.32085,851.0
2025-06-15 08:52:00,105197.03,105197.03,105159.6,105184.84,5.4831,1214.0
2025-06-15 08:53:00,105184.84,105184.84,105179.84,105179.84,3.85026,559.0
2025-06-15 08:54:00,105179.84,105179.84,105166.86,105166.87,3.04088,776.0
2025-06-15 08:55:00,105166.88,105166.88,105166.86,105166.87,2.55788,273.0
2025-06-15 08:56:00,105166.87,105166.87,105134.69,105158.11,10.75456,842.0
2025-06-15 08:57:00,105158.12,105158.12,105158.11,105158.11,0.72598,147.0
2025-06-15 08:58:00,105158.12,105158.12,105158.11,105158.12,1.95719,164.0
2025-06-15 08:59:00,105158.11,105197.19,105158.11,105197.19,12.68254,895.0
2025-06-15 09:00:00,105197.18,105197.19,105158.0,105158.0,3.62602,1529.0
2025-06-15 09:01:00,105158.01,105158.01,105113.07,105113.08,3.11359,1760.0
2025-06-15 09:02:00,105113.08,105113.08,105092.31,105092.32,3.90843,998.0
2025-06-15 09:03:00,105092.31,105092.32,105031.21,105045.99,11.88908,2986.0
2025-06-15 09:04:00,105046.0,105057.46,105045.99,105046.74,7.88433,983.0
2025-06-15 09:05:00,105046.73,105057.45,105046.73,105057.45,1.90597,459.0
2025-06-15 09:06:00,105057.45,105057.45,104986.94,105000.0,31.28483,4074.0
2025-06-15 09:07:00,105000.01,105030.88,105000.0,105029.9,7.33899,1144.0
2025-06-15 09:08:00,105029.9,105030.89,105015.62,105030.89,15.67494,1222.0
2025-06-15 09:09:00,105030.88,105050.38,105017.85,105017.85,6.97347,1782.0
2025-06-15 09:10:00,105017.86,105017.86,104960.03,104960.04,11.1306,1605.0
2025-06-15 09:11:00,104960.04,104961.73,104952.31,104956.01,3.693,1312.0
2025-06-15 09:12:00,104956.01,104963.89,104925.97,104963.88,9.49124,2554.0
2025-06-15 09:13:00,104963.89,105000.0,104963.88,104973.5,3.82228,1429.0
2025-06-15 09:14:00,104973.51,104973.51,104944.77,104944.77,3.92209,1009.0
2025-06-15 09:15:00,104944.77,104944.78,104927.64,104927.64,6.57345,717.0
2025-06-15 09:16:00,104927.64,104951.62,104927.64,104951.62,4.36007,886.0
2025-06-15 09:17:00,104951.62,104979.24,104951.61,104979.24,7.44342,1984.0
2025-06-15 09:18:00,104979.23,104979.24,104950.0,104950.0,4.06149,1241.0
2025-06-15 09:19:00,104950.0,104971.79,104926.04,104926.92,8.16954,1935.0
2025-06-15 09:20:00,104926.93,104926.93,104912.36,104917.32,5.55792,1048.0
2025-06-15 09:21:00,104917.33,104917.33,104914.44,104914.44,1.85705,362.0
2025-06-15 09:22:00,104914.44,104942.61,104908.56,104942.6,6.49533,1346.0
2025-06-15 09:23:00,104942.61,104994.61,104942.6,104970.84,12.05847,1836.0
2025-06-15 09:24:00,104970.84,105001.95,104947.26,104996.66,10.53875,1863.0
2025-06-15 09:25:00,104996.67,104996.67,104948.38,104954.4,7.98506,1018.0
2025-06-15 09:26:00,104954.4,104954.41,104939.66,104939.67,2.45867,478.0
2025-06-15 09:27:00,104939.67,104947.32,104934.25,104934.25,4.47102,900.0
2025-06-15 09:28:00,104934.26,104934.26,104928.18,104928.18,1.83431,304.0
2025-06-15 09:29:00,104928.18,104928.19,104928.18,104928.18,1.31138,163.0
2025-06-15 09:30:00,104928.18,104928.19,104928.18,104928.18,1.13579,235.0
2025-06-15 09:31:00,104928.18,104928.19,104871.93,104871.93,8.10285,2018.0
2025-06-15 09:32:00,104871.93,104916.92,104867.64,104913.87,7.98428,1597.0
2025-06-15 09:33:00,104913.87,104923.13,104911.76,104911.76,2.58085,1093.0
2025-06-15 09:34:00,104911.77,104932.82,104893.11,104932.81,13.94453,1340.0
2025-06-15 09:35:00,104932.81,104932.81,104902.25,104902.25,3.71129,1099.0
2025-06-15 09:36:00,104902.26,104902.26,104867.64,104875.96,7.21311,1322.0
2025-06-15 09:37:00,104875.96,104937.06,104875.96,104937.05,8.45677,1425.0
2025-06-15 09:38:00,104937.05,104995.97,104937.05,104993.31,6.63772,1817.0
2025-06-15 09:39:00,104993.31,105040.0,104993.31,105004.76,8.01258,1971.0
2025-06-15 09:40:00,105004.76,105004.77,104975.02,104984.0,4.2081,1722.0
2025-06-15 09:41:00,104984.0,104985.24,104978.25,104982.01,2.07074,548.0
2025-06-15 09:42:00,104982.0,104982.01,104955.88,104971.69,4.78583,1052.0
2025-06-15 09:43:00,104971.7,104971.7,104953.28,104971.7,5.0109,1132.0
2025-06-15 09:44:00,104971.7,105004.78,104971.69,104972.74,6.88962,1804.0
2025-06-15 09:45:00,104972.75,104972.75,104946.08,104946.08,2.98026,612.0
2025-06-15 09:46:00,104946.09,104952.78,104946.08,104952.77,4.91319,709.0
2025-06-15 09:47:00,104952.78,105012.26,104952.78,104993.26,7.86502,1967.0
2025-06-15 09:48:00,104993.27,104993.27,104962.91,104962.91,1.38621,1250.0
2025-06-15 09:49:00,104962.92,104962.92,104955.88,104962.91,1.86796,636.0
2025-06-15 09:50:00,104962.91,104962.92,104905.0,104905.0,5.34271,1612.0
2025-06-15 09:51:00,104905.0,104905.01,104905.0,104905.0,8.2568,458.0
2025-06-15 09:52:00,104905.01,104905.01,104900.0,104900.0,4.63687,451.0
2025-06-15 09:53:00,104900.0,104900.01,104900.0,104900.0,7.55682,502.0
2025-06-15 09:54:00,104900.0,104901.69,104890.0,104901.68,6.71616,1007.0
2025-06-15 09:55:00,104901.69,104938.84,104901.69,104927.4,4.50859,1661.0
2025-06-15 09:56:00,104927.4,104927.41,104902.44,104902.45,1.61612,831.0
2025-06-15 09:57:00,104902.44,104915.14,104902.44,104915.13,3.14414,523.0
2025-06-15 09:58:00,104915.13,104915.15,104900.76,104915.14,6.34118,1093.0
2025-06-15 09:59:00,104915.15,104915.15,104915.14,104915.15,1.94175,218.0
2025-06-15 10:00:00,104915.15,104930.0,104915.14,104929.99,2.46993,571.0
2025-06-15 10:01:00,104929.99,104979.22,104929.99,104977.41,7.16089,1721.0
2025-06-15 10:02:00,104977.41,104977.41,104973.08,104973.09,1.6948,436.0
2025-06-15 10:03:00,104973.09,104980.0,104973.08,104975.05,3.31422,704.0
2025-06-15 10:04:00,104975.06,104975.06,104975.05,104975.06,2.71791,183.0
2025-06-15 10:05:00,104975.05,105028.49,104975.05,105028.49,5.96496,1519.0
2025-06-15 10:06:00,105028.49,105057.25,105023.93,105025.63,5.49079,1394.0
2025-06-15 10:07:00,105025.64,105025.64,105012.0,105012.0,4.32716,734.0
2025-06-15 10:08:00,105012.01,105047.56,105012.0,105047.55,3.92258,1047.0
2025-06-15 10:09:00,105047.56,105097.01,105047.55,105070.04,11.09045,2029.0
2025-06-15 10:10:00,105070.05,105070.05,105070.04,105070.04,0.95933,165.0
2025-06-15 10:11:00,105070.04,105105.21,105070.04,105105.2,4.16468,861.0
2025-06-15 10:12:00,105105.2,105129.9,105105.2,105129.89,2.57772,804.0
2025-06-15 10:13:00,105129.9,105131.07,105129.89,105131.07,4.81028,274.0
2025-06-15 10:14:00,105131.07,105131.07,105131.06,105131.07,3.14213,222.0
2025-06-15 10:15:00,105131.06,105155.55,105131.06,105132.58,3.8493,1438.0
2025-06-15 10:16:00,105132.58,105132.59,105105.72,105105.73,1.94842,1251.0
2025-06-15 10:17:00,105105.73,105127.6,105094.43,105127.6,3.3901,1036.0
2025-06-15 10:18:00,105127.6,105127.61,105105.2,105105.2,2.02221,712.0
2025-06-15 10:19:00,105105.2,105105.2,105079.17,105079.18,1.9359,793.0
2025-06-15 10:20:00,105079.17,105079.18,105052.89,105052.9,4.14395,678.0
2025-06-15 10:21:00,105052.89,105085.66,105052.89,105069.3,5.3785,1575.0
2025-06-15 10:22:00,105069.3,105069.31,105069.3,105069.3,1.26512,171.0
2025-06-15 10:23:00,105069.31,105102.46,105069.31,105102.46,3.32049,1813.0
2025-06-15 10:24:00,105102.47,105102.47,105067.28,105067.28,1.97505,1099.0
2025-06-15 10:25:00,105067.28,105067.29,105044.11,105044.12,2.79369,932.0
2025-06-15 10:26:00,105044.11,105044.12,105008.12,105013.96,2.82203,1288.0
2025-06-15 10:27:00,105013.96,105013.96,105013.95,105013.95,0.59578,152.0
2025-06-15 10:28:00,105013.95,105071.08,105013.95,105051.99,11.53696,2284.0
2025-06-15 10:29:00,105051.99,105052.0,105032.78,105032.79,3.71303,469.0
2025-06-15 10:30:00,105032.79,105055.55,105032.78,105055.54,2.2149,1097.0
2025-06-15 10:31:00,105055.55,105055.55,105055.54,105055.54,1.50849,193.0
2025-06-15 10:32:00,105055.54,105071.41,105055.54,105064.0,2.4614,1038.0
2025-06-15 10:33:00,105064.01,105064.01,105051.83,105051.83,1.92878,471.0
2025-06-15 10:34:00,105051.84,105051.84,105044.11,105044.11,1.81276,433.0
2025-06-15 10:35:00,105044.11,105044.11,105000.72,105000.72,9.36846,879.0
2025-06-15 10:36:00,105000.73,105000.73,104987.16,104991.13,4.38802,1167.0
2025-06-15 10:37:00,104991.14,104991.14,104974.79,104974.79,2.55533,616.0
2025-06-15 10:38:00,104974.79,104974.8,104974.79,104974.79,0.33371,86.0
2025-06-15 10:39:00,104974.8,104991.14,104974.79,104991.13,2.84717,688.0
2025-06-15 10:40:00,104991.14,105011.0,104991.13,105010.99,2.78439,941.0
2025-06-15 10:41:00,105011.0,105087.13,105010.99,105079.63,6.82937,3669.0
2025-06-15 10:42:00,105079.63,105098.02,105079.63,105080.0,12.27337,1641.0
2025-06-15 10:43:00,105080.01,105087.99,105080.0,105087.98,2.68091,371.0
2025-06-15 10:44:00,105087.99,105095.48,105087.98,105095.47,1.65655,400.0
2025-06-15 10:45:00,105095.47,105095.48,105095.47,105095.47,1.08083,167.0
2025-06-15 10:46:00,105095.47,105095.48,105088.22,105088.23,2.4097,545.0
2025-06-15 10:47:00,105088.23,105126.7,105088.22,105126.7,3.72648,1413.0
2025-06-15 10:48:00,105126.69,105142.0,105126.69,105141.99,1.53081,540.0
2025-06-15 10:49:00,105142.0,105188.96,105142.0,105151.05,7.89923,2042.0
2025-06-15 10:50:00,105151.05,105162.99,105150.0,105150.01,3.15695,852.0
2025-06-15 10:51:00,105150.0,105150.01,105150.0,105150.0,2.0182,137.0
2025-06-15 10:52:00,105150.01,105150.01,105150.0,105150.01,1.81879,160.0
2025-06-15 10:53:00,105150.01,105150.01,105120.19,105129.99,22.2195,1204.0
2025-06-15 10:54:00,105130.0,105130.0,105119.48,105119.48,3.12577,674.0
2025-06-15 10:55:00,105119.49,105119.49,105119.48,105119.49,0.48211,174.0
2025-06-15 10:56:00,105119.48,105119.49,105105.2,105105.21,1.27085,597.0
2025-06-15 10:57:00,105105.21,105105.21,105091.63,105091.63,3.07347,497.0
2025-06-15 10:58:00,105091.63,105110.0,105091.63,105109.99,3.75247,937.0
2025-06-15 10:59:00,105109.99,105120.0,105109.99,105119.99,2.83174,464.0
2025-06-15 11:00:00,105119.99,105120.0,105088.23,105104.0,4.51951,1701.0
2025-06-15 11:01:00,105104.0,105104.01,105091.78,105091.79,1.50672,793.0
2025-06-15 11:02:00,105091.79,105091.79,105091.78,105091.79,0.80488,195.0
2025-06-15 11:03:00,105091.79,105119.78,105091.78,105119.77,4.7786,944.0
2025-06-15 11:04:00,105119.78,105127.65,105108.01,105108.02,2.38102,928.0
2025-06-15 11:05:00,105108.01,105112.07,105108.01,105112.07,1.41377,285.0
2025-06-15 11:06:00,105112.07,105112.07,105112.06,105112.06,0.70511,146.0
2025-06-15 11:07:00,105112.07,105145.89,105112.07,105128.06,3.26539,1367.0
2025-06-15 11:08:00,105128.05,105128.05,105077.95,105088.1,2.61281,1679.0
2025-06-15 11:09:00,105088.1,105088.1,105088.09,105088.09,0.48851,113.0
2025-06-15 11:10:00,105088.09,105088.1,105088.09,105088.1,0.67199,138.0
2025-06-15 11:11:00,105088.1,105088.1,105084.0,105084.0,4.32775,325.0
2025-06-15 11:12:00,105084.0,105162.51,105084.0,105156.0,8.4325,1722.0
2025-06-15 11:13:00,105156.0,105156.0,105133.75,105133.75,1.50196,836.0
2025-06-15 11:14:00,105133.76,105133.76,105101.18,105101.19,1.84455,1053.0
2025-06-15 11:15:00,105101.19,105101.19,105101.18,105101.18,3.65415,196.0
2025-06-15 11:16:00,105101.18,105109.53,105100.0,105100.01,3.52088,1026.0
2025-06-15 11:17:00,105100.0,105100.0,105044.11,105044.12,2.05441,1967.0
2025-06-15 11:18:00,105044.12,105062.95,105044.11,105062.94,1.89514,736.0
2025-06-15 11:19:00,105062.94,105062.95,105062.94,105062.94,0.64724,125.0
2025-06-15 11:20:00,105062.95,105062.95,105040.0,105040.01,1.91336,984.0
2025-06-15 11:21:00,105040.01,105040.01,105040.0,105040.0,1.5776,107.0
2025-06-15 11:22:00,105040.0,105040.01,105030.43,105037.27,3.20174,491.0
2025-06-15 11:23:00,105037.27,105037.28,105030.43,105031.29,7.67998,275.0
2025-06-15 11:24:00,105031.29,105037.28,105031.28,105037.27,1.00268,241.0
2025-06-15 11:25:00,105037.27,105037.29,105030.88,105030.89,14.80713,654.0
2025-06-15 11:26:00,105030.88,105030.89,105020.0,105020.0,0.96536,445.0
2025-06-15 11:27:00,105020.01,105020.01,104994.75,104994.75,2.01834,1163.0
2025-06-15 11:28:00,104994.75,104999.99,104994.75,104999.98,2.09559,387.0
2025-06-15 11:29:00,104999.99,104999.99,104999.98,104999.99,1.33867,160.0
2025-06-15 11:30:00,104999.99,104999.99,104980.0,104980.0,1.56781,819.0
2025-06-15 11:31:00,104980.01,104980.01,104980.0,104980.0,0.36968,133.0
2025-06-15 11:32:00,104980.0,104980.01,104980.0,104980.0,0.38929,115.0
2025-06-15 11:33:00,104980.0,104980.0,104943.99,104949.99,3.17933,1400.0
2025-06-15 11:34:00,104949.99,104950.0,104946.0,104946.0,1.24831,302.0
2025-06-15 11:35:00,104946.0,104980.6,104946.0,104980.59,10.53901,951.0
2025-06-15 11:36:00,104980.59,104996.04,104980.59,104996.03,3.09265,545.0
2025-06-15 11:37:00,104996.04,104996.04,104991.55,104991.55,2.83158,373.0
2025-06-15 11:38:00,104991.55,104991.56,104970.83,104970.83,5.0338,736.0
2025-06-15 11:39:00,104970.84,104976.47,104966.39,104976.46,2.5249,863.0
2025-06-15 11:40:00,104976.46,104976.47,104947.44,104947.44,1.93991,1096.0
2025-06-15 11:41:00,104947.44,104947.44,104921.77,104930.95,4.31535,1290.0
2025-06-15 11:42:00,104930.95,104942.78,104930.94,104942.77,2.33573,445.0
2025-06-15 11:43:00,104942.78,104960.81,104942.77,104960.8,6.03438,685.0
2025-06-15 11:44:00,104960.8,104960.81,104955.89,104955.9,1.54291,390.0
2025-06-15 11:45:00,104955.9,104955.9,104920.0,104920.0,4.463,1159.0
2025-06-15 11:46:00,104920.0,104942.77,104920.0,104942.77,2.38433,681.0
2025-06-15 11:47:00,104942.88,104970.41,104942.88,104964.46,5.44343,1183.0
2025-06-15 11:48:00,104964.45,104986.51,104964.45,104986.5,4.1689,616.0
2025-06-15 11:49:00,104986.5,104986.51,104976.0,104976.01,1.16598,465.0
2025-06-15 11:50:00,104976.01,104981.99,104976.0,104981.99,0.97942,418.0
2025-06-15 11:51:00,104981.99,104986.52,104981.98,104986.51,0.53895,305.0
2025-06-15 11:52:00,104986.52,105013.88,104986.51,105013.88,1.93587,833.0
2025-06-15 11:53:00,105013.87,105064.07,105013.87,105062.57,11.86057,1128.0
2025-06-15 11:54:00,105062.57,105062.58,105015.62,105015.62,7.08402,1287.0
2025-06-15 11:55:00,105015.63,105015.63,105010.73,105010.74,1.23146,336.0
2025-06-15 11:56:00,105010.73,105010.74,104924.6,104924.62,9.4516,816.0
2025-06-15 11:57:00,104924.62,104951.73,104924.61,104942.0,5.26001,1250.0
2025-06-15 11:58:00,104942.01,104957.47,104915.14,104957.46,4.82289,1387.0
2025-06-15 11:59:00,104957.46,104970.51,104957.46,104970.51,1.01654,409.0
2025-06-15 12:00:00,104970.51,104970.51,104970.5,104970.5,0.73387,219.0
2025-06-15 12:01:00,104970.5,104981.74,104970.5,104973.89,2.44018,879.0
2025-06-15 12:02:00,104973.89,104973.89,104964.0,104970.0,4.68826,964.0
2025-06-15 12:03:00,104970.0,104970.01,104970.0,104970.0,0.55532,134.0
2025-06-15 12:04:00,104970.01,104977.88,104970.0,104977.88,1.54538,432.0
2025-06-15 12:05:00,104977.87,104988.93,104965.88,104965.88,3.3912,1011.0
2025-06-15 12:06:00,104965.89,104965.89,104955.48,104955.48,1.543,432.0
2025-06-15 12:07:00,104955.49,104955.49,104955.48,104955.49,0.65125,146.0
2025-06-15 12:08:00,104955.48,105000.0,104955.48,104999.99,4.91962,1345.0
2025-06-15 12:09:00,104999.99,105119.88,104999.99,105103.69,18.09044,2946.0
2025-06-15 12:10:00,105103.7,105176.48,105103.69,105134.47,11.22696,1741.0
2025-06-15 12:11:00,105134.47,105150.26,105134.47,105150.26,7.88991,478.0
2025-06-15 12:12:00,105150.25,105176.48,105150.25,105176.47,8.51747,852.0
2025-06-15 12:13:00,105176.47,105176.47,105151.79,105151.79,3.53546,815.0
2025-06-15 12:14:00,105151.79,105151.8,105132.35,105132.35,4.69409,721.0
2025-06-15 12:15:00,105132.35,105132.36,105132.35,105132.35,1.08124,120.0
2025-06-15 12:16:00,105132.36,105176.48,105132.35,105159.86,10.55895,1080.0
2025-06-15 12:17:00,105159.86,105159.86,105153.86,105153.86,1.09869,282.0
2025-06-15 12:18:00,105153.87,105159.86,105153.87,105159.85,3.60687,478.0
2025-06-15 12:19:00,105159.85,105159.86,105159.85,105159.85,0.93999,171.0
2025-06-15 12:20:00,105159.85,105159.86,105143.62,105143.63,2.14726,882.0
2025-06-15 12:21:00,105143.62,105143.63,105109.56,105109.56,1.64085,1248.0
2025-06-15 12:22:00,105109.56,105109.57,105109.56,105109.57,1.13114,167.0
2025-06-15 12:23:00,105109.57,105109.57,105089.48,105089.48,2.30965,652.0
2025-06-15 12:24:00,105089.48,105089.49,105061.99,105061.99,2.70177,828.0
2025-06-15 12:25:00,105061.99,105062.0,105048.18,105048.19,1.85092,722.0
2025-06-15 12:26:00,105048.19,105048.19,105048.18,105048.19,3.66498,229.0
2025-06-15 12:27:00,105048.19,105048.19,105048.18,105048.18,1.93113,184.0
2025-06-15 12:28:00,105048.19,105048.19,105022.06,105022.06,2.9294,1439.0
2025-06-15 12:29:00,105022.06,105041.04,105022.06,105041.03,6.29815,603.0
2025-06-15 12:30:00,105041.03,105041.04,105032.4,105032.4,2.22711,493.0
2025-06-15 12:31:00,105032.4,105032.41,105021.04,105021.04,1.30206,621.0
2025-06-15 12:32:00,105021.04,105021.05,105021.04,105021.04,2.55895,173.0
2025-06-15 12:33:00,105021.04,105021.05,105013.5,105020.61,2.58853,787.0
2025-06-15 12:34:00,105020.61,105048.01,105020.6,105048.0,2.62147,985.0
2025-06-15 12:35:00,105048.0,105048.01,105044.44,105044.45,1.52622,316.0
2025-06-15 12:36:00,105044.45,105122.19,105044.44,105117.22,5.22699,1982.0
2025-06-15 12:37:00,105117.22,105117.23,105100.0,105100.01,1.99432,878.0
2025-06-15 12:38:00,105100.0,105100.01,105071.11,105071.11,1.81612,942.0
2025-06-15 12:39:00,105071.12,105071.12,105040.24,105040.24,2.18592,969.0
2025-06-15 12:40:00,105040.24,105123.65,105040.24,105110.01,4.77435,2157.0
2025-06-15 12:41:00,105110.0,105110.01,105069.02,105069.02,1.91928,1243.0
2025-06-15 12:42:00,105069.02,105069.03,105040.0,105044.11,3.17162,1247.0
2025-06-15 12:43:00,105044.11,105044.12,105044.11,105044.11,0.59319,136.0
2025-06-15 12:44:00,105044.11,105118.54,105040.0,105113.02,12.91985,907.0
2025-06-15 12:45:00,105113.02,105113.02,105080.64,105080.64,2.7541,1043.0
2025-06-15 12:46:00,105080.65,105088.0,105072.09,105072.1,1.67693,769.0
2025-06-15 12:47:00,105072.09,105083.64,105067.47,105077.64,8.64642,887.0
2025-06-15 12:48:00,105077.65,105108.88,105077.64,105108.87,1.57952,855.0
2025-06-15 12:49:00,105108.88,105122.11,105108.87,105122.11,1.26049,599.0
2025-06-15 12:50:00,105122.11,105274.73,105122.1,105232.7,29.08657,4293.0
2025-06-15 12:51:00,105232.7,105232.71,105204.1,105229.01,3.73435,1398.0
2025-06-15 12:52:00,105229.01,105240.0,105229.01,105239.99,5.50282,644.0
2025-06-15 12:53:00,105240.0,105296.0,105239.99,105273.15,11.3168,1633.0
2025-06-15 12:54:00,105273.14,105273.15,105267.14,105267.14,3.11545,471.0
2025-06-15 12:55:00,105267.15,105267.15,105245.78,105258.64,1.77817,1036.0
2025-06-15 12:56:00,105258.65,105258.65,105252.64,105252.65,1.43856,421.0
2025-06-15 12:57:00,105252.65,105290.55,105252.64,105274.01,4.9318,1153.0
2025-06-15 12:58:00,105274.0,105274.01,105256.01,105256.01,3.74801,626.0
2025-06-15 12:59:00,105256.01,105289.91,105256.01,105289.81,10.971,710.0
2025-06-15 13:00:00,105289.81,105289.99,105270.05,105289.99,7.315,1234.0
2025-06-15 13:01:00,105290.0,105336.72,105289.99,105311.51,6.34364,1730.0
2025-06-15 13:02:00,105311.52,105311.52,105295.47,105295.48,2.44933,681.0
2025-06-15 13:03:00,105295.48,105295.48,105284.37,105284.38,5.42,446.0
2025-06-15 13:04:00,105284.37,105284.38,105226.04,105273.41,8.15067,2252.0
2025-06-15 13:05:00,105273.41,105337.96,105273.41,105284.38,6.97006,2752.0
2025-06-15 13:06:00,105284.37,105284.37,105220.65,105248.3,2.97825,1672.0
2025-06-15 13:07:00,105248.3,105319.94,105248.3,105309.42,6.87893,1349.0
2025-06-15 13:08:00,105309.42,105398.09,105309.42,105395.99,20.36372,1971.0
2025-06-15 13:09:00,105396.0,105474.51,105388.11,105474.5,8.1382,2225.0
2025-06-15 13:10:00,105474.5,105480.31,105465.06,105480.3,5.5451,1212.0
2025-06-15 13:11:00,105480.31,105537.39,105474.65,105527.31,17.5109,1733.0
2025-06-15 13:12:00,105527.32,105527.32,105485.29,105485.3,3.39983,1122.0
2025-06-15 13:13:00,105485.29,105534.34,105459.34,105459.35,23.5969,2009.0
2025-06-15 13:14:00,105459.35,105500.37,105400.0,105404.29,21.46688,2458.0
2025-06-15 13:15:00,105404.3,105457.65,105400.0,105420.16,4.50114,2698.0
2025-06-15 13:16:00,105420.17,105476.45,105420.16,105464.0,6.26483,2018.0
2025-06-15 13:17:00,105464.0,105464.0,105398.82,105398.82,2.36234,1442.0
2025-06-15 13:18:00,105398.82,105398.82,105352.94,105352.94,4.67069,1327.0
2025-06-15 13:19:00,105352.94,105352.94,105318.74,105330.75,2.82757,1157.0
2025-06-15 13:20:00,105330.75,105422.75,105330.74,105405.07,9.62062,2445.0
2025-06-15 13:21:00,105405.07,105441.17,105405.07,105439.72,2.56437,1579.0
2025-06-15 13:22:00,105439.73,105517.03,105439.72,105517.03,4.9406,2038.0
2025-06-15 13:23:00,105517.02,105517.03,105505.04,105505.05,1.18924,438.0
2025-06-15 13:24:00,105505.04,105566.39,105499.05,105566.38,5.63878,1978.0
2025-06-15 13:25:00,105566.38,105595.6,105532.02,105566.49,8.95546,3324.0
2025-06-15 13:26:00,105566.49,105593.45,105536.28,105593.45,4.7888,1999.0
2025-06-15 13:27:00,105593.44,105593.45,105547.62,105547.62,6.43612,1154.0
2025-06-15 13:28:00,105547.62,105547.63,105497.04,105497.05,2.64785,1063.0
2025-06-15 13:29:00,105497.05,105505.61,105471.33,105483.32,3.06036,1705.0
2025-06-15 13:30:00,105483.33,105483.33,105420.0,105420.85,5.02155,2374.0
2025-06-15 13:31:00,105420.85,105422.8,105386.02,105392.34,5.91875,2084.0
2025-06-15 13:32:00,105392.34,105448.0,105386.35,105448.0,7.50695,1879.0
2025-06-15 13:33:00,105447.99,105448.0,105422.01,105422.01,4.96655,1190.0
2025-06-15 13:34:00,105422.02,105428.12,105402.1,105428.11,3.4609,1429.0
2025-06-15 13:35:00,105428.11,105428.12,105400.0,105400.01,2.33536,1279.0
2025-06-15 13:36:00,105400.0,105426.0,105400.0,105409.45,3.15309,1204.0
2025-06-15 13:37:00,105409.46,105409.46,105330.78,105330.78,4.36893,2770.0
2025-06-15 13:38:00,105330.79,105352.95,105294.11,105328.88,5.4972,2293.0
2025-06-15 13:39:00,105328.88,105328.88,105308.82,105308.82,1.30977,702.0
2025-06-15 13:40:00,105308.82,105324.4,105308.82,105316.32,3.26878,804.0
2025-06-15 13:41:00,105316.32,105323.84,105316.32,105323.84,6.52359,477.0
2025-06-15 13:42:00,105323.83,105323.84,105323.83,105323.83,2.86294,162.0
2025-06-15 13:43:00,105323.84,105448.0,105323.84,105448.0,10.05344,3231.0
2025-06-15 13:44:00,105447.99,105505.61,105447.99,105505.6,4.43026,2142.0
2025-06-15 13:45:00,105505.6,105547.22,105505.6,105547.21,4.22342,1548.0
2025-06-15 13:46:00,105547.22,105660.31,105547.22,105660.31,16.87227,3839.0
2025-06-15 13:47:00,105660.3,105660.31,105601.32,105633.49,6.08186,2292.0
2025-06-15 13:48:00,105633.49,105640.0,105573.52,105573.52,4.29129,2013.0
2025-06-15 13:49:00,105573.52,105573.53,105509.46,105509.46,3.12183,1933.0
2025-06-15 13:50:00,105509.47,105553.65,105509.46,105544.42,2.06916,1212.0
2025-06-15 13:51:00,105544.43,105544.43,105506.88,105506.89,5.09641,1110.0
2025-06-15 13:52:00,105506.88,105523.45,105462.38,105462.38,3.00577,2174.0
2025-06-15 13:53:00,105462.38,105497.72,105462.38,105487.46,3.46873,1251.0
2025-06-15 13:54:00,105487.47,105538.55,105487.46,105538.54,1.70803,1287.0
2025-06-15 13:55:00,105538.54,105553.13,105510.13,105539.99,4.73622,2245.0
2025-06-15 13:56:00,105540.0,105540.0,105513.43,105513.58,1.96477,531.0
2025-06-15 13:57:00,105513.58,105540.89,105513.58,105529.41,2.09324,1204.0
2025-06-15 13:58:00,105529.42,105529.42,105529.41,105529.42,1.49372,167.0
2025-06-15 13:59:00,105529.41,105529.42,105503.97,105515.97,2.95708,1413.0
2025-06-15 14:00:00,105515.97,105560.0,105495.69,105495.69,12.05115,2659.0
2025-06-15 14:01:00,105495.7,105514.88,105469.46,105514.88,3.18506,1474.0
2025-06-15 14:02:00,105514.88,105514.88,105472.27,105507.99,2.76341,1510.0
2025-06-15 14:03:00,105507.99,105507.99,105424.01,105446.25,9.71164,2341.0
2025-06-15 14:04:00,105446.26,105446.26,105383.34,105388.94,8.32406,1483.0
2025-06-15 14:05:00,105388.94,105397.04,105373.96,105373.96,1.29444,891.0
2025-06-15 14:06:00,105373.97,105392.41,105361.72,105392.41,2.39655,1370.0
2025-06-15 14:07:00,105392.41,105392.41,105360.12,105377.99,2.2569,1095.0
2025-06-15 14:08:00,105377.99,105418.58,105377.99,105405.41,1.46497,1379.0
2025-06-15 14:09:00,105405.4,105495.32,105397.05,105495.32,7.51253,2747.0
2025-06-15 14:10:00,105495.33,105495.33,105425.3,105425.31,3.87577,1868.0
2025-06-15 14:11:00,105425.31,105440.46,105424.4,105424.4,1.35613,1147.0
2025-06-15 14:12:00,105424.4,105458.84,105424.4,105458.84,7.6762,2067.0
2025-06-15 14:13:00,105458.83,105458.84,105429.12,105429.12,1.56874,1170.0
2025-06-15 14:14:00,105429.13,105429.13,105404.49,105404.5,4.23405,805.0
2025-06-15 14:15:00,105404.49,105430.19,105391.01,105430.19,3.79809,1664.0
2025-06-15 14:16:00,105430.19,105458.32,105404.36,105404.36,4.08711,2092.0
2025-06-15 14:17:00,105404.37,105404.37,105336.01,105336.01,8.86344,1747.0
2025-06-15 14:18:00,105336.02,105348.02,105336.01,105348.01,1.6099,630.0
2025-06-15 14:19:00,105348.01,105348.02,105314.83,105345.99,5.33423,1845.0
2025-06-15 14:20:00,105345.99,105345.99,105341.66,105341.66,4.0217,340.0
2025-06-15 14:21:00,105341.67,105341.67,105328.0,105328.01,2.14122,571.0
2025-06-15 14:22:00,105328.0,105341.67,105308.82,105341.66,7.49973,1699.0
2025-06-15 14:23:00,105341.66,105397.06,105341.66,105381.37,3.7607,1639.0
2025-06-15 14:24:00,105381.38,105381.38,105365.18,105365.18,1.87286,583.0
2025-06-15 14:25:00,105365.19,105382.0,105365.18,105381.99,1.36305,715.0
2025-06-15 14:26:00,105381.99,105397.05,105381.99,105382.0,1.97617,1019.0
2025-06-15 14:27:00,105381.99,105382.0,105352.94,105352.94,4.11884,703.0
2025-06-15 14:28:00,105352.94,105359.37,105342.64,105359.36,1.9026,1082.0
2025-06-15 14:29:00,105359.37,105372.53,105359.36,105372.52,1.77442,369.0
2025-06-15 14:30:00,105372.52,105380.0,105334.97,105334.97,1.8943,1426.0
2025-06-15 14:31:00,105334.97,105346.01,105316.89,105346.0,2.79216,1155.0
2025-06-15 14:32:00,105346.0,105355.38,105340.0,105355.38,1.7627,622.0
2025-06-15 14:33:00,105355.37,105361.38,105355.37,105361.38,0.99273,253.0
2025-06-15 14:34:00,105361.38,105397.06,105361.37,105397.05,2.84824,1077.0
2025-06-15 14:35:00,105397.05,105454.17,105397.05,105454.17,2.36903,1986.0
2025-06-15 14:36:00,105454.17,105474.99,105441.84,105474.98,7.73421,1276.0
2025-06-15 14:37:00,105474.99,105474.99,105474.98,105474.98,0.94659,135.0
2025-06-15 14:38:00,105474.98,105500.0,105474.98,105500.0,1.93876,728.0
2025-06-15 14:39:00,105500.0,105591.21,105500.0,105585.98,10.07851,2574.0
2025-06-15 14:40:00,105585.98,105596.49,105583.37,105596.48,8.02031,754.0
2025-06-15 14:41:00,105596.49,105596.49,105564.2,105564.2,2.83539,1211.0
2025-06-15 14:42:00,105564.2,105564.21,105554.67,105554.67,1.0234,506.0
2025-06-15 14:43:00,105554.68,105554.68,105501.0,105501.0,3.1065,1277.0
2025-06-15 14:44:00,105501.0,105528.0,105501.0,105527.99,9.20852,950.0
2025-06-15 14:45:00,105528.0,105584.0,105528.0,105573.54,18.78683,1259.0
2025-06-15 14:46:00,105573.55,105620.0,105573.54,105620.0,3.033,1179.0
2025-06-15 14:47:00,105619.99,105692.85,105619.99,105684.4,12.28538,2730.0
2025-06-15 14:48:00,105683.38,105773.82,105672.9,105672.91,24.13604,4399.0
2025-06-15 14:49:00,105672.9,105680.0,105632.26,105677.99,8.13834,2011.0
2025-06-15 14:50:00,105678.0,105795.35,105678.0,105795.33,15.92606,3210.0
2025-06-15 14:51:00,105795.33,105838.24,105790.91,105800.1,13.49996,2349.0
2025-06-15 14:52:00,105800.11,105807.99,105773.51,105781.97,10.53381,2610.0
2025-06-15 14:53:00,105781.97,105829.02,105781.97,105799.66,5.41815,1612.0
2025-06-15 14:54:00,105799.67,105837.74,105764.17,105770.52,9.18237,2471.0
2025-06-15 14:55:00,105770.53,105794.09,105770.53,105794.0,3.15813,1119.0
2025-06-15 14:56:00,105794.0,105794.0,105739.69,105739.7,10.34496,1316.0
2025-06-15 14:57:00,105739.69,105745.7,105715.12,105724.83,3.99552,1521.0
2025-06-15 14:58:00,105724.83,105724.84,105676.45,105707.93,11.16763,2120.0
2025-06-15 14:59:00,105707.94,105707.94,105645.09,105657.64,5.05121,2155.0
2025-06-15 15:00:00,105657.63,105692.99,105657.63,105661.76,4.80265,2072.0
2025-06-15 15:01:00,105661.77,105664.7,105661.76,105661.76,11.50007,559.0
2025-06-15 15:02:00,105661.77,105661.77,105622.88,105622.88,2.32916,1030.0
2025-06-15 15:03:00,105622.89,105622.89,105564.73,105567.69,8.0932,2266.0
2025-06-15 15:04:00,105567.7,105617.65,105567.69,105609.11,7.08697,1537.0
2025-06-15 15:05:00,105609.12,105671.37,105609.11,105671.36,15.70384,1707.0
2025-06-15 15:06:00,105671.37,105695.85,105671.37,105683.42,2.81054,1423.0
2025-06-15 15:07:00,105683.43,105705.89,105683.43,105689.89,4.16791,1169.0
2025-06-15 15:08:00,105689.9,105689.9,105661.76,105661.77,2.16029,719.0
2025-06-15 15:09:00,105661.76,105661.77,105617.64,105617.64,5.40662,1563.0
2025-06-15 15:10:00,105617.65,105680.08,105602.55,105680.07,8.36625,2584.0
2025-06-15 15:11:00,105680.07,105680.08,105623.07,105623.08,6.39753,1518.0
2025-06-15 15:12:00,105623.08,105629.08,105623.07,105623.07,2.32216,545.0
2025-06-15 15:13:00,105623.08,105623.08,105623.07,105623.07,1.81545,197.0
2025-06-15 15:14:00,105623.07,105623.08,105623.07,105623.08,0.8554,139.0
2025-06-15 15:15:00,105623.08,105639.43,105596.32,105639.42,48.79407,1876.0
2025-06-15 15:16:00,105639.42,105661.77,105639.42,105646.0,3.04826,840.0
2025-06-15 15:17:00,105646.01,105646.01,105585.29,105603.72,3.50559,1412.0
2025-06-15 15:18:00,105603.72,105640.47,105592.88,105598.88,4.76857,2152.0
2025-06-15 15:19:00,105598.88,105598.89,105592.89,105592.89,0.91777,374.0
2025-06-15 15:20:00,105592.9,105607.75,105592.89,105607.75,1.1932,510.0
2025-06-15 15:21:00,105607.74,105607.75,105574.47,105607.74,2.49914,1609.0
2025-06-15 15:22:00,105607.74,105660.57,105607.74,105643.99,8.47223,1967.0
2025-06-15 15:23:00,105643.99,105643.99,105605.71,105605.72,1.31272,992.0
2025-06-15 15:24:00,105605.72,105646.35,105605.71,105646.34,1.94832,987.0
2025-06-15 15:25:00,105646.34,105670.74,105646.34,105670.74,1.56391,574.0
2025-06-15 15:26:00,105670.74,105705.89,105670.74,105705.89,3.57948,1595.0
2025-06-15 15:27:00,105705.88,105705.89,105705.88,105705.88,1.19031,149.0
2025-06-15 15:28:00,105705.88,105705.89,105690.0,105697.89,2.98871,839.0
2025-06-15 15:29:00,105697.89,105732.3,105697.89,105732.29,2.39068,940.0
2025-06-15 15:30:00,105732.29,105750.0,105732.29,105736.89,6.40723,1186.0
2025-06-15 15:31:00,105736.9,105736.9,105720.0,105729.3,8.45549,890.0
2025-06-15 15:32:00,105729.3,105729.3,105729.29,105729.29,1.0454,225.0
2025-06-15 15:33:00,105729.29,105729.3,105717.97,105717.97,1.01321,356.0
2025-06-15 15:34:00,105717.98,105717.98,105717.97,105717.97,0.57909,171.0
2025-06-15 15:35:00,105717.97,105717.98,105717.97,105717.97,2.04724,216.0
2025-06-15 15:36:00,105717.98,105731.62,105717.97,105727.49,4.31644,1020.0
2025-06-15 15:37:00,105727.5,105727.5,105727.49,105727.5,1.55111,139.0
2025-06-15 15:38:00,105727.49,105727.5,105727.49,105727.49,0.77673,169.0
2025-06-15 15:39:00,105727.49,105775.3,105727.49,105772.0,10.4294,1731.0
2025-06-15 15:40:00,105772.01,105794.12,105772.01,105794.12,2.49145,853.0
2025-06-15 15:41:00,105794.11,105794.12,105750.01,105750.02,4.44207,1279.0
2025-06-15 15:42:00,105750.02,105750.02,105712.69,105712.69,3.69706,937.0
2025-06-15 15:43:00,105712.69,105712.69,105625.4,105625.4,6.11566,2669.0
2025-06-15 15:44:00,105625.4,105638.63,105625.4,105632.63,3.23239,758.0
2025-06-15 15:45:00,105632.63,105632.64,105626.64,105626.64,3.23386,442.0
2025-06-15 15:46:00,105626.65,105700.0,105626.65,105671.6,9.22913,2024.0
2025-06-15 15:47:00,105671.6,105671.61,105620.95,105620.95,8.00401,1783.0
2025-06-15 15:48:00,105620.96,105631.43,105590.25,105625.42,7.67472,2268.0
2025-06-15 15:49:00,105625.43,105625.43,105608.23,105615.96,1.48916,604.0
2025-06-15 15:50:00,105615.96,105625.57,105615.96,105625.56,2.60578,530.0
2025-06-15 15:51:00,105625.56,105625.57,105594.85,105617.69,10.16936,1356.0
2025-06-15 15:52:00,105617.7,105631.42,105617.69,105619.76,2.72722,822.0
2025-06-15 15:53:00,105619.76,105619.77,105619.76,105619.77,0.9532,219.0
2025-06-15 15:54:00,105619.77,105619.77,105619.76,105619.76,5.92826,258.0
2025-06-15 15:55:00,105619.77,105619.77,105573.52,105573.52,2.45784,1418.0
2025-06-15 15:56:00,105573.53,105573.53,105539.68,105559.99,6.43325,1261.0
2025-06-15 15:57:00,105559.99,105579.52,105559.99,105573.52,5.76653,639.0
2025-06-15 15:58:00,105573.52,105573.53,105539.0,105539.0,3.21727,709.0
2025-06-15 15:59:00,105539.01,105564.0,105539.0,105564.0,2.77761,869.0
2025-06-15 16:00:00,105563.99,105611.81,105563.99,105608.48,5.0037,1333.0
2025-06-15 16:01:00,105608.49,105608.49,105593.54,105608.49,2.39937,799.0
2025-06-15 16:02:00,105608.49,105608.49,105592.0,105592.01,5.67895,1154.0
2025-06-15 16:03:00,105592.01,105606.4,105592.0,105606.39,3.24135,655.0
2025-06-15 16:04:00,105606.4,105617.65,105606.39,105617.65,2.17492,389.0
2025-06-15 16:05:00,105617.64,105642.71,105617.64,105642.7,5.21416,797.0
2025-06-15 16:06:00,105642.71,105642.71,105631.23,105631.23,5.0514,1070.0
2025-06-15 16:07:00,105631.24,105634.01,105631.23,105634.0,10.87409,379.0
2025-06-15 16:08:00,105634.0,105681.74,105631.23,105681.73,12.41365,1337.0
2025-06-15 16:09:00,105681.74,105687.74,105631.23,105631.23,4.32797,1587.0
2025-06-15 16:10:00,105631.23,105631.23,105520.0,105530.01,36.26213,2707.0
2025-06-15 16:11:00,105530.02,105543.98,105501.01,105508.33,8.07254,1506.0
2025-06-15 16:12:00,105508.33,105556.35,105508.33,105556.34,7.73482,985.0
2025-06-15 16:13:00,105556.34,105556.35,105508.34,105551.98,5.28144,1827.0
2025-06-15 16:14:00,105551.97,105555.0,105541.76,105544.0,2.68318,550.0
2025-06-15 16:15:00,105544.0,105544.01,105514.13,105514.13,1.20894,925.0
2025-06-15 16:16:00,105514.14,105514.14,105480.0,105487.4,10.28894,1342.0
2025-06-15 16:17:00,105487.47,105497.3,105420.01,105435.74,19.41776,2337.0
2025-06-15 16:18:00,105435.74,105435.74,105380.0,105387.38,11.69968,2005.0
2025-06-15 16:19:00,105387.38,105441.18,105387.38,105441.18,2.90044,1441.0
2025-06-15 16:20:00,105441.17,105441.18,105387.06,105387.07,10.29126,1397.0
2025-06-15 16:21:00,105387.07,105403.9,105368.19,105403.89,4.47132,1614.0
2025-06-15 16:22:00,105403.89,105432.0,105403.89,105408.0,7.76092,1501.0
2025-06-15 16:23:00,105408.0,105412.75,105408.0,105409.03,5.6158,399.0
2025-06-15 16:24:00,105409.04,105409.04,105403.16,105403.16,2.17912,289.0
2025-06-15 16:25:00,105403.17,105403.17,105377.71,105396.0,3.42082,1448.0
2025-06-15 16:26:00,105396.0,105396.0,105390.0,105390.0,1.07918,257.0
2025-06-15 16:27:00,105390.0,105390.01,105333.33,105351.25,8.35843,1874.0
2025-06-15 16:28:00,105351.26,105357.26,105351.26,105357.26,2.52979,256.0
2025-06-15 16:29:00,105357.26,105416.06,105356.42,105416.06,9.93389,1397.0
2025-06-15 16:30:00,105416.06,105416.06,105397.05,105404.32,1.81487,1067.0
2025-06-15 16:31:00,105404.32,105414.0,105389.46,105389.46,3.67504,1017.0
2025-06-15 16:32:00,105389.46,105389.46,105342.22,105342.22,10.9503,960.0
2025-06-15 16:33:00,105342.73,105352.01,105332.0,105352.0,2.10942,936.0
2025-06-15 16:34:00,105352.0,105376.88,105352.0,105376.87,3.53642,859.0
2025-06-15 16:35:00,105376.87,105376.88,105376.87,105376.88,0.6174,107.0
2025-06-15 16:36:00,105376.87,105426.98,105362.03,105420.95,8.30969,1769.0
2025-06-15 16:37:00,105420.96,105463.55,105420.95,105453.49,2.13545,1127.0
2025-06-15 16:38:00,105453.49,105470.94,105453.48,105470.94,0.92452,620.0
2025-06-15 16:39:00,105470.93,105470.94,105436.82,105436.82,1.58209,1252.0
2025-06-15 16:40:00,105436.83,105494.83,105436.82,105494.82,11.52727,1757.0
2025-06-15 16:41:00,105494.82,105514.14,105494.82,105514.13,3.36319,822.0
2025-06-15 16:42:00,105514.13,105524.79,105514.13,105518.79,1.52453,452.0
2025-06-15 16:43:00,105518.79,105535.34,105518.79,105530.0,3.07671,910.0
2025-06-15 16:44:00,105530.0,105530.01,105516.01,105516.02,2.69063,644.0
2025-06-15 16:45:00,105516.01,105516.02,105469.78,105469.78,3.16179,1127.0
2025-06-15 16:46:00,105469.79,105508.08,105463.79,105508.08,3.86087,1267.0
2025-06-15 16:47:00,105508.08,105508.08,105504.0,105504.01,0.88151,332.0
2025-06-15 16:48:00,105504.01,105535.42,105504.0,105535.41,1.84185,751.0
2025-06-15 16:49:00,105535.42,105592.93,105535.41,105579.19,16.45369,1669.0
2025-06-15 16:50:00,105579.18,105579.19,105490.88,105490.88,5.83477,2049.0
2025-06-15 16:51:00,105490.87,105508.25,105458.37,105496.76,2.8498,1893.0
2025-06-15 16:52:00,105496.76,105507.77,105496.76,105507.68,2.39883,800.0
2025-06-15 16:53:00,105507.69,105518.13,105507.68,105518.13,1.17173,381.0
2025-06-15 16:54:00,105518.13,105524.01,105500.0,105524.0,2.87127,869.0
2025-06-15 16:55:00,105524.01,105527.88,105515.91,105521.41,6.23775,511.0
2025-06-15 16:56:00,105521.4,105547.52,105521.4,105547.52,0.9861,527.0
2025-06-15 16:57:00,105547.51,105572.0,105547.51,105571.99,1.29683,455.0
2025-06-15 16:58:00,105571.99,105572.0,105544.03,105544.04,3.26037,936.0
2025-06-15 16:59:00,105544.03,105567.25,105544.03,105567.24,1.33453,407.0
2025-06-15 17:00:00,105567.24,105567.25,105529.41,105529.41,2.09134,1148.0
2025-06-15 17:01:00,105529.41,105537.29,105529.41,105529.41,2.56882,742.0
2025-06-15 17:02:00,105529.41,105537.29,105508.33,105537.28,3.77764,1176.0
2025-06-15 17:03:00,105537.28,105563.24,105525.91,105563.23,2.73264,1550.0
2025-06-15 17:04:00,105563.23,105563.24,105521.21,105521.21,1.84352,1162.0
2025-06-15 17:05:00,105521.21,105533.22,105521.21,105529.41,1.11206,544.0
2025-06-15 17:06:00,105529.41,105529.41,105500.01,105500.01,1.82553,939.0
2025-06-15 17:07:00,105500.02,105573.53,105500.01,105557.43,2.99961,1921.0
2025-06-15 17:08:00,105557.43,105557.44,105543.9,105548.33,2.67154,731.0
2025-06-15 17:09:00,105548.33,105548.33,105537.91,105537.91,4.19405,538.0
2025-06-15 17:10:00,105537.91,105537.91,105514.76,105527.96,2.23867,1125.0
2025-06-15 17:11:00,105527.96,105540.88,105527.95,105540.87,3.5584,511.0
2025-06-15 17:12:00,105540.88,105540.88,105534.0,105534.0,1.39458,786.0
2025-06-15 17:13:00,105534.0,105534.01,105522.39,105522.39,1.06553,421.0
2025-06-15 17:14:00,105522.39,105522.4,105489.56,105489.57,2.19443,920.0
2025-06-15 17:15:00,105489.56,105493.76,105476.4,105493.75,1.76048,751.0
2025-06-15 17:16:00,105493.75,105522.4,105493.75,105522.39,1.00508,921.0
2025-06-15 17:17:00,105522.4,105533.68,105522.39,105533.67,2.14675,577.0
2025-06-15 17:18:00,105533.68,105550.0,105533.68,105539.43,2.26483,919.0
2025-06-15 17:19:00,105539.43,105550.73,105534.38,105550.72,1.79102,850.0
2025-06-15 17:20:00,105550.73,105550.73,105524.0,105524.0,6.89482,760.0
2025-06-15 17:21:00,105524.01,105541.31,105524.0,105534.02,13.67953,735.0
2025-06-15 17:22:00,105534.01,105534.02,105530.0,105530.0,0.81685,285.0
2025-06-15 17:23:00,105530.01,105559.53,105530.01,105543.21,2.03854,1279.0
2025-06-15 17:24:00,105543.21,105543.22,105501.53,105501.53,2.12957,1204.0
2025-06-15 17:25:00,105501.53,105524.0,105496.53,105524.0,1.37169,664.0
2025-06-15 17:26:00,105523.99,105524.0,105517.99,105523.25,2.02877,671.0
2025-06-15 17:27:00,105523.26,105523.26,105523.25,105523.25,0.45553,210.0
2025-06-15 17:28:00,105523.25,105523.26,105498.01,105523.26,1.77495,1244.0
2025-06-15 17:29:00,105523.25,105536.51,105523.25,105536.51,1.36201,329.0
2025-06-15 17:30:00,105536.5,105536.51,105536.5,105536.5,0.34254,187.0
2025-06-15 17:31:00,105536.51,105632.0,105536.5,105631.99,8.78996,2400.0
2025-06-15 17:32:00,105631.99,105631.99,105595.16,105599.99,2.20689,922.0
2025-06-15 17:33:00,105599.99,105600.0,105530.07,105530.07,5.45959,1887.0
2025-06-15 17:34:00,105530.08,105571.15,105502.53,105571.15,4.98901,2138.0
2025-06-15 17:35:00,105571.15,105666.01,105571.15,105666.0,6.00814,2393.0
2025-06-15 17:36:00,105666.01,105687.5,105663.59,105673.72,5.93661,952.0
2025-06-15 17:37:00,105673.71,105673.72,105642.23,105659.62,2.54153,1030.0
2025-06-15 17:38:00,105659.63,105705.89,105659.63,105696.75,3.48457,1517.0
2025-06-15 17:39:00,105696.75,105696.76,105683.96,105694.86,4.48349,792.0
2025-06-15 17:40:00,105694.85,105694.86,105643.66,105692.0,8.61959,2343.0
2025-06-15 17:41:00,105692.0,105721.59,105691.99,105721.58,1.7199,711.0
2025-06-15 17:42:00,105721.58,105721.58,105700.71,105700.71,6.16886,831.0
2025-06-15 17:43:00,105700.72,105706.0,105700.71,105705.88,2.86048,391.0
2025-06-15 17:44:00,105705.89,105718.0,105705.88,105718.0,2.22924,631.0
2025-06-15 17:45:00,105717.99,105749.68,105717.99,105749.68,13.11154,1935.0
2025-06-15 17:46:00,105749.69,105771.86,105749.69,105771.85,3.0553,1048.0
2025-06-15 17:47:00,105771.85,105771.86,105753.97,105753.97,2.77184,625.0
2025-06-15 17:48:00,105753.97,105760.0,105741.5,105759.99,4.42275,1131.0
2025-06-15 17:49:00,105760.0,105764.47,105759.99,105764.46,2.87038,283.0
2025-06-15 17:50:00,105764.46,105764.47,105764.46,105764.46,2.40388,209.0
2025-06-15 17:51:00,105764.46,105764.75,105764.46,105764.74,0.88878,262.0
2025-06-15 17:52:00,105764.75,105777.09,105758.87,105758.87,6.81276,1435.0
2025-06-15 17:53:00,105758.87,105758.88,105684.02,105700.0,8.64658,3947.0
2025-06-15 17:54:00,105699.99,105700.0,105681.54,105681.54,1.00575,829.0
2025-06-15 17:55:00,105681.55,105681.55,105675.55,105675.55,1.3024,356.0
2025-06-15 17:56:00,105675.55,105689.65,105675.55,105689.65,1.07944,612.0
2025-06-15 17:57:00,105689.65,105689.65,105689.64,105689.64,0.16986,95.0
2025-06-15 17:58:00,105689.65,105689.65,105689.64,105689.64,0.8737,199.0
2025-06-15 17:59:00,105689.64,105689.65,105689.64,105689.64,1.03199,170.0
2025-06-15 18:00:00,105689.65,105689.65,105689.64,105689.64,0.58081,195.0
2025-06-15 18:01:00,105689.64,105689.65,105654.94,105654.95,7.69678,1598.0
2025-06-15 18:02:00,105654.94,105654.95,105650.0,105650.0,1.41584,324.0
2025-06-15 18:03:00,105650.0,105650.01,105650.0,105650.0,0.4727,113.0
2025-06-15 18:04:00,105650.01,105650.01,105614.8,105614.8,2.49944,1571.0
2025-06-15 18:05:00,105614.8,105614.81,105614.8,105614.8,0.69491,92.0
2025-06-15 18:06:00,105614.8,105614.81,105596.42,105596.42,1.327,1070.0
2025-06-15 18:07:00,105596.42,105596.43,105529.41,105529.41,3.18185,2299.0
2025-06-15 18:08:00,105529.41,105529.41,105508.33,105514.32,1.56901,779.0
2025-06-15 18:09:00,105514.32,105519.13,105514.32,105519.12,1.12456,241.0
2025-06-15 18:10:00,105519.12,105598.76,105519.12,105598.76,4.89033,2198.0
2025-06-15 18:11:00,105598.75,105618.77,105580.0,105580.01,4.50481,1871.0
2025-06-15 18:12:00,105580.01,105580.01,105578.18,105578.18,0.76349,291.0
2025-06-15 18:13:00,105578.19,105578.19,105563.36,105570.0,1.81654,734.0
2025-06-15 18:14:00,105570.0,105570.0,105562.03,105562.04,1.20881,501.0
2025-06-15 18:15:00,105562.03,105562.04,105534.83,105538.32,3.24392,887.0
2025-06-15 18:16:00,105538.32,105538.33,105530.29,105530.29,1.36372,323.0
2025-06-15 18:17:00,105530.3,105530.3,105502.53,105502.54,2.36971,1139.0
2025-06-15 18:18:00,105502.53,105502.54,105502.53,105502.53,0.77164,140.0
2025-06-15 18:19:00,105502.53,105502.54,105481.54,105483.36,6.03513,852.0
2025-06-15 18:20:00,105483.37,105489.36,105476.41,105489.36,7.70737,961.0
2025-06-15 18:21:00,105489.35,105489.36,105482.72,105482.72,9.08666,351.0
2025-06-15 18:22:00,105482.72,105482.73,105482.72,105482.72,1.09687,170.0
2025-06-15 18:23:00,105482.73,105482.73,105472.0,105472.01,1.54921,590.0
2025-06-15 18:24:00,105472.0,105472.01,105472.0,105472.0,2.14681,162.0
2025-06-15 18:25:00,105472.0,105491.83,105472.0,105491.82,3.29924,801.0
2025-06-15 18:26:00,105491.82,105517.95,105491.82,105517.95,2.11669,983.0
2025-06-15 18:27:00,105517.94,105555.33,105517.94,105555.32,3.69813,1047.0
2025-06-15 18:28:00,105555.32,105561.33,105544.0,105544.01,4.38174,1120.0
2025-06-15 18:29:00,105544.01,105544.01,105534.9,105534.9,1.65167,658.0
2025-06-15 18:30:00,105534.9,105534.91,105529.41,105529.41,1.52363,406.0
2025-06-15 18:31:00,105529.41,105529.42,105501.98,105501.98,1.80519,924.0
2025-06-15 18:32:00,105501.98,105517.98,105489.36,105517.98,3.09385,1094.0
2025-06-15 18:33:00,105517.99,105517.99,105517.98,105517.98,0.62257,137.0
2025-06-15 18:34:00,105517.99,105517.99,105517.98,105517.98,0.53446,150.0
2025-06-15 18:35:00,105517.98,105533.43,105517.98,105533.42,0.89521,345.0
2025-06-15 18:36:00,105533.43,105544.01,105509.05,105509.05,4.10494,1361.0
2025-06-15 18:37:00,105509.05,105509.06,105500.4,105500.4,3.20632,501.0
2025-06-15 18:38:00,105500.4,105508.37,105500.4,105508.37,3.08479,360.0
2025-06-15 18:39:00,105508.37,105508.37,105508.36,105508.36,1.64585,145.0
2025-06-15 18:40:00,105508.36,105508.37,105508.36,105508.37,0.59974,143.0
2025-06-15 18:41:00,105508.37,105508.37,105508.36,105508.36,0.35573,96.0
2025-06-15 18:42:00,105508.36,105542.87,105508.36,105515.55,14.18449,1913.0
2025-06-15 18:43:00,105515.55,105515.56,105515.55,105515.55,0.70369,98.0
2025-06-15 18:44:00,105515.56,105515.56,105508.34,105508.34,2.17311,335.0
2025-06-15 18:45:00,105508.33,105508.34,105480.0,105480.0,3.07607,1148.0
2025-06-15 18:46:00,105480.0,105480.01,105480.0,105480.01,1.42763,188.0
2025-06-15 18:47:00,105480.0,105480.01,105472.58,105472.59,0.77725,368.0
2025-06-15 18:48:00,105472.59,105504.2,105472.58,105485.29,5.84316,1399.0
2025-06-15 18:49:00,105485.29,105506.93,105485.29,105506.93,0.76047,759.0
2025-06-15 18:50:00,105506.92,105512.9,105506.92,105512.89,0.96484,289.0
2025-06-15 18:51:00,105512.89,105512.9,105497.92,105497.92,1.80232,606.0
2025-06-15 18:52:00,105497.91,105497.91,105482.79,105482.79,2.19025,427.0
2025-06-15 18:53:00,105482.8,105567.61,105482.79,105567.61,5.679,1843.0
2025-06-15 18:54:00,105567.6,105567.61,105542.01,105542.01,4.41867,904.0
2025-06-15 18:55:00,105542.01,105542.02,105512.36,105512.36,0.87548,868.0
2025-06-15 18:56:00,105512.36,105519.13,105500.46,105519.13,3.65644,960.0
2025-06-15 18:57:00,105519.13,105519.13,105503.29,105503.29,1.44108,560.0
2025-06-15 18:58:00,105503.29,105503.3,105485.29,105485.29,0.93412,454.0
2025-06-15 18:59:00,105485.29,105485.3,105485.29,105485.29,0.66435,112.0
2025-06-15 19:00:00,105485.29,105485.3,105471.32,105471.32,2.39716,538.0
2025-06-15 19:01:00,105471.33,105471.33,105471.0,105471.0,1.98241,415.0
2025-06-15 19:02:00,105471.01,105471.01,105471.0,105471.0,1.09132,179.0
2025-06-15 19:03:00,105471.0,105487.68,105471.0,105482.3,4.08101,528.0
2025-06-15 19:04:00,105482.31,105490.22,105475.4,105475.4,2.41608,690.0
2025-06-15 19:05:00,105475.41,105498.09,105471.53,105498.09,1.77601,880.0
2025-06-15 19:06:00,105498.08,105498.09,105498.08,105498.08,0.43585,143.0
2025-06-15 19:07:00,105498.09,105555.78,105498.08,105535.75,6.22191,2879.0
2025-06-15 19:08:00,105535.76,105541.76,105535.75,105535.76,1.35509,521.0
2025-06-15 19:09:00,105535.75,105535.76,105535.75,105535.75,0.62575,183.0
2025-06-15 19:10:00,105535.75,105566.43,105535.75,105552.38,2.77617,1386.0
2025-06-15 19:11:00,105552.38,105552.39,105541.82,105541.83,1.64989,425.0
2025-06-15 19:12:00,105541.82,105541.83,105541.82,105541.82,0.76018,155.0
2025-06-15 19:13:00,105541.82,105541.83,105541.82,105541.82,0.58379,179.0
2025-06-15 19:14:00,105541.82,105541.83,105541.82,105541.82,0.81775,166.0
2025-06-15 19:15:00,105541.82,105541.83,105541.82,105541.82,0.88464,134.0
2025-06-15 19:16:00,105541.82,105541.83,105539.51,105539.52,4.2099,364.0
2025-06-15 19:17:00,105539.51,105539.52,105500.0,105500.0,2.30503,1039.0
2025-06-15 19:18:00,105500.0,105500.01,105485.64,105485.64,1.09976,567.0
2025-06-15 19:19:00,105485.65,105485.65,105485.64,105485.64,1.05335,134.0
2025-06-15 19:20:00,105485.64,105504.97,105485.64,105504.96,2.51541,644.0
2025-06-15 19:21:00,105504.97,105515.88,105504.96,105515.87,9.98663,390.0
2025-06-15 19:22:00,105515.88,105519.99,105515.87,105519.98,0.52494,224.0
2025-06-15 19:23:00,105519.99,105519.99,105496.64,105501.94,6.05047,875.0
2025-06-15 19:24:00,105501.95,105511.23,105501.95,105511.22,7.85467,543.0
2025-06-15 19:25:00,105511.22,105511.23,105490.38,105490.38,1.93882,677.0
2025-06-15 19:26:00,105490.38,105490.39,105483.47,105489.31,1.15269,631.0
2025-06-15 19:27:00,105489.3,105489.31,105489.3,105489.3,0.58913,111.0
2025-06-15 19:28:00,105489.3,105496.65,105489.3,105496.65,1.18551,330.0
2025-06-15 19:29:00,105496.64,105496.64,105486.0,105486.01,1.5468,326.0
2025-06-15 19:30:00,105486.0,105496.0,105486.0,105495.99,1.56795,400.0
2025-06-15 19:31:00,105496.0,105496.0,105495.99,105495.99,1.91684,130.0
2025-06-15 19:32:00,105496.0,105496.0,105470.98,105470.98,4.84528,898.0
2025-06-15 19:33:00,105470.98,105486.0,105470.98,105485.99,1.99015,467.0
2025-06-15 19:34:00,105486.0,105500.0,105486.0,105499.99,1.69555,387.0
2025-06-15 19:35:00,105499.99,105516.45,105499.99,105500.43,4.72541,1039.0
2025-06-15 19:36:00,105500.42,105500.43,105415.19,105436.99,14.65199,2017.0
2025-06-15 19:37:00,105436.99,105446.25,105436.99,105446.25,1.96611,588.0
2025-06-15 19:38:00,105446.24,105446.25,105430.0,105430.0,2.02658,639.0
2025-06-15 19:39:00,105430.0,105430.0,105320.67,105338.03,35.29217,3658.0
2025-06-15 19:40:00,105338.03,105338.04,105323.05,105323.05,5.70753,1382.0
2025-06-15 19:41:00,105323.05,105323.05,105082.97,105082.98,53.12931,8218.0
2025-06-15 19:42:00,105082.98,105117.19,105082.97,105108.01,10.51485,1750.0
2025-06-15 19:43:00,105108.01,105132.36,105107.47,105132.35,3.85862,1551.0
2025-06-15 19:44:00,105132.35,105177.67,105132.35,105149.99,3.81517,1721.0
2025-06-15 19:45:00,105150.0,105150.0,105107.24,105131.61,5.92391,2365.0
2025-06-15 19:46:00,105131.61,105226.82,105131.61,105226.81,3.19714,1842.0
2025-06-15 19:47:00,105226.82,105252.05,105217.69,105250.68,9.67827,1573.0
2025-06-15 19:48:00,105250.68,105250.69,105250.68,105250.68,2.27521,307.0
2025-06-15 19:49:00,105250.68,105276.71,105250.68,105276.7,2.29468,747.0
2025-06-15 19:50:00,105276.7,105276.71,105246.61,105246.62,5.08451,1229.0
2025-06-15 19:51:00,105246.62,105266.01,105246.61,105266.0,2.47478,569.0
2025-06-15 19:52:00,105266.01,105266.01,105254.53,105254.53,2.00163,621.0
2025-06-15 19:53:00,105254.53,105254.54,105176.47,105196.91,6.45321,3021.0
2025-06-15 19:54:00,105196.91,105196.91,105178.83,105178.83,1.65428,675.0
2025-06-15 19:55:00,105178.83,105178.84,105170.96,105170.96,0.97843,645.0
2025-06-15 19:56:00,105170.96,105170.97,105150.0,105159.99,3.59037,968.0
2025-06-15 19:57:00,105160.0,105252.01,105160.0,105226.69,4.56282,2657.0
2025-06-15 19:58:00,105226.7,105275.07,105226.69,105273.86,13.29053,891.0
2025-06-15 19:59:00,105273.87,105294.2,105258.99,105294.19,11.71083,1509.0
2025-06-15 20:00:00,105294.19,105300.0,105280.61,105280.61,9.73982,1075.0
2025-06-15 20:01:00,105280.61,105280.62,105252.3,105252.3,4.03013,1607.0
2025-06-15 20:02:00,105252.3,105252.3,105191.81,105197.99,7.54385,2971.0
2025-06-15 20:03:00,105197.99,105198.0,105194.06,105194.06,1.6478,341.0
2025-06-15 20:04:00,105194.06,105229.18,105194.06,105195.85,4.77472,2327.0
2025-06-15 20:05:00,105195.85,105195.86,105190.49,105190.5,1.13259,428.0
2025-06-15 20:06:00,105190.49,105190.5,105156.48,105156.48,2.14793,1417.0
2025-06-15 20:07:00,105156.48,105156.49,105069.79,105110.6,9.28466,3807.0
2025-06-15 20:08:00,105110.6,105174.31,105110.6,105141.98,9.88813,2270.0
2025-06-15 20:09:00,105141.98,105176.48,105141.98,105176.47,1.38754,829.0
2025-06-15 20:10:00,105176.47,105209.15,105152.39,105152.39,4.2791,2714.0
2025-06-15 20:11:00,105152.39,105158.77,105145.54,105158.76,4.77041,784.0
2025-06-15 20:12:00,105158.76,105158.77,105142.01,105147.85,1.66428,882.0
2025-06-15 20:13:00,105147.85,105147.86,105135.27,105135.27,1.1944,500.0
2025-06-15 20:14:00,105135.28,105135.28,105082.15,105082.15,4.82531,2096.0
2025-06-15 20:15:00,105082.15,105082.16,105025.32,105025.32,9.11353,1824.0
2025-06-15 20:16:00,105025.32,105025.33,104999.99,105008.01,36.70505,1995.0
2025-06-15 20:17:00,105008.0,105008.01,104973.07,104979.53,8.79894,1117.0
2025-06-15 20:18:00,104979.52,105000.24,104979.52,104988.0,7.04594,961.0
2025-06-15 20:19:00,104988.0,105000.0,104988.0,104988.01,1.9787,678.0
2025-06-15 20:20:00,104988.0,105029.42,104988.0,105026.85,8.95569,1364.0
2025-06-15 20:21:00,105026.85,105026.86,104982.72,104982.72,6.23211,1062.0
2025-06-15 20:22:00,104982.72,104988.73,104979.18,104988.72,2.3238,710.0
2025-06-15 20:23:00,104988.72,104988.73,104978.0,104978.01,3.28233,501.0
2025-06-15 20:24:00,104978.0,104981.9,104966.7,104981.89,7.48285,804.0
2025-06-15 20:25:00,104981.89,104987.16,104981.89,104986.0,1.32046,292.0
2025-06-15 20:26:00,104986.01,105012.44,104986.0,104995.03,4.78038,1402.0
2025-06-15 20:27:00,104995.03,104995.04,104966.0,104966.0,2.63312,1082.0
2025-06-15 20:28:00,104966.01,104966.01,104942.75,104946.6,8.21709,1534.0
2025-06-15 20:29:00,104946.6,105014.74,104946.59,104989.67,7.45873,1875.0
2025-06-15 20:30:00,104989.67,104989.68,104946.59,104946.59,3.13293,1302.0
2025-06-15 20:31:00,104946.59,104972.24,104933.0,104962.0,6.51965,2085.0
2025-06-15 20:32:00,104962.01,104971.99,104962.01,104971.98,0.94289,305.0
2025-06-15 20:33:00,104971.98,105008.56,104971.98,105008.55,2.55904,1585.0
2025-06-15 20:34:00,105008.56,105085.24,105008.54,105008.54,13.1452,4040.0
2025-06-15 20:35:00,105008.54,105022.0,104956.03,104956.03,4.11556,2682.0
2025-06-15 20:36:00,104956.03,104976.79,104929.39,104929.39,6.95017,2104.0
2025-06-15 20:37:00,104929.39,104929.4,104779.42,104779.43,63.09211,6021.0
2025-06-15 20:38:00,104779.42,104779.42,104713.09,104726.71,13.63977,4193.0
2025-06-15 20:39:00,104726.7,104791.67,104700.0,104783.98,8.55003,3992.0
2025-06-15 20:40:00,104783.99,104783.99,104722.14,104722.14,6.49827,2376.0
2025-06-15 20:41:00,104722.15,104722.15,104700.0,104718.19,5.1805,1735.0
2025-06-15 20:42:00,104718.19,104746.89,104702.69,104715.29,3.65898,2478.0
2025-06-15 20:43:00,104715.29,104716.0,104700.0,104708.68,3.8109,1684.0
2025-06-15 20:44:00,104708.68,104716.0,104700.0,104705.99,3.76777,989.0
2025-06-15 20:45:00,104705.99,104706.0,104693.1,104693.1,5.01093,675.0
2025-06-15 20:46:00,104693.1,104731.26,104692.45,104692.45,5.69064,2035.0
2025-06-15 20:47:00,104692.45,104724.45,104692.45,104700.66,4.3723,1752.0
2025-06-15 20:48:00,104700.67,104700.67,104625.68,104667.2,21.25753,3085.0
2025-06-15 20:49:00,104667.21,104670.43,104649.03,104654.72,12.59953,1402.0
2025-06-15 20:50:00,104654.72,104654.73,104600.13,104613.02,8.59346,2738.0
2025-06-15 20:51:00,104613.03,104796.0,104613.02,104795.99,16.84153,4135.0
2025-06-15 20:52:00,104795.99,104805.42,104763.35,104805.42,11.1513,1729.0
2025-06-15 20:53:00,104805.43,104857.13,104804.5,104804.51,7.81117,2012.0
2025-06-15 20:54:00,104804.52,104804.52,104754.01,104778.15,7.29814,1597.0
2025-06-15 20:55:00,104778.15,104788.44,104761.24,104764.73,3.12953,2005.0
2025-06-15 20:56:00,104764.73,104770.01,104736.33,104749.0,1.39465,1034.0
2025-06-15 20:57:00,104749.0,104761.0,104647.29,104654.0,9.55538,2714.0
2025-06-15 20:58:00,104654.0,104691.18,104632.09,104691.17,4.16481,2795.0
2025-06-15 20:59:00,104691.18,104729.53,104681.05,104729.53,4.49717,4883.0
2025-06-15 21:00:00,104729.53,104729.53,104679.05,104679.05,6.15791,2348.0
2025-06-15 21:01:00,104679.06,104718.69,104668.78,104718.68,5.24693,2118.0
2025-06-15 21:02:00,104718.69,104780.0,104718.68,104779.99,4.30789,2670.0
2025-06-15 21:03:00,104780.0,104808.58,104760.34,104777.25,5.87581,2476.0
2025-06-15 21:04:00,104777.26,104800.77,104777.25,104800.77,1.35161,1069.0
2025-06-15 21:05:00,104800.77,104800.77,104710.76,104715.99,4.59495,2512.0
2025-06-15 21:06:00,104716.0,104751.23,104712.45,104739.69,6.89795,2106.0
2025-06-15 21:07:00,104739.7,104750.15,104549.97,104560.27,61.6093,3969.0
2025-06-15 21:08:00,104560.27,104560.27,104550.0,104559.39,3.88929,553.0
2025-06-15 21:09:00,104559.4,104578.05,104559.39,104578.04,5.69909,621.0
2025-06-15 21:10:00,104578.04,104578.05,104554.21,104554.21,5.0991,499.0
2025-06-15 21:11:00,104554.22,104634.55,104549.8,104549.81,44.7234,2504.0
2025-06-15 21:12:00,104549.81,104549.81,104500.0,104515.0,35.64147,4327.0
2025-06-15 21:13:00,104515.01,104515.01,104494.53,104506.97,23.88478,1416.0
2025-06-15 21:14:00,104506.96,104551.56,104506.96,104551.56,11.74525,2574.0
2025-06-15 21:15:00,104551.56,104619.64,104551.55,104615.53,17.24458,5710.0
2025-06-15 21:16:00,104615.54,104695.24,104615.54,104695.23,5.6306,3398.0
2025-06-15 21:17:00,104695.23,104695.24,104649.81,104649.82,12.65117,1670.0
2025-06-15 21:18:00,104649.81,104679.88,104649.81,104679.87,9.87308,1013.0
2025-06-15 21:19:00,104679.87,104679.88,104672.52,104672.53,4.02542,505.0
2025-06-15 21:20:00,104672.52,104672.53,104660.0,104660.01,4.21179,544.0
2025-06-15 21:21:00,104660.01,104660.01,104647.05,104647.05,2.91814,743.0
2025-06-15 21:22:00,104647.06,104687.33,104647.05,104687.33,4.94171,1783.0
2025-06-15 21:23:00,104687.32,104762.07,104687.32,104762.07,4.80488,2407.0
2025-06-15 21:24:00,104762.06,104778.39,104762.06,104778.38,2.35924,399.0
2025-06-15 21:25:00,104778.38,104778.39,104748.46,104748.46,6.82336,995.0
2025-06-15 21:26:00,104748.46,104748.46,104662.16,104662.17,5.84764,2248.0
2025-06-15 21:27:00,104662.17,104752.49,104662.16,104752.48,9.29981,4501.0
2025-06-15 21:28:00,104752.48,104790.89,104752.48,104769.38,8.93746,2386.0
2025-06-15 21:29:00,104769.38,104812.0,104769.38,104812.0,5.10179,1291.0
2025-06-15 21:30:00,104811.99,104826.95,104785.52,104785.52,6.2055,2469.0
2025-06-15 21:31:00,104785.52,104785.53,104785.52,104785.52,0.71437,100.0
2025-06-15 21:32:00,104785.52,104785.53,104785.52,104785.53,2.15409,205.0
2025-06-15 21:33:00,104785.52,104785.53,104785.52,104785.52,1.60877,142.0
2025-06-15 21:34:00,104785.53,104785.53,104705.05,104705.05,6.68826,2316.0
2025-06-15 21:35:00,104705.06,104705.06,104526.74,104582.2,18.81995,4654.0
2025-06-15 21:36:00,104582.21,104597.02,104582.2,104597.01,3.84142,559.0
2025-06-15 21:37:00,104597.02,104681.08,104597.02,104681.07,3.7841,2749.0
2025-06-15 21:38:00,104681.07,104681.07,104602.11,104634.77,8.54376,2553.0
2025-06-15 21:39:00,104634.77,104639.67,104585.32,104585.32,5.43623,1175.0
2025-06-15 21:40:00,104585.33,104634.31,104585.33,104619.88,6.41178,2669.0
2025-06-15 21:41:00,104619.88,104641.29,104619.88,104641.29,2.05298,923.0
2025-06-15 21:42:00,104641.28,104647.05,104641.28,104647.04,0.84787,233.0
2025-06-15 21:43:00,104647.05,104706.29,104647.04,104706.28,5.14625,1568.0
2025-06-15 21:44:00,104706.29,104727.46,104658.47,104677.6,17.97786,2716.0
2025-06-15 21:45:00,104677.59,104700.92,104660.75,104674.32,3.09817,1124.0
2025-06-15 21:46:00,104674.33,104689.86,104660.75,104689.86,3.25506,1140.0
2025-06-15 21:47:00,104689.85,104707.85,104689.85,104707.84,1.08232,474.0
2025-06-15 21:48:00,104707.85,104758.67,104707.85,104713.74,7.84585,2858.0
2025-06-15 21:49:00,104713.74,104749.34,104713.74,104749.33,2.42219,750.0
2025-06-15 21:50:00,104749.33,104755.33,104728.07,104750.06,3.72112,1390.0
2025-06-15 21:51:00,104750.06,104750.07,104738.39,104747.14,2.92814,696.0
2025-06-15 21:52:00,104747.14,104747.15,104747.14,104747.14,1.32257,117.0
2025-06-15 21:53:00,104747.14,104804.83,104747.14,104804.82,3.22437,1366.0
2025-06-15 21:54:00,104804.82,104828.94,104799.99,104799.99,9.15908,1284.0
2025-06-15 21:55:00,104799.99,104800.0,104799.99,104799.99,0.97804,143.0
2025-06-15 21:56:00,104800.0,104800.0,104756.24,104779.72,6.66848,1606.0
2025-06-15 21:57:00,104779.73,104779.73,104750.26,104750.26,1.45213,828.0
2025-06-15 21:58:00,104750.26,104800.0,104750.26,104786.01,5.24754,1279.0
2025-06-15 21:59:00,104786.01,104818.24,104786.01,104807.75,3.46855,1478.0
2025-06-15 22:00:00,104807.75,104807.75,104760.0,104771.99,3.66712,1454.0
2025-06-15 22:01:00,104771.99,104772.0,104771.99,104772.0,1.76164,220.0
2025-06-15 22:02:00,104771.99,104793.05,104734.42,104786.87,13.5298,4137.0
2025-06-15 22:03:00,104786.88,105059.9,104786.88,105025.23,35.40083,9964.0
2025-06-15 22:04:00,105025.23,105151.18,105025.23,105060.58,21.36155,9644.0
2025-06-15 22:05:00,105060.57,105060.58,104965.62,104986.82,12.34859,5811.0
2025-06-15 22:06:00,104986.83,105096.0,104986.82,105060.22,6.00826,3769.0
2025-06-15 22:07:00,105060.22,105149.3,105060.22,105123.39,14.99023,3840.0
2025-06-15 22:08:00,105123.39,105143.31,105027.95,105044.1,9.18487,4326.0
2025-06-15 22:09:00,105044.11,105044.24,104996.59,105044.11,7.70471,2644.0
2025-06-15 22:10:00,105044.12,105044.12,104995.33,104995.33,7.2096,2031.0
2025-06-15 22:11:00,104995.33,105128.59,104994.75,105108.57,9.28281,3333.0
2025-06-15 22:12:00,105108.57,105108.58,105067.66,105108.57,4.65842,2568.0
2025-06-15 22:13:00,105108.57,105143.98,105095.96,105095.96,7.85438,3059.0
2025-06-15 22:14:00,105095.97,105150.0,105095.97,105149.99,3.31831,1604.0
2025-06-15 22:15:00,105150.0,105157.32,105057.11,105097.13,16.39767,5988.0
2025-06-15 22:16:00,105097.13,105122.44,105079.63,105086.9,6.14983,2750.0
2025-06-15 22:17:00,105086.9,105098.83,105037.26,105070.05,15.84181,3753.0
2025-06-15 22:18:00,105070.05,105159.99,105066.02,105130.03,6.90386,3272.0
2025-06-15 22:19:00,105130.04,105153.29,105110.71,105144.97,6.44361,2176.0
2025-06-15 22:20:00,105144.98,105164.01,105144.97,105159.31,3.47387,1296.0
2025-06-15 22:21:00,105159.31,105173.37,105091.0,105123.5,11.43005,4819.0
2025-06-15 22:22:00,105123.5,105135.23,105109.34,105134.05,4.41105,1459.0
2025-06-15 22:23:00,105134.05,105157.27,105134.05,105155.99,5.30315,1603.0
2025-06-15 22:24:00,105155.99,105176.48,105155.99,105176.47,2.49034,1675.0
2025-06-15 22:25:00,105176.47,105239.59,105176.47,105239.59,8.64906,3058.0
2025-06-15 22:26:00,105239.59,105285.7,105239.59,105285.7,12.9175,3091.0
2025-06-15 22:27:00,105285.7,105285.71,105244.47,105244.47,2.75557,1207.0
2025-06-15 22:28:00,105244.47,105244.47,105091.48,105099.06,10.68521,6038.0
2025-06-15 22:29:00,105099.05,105174.49,105090.56,105174.49,4.11809,3294.0
2025-06-15 22:30:00,105174.49,105220.59,105145.67,105145.67,16.1646,3098.0
2025-06-15 22:31:00,105145.68,105205.55,105096.12,105190.01,7.7434,4835.0
2025-06-15 22:32:00,105190.0,105220.59,105189.92,105197.43,3.4513,1512.0
2025-06-15 22:33:00,105197.42,105197.43,105176.47,105180.14,2.90487,777.0
2025-06-15 22:34:00,105180.14,105232.0,105180.14,105232.0,2.23913,1580.0
2025-06-15 22:35:00,105231.99,105231.99,105200.86,105217.77,5.76693,2369.0
2025-06-15 22:36:00,105217.77,105238.57,105206.85,105238.56,1.06099,1027.0
2025-06-15 22:37:00,105238.57,105246.94,105219.62,105219.62,5.91945,2030.0
2025-06-15 22:38:00,105219.62,105219.62,105143.56,105163.99,8.19291,3329.0
2025-06-15 22:39:00,105164.0,105167.86,105143.98,105161.86,5.36965,1752.0
2025-06-15 22:40:00,105161.86,105163.99,105149.99,105163.98,3.73765,1066.0
2025-06-15 22:41:00,105163.97,105180.0,105163.97,105166.53,3.54585,949.0
2025-06-15 22:42:00,105166.53,105166.53,105039.82,105055.71,12.45387,4183.0
2025-06-15 22:43:00,105055.71,105083.82,105055.71,105077.46,4.01558,1076.0
2025-06-15 22:44:00,105077.46,105232.0,105077.46,105214.0,10.5216,4800.0
2025-06-15 22:45:00,105214.0,105305.5,105214.0,105304.0,4.66754,2722.0
2025-06-15 22:46:00,105304.0,105304.01,105285.67,105301.99,1.69048,958.0
2025-06-15 22:47:00,105301.99,105346.73,105301.99,105334.0,6.29008,1617.0
2025-06-15 22:48:00,105334.0,105359.96,105334.0,105334.01,5.49367,2162.0
2025-06-15 22:49:00,105334.01,105334.01,105281.06,105281.06,4.27027,2384.0
2025-06-15 22:50:00,105281.06,105329.17,105271.98,105329.17,2.52562,2242.0
2025-06-15 22:51:00,105329.16,105338.82,105329.16,105338.81,1.3361,518.0
2025-06-15 22:52:00,105338.82,105343.35,105311.77,105313.81,6.37517,1248.0
2025-06-15 22:53:00,105313.81,105313.81,105225.32,105225.32,4.35803,2914.0
2025-06-15 22:54:00,105225.32,105284.38,105214.26,105284.37,3.36665,1865.0
2025-06-15 22:55:00,105284.38,105341.55,105284.38,105341.55,2.52563,1626.0
2025-06-15 22:56:00,105341.55,105343.34,105324.67,105324.68,5.16811,969.0
2025-06-15 22:57:00,105324.68,105324.68,105308.82,105308.82,0.44843,525.0
2025-06-15 22:58:00,105308.82,105322.52,105251.09,105271.57,12.71283,2295.0
2025-06-15 22:59:00,105271.56,105271.57,105255.04,105263.51,1.6639,678.0
2025-06-15 23:00:00,105263.52,105297.2,105263.52,105266.89,6.19387,1694.0
2025-06-15 23:01:00,105266.9,105269.7,105243.38,105269.7,7.69572,1488.0
2025-06-15 23:02:00,105269.69,105307.15,105263.7,105307.14,2.08852,1147.0
2025-06-15 23:03:00,105307.15,105317.42,105302.0,105308.81,0.99954,831.0
2025-06-15 23:04:00,105308.82,105308.82,105287.96,105296.88,7.87471,1231.0
2025-06-15 23:05:00,105296.89,105367.61,105296.88,105367.61,3.81573,1524.0
2025-06-15 23:06:00,105367.61,105396.14,105367.61,105396.13,7.15201,1896.0
2025-06-15 23:07:00,105396.14,105396.14,105339.99,105372.47,9.80916,2135.0
2025-06-15 23:08:00,105372.46,105397.41,105352.94,105352.94,5.90412,1556.0
2025-06-15 23:09:00,105352.94,105377.58,105352.94,105356.5,4.3029,1372.0
2025-06-15 23:10:00,105356.51,105372.54,105340.84,105372.53,1.47091,1710.0
2025-06-15 23:11:00,105372.53,105372.53,105278.28,105278.29,8.13696,2242.0
2025-06-15 23:12:00,105278.29,105278.29,105226.79,105255.0,3.03059,2247.0
2025-06-15 23:13:00,105255.01,105283.75,105255.0,105275.03,2.27327,1326.0
2025-06-15 23:14:00,105275.02,105275.02,105251.85,105264.52,3.75068,1179.0
2025-06-15 23:15:00,105264.52,105305.78,105254.0,105286.62,4.06357,2157.0
2025-06-15 23:16:00,105286.63,105340.0,105286.62,105308.12,7.10092,2920.0
2025-06-15 23:17:00,105308.11,105318.88,105304.11,105304.11,2.97747,943.0
2025-06-15 23:18:00,105304.12,105352.95,105304.11,105352.93,3.52609,1384.0
2025-06-15 23:19:00,105352.93,105433.0,105352.93,105425.05,8.13744,3227.0
2025-06-15 23:20:00,105425.05,105469.46,105425.05,105445.88,12.23482,3933.0
2025-06-15 23:21:00,105445.88,105445.89,105364.01,105364.01,4.54386,2405.0
2025-06-15 23:22:00,105364.01,105392.27,105346.38,105386.27,6.73412,2554.0
2025-06-15 23:23:00,105386.27,105390.0,105342.03,105342.03,9.30851,1906.0
2025-06-15 23:24:00,105342.04,105380.0,105341.0,105361.17,6.35644,1972.0
2025-06-15 23:25:00,105361.17,105415.26,105361.17,105404.72,9.28104,3488.0
2025-06-15 23:26:00,105404.71,105411.56,105376.29,105411.56,8.56332,2274.0
2025-06-15 23:27:00,105411.56,105441.18,105411.56,105433.53,3.26491,1484.0
2025-06-15 23:28:00,105433.54,105433.54,105391.78,105407.91,4.9417,1892.0
2025-06-15 23:29:00,105407.91,105423.14,105401.92,105423.14,1.62487,854.0
2025-06-15 23:30:00,105423.13,105464.6,105423.13,105458.0,8.49142,1448.0
2025-06-15 23:31:00,105458.0,105501.28,105429.46,105501.27,14.14165,3606.0
2025-06-15 23:32:00,105501.27,105504.67,105485.29,105485.3,9.47572,1054.0
2025-06-15 23:33:00,105485.29,105495.0,105448.29,105494.99,5.17158,1975.0
2025-06-15 23:34:00,105495.0,105500.25,105486.77,105500.25,2.0972,913.0
2025-06-15 23:35:00,105500.26,105526.31,105500.25,105526.3,2.71816,1447.0
2025-06-15 23:36:00,105526.31,105546.49,105518.87,105518.87,7.98803,2617.0
2025-06-15 23:37:00,105518.88,105524.51,105518.87,105524.5,1.46971,258.0
2025-06-15 23:38:00,105524.51,105540.0,105524.5,105539.99,4.02394,1504.0
2025-06-15 23:39:00,105539.99,105550.0,105524.5,105524.5,5.35487,1577.0
2025-06-15 23:40:00,105524.5,105524.51,105485.29,105517.31,9.16887,2373.0
2025-06-15 23:41:00,105517.3,105548.07,105517.3,105548.06,4.83538,1143.0
2025-06-15 23:42:00,105548.07,105566.07,105530.43,105540.0,7.57513,2548.0
2025-06-15 23:43:00,105540.0,105607.59,105539.7,105607.59,13.75811,1647.0
2025-06-15 23:44:00,105607.58,105616.96,105607.58,105607.59,3.49137,780.0
2025-06-15 23:45:00,105607.59,105607.6,105534.83,105549.98,9.67052,2954.0
2025-06-15 23:46:00,105549.98,105580.0,105549.98,105579.99,5.13715,1348.0
2025-06-15 23:47:00,105580.0,105583.27,105579.99,105583.27,2.6663,478.0
2025-06-15 23:48:00,105584.0,105617.82,105566.79,105617.64,11.81755,2638.0
2025-06-15 23:49:00,105617.65,105617.65,105555.98,105560.01,7.14279,1652.0
2025-06-15 23:50:00,105560.0,105603.68,105560.0,105560.0,7.76554,2427.0
2025-06-15 23:51:00,105560.0,105586.33,105544.21,105572.02,13.5826,2440.0
2025-06-15 23:52:00,105572.02,105572.03,105504.45,105510.45,6.75962,2067.0
2025-06-15 23:53:00,105510.46,105510.46,105463.54,105476.69,9.63441,1723.0
2025-06-15 23:54:00,105476.68,105508.12,105476.68,105485.29,6.37373,1918.0
2025-06-15 23:55:00,105485.29,105505.2,105485.29,105505.19,1.92676,469.0
2025-06-15 23:56:00,105505.2,105544.69,105505.19,105544.69,7.23723,1404.0
2025-06-15 23:57:00,105544.68,105567.57,105541.41,105553.92,9.11007,2216.0
2025-06-15 23:58:00,105553.92,105553.93,105544.36,105549.39,10.6826,1125.0
2025-06-15 23:59:00,105549.39,105594.02,105549.39,105594.01,4.99029,1906.0
2025-06-16 00:00:00,105594.02,105597.07,105542.53,105549.42,14.66974,2463.0
2025-06-16 00:01:00,105549.43,105551.93,105508.33,105551.93,6.23772,2604.0
2025-06-16 00:02:00,105551.93,105610.3,105551.92,105564.15,10.04145,2564.0
2025-06-16 00:03:00,105564.16,105585.93,105564.14,105576.0,4.46636,1944.0
2025-06-16 00:04:00,105576.0,105600.21,105554.01,105600.2,4.4876,1565.0
2025-06-16 00:05:00,105600.2,105617.65,105600.2,105608.34,19.86613,1152.0
2025-06-16 00:06:00,105608.34,105615.75,105605.61,105605.61,4.3523,993.0
2025-06-16 00:07:00,105605.61,105616.21,105605.61,105616.2,2.20216,463.0
2025-06-16 00:08:00,105616.21,105616.21,105584.25,105603.42,7.06258,1590.0
2025-06-16 00:09:00,105603.42,105603.42,105541.93,105557.26,18.00961,2872.0
2025-06-16 00:10:00,105557.26,105557.27,105529.41,105529.41,2.96884,1148.0
2025-06-16 00:11:00,105529.42,105529.42,105499.14,105499.15,5.09298,951.0
2025-06-16 00:12:00,105499.15,105499.15,105466.85,105477.39,4.22635,1380.0
2025-06-16 00:13:00,105477.39,105535.69,105477.39,105535.69,4.3385,1863.0
2025-06-16 00:14:00,105535.69,105545.52,105509.35,105509.36,5.46073,1843.0
2025-06-16 00:15:00,105509.36,105565.25,105509.35,105544.68,29.31839,2023.0
2025-06-16 00:16:00,105544.69,105544.69,105510.49,105539.77,2.69865,1632.0
2025-06-16 00:17:00,105539.78,105540.0,105529.41,105529.42,4.00247,737.0
2025-06-16 00:18:00,105529.42,105529.42,105388.0,105388.0,7.37328,3563.0
2025-06-16 00:19:00,105388.01,105393.77,105370.28,105393.77,2.70855,1332.0
2025-06-16 00:20:00,105393.77,105428.69,105393.76,105419.74,3.57883,1220.0
2025-06-16 00:21:00,105419.74,105427.98,105388.7,105427.98,6.04694,2096.0
2025-06-16 00:22:00,105427.98,105520.0,105427.98,105485.3,7.48052,3454.0
2025-06-16 00:23:00,105485.29,105485.29,105451.99,105479.99,6.82935,1858.0
2025-06-16 00:24:00,105479.99,105480.0,105420.0,105422.01,5.1887,2461.0
2025-06-16 00:25:00,105422.01,105468.66,105422.01,105468.65,2.01124,1255.0
2025-06-16 00:26:00,105468.66,105612.15,105468.66,105612.15,10.15959,3803.0
2025-06-16 00:27:00,105612.15,105769.85,105612.14,105769.84,35.569,5721.0
2025-06-16 00:28:00,105769.84,105769.85,105670.66,105670.66,9.35517,2424.0
2025-06-16 00:29:00,105670.67,105670.67,105455.18,105470.17,10.63187,5166.0
2025-06-16 00:30:00,105470.16,105496.26,105456.0,105456.0,6.93614,1796.0
2025-06-16 00:31:00,105456.01,105456.01,105386.29,105386.29,6.08425,2573.0
2025-06-16 00:32:00,105386.28,105407.17,105380.0,105400.14,1.99025,1389.0
2025-06-16 00:33:00,105400.15,105512.23,105392.28,105483.0,13.30888,5452.0
2025-06-16 00:34:00,105483.01,105560.0,105483.0,105560.0,5.09697,2828.0
2025-06-16 00:35:00,105559.99,105560.0,105494.87,105506.0,6.36487,2217.0
2025-06-16 00:36:00,105505.99,105534.09,105505.99,105527.47,2.97992,1508.0
2025-06-16 00:37:00,105527.47,105638.76,105527.47,105626.18,8.98015,4102.0
2025-06-16 00:38:00,105626.19,105639.96,105597.93,105597.93,4.18035,983.0
2025-06-16 00:39:00,105597.93,105597.93,105549.53,105558.16,5.12653,2602.0
2025-06-16 00:40:00,105558.16,105559.0,105541.61,105557.87,4.59212,1592.0
2025-06-16 00:41:00,105557.87,105569.44,105557.87,105557.87,5.5935,775.0
2025-06-16 00:42:00,105557.87,105557.87,105463.54,105463.54,8.08886,2529.0
2025-06-16 00:43:00,105463.55,105520.0,105444.0,105520.0,4.92412,2378.0
2025-06-16 00:44:00,105520.0,105552.02,105520.0,105552.01,2.0232,1692.0
2025-06-16 00:45:00,105552.01,105613.24,105552.01,105583.49,8.12783,2585.0
2025-06-16 00:46:00,105583.49,105583.49,105485.29,105485.29,3.77989,2981.0
2025-06-16 00:47:00,105485.3,105516.87,105454.18,105499.42,7.92875,3086.0
2025-06-16 00:48:00,105499.42,105499.43,105450.57,105465.39,6.06292,2051.0
2025-06-16 00:49:00,105465.39,105465.4,105441.17,105441.32,4.46897,1892.0
2025-06-16 00:50:00,105441.17,105441.17,105421.25,105439.67,1.44772,1034.0
2025-06-16 00:51:00,105439.67,105439.67,105382.6,105395.52,8.78169,2964.0
2025-06-16 00:52:00,105395.52,105400.0,105384.0,105400.0,3.55517,1075.0
2025-06-16 00:53:00,105400.0,105459.55,105400.0,105441.17,12.53685,2221.0
2025-06-16 00:54:00,105441.17,105441.17,105412.11,105419.03,1.91036,906.0
2025-06-16 00:55:00,105419.03,105419.04,105373.95,105381.99,5.4772,1730.0
2025-06-16 00:56:00,105382.0,105420.01,105352.94,105420.01,7.71514,3167.0
2025-06-16 00:57:00,105420.0,105420.01,105403.6,105409.6,3.30912,644.0
2025-06-16 00:58:00,105409.6,105432.14,105409.6,105432.14,2.02709,1071.0
2025-06-16 00:59:00,105432.13,105432.14,105411.33,105429.32,2.31977,938.0
2025-06-16 01:00:00,105429.32,105439.4,105417.06,105418.74,4.90633,1685.0
2025-06-16 01:01:00,105418.75,105421.57,105403.13,105405.26,5.73811,1221.0
2025-06-16 01:02:00,105405.25,105409.39,105404.0,105407.44,3.12216,532.0
2025-06-16 01:03:00,105407.45,105407.45,105362.19,105368.0,1.81922,1862.0
2025-06-16 01:04:00,105368.01,105465.66,105362.01,105458.12,5.40674,3826.0
2025-06-16 01:05:00,105458.12,105458.12,105397.05,105402.0,2.95578,2460.0
2025-06-16 01:06:00,105402.0,105402.0,105364.61,105377.99,3.00545,1580.0
2025-06-16 01:07:00,105377.99,105380.02,105210.23,105210.24,25.35103,4799.0
2025-06-16 01:08:00,105210.24,105210.24,105051.88,105088.45,25.22934,4795.0
2025-06-16 01:09:00,105088.45,105213.2,105088.45,105207.01,17.02528,5130.0
2025-06-16 01:10:00,105207.01,105213.0,105196.01,105213.0,3.35421,1116.0
2025-06-16 01:11:00,105213.0,105237.56,105159.99,105160.0,2.80635,2582.0
2025-06-16 01:12:00,105160.0,105162.51,105134.02,105162.51,2.65834,1365.0
2025-06-16 01:13:00,105162.51,105179.01,105094.75,105112.0,14.58348,2284.0
2025-06-16 01:14:00,105112.0,105140.0,105109.18,105140.0,1.96599,1018.0
2025-06-16 01:15:00,105140.0,105145.27,105015.62,105015.62,6.40816,3647.0
2025-06-16 01:16:00,105015.63,105069.15,105007.37,105069.14,8.37926,3351.0
2025-06-16 01:17:00,105069.14,105104.5,105044.11,105100.01,3.52844,2945.0
2025-06-16 01:18:00,105100.01,105111.93,105062.84,105082.88,2.3374,2352.0
2025-06-16 01:19:00,105082.89,105132.36,105082.88,105130.0,4.5702,2626.0
2025-06-16 01:20:00,105129.99,105168.62,105088.24,105088.24,5.50716,2975.0
2025-06-16 01:21:00,105088.23,105108.02,105064.62,105108.01,3.28762,2013.0
2025-06-16 01:22:00,105108.02,105145.81,105101.31,105145.8,5.04031,2934.0
2025-06-16 01:23:00,105145.81,105161.5,105119.55,105140.0,8.22273,2583.0
2025-06-16 01:24:00,105140.0,105140.0,105103.44,105116.2,2.27023,1265.0
2025-06-16 01:25:00,105116.2,105169.72,105116.2,105145.72,4.80163,2737.0
2025-06-16 01:26:00,105145.73,105145.73,105061.2,105088.23,3.56322,2272.0
2025-06-16 01:27:00,105088.23,105111.96,105088.23,105094.0,1.39457,1018.0
2025-06-16 01:28:00,105094.0,105119.99,105092.08,105119.99,1.18462,1241.0
2025-06-16 01:29:00,105120.0,105126.1,105100.77,105100.77,1.02002,1020.0
2025-06-16 01:30:00,105100.78,105100.78,104999.99,105014.94,25.41775,4399.0
2025-06-16 01:31:00,105014.95,105038.2,104980.37,104980.37,12.57622,1964.0
2025-06-16 01:32:00,104980.38,105029.98,104980.37,105029.98,4.75455,1829.0
2025-06-16 01:33:00,105029.97,105137.65,105029.97,105137.64,3.09789,3909.0
2025-06-16 01:34:00,105137.65,105188.62,105132.35,105132.36,5.22913,2593.0
2025-06-16 01:35:00,105132.36,105132.36,105090.65,105117.69,7.89301,2250.0
2025-06-16 01:36:00,105117.69,105194.8,105117.69,105157.71,12.12575,3094.0
2025-06-16 01:37:00,105157.71,105280.0,105144.0,105280.0,18.33383,3408.0
2025-06-16 01:38:00,105279.99,105389.6,105264.85,105379.38,13.22302,4330.0
2025-06-16 01:39:00,105379.38,105379.38,105334.77,105367.32,7.82276,2158.0
2025-06-16 01:40:00,105367.32,105378.77,105340.99,105346.23,8.38777,1332.0
2025-06-16 01:41:00,105346.23,105389.25,105341.55,105389.25,6.39603,1819.0
2025-06-16 01:42:00,105389.24,105485.3,105389.24,105480.04,16.38044,3654.0
2025-06-16 01:43:00,105480.04,105553.13,105480.04,105553.13,10.59379,2506.0
2025-06-16 01:44:00,105553.13,105633.27,105553.12,105600.0,6.88512,3749.0
2025-06-16 01:45:00,105600.0,105714.28,105594.0,105693.44,11.57064,3775.0
2025-06-16 01:46:00,105693.45,105706.53,105646.64,105653.42,11.92956,2945.0
2025-06-16 01:47:00,105653.43,105710.07,105651.2,105684.67,6.85979,2913.0
2025-06-16 01:48:00,105684.66,105684.67,105631.96,105631.96,3.92516,2153.0
2025-06-16 01:49:00,105631.97,105631.97,105503.53,105508.6,5.02986,3150.0
2025-06-16 01:50:00,105508.6,105605.24,105508.6,105589.36,11.24736,2870.0
2025-06-16 01:51:00,105589.37,105684.82,105589.36,105684.81,4.90245,1966.0
2025-06-16 01:52:00,105684.82,105838.24,105677.32,105804.66,61.88709,6330.0
2025-06-16 01:53:00,105804.67,105885.0,105793.56,105793.56,19.05771,4596.0
2025-06-16 01:54:00,105793.56,105847.12,105793.56,105847.11,6.04669,3393.0
2025-06-16 01:55:00,105847.11,105882.36,105847.11,105867.86,4.34905,2068.0
2025-06-16 01:56:00,105867.86,105870.0,105813.89,105843.54,7.27978,3681.0
2025-06-16 01:57:00,105843.53,105882.36,105803.8,105844.89,27.53792,5626.0
2025-06-16 01:58:00,105844.89,105846.05,105826.21,105826.21,25.77419,2249.0
2025-06-16 01:59:00,105826.21,105826.22,105800.0,105815.08,11.30469,2577.0
2025-06-16 02:00:00,105815.09,105879.24,105800.28,105803.99,20.36946,6099.0
2025-06-16 02:01:00,105803.99,105860.43,105803.99,105831.85,14.61276,3649.0
2025-06-16 02:02:00,105831.85,105895.78,105807.79,105807.79,16.46341,4128.0
2025-06-16 02:03:00,105807.79,105818.78,105790.34,105790.34,6.33384,2090.0
2025-06-16 02:04:00,105790.35,105864.63,105790.34,105845.7,4.00325,2569.0
2025-06-16 02:05:00,105845.69,105882.36,105838.23,105879.44,6.43866,1225.0
2025-06-16 02:06:00,105879.44,105900.0,105850.7,105850.77,7.73924,2696.0
2025-06-16 02:07:00,105850.78,105889.54,105850.77,105854.58,2.79209,1916.0
2025-06-16 02:08:00,105854.58,105876.66,105808.64,105826.91,10.4141,3107.0
2025-06-16 02:09:00,105826.91,105926.48,105826.91,105902.11,12.86761,2750.0
2025-06-16 02:10:00,105902.12,105926.48,105902.12,105926.48,5.9753,1356.0
2025-06-16 02:11:00,105926.47,105941.24,105918.05,105926.89,6.85875,1623.0
2025-06-16 02:12:00,105926.89,105928.67,105902.12,105919.25,5.33041,1577.0
2025-06-16 02:13:00,105919.26,105962.56,105886.07,105886.07,13.95707,3578.0
2025-06-16 02:14:00,105886.08,105920.0,105863.36,105920.0,5.07758,1672.0
2025-06-16 02:15:00,105920.0,105949.99,105910.46,105939.39,11.35146,3113.0
2025-06-16 02:16:00,105939.4,105970.59,105918.67,105918.67,15.27462,2621.0
2025-06-16 02:17:00,105918.68,105956.25,105892.07,105956.24,11.78863,3397.0
2025-06-16 02:18:00,105956.25,105969.16,105938.64,105951.09,7.03901,2046.0
2025-06-16 02:19:00,105951.09,105958.0,105938.0,105952.15,22.34277,1224.0
2025-06-16 02:20:00,105952.15,105952.16,105891.14,105891.15,13.72108,2549.0
2025-06-16 02:21:00,105891.15,105903.14,105891.14,105903.13,6.16459,580.0
2025-06-16 02:22:00,105903.13,105939.75,105825.0,105825.0,18.26504,4164.0
2025-06-16 02:23:00,105825.0,105825.0,105720.12,105746.26,11.11114,4223.0
2025-06-16 02:24:00,105746.26,105764.03,105705.59,105738.07,5.92032,2139.0
2025-06-16 02:25:00,105738.07,105738.08,105734.01,105734.01,4.33828,315.0
2025-06-16 02:26:00,105734.02,105838.23,105728.02,105830.0,5.34445,2216.0
2025-06-16 02:27:00,105829.99,105830.0,105743.59,105793.66,3.54492,2932.0
2025-06-16 02:28:00,105793.66,105825.01,105784.92,105807.65,4.87339,2830.0
2025-06-16 02:29:00,105807.65,105807.66,105768.94,105780.26,9.42485,2258.0
2025-06-16 02:30:00,105780.25,105780.25,105740.63,105740.63,2.34244,1999.0
2025-06-16 02:31:00,105740.63,105740.64,105684.46,105684.46,3.20493,2729.0
2025-06-16 02:32:00,105684.47,105760.0,105684.47,105724.78,7.29229,2246.0
2025-06-16 02:33:00,105724.78,105732.0,105705.71,105712.4,6.15554,1582.0
2025-06-16 02:34:00,105712.4,105723.58,105694.52,105701.86,14.03385,1315.0
2025-06-16 02:35:00,105701.86,105743.09,105701.85,105743.08,1.5212,1125.0
2025-06-16 02:36:00,105743.08,105787.98,105743.08,105766.04,6.94729,2349.0
2025-06-16 02:37:00,105766.04,105766.05,105704.63,105727.11,9.80214,3455.0
2025-06-16 02:38:00,105727.12,105745.48,105727.12,105743.88,8.26566,874.0
2025-06-16 02:39:00,105743.88,105749.88,105738.59,105749.47,2.70657,1064.0
2025-06-16 02:40:00,105749.47,105798.87,105744.95,105788.08,2.50143,1270.0
2025-06-16 02:41:00,105788.08,105897.22,105788.07,105862.89,9.59538,3025.0
2025-06-16 02:42:00,105862.88,105878.25,105848.43,105855.98,3.74015,1423.0
2025-06-16 02:43:00,105855.99,105855.99,105824.42,105843.48,2.10268,1201.0
2025-06-16 02:44:00,105843.48,105843.48,105833.99,105833.99,3.80758,552.0
2025-06-16 02:45:00,105833.99,105834.0,105802.69,105802.69,2.79153,1466.0
2025-06-16 02:46:00,105802.69,105802.69,105784.84,105800.0,2.33509,1827.0
2025-06-16 02:47:00,105799.99,105819.2,105799.99,105804.83,4.02906,983.0
2025-06-16 02:48:00,105804.83,105828.84,105792.47,105828.83,4.7677,1331.0
2025-06-16 02:49:00,105828.83,105839.75,105828.83,105833.75,8.87179,814.0
2025-06-16 02:50:00,105833.75,105851.0,105833.75,105840.77,6.43002,821.0
2025-06-16 02:51:00,105840.78,105840.78,105816.64,105816.64,3.12509,1015.0
2025-06-16 02:52:00,105816.65,105845.47,105804.55,105845.47,5.84078,1566.0
2025-06-16 02:53:00,105845.47,105850.47,105832.49,105837.49,3.11428,903.0
2025-06-16 02:54:00,105837.48,105837.49,105823.38,105831.34,0.96696,660.0
2025-06-16 02:55:00,105831.34,105831.35,105820.78,105822.52,0.65975,379.0
2025-06-16 02:56:00,105822.53,105828.12,105822.53,105828.12,1.23369,301.0
2025-06-16 02:57:00,105828.11,105851.72,105788.54,105788.54,12.97495,3271.0
2025-06-16 02:58:00,105788.55,105812.9,105788.54,105812.9,2.27046,861.0
2025-06-16 02:59:00,105812.89,105812.9,105785.5,105785.51,1.93705,724.0
2025-06-16 03:00:00,105785.51,105785.51,105767.09,105767.09,2.3779,850.0
2025-06-16 03:01:00,105767.1,105767.1,105733.2,105733.21,6.27129,923.0
2025-06-16 03:02:00,105733.21,105733.21,105708.93,105708.93,1.79791,751.0
2025-06-16 03:03:00,105708.93,105739.14,105708.93,105739.13,2.00879,810.0
2025-06-16 03:04:00,105739.13,105739.14,105739.13,105739.13,0.4114,106.0
2025-06-16 03:05:00,105739.13,105739.14,105739.13,105739.13,1.01925,155.0
2025-06-16 03:06:00,105739.13,105753.92,105727.46,105753.91,1.40949,1044.0
2025-06-16 03:07:00,105753.92,105784.85,105753.91,105784.84,1.32746,777.0
2025-06-16 03:08:00,105784.85,105786.77,105775.85,105775.85,2.94362,664.0
2025-06-16 03:09:00,105775.85,105775.86,105759.99,105759.99,1.42279,615.0
2025-06-16 03:10:00,105759.99,105787.92,105744.0,105787.91,5.70121,1209.0
2025-06-16 03:11:00,105787.92,105851.72,105787.91,105851.71,15.14514,742.0
2025-06-16 03:12:00,105851.72,105866.0,105851.7,105865.99,13.22267,553.0
2025-06-16 03:13:00,105865.99,105868.0,105865.99,105867.99,7.21628,351.0
2025-06-16 03:14:00,105867.99,105878.27,105867.99,105873.96,8.31045,461.0
2025-06-16 03:15:00,105873.96,105900.0,105873.96,105899.99,3.96251,1158.0
2025-06-16 03:16:00,105900.0,105900.0,105882.85,105882.85,7.71273,629.0
2025-06-16 03:17:00,105882.85,105882.86,105861.52,105868.26,10.85473,835.0
2025-06-16 03:18:00,105868.26,105900.0,105868.25,105870.75,11.18311,1396.0
2025-06-16 03:19:00,105870.76,105870.76,105854.38,105854.38,3.84826,699.0
2025-06-16 03:20:00,105854.38,105854.39,105785.15,105789.6,14.90384,1921.0
2025-06-16 03:21:00,105789.61,105839.67,105789.6,105839.66,4.526,988.0
2025-06-16 03:22:00,105839.67,105878.27,105839.67,105863.6,7.58762,1327.0
2025-06-16 03:23:00,105863.6,105878.79,105859.73,105878.79,1.75916,711.0
2025-06-16 03:24:00,105878.79,105899.92,105878.79,105899.91,1.80551,520.0
2025-06-16 03:25:00,105899.92,105966.0,105899.92,105919.06,10.15464,2779.0
2025-06-16 03:26:00,105919.07,105939.32,105900.12,105939.32,2.23989,1024.0
2025-06-16 03:27:00,105939.32,105947.83,105939.32,105947.82,2.10569,359.0
2025-06-16 03:28:00,105947.82,105947.83,105927.4,105927.4,2.17746,592.0
2025-06-16 03:29:00,105927.4,105933.13,105927.4,105933.13,0.76631,170.0
2025-06-16 03:30:00,105933.12,105933.13,105925.04,105925.04,3.86809,523.0
2025-06-16 03:31:00,105925.05,105944.0,105921.71,105921.71,4.28267,1118.0
2025-06-16 03:32:00,105921.72,105921.72,105913.04,105920.0,1.64953,699.0
2025-06-16 03:33:00,105919.99,105942.28,105919.99,105942.27,2.40845,485.0
2025-06-16 03:34:00,105942.28,105942.28,105931.83,105931.84,1.83183,450.0
2025-06-16 03:35:00,105931.83,105931.84,105899.53,105899.53,2.49957,1587.0
2025-06-16 03:36:00,105899.54,105930.46,105899.54,105930.46,1.634,754.0
2025-06-16 03:37:00,105930.47,105939.98,105930.11,105930.11,1.35823,391.0
2025-06-16 03:38:00,105930.12,105930.12,105885.16,105885.16,3.00286,1726.0
2025-06-16 03:39:00,105885.16,105885.17,105878.78,105878.78,1.216,461.0
2025-06-16 03:40:00,105878.79,105886.62,105878.26,105886.62,1.83501,647.0
2025-06-16 03:41:00,105886.62,105900.0,105886.62,105900.0,1.16453,360.0
2025-06-16 03:42:00,105899.99,105900.0,105886.34,105886.34,1.82587,560.0
2025-06-16 03:43:00,105886.34,105888.26,105863.67,105888.26,4.77937,1511.0
2025-06-16 03:44:00,105888.26,105900.0,105888.25,105892.03,2.99433,678.0
2025-06-16 03:45:00,105892.02,105892.02,105860.0,105860.0,2.74086,1230.0
2025-06-16 03:46:00,105860.0,105869.99,105843.47,105869.99,7.54748,1479.0
2025-06-16 03:47:00,105870.0,105870.0,105869.99,105869.99,0.85658,102.0
2025-06-16 03:48:00,105870.0,105870.0,105851.12,105851.12,2.38481,926.0
2025-06-16 03:49:00,105851.12,105867.87,105851.12,105867.2,3.68056,494.0
2025-06-16 03:50:00,105867.2,105900.0,105867.2,105899.99,8.12115,670.0
2025-06-16 03:51:00,105900.0,105900.0,105888.82,105895.52,10.33621,705.0
2025-06-16 03:52:00,105895.52,105895.53,105863.75,105894.7,15.0793,1618.0
2025-06-16 03:53:00,105894.7,105901.17,105893.07,105901.16,5.13322,595.0
2025-06-16 03:54:00,105901.17,105940.0,105901.16,105939.99,10.20701,1835.0
2025-06-16 03:55:00,105939.99,105940.0,105928.62,105928.62,1.47984,325.0
2025-06-16 03:56:00,105928.62,105928.63,105922.15,105922.16,0.70051,347.0
2025-06-16 03:57:00,105922.16,105935.78,105922.15,105935.77,0.56666,429.0
2025-06-16 03:58:00,105935.77,105935.78,105923.97,105923.97,1.03927,404.0
2025-06-16 03:59:00,105923.97,105923.98,105921.84,105921.84,1.11922,266.0
2025-06-16 04:00:00,105921.85,105921.85,105921.84,105921.84,3.01897,297.0
2025-06-16 04:01:00,105921.85,105921.85,105874.48,105878.27,4.69834,1424.0
2025-06-16 04:02:00,105878.27,105904.97,105878.12,105904.96,5.46668,1788.0
2025-06-16 04:03:00,105904.97,105913.05,105891.13,105895.99,9.48621,1005.0
2025-06-16 04:04:00,105895.99,105911.2,105889.74,105911.19,4.21939,962.0
2025-06-16 04:05:00,105911.19,105925.19,105907.59,105925.18,5.86132,899.0
2025-06-16 04:06:00,105925.19,105943.03,105925.18,105942.99,5.00492,587.0
2025-06-16 04:07:00,105943.0,105943.99,105943.0,105943.98,2.46556,274.0
2025-06-16 04:08:00,105943.98,105943.99,105900.73,105920.71,9.36752,1635.0
2025-06-16 04:09:00,105920.71,105936.81,105920.71,105936.8,1.88218,337.0
2025-06-16 04:10:00,105936.81,105940.0,105936.8,105940.0,1.52616,311.0
2025-06-16 04:11:00,105939.99,105988.0,105939.99,105987.99,7.25864,1386.0
2025-06-16 04:12:00,105987.99,105988.0,105974.2,105974.2,4.57375,507.0
2025-06-16 04:13:00,105974.2,105974.21,105962.51,105971.99,1.95652,733.0
2025-06-16 04:14:00,105971.99,106024.73,105971.99,106024.73,101.80651,3685.0
2025-06-16 04:15:00,106024.72,106028.0,106002.08,106002.08,8.45985,1393.0
2025-06-16 04:16:00,106002.08,106002.09,105974.0,105993.93,9.89274,1639.0
2025-06-16 04:17:00,105993.93,105995.72,105993.93,105995.71,4.01822,277.0
2025-06-16 04:18:00,105995.71,105999.98,105995.71,105999.97,1.17806,253.0
2025-06-16 04:19:00,105999.98,106026.74,105980.42,106026.73,3.55602,1163.0
2025-06-16 04:20:00,106026.73,106032.61,106017.08,106032.61,5.29242,988.0
2025-06-16 04:21:00,106032.6,106300.0,106032.6,106241.15,99.49926,10161.0
2025-06-16 04:22:00,106241.15,106254.55,106193.05,106254.55,16.11184,3218.0
2025-06-16 04:23:00,106254.54,106396.3,106254.54,106356.52,30.33573,5762.0
2025-06-16 04:24:00,106356.53,106365.22,106226.24,106243.46,43.97951,4724.0
2025-06-16 04:25:00,106243.47,106258.43,106124.66,106153.51,19.39531,3748.0
2025-06-16 04:26:00,106153.51,106220.0,106153.51,106203.91,10.53337,2298.0
2025-06-16 04:27:00,106203.91,106203.92,106163.36,106203.27,7.58922,2413.0
2025-06-16 04:28:00,106203.28,106235.81,106203.27,106213.61,4.97688,2693.0
2025-06-16 04:29:00,106213.61,106236.76,106213.61,106226.1,8.28725,1133.0
2025-06-16 04:30:00,106226.1,106249.06,106191.3,106207.4,6.83097,3138.0
2025-06-16 04:31:00,106207.4,106227.8,106177.25,106221.14,6.08059,2522.0
2025-06-16 04:32:00,106221.14,106303.2,106221.13,106303.19,5.94664,2901.0
2025-06-16 04:33:00,106303.19,106317.8,106273.83,106273.83,16.85858,2560.0
2025-06-16 04:34:00,106273.84,106273.84,106230.63,106260.86,3.27491,1936.0
2025-06-16 04:35:00,106260.87,106278.8,106230.63,106278.8,8.36433,3317.0
2025-06-16 04:36:00,106278.79,106321.0,106278.79,106293.98,18.29612,2251.0
2025-06-16 04:37:00,106293.99,106295.13,106251.29,106277.48,7.74546,2197.0
2025-06-16 04:38:00,106277.48,106328.0,106277.48,106328.0,2.79262,1328.0
2025-06-16 04:39:00,106328.0,106328.0,106271.53,106299.99,8.38894,1569.0
2025-06-16 04:40:00,106299.99,106300.0,106274.49,106287.98,3.45481,974.0
2025-06-16 04:41:00,106287.99,106287.99,106260.86,106271.78,2.69471,991.0
2025-06-16 04:42:00,106271.79,106271.79,106218.77,106229.36,10.85333,1792.0
2025-06-16 04:43:00,106229.36,106299.98,106229.36,106299.98,3.41103,1681.0
2025-06-16 04:44:00,106299.99,106311.35,106290.93,106290.94,5.28521,935.0
2025-06-16 04:45:00,106290.93,106290.93,106160.0,106184.99,23.67284,4188.0
2025-06-16 04:46:00,106184.99,106251.78,106184.99,106235.36,5.51985,1471.0
2025-06-16 04:47:00,106235.35,106235.35,106191.3,106204.88,1.69087,1089.0
2025-06-16 04:48:00,106204.87,106236.71,106204.87,106216.5,3.86221,1320.0
2025-06-16 04:49:00,106216.51,106288.0,106216.51,106282.01,8.03468,2396.0
2025-06-16 04:50:00,106282.0,106282.01,106275.2,106275.2,2.52114,378.0
2025-06-16 04:51:00,106275.21,106275.21,106254.67,106254.67,3.50492,593.0
2025-06-16 04:52:00,106254.68,106260.87,106227.63,106227.64,3.73473,1335.0
2025-06-16 04:53:00,106227.64,106254.68,106227.63,106254.68,2.08006,647.0
2025-06-16 04:54:00,106254.68,106254.68,106254.67,106254.67,2.27956,180.0
2025-06-16 04:55:00,106254.68,106254.68,106226.88,106251.11,11.24144,1252.0
2025-06-16 04:56:00,106251.12,106254.68,106251.11,106254.68,4.07722,426.0
2025-06-16 04:57:00,106254.68,106350.0,106254.67,106305.5,19.52797,2560.0
2025-06-16 04:58:00,106305.5,106373.78,106301.51,106373.78,10.95393,1482.0
2025-06-16 04:59:00,106373.78,106386.0,106373.77,106386.0,1.83266,669.0
2025-06-16 05:00:00,106386.0,106427.98,106385.99,106427.97,11.85307,2494.0
2025-06-16 05:01:00,106427.97,106450.0,106409.29,106449.99,13.62039,2212.0
2025-06-16 05:02:00,106450.0,106450.0,106396.3,106427.07,19.51918,1835.0
2025-06-16 05:03:00,106427.07,106440.0,106420.51,106430.81,4.14368,1206.0
2025-06-16 05:04:00,106430.81,106437.42,106406.24,106437.41,9.51756,1210.0
2025-06-16 05:05:00,106437.41,106449.99,106437.41,106438.14,8.74857,1051.0
2025-06-16 05:06:00,106438.13,106438.14,106374.94,106391.77,11.55173,1961.0
2025-06-16 05:07:00,106391.77,106404.39,106386.12,106400.0,2.72962,944.0
2025-06-16 05:08:00,106400.0,106400.0,106312.33,106312.34,17.49456,1494.0
2025-06-16 05:09:00,106312.33,106343.16,106312.33,106343.15,3.20715,873.0
2025-06-16 05:10:00,106343.16,106345.29,106328.0,106345.28,3.02993,1166.0
2025-06-16 05:11:00,106345.28,106371.42,106345.28,106371.42,2.18658,663.0
2025-06-16 05:12:00,106371.41,106393.13,106368.24,106368.24,3.15468,909.0
2025-06-16 05:13:00,106368.24,106368.25,106368.24,106368.24,3.17612,191.0
2025-06-16 05:14:00,106368.25,106376.0,106368.24,106368.24,2.21535,502.0
2025-06-16 05:15:00,106368.24,106390.64,106368.24,106390.63,5.18832,797.0
2025-06-16 05:16:00,106390.64,106445.47,106390.63,106445.46,4.63183,1368.0
2025-06-16 05:17:00,106445.46,106450.0,106445.46,106450.0,5.55161,363.0
2025-06-16 05:18:00,106450.0,106500.0,106449.99,106482.0,22.58227,2236.0
2025-06-16 05:19:00,106482.0,106484.0,106468.75,106484.0,11.00252,863.0
2025-06-16 05:20:00,106483.99,106526.57,106483.99,106514.74,29.1063,2090.0
2025-06-16 05:21:00,106514.65,106514.65,106470.52,106488.87,9.39194,1538.0
2025-06-16 05:22:00,106488.87,106513.72,106488.87,106513.71,5.02607,909.0
2025-06-16 05:23:00,106513.71,106513.72,106510.3,106510.31,7.38329,380.0
2025-06-16 05:24:00,106510.3,106510.31,106510.3,106510.3,5.24803,204.0
2025-06-16 05:25:00,106510.3,106579.98,106510.3,106576.6,18.33017,2340.0
2025-06-16 05:26:00,106576.6,106660.81,106576.6,106630.0,30.39264,4764.0
2025-06-16 05:27:00,106630.0,106670.0,106630.0,106666.01,9.89859,1883.0
2025-06-16 05:28:00,106666.01,106672.28,106657.14,106672.27,10.20155,1122.0
2025-06-16 05:29:00,106672.28,106689.92,106672.27,106689.91,3.99286,769.0
2025-06-16 05:30:00,106689.91,106700.0,106672.27,106699.99,10.15687,1952.0
2025-06-16 05:31:00,106700.0,106785.71,106699.99,106769.1,29.29542,3702.0
2025-06-16 05:32:00,106769.11,106773.92,106690.0,106690.01,17.14107,2527.0
2025-06-16 05:33:00,106690.01,106725.49,106690.0,106709.43,7.92654,1483.0
2025-06-16 05:34:00,106709.43,106709.44,106600.0,106610.99,7.98758,2673.0
2025-06-16 05:35:00,106611.0,106611.0,106540.58,106590.07,27.69448,2776.0
2025-06-16 05:36:00,106590.08,106590.08,106567.31,106589.99,8.81757,1190.0
2025-06-16 05:37:00,106590.0,106674.3,106589.99,106623.63,12.37302,4379.0
2025-06-16 05:38:00,106623.64,106623.64,106538.32,106601.43,24.16964,2238.0
2025-06-16 05:39:00,106601.44,106630.29,106599.9,106609.43,5.09918,1339.0
2025-06-16 05:40:00,106609.43,106609.44,106562.0,106585.43,5.48681,1639.0
2025-06-16 05:41:00,106585.44,106599.28,106585.43,106599.28,3.43836,290.0
2025-06-16 05:42:00,106599.27,106616.84,106553.8,106571.27,9.6421,2011.0
2025-06-16 05:43:00,106571.27,106629.63,106555.65,106555.66,21.6117,2403.0
2025-06-16 05:44:00,106555.66,106555.66,106527.52,106527.53,6.81082,1366.0
2025-06-16 05:45:00,106527.52,106573.89,106527.52,106573.88,10.36637,2279.0
2025-06-16 05:46:00,106573.88,106573.89,106528.39,106528.4,4.32923,1241.0
2025-06-16 05:47:00,106528.39,106573.39,106506.85,106573.39,6.79683,2380.0
2025-06-16 05:48:00,106573.39,106580.0,106555.12,106569.98,3.1738,1444.0
2025-06-16 05:49:00,106569.99,106598.89,106569.98,106592.01,4.69832,1077.0
2025-06-16 05:50:00,106592.01,106617.19,106565.22,106565.22,9.90231,2294.0
2025-06-16 05:51:00,106565.22,106580.0,106565.19,106569.66,15.3799,892.0
2025-06-16 05:52:00,106569.67,106571.68,106554.85,106570.0,5.75658,1405.0
2025-06-16 05:53:00,106570.0,106570.0,106569.99,106570.0,2.46982,219.0
2025-06-16 05:54:00,106569.99,106578.65,106558.3,106578.64,10.23345,960.0
2025-06-16 05:55:00,106578.64,106591.3,106578.64,106591.29,2.86821,363.0
2025-06-16 05:56:00,106591.3,106591.3,106530.73,106530.73,9.97582,3019.0
2025-06-16 05:57:00,106530.73,106530.74,106530.73,106530.73,6.66644,373.0
2025-06-16 05:58:00,106530.74,106530.74,106505.98,106526.81,7.76917,1602.0
2025-06-16 05:59:00,106526.82,106559.99,106526.82,106559.98,3.34806,772.0
2025-06-16 06:00:00,106559.99,106586.96,106559.99,106559.99,7.87013,1457.0
2025-06-16 06:01:00,106560.0,106560.0,106535.98,106547.6,11.79208,1381.0
2025-06-16 06:02:00,106547.6,106547.61,106510.61,106531.68,5.04798,2092.0
2025-06-16 06:03:00,106531.68,106531.68,106526.01,106526.01,3.64584,433.0
2025-06-16 06:04:00,106526.01,106526.02,106526.01,106526.01,1.85176,294.0
2025-06-16 06:05:00,106526.01,106526.02,106523.32,106523.33,3.70367,372.0
2025-06-16 06:06:00,106523.34,106559.5,106518.72,106559.49,5.95709,903.0
2025-06-16 06:07:00,106559.49,106559.5,106533.55,106533.55,7.37534,969.0
2025-06-16 06:08:00,106533.55,106556.37,106533.55,106556.37,3.82389,701.0
2025-06-16 06:09:00,106556.37,106599.92,106556.37,106591.49,3.69403,1527.0
2025-06-16 06:10:00,106591.49,106617.93,106587.0,106600.0,18.40868,1528.0
2025-06-16 06:11:00,106599.28,106599.28,106558.94,106559.56,5.19263,1448.0
2025-06-16 06:12:00,106559.55,106559.56,106559.52,106559.52,6.61025,418.0
2025-06-16 06:13:00,106559.53,106609.61,106559.53,106602.8,6.00745,1120.0
2025-06-16 06:14:00,106602.8,106602.8,106600.55,106600.55,1.9647,319.0
2025-06-16 06:15:00,106600.55,106623.98,106600.55,106623.97,7.56059,801.0
2025-06-16 06:16:00,106623.97,106623.98,106623.97,106623.98,4.09478,255.0
2025-06-16 06:17:00,106623.98,106664.21,106623.97,106656.24,13.78306,1341.0
2025-06-16 06:18:00,106656.23,106667.69,106656.23,106667.68,4.9657,516.0
2025-06-16 06:19:00,106667.69,106699.25,106667.68,106699.24,2.97307,856.0
2025-06-16 06:20:00,106699.24,106728.9,106699.24,106723.98,7.85362,1025.0
2025-06-16 06:21:00,106723.98,106759.52,106723.98,106723.99,33.27947,2103.0
2025-06-16 06:22:00,106724.0,106743.11,106703.16,106703.16,29.70404,1938.0
2025-06-16 06:23:00,106703.16,106703.8,106692.25,106692.26,5.63015,1091.0
2025-06-16 06:24:00,106692.25,106771.39,106692.25,106771.38,5.87228,1872.0
2025-06-16 06:25:00,106771.38,106777.38,106745.35,106745.35,4.31316,1206.0
2025-06-16 06:26:00,106745.35,106745.36,106697.54,106707.56,6.09049,2055.0
2025-06-16 06:27:00,106707.56,106707.56,106692.25,106699.88,6.56508,693.0
2025-06-16 06:28:00,106699.89,106712.63,106699.89,106701.44,3.7128,630.0
2025-06-16 06:29:00,106701.44,106712.05,106701.43,106712.05,3.50534,407.0
2025-06-16 06:30:00,106712.05,106712.05,106634.01,106634.01,22.98454,2387.0
2025-06-16 06:31:00,106634.02,106645.81,106612.35,106645.8,12.15791,1768.0
2025-06-16 06:32:00,106645.81,106647.99,106616.88,106647.99,13.27878,1777.0
2025-06-16 06:33:00,106647.99,106682.63,106647.99,106667.33,6.12375,1389.0
2025-06-16 06:34:00,106667.34,106690.92,106667.33,106690.91,5.38847,723.0
2025-06-16 06:35:00,106690.91,106764.82,106690.91,106764.82,6.5573,2073.0
2025-06-16 06:36:00,106764.82,106764.82,106724.66,106738.01,12.51727,1808.0
2025-06-16 06:37:00,106738.01,106738.02,106737.99,106738.0,7.57895,363.0
2025-06-16 06:38:00,106738.0,106738.0,106718.42,106718.43,2.31173,520.0
2025-06-16 06:39:00,106718.42,106741.68,106718.42,106741.67,2.13468,799.0
2025-06-16 06:40:00,106741.67,106741.68,106724.36,106735.99,10.53191,826.0
2025-06-16 06:41:00,106735.99,106736.0,106721.06,106721.22,2.67736,988.0
2025-06-16 06:42:00,106721.22,106721.23,106670.94,106675.25,4.61496,1917.0
2025-06-16 06:43:00,106675.26,106679.05,106675.25,106679.04,5.74282,388.0
2025-06-16 06:44:00,106679.05,106679.05,106659.3,106659.31,8.6929,845.0
2025-06-16 06:45:00,106659.3,106672.0,106623.51,106628.1,17.1435,1620.0
2025-06-16 06:46:00,106628.1,106628.11,106583.56,106602.84,4.79678,1197.0
2025-06-16 06:47:00,106602.83,106638.61,106602.83,106628.72,3.81714,1154.0
2025-06-16 06:48:00,106628.72,106647.51,106628.72,106642.18,9.39783,838.0
2025-06-16 06:49:00,106642.19,106642.19,106628.03,106638.34,7.67558,1038.0
2025-06-16 06:50:00,106638.34,106665.88,106638.34,106661.49,3.28265,689.0
2025-06-16 06:51:00,106661.48,106668.67,106661.48,106668.66,9.82859,545.0
2025-06-16 06:52:00,106668.67,106691.25,106663.93,106663.93,4.43714,1613.0
2025-06-16 06:53:00,106663.93,106663.93,106637.43,106637.44,3.44424,1037.0
2025-06-16 06:54:00,106637.44,106649.62,106637.0,106642.88,2.41291,813.0
2025-06-16 06:55:00,106642.89,106648.63,106638.0,106638.0,1.69566,404.0
2025-06-16 06:56:00,106638.0,106638.01,106584.01,106584.02,5.08677,1178.0
2025-06-16 06:57:00,106584.01,106584.02,106553.19,106553.19,5.10977,821.0
2025-06-16 06:58:00,106553.19,106573.94,106548.0,106573.92,3.78183,927.0
2025-06-16 06:59:00,106573.92,106600.0,106573.92,106586.01,7.2359,688.0
2025-06-16 07:00:00,106586.0,106633.99,106586.0,106633.99,7.7111,1272.0
2025-06-16 07:01:00,106634.0,106716.37,106633.99,106716.37,7.03488,1953.0
2025-06-16 07:02:00,106716.37,106716.37,106685.98,106696.65,8.06019,1468.0
2025-06-16 07:03:00,106696.65,106696.66,106669.57,106670.68,6.43713,1674.0
2025-06-16 07:04:00,106670.69,106670.69,106615.42,106615.42,2.61943,1490.0
2025-06-16 07:05:00,106615.42,106615.43,106615.42,106615.42,1.87692,160.0
2025-06-16 07:06:00,106615.42,106628.0,106605.82,106613.58,26.90895,900.0
2025-06-16 07:07:00,106613.58,106647.0,106613.58,106646.99,2.93224,990.0
2025-06-16 07:08:00,106647.0,106698.71,106646.99,106687.86,13.6406,1680.0
2025-06-16 07:09:00,106687.86,106687.87,106670.02,106670.02,2.50451,658.0
2025-06-16 07:10:00,106670.03,106670.03,106659.58,106659.58,5.88312,365.0
2025-06-16 07:11:00,106659.58,106673.53,106659.58,106673.52,2.6278,642.0
2025-06-16 07:12:00,106673.53,106673.53,106650.0,106655.98,4.16796,780.0
2025-06-16 07:13:00,106655.98,106655.99,106637.07,106637.07,9.24996,630.0
2025-06-16 07:14:00,106637.08,106695.84,106637.07,106695.83,13.22692,1385.0
2025-06-16 07:15:00,106695.83,106736.0,106695.83,106735.99,5.73002,1394.0
2025-06-16 07:16:00,106736.0,106736.0,106716.39,106716.39,7.94452,513.0
2025-06-16 07:17:00,106716.4,106716.4,106682.27,106682.27,4.02637,907.0
2025-06-16 07:18:00,106682.27,106682.27,106626.4,106636.23,5.47517,1299.0
2025-06-16 07:19:00,106636.24,106675.79,106636.23,106675.78,10.27371,1216.0
2025-06-16 07:20:00,106675.78,106675.79,106646.7,106646.71,3.99443,889.0
2025-06-16 07:21:00,106646.7,106656.0,106646.7,106655.99,4.02995,580.0
2025-06-16 07:22:00,106655.99,106666.0,106655.99,106666.0,4.15854,608.0
2025-06-16 07:23:00,106666.0,106671.99,106665.99,106669.91,9.42839,466.0
2025-06-16 07:24:00,106669.9,106698.51,106666.0,106666.0,14.06682,1401.0
2025-06-16 07:25:00,106666.01,106722.45,106666.0,106722.43,6.01293,749.0
2025-06-16 07:26:00,106722.43,106758.69,106722.43,106758.69,5.43065,860.0
2025-06-16 07:27:00,106758.69,106800.0,106758.68,106777.54,18.47117,2383.0
2025-06-16 07:28:00,106777.54,106777.55,106777.54,106777.55,2.73065,226.0
2025-06-16 07:29:00,106777.54,106870.0,106777.54,106862.03,18.59141,3694.0
2025-06-16 07:30:00,106862.03,107150.0,106862.03,107149.99,148.89239,12990.0
2025-06-16 07:31:00,107150.0,107249.56,107079.23,107100.0,84.38765,9944.0
2025-06-16 07:32:00,107100.0,107151.89,107100.0,107127.55,104.3761,3560.0
2025-06-16 07:33:00,107127.55,107250.65,107127.54,107250.64,26.71058,3144.0
2025-06-16 07:34:00,107250.64,107262.31,107168.87,107216.66,25.18002,4498.0
2025-06-16 07:35:00,107216.66,107216.67,107128.72,107165.67,53.58889,3004.0
2025-06-16 07:36:00,107165.67,107165.68,107000.01,107022.0,113.83287,4611.0
2025-06-16 07:37:00,107022.0,107038.0,106999.22,107024.89,46.09331,2151.0
2025-06-16 07:38:00,107024.88,107024.89,106964.96,107018.93,24.05722,3127.0
2025-06-16 07:39:00,107018.94,107032.34,107009.19,107009.19,7.51667,1383.0
2025-06-16 07:40:00,107009.19,107125.91,107009.19,107099.72,30.75927,3138.0
2025-06-16 07:41:00,107099.72,107099.73,107056.0,107056.01,5.57122,1144.0
2025-06-16 07:42:00,107056.0,107075.43,107056.0,107075.42,11.41135,1758.0
2025-06-16 07:43:00,107075.42,107121.8,107075.42,107120.67,15.10336,1122.0
2025-06-16 07:44:00,107120.67,107181.36,107120.66,107181.35,5.69629,2896.0
2025-06-16 07:45:00,107181.35,107188.0,107139.99,107139.99,16.08221,2986.0
2025-06-16 07:46:00,107139.99,107149.53,107139.99,107148.77,6.6541,434.0
2025-06-16 07:47:00,107148.78,107148.78,107100.0,107106.0,9.85397,1665.0
2025-06-16 07:48:00,107106.0,107106.01,107105.47,107105.47,1.56577,319.0
2025-06-16 07:49:00,107105.47,107105.48,107093.74,107093.74,8.09298,376.0
2025-06-16 07:50:00,107093.74,107093.75,107093.74,107093.74,1.33391,238.0
2025-06-16 07:51:00,107093.74,107093.75,107069.62,107069.62,9.90295,752.0
2025-06-16 07:52:00,107069.62,107069.63,107064.3,107064.3,9.94385,474.0
2025-06-16 07:53:00,107064.3,107064.31,107045.1,107056.89,11.16719,941.0
2025-06-16 07:54:00,107056.89,107068.78,107056.89,107068.77,9.66214,493.0
2025-06-16 07:55:00,107068.78,107068.78,107068.77,107068.77,6.43556,332.0
2025-06-16 07:56:00,107068.77,107078.94,106982.43,106991.99,20.04235,2145.0
2025-06-16 07:57:00,106991.99,107019.24,106991.99,107019.23,9.55493,935.0
2025-06-16 07:58:00,107019.24,107056.0,107019.23,107029.58,13.44512,1278.0
2025-06-16 07:59:00,107029.58,107061.8,107026.34,107061.8,8.78985,1658.0
2025-06-16 08:00:00,107061.8,107130.1,107061.8,107130.09,16.76424,2424.0
2025-06-16 08:01:00,107130.1,107130.1,107069.76,107097.09,17.68354,2206.0
2025-06-16 08:02:00,107097.09,107097.09,107086.37,107086.37,8.89421,587.0
2025-06-16 08:03:00,107086.38,107116.57,107086.37,107116.56,5.28054,990.0
2025-06-16 08:04:00,107116.56,107116.57,107082.63,107082.63,7.81082,870.0
2025-06-16 08:05:00,107082.63,107111.4,107082.63,107111.4,4.57484,783.0
2025-06-16 08:06:00,107111.39,107111.4,107105.55,107105.55,1.55362,259.0
2025-06-16 08:07:00,107105.55,107105.56,107060.0,107060.01,8.39548,964.0
2025-06-16 08:08:00,107060.01,107128.39,107060.0,107104.01,9.59928,2355.0
2025-06-16 08:09:00,107104.01,107115.4,107104.0,107109.28,2.65505,673.0
2025-06-16 08:10:00,107109.29,107109.29,107103.84,107103.85,1.48315,391.0
2025-06-16 08:11:00,107103.84,107135.72,107070.15,107133.9,6.219,3753.0
2025-06-16 08:12:00,107133.91,107133.91,107118.19,107124.75,8.99716,1500.0
2025-06-16 08:13:00,107124.76,107124.76,107098.6,107104.95,4.62333,1320.0
2025-06-16 08:14:00,107104.95,107114.73,107104.95,107111.32,5.84759,543.0
2025-06-16 08:15:00,107111.32,107111.32,107060.64,107060.64,12.2107,1640.0
2025-06-16 08:16:00,107060.64,107090.08,107043.44,107085.56,5.13791,1753.0
2025-06-16 08:17:00,107085.56,107085.93,107078.14,107085.92,2.59733,846.0
2025-06-16 08:18:00,107085.93,107085.93,107000.0,107000.0,14.51059,2349.0
2025-06-16 08:19:00,107000.0,107024.5,106977.3,107024.5,12.93992,1986.0
2025-06-16 08:20:00,107024.49,107081.86,107024.49,107081.85,9.03727,1627.0
2025-06-16 08:21:00,107081.86,107081.86,106986.45,106992.53,15.56317,2157.0
2025-06-16 08:22:00,106992.54,107010.31,106992.53,107007.64,13.4482,798.0
2025-06-16 08:23:00,107007.65,107014.72,106989.11,107009.43,20.20645,1600.0
2025-06-16 08:24:00,107009.43,107009.43,107000.0,107000.0,7.73536,507.0
2025-06-16 08:25:00,107000.0,107017.55,107000.0,107017.54,11.05089,817.0
2025-06-16 08:26:00,107017.54,107030.57,107010.13,107010.14,15.50142,1563.0
2025-06-16 08:27:00,107010.14,107010.15,106954.47,106969.8,15.19873,2142.0
2025-06-16 08:28:00,106969.8,107007.0,106969.8,106989.74,10.54653,1846.0
2025-06-16 08:29:00,106989.73,106989.74,106970.36,106975.75,8.63099,1006.0
2025-06-16 08:30:00,106975.75,107011.08,106959.8,107011.07,12.54798,1913.0
2025-06-16 08:31:00,107011.08,107037.87,106998.02,107037.86,16.99499,1359.0
2025-06-16 08:32:00,107037.86,107054.12,107011.51,107035.21,7.34385,1575.0
2025-06-16 08:33:00,107035.21,107036.18,107004.4,107004.4,4.51223,772.0
2025-06-16 08:34:00,107004.4,107051.24,106986.32,107040.0,7.68437,1770.0
2025-06-16 08:35:00,107040.0,107081.29,107025.07,107025.07,10.43134,1836.0
2025-06-16 08:36:00,107025.08,107066.06,107023.25,107066.05,4.55358,1152.0
2025-06-16 08:37:00,107066.05,107066.06,107062.7,107066.06,1.08083,301.0
2025-06-16 08:38:00,107066.05,107087.0,107052.0,107086.99,2.75649,1047.0
2025-06-16 08:39:00,107086.99,107087.0,107058.0,107063.5,2.17535,729.0
2025-06-16 08:40:00,107063.5,107063.51,107050.63,107050.63,2.71075,991.0
2025-06-16 08:41:00,107050.63,107057.79,107011.02,107057.78,7.4485,1546.0
2025-06-16 08:42:00,107057.78,107063.51,107040.0,107063.5,7.57124,932.0
2025-06-16 08:43:00,107063.5,107110.0,107063.5,107092.33,5.76034,2312.0
2025-06-16 08:44:00,107092.33,107092.33,107087.23,107087.23,1.35568,244.0
2025-06-16 08:45:00,107087.23,107087.24,107087.23,107087.23,0.84775,149.0
2025-06-16 08:46:00,107087.23,107096.94,107074.37,107074.37,3.50739,832.0
2025-06-16 08:47:00,107074.37,107097.98,107069.01,107097.98,2.92813,1042.0
2025-06-16 08:48:00,107097.98,107155.23,107097.98,107124.0,12.37546,1773.0
2025-06-16 08:49:00,107124.0,107124.01,107093.48,107093.48,5.01801,1002.0
2025-06-16 08:50:00,107093.49,107165.8,107088.0,107165.8,12.47646,2273.0
2025-06-16 08:51:00,107165.8,107172.84,107154.54,107170.4,3.94335,1132.0
2025-06-16 08:52:00,107170.4,107200.0,107170.4,107199.99,16.14886,1066.0
2025-06-16 08:53:00,107200.0,107200.0,107182.27,107200.0,9.68185,946.0
2025-06-16 08:54:00,107199.99,107208.0,107194.15,107194.15,7.52668,934.0
2025-06-16 08:55:00,107194.16,107242.92,107194.15,107224.33,8.75107,1704.0
2025-06-16 08:56:00,107224.33,107224.34,107180.0,107180.0,5.50425,1487.0
2025-06-16 08:57:00,107179.99,107179.99,107155.1,107155.1,2.94629,752.0
2025-06-16 08:58:00,107155.11,107155.11,107135.27,107154.54,3.89379,1045.0
2025-06-16 08:59:00,107154.54,107180.0,107154.53,107180.0,11.42761,1066.0
2025-06-16 09:00:00,107180.0,107200.36,107160.17,107160.17,6.65236,1571.0
2025-06-16 09:01:00,107160.18,107255.01,107160.17,107233.43,130.6605,2053.0
2025-06-16 09:02:00,107233.43,107237.81,107200.0,107200.0,4.98728,1392.0
2025-06-16 09:03:00,107200.01,107200.01,107156.33,107156.33,4.72177,1429.0
2025-06-16 09:04:00,107156.34,107180.0,107156.33,107170.1,4.57521,1205.0
2025-06-16 09:05:00,107170.1,107204.55,107161.73,107204.52,8.80429,2054.0
2025-06-16 09:06:00,107204.52,107204.53,107180.7,107197.32,6.88981,1380.0
2025-06-16 09:07:00,107197.33,107197.33,107118.89,107118.9,5.79463,2243.0
2025-06-16 09:08:00,107118.9,107118.9,107064.27,107070.11,36.2487,2163.0
2025-06-16 09:09:00,107070.11,107116.28,107070.11,107098.1,6.9546,1707.0
2025-06-16 09:10:00,107098.11,107116.27,107092.68,107110.12,4.74984,1114.0
2025-06-16 09:11:00,107110.12,107133.21,107110.12,107133.2,2.43889,768.0
2025-06-16 09:12:00,107133.21,107133.21,107101.54,107101.54,3.46046,1077.0
2025-06-16 09:13:00,107101.55,107107.26,107084.16,107090.02,6.89133,1373.0
2025-06-16 09:14:00,107090.01,107090.02,106998.01,107009.68,22.9733,2418.0
2025-06-16 09:15:00,107009.69,107024.81,107007.54,107024.8,14.71905,1064.0
2025-06-16 09:16:00,107024.81,107024.81,107008.55,107019.94,4.80134,770.0
2025-06-16 09:17:00,107019.95,107048.69,107019.94,107035.93,4.70717,1159.0
2025-06-16 09:18:00,107035.92,107035.93,106976.74,106994.26,16.37349,1846.0
2025-06-16 09:19:00,106994.26,107015.54,106959.8,106976.74,21.84737,1650.0
2025-06-16 09:20:00,106976.74,106976.75,106971.39,106971.4,1.9128,335.0
2025-06-16 09:21:00,106971.4,106985.49,106971.3,106985.48,6.32815,986.0
2025-06-16 09:22:00,106985.49,106985.49,106985.48,106985.49,3.26494,239.0
2025-06-16 09:23:00,106985.48,106985.49,106985.48,106985.48,1.96704,152.0
2025-06-16 09:24:00,106985.48,106985.49,106971.0,106971.0,12.47497,435.0
2025-06-16 09:25:00,106971.01,107038.98,106971.0,107038.97,10.12254,1526.0
2025-06-16 09:26:00,107038.98,107046.8,107031.72,107031.73,9.33806,581.0
2025-06-16 09:27:00,107031.72,107031.73,106982.94,106990.92,4.44317,1301.0
2025-06-16 09:28:00,106990.93,106990.93,106966.9,106976.74,10.89166,1067.0
2025-06-16 09:29:00,106976.75,106976.75,106950.01,106950.02,2.57221,1219.0
2025-06-16 09:30:00,106950.01,106976.75,106950.01,106976.74,3.7859,957.0
2025-06-16 09:31:00,106976.74,106976.75,106967.43,106967.44,2.93286,634.0
2025-06-16 09:32:00,106967.43,106976.75,106967.43,106971.91,3.62931,561.0
2025-06-16 09:33:00,106971.9,106971.91,106950.01,106950.01,2.04282,1102.0
2025-06-16 09:34:00,106950.01,106987.43,106923.07,106987.42,9.85748,1580.0
2025-06-16 09:35:00,106987.43,106987.43,106987.42,106987.42,1.10544,203.0
2025-06-16 09:36:00,106987.43,106987.43,106947.33,106955.99,9.0812,1184.0
2025-06-16 09:37:00,106955.99,106984.99,106955.99,106984.98,16.21368,739.0
2025-06-16 09:38:00,106984.99,106995.69,106980.5,106980.5,10.79352,793.0
2025-06-16 09:39:00,106980.5,106985.68,106963.16,106976.73,3.48959,1627.0
2025-06-16 09:40:00,106976.74,106976.74,106976.73,106976.73,0.55791,178.0
2025-06-16 09:41:00,106976.73,106992.68,106976.73,106992.67,2.42104,585.0
2025-06-16 09:42:00,106992.68,107037.76,106992.67,107031.55,4.21043,975.0
2025-06-16 09:43:00,107031.55,107031.55,107005.66,107005.66,8.34882,1047.0
2025-06-16 09:44:00,107005.66,107005.66,107001.38,107001.38,4.68159,384.0
2025-06-16 09:45:00,107001.38,107001.39,106998.81,107001.37,8.5361,775.0
2025-06-16 09:46:00,107001.38,107016.15,107001.37,107016.15,5.21473,660.0
2025-06-16 09:47:00,107016.15,107037.76,107016.14,107037.75,5.34559,643.0
2025-06-16 09:48:00,107037.75,107037.76,106977.5,106989.52,32.00923,1282.0
2025-06-16 09:49:00,106989.52,106989.53,106863.98,106948.5,149.78868,3985.0
2025-06-16 09:50:00,106948.51,106991.89,106948.5,106950.31,38.00533,1488.0
2025-06-16 09:51:00,106950.31,106950.32,106940.0,106940.0,3.86644,398.0
2025-06-16 09:52:00,106940.01,106940.01,106922.44,106922.44,3.65481,637.0
2025-06-16 09:53:00,106922.45,106922.45,106922.44,106922.45,1.0999,191.0
2025-06-16 09:54:00,106922.44,106922.45,106885.42,106903.72,24.69268,1141.0
2025-06-16 09:55:00,106903.72,106926.51,106903.29,106906.01,28.86434,1130.0
2025-06-16 09:56:00,106906.02,106906.02,106897.98,106897.98,5.51461,360.0
2025-06-16 09:57:00,106897.99,106940.01,106880.84,106940.0,14.37975,1528.0
2025-06-16 09:58:00,106940.01,106949.24,106940.0,106949.23,1.6583,311.0
2025-06-16 09:59:00,106949.24,106949.24,106945.85,106945.86,1.07932,298.0
2025-06-16 10:00:00,106945.86,106945.86,106941.25,106941.25,3.04885,499.0
2025-06-16 10:01:00,106941.26,106941.26,106906.72,106912.0,4.5908,1357.0
2025-06-16 10:02:00,106912.0,106945.01,106895.08,106945.01,70.28431,2473.0
2025-06-16 10:03:00,106945.0,107000.0,106945.0,106981.98,19.70525,1367.0
2025-06-16 10:04:00,106981.98,107020.0,106981.98,107020.0,12.38286,776.0
2025-06-16 10:05:00,107020.0,107126.82,107019.99,107126.82,26.58913,1444.0
2025-06-16 10:06:00,107126.82,107200.0,107126.81,107180.42,12.30544,1638.0
2025-06-16 10:07:00,107180.42,107180.43,107149.4,107149.41,9.69203,1446.0
2025-06-16 10:08:00,107149.4,107149.41,107110.32,107143.78,11.19301,1889.0
2025-06-16 10:09:00,107144.0,107161.23,107112.48,107112.48,10.54308,1385.0
2025-06-16 10:10:00,107112.49,107159.41,107112.48,107133.9,9.05186,1279.0
2025-06-16 10:11:00,107133.89,107133.9,107113.67,107116.28,2.78608,797.0
2025-06-16 10:12:00,107116.28,107162.8,107116.27,107134.16,6.04668,1407.0
2025-06-16 10:13:00,107134.17,107134.17,107134.16,107134.16,3.0352,151.0
2025-06-16 10:14:00,107134.16,107134.17,107130.31,107130.33,5.48554,469.0
2025-06-16 10:15:00,107130.33,107172.0,107130.32,107148.4,13.13313,1232.0
2025-06-16 10:16:00,107148.4,107179.13,107148.4,107170.1,4.09367,1196.0
2025-06-16 10:17:00,107170.11,107170.11,107157.17,107157.18,1.57594,766.0
2025-06-16 10:18:00,107157.18,107157.18,107145.49,107145.49,1.4165,588.0
2025-06-16 10:19:00,107145.5,107145.5,107140.0,107140.01,1.05748,493.0
2025-06-16 10:20:00,107140.01,107140.01,107123.9,107123.9,2.30643,530.0
2025-06-16 10:21:00,107123.89,107123.9,107116.27,107116.27,1.47715,444.0
2025-06-16 10:22:00,107116.27,107116.28,107116.27,107116.27,1.59514,210.0
2025-06-16 10:23:00,107116.27,107116.28,107096.95,107096.95,7.79586,888.0
2025-06-16 10:24:00,107096.95,107123.9,107096.95,107123.89,7.40603,1080.0
2025-06-16 10:25:00,107123.9,107133.23,107123.89,107133.22,2.57994,336.0
2025-06-16 10:26:00,107133.23,107133.23,107097.11,107097.11,5.55954,1018.0
2025-06-16 10:27:00,107097.11,107097.12,107095.91,107095.91,1.82398,396.0
2025-06-16 10:28:00,107095.91,107095.92,107093.35,107093.36,0.69797,239.0
2025-06-16 10:29:00,107093.35,107093.36,107075.83,107075.84,1.42944,537.0
2025-06-16 10:30:00,107075.83,107075.84,107070.21,107070.21,2.85674,453.0
2025-06-16 10:31:00,107070.22,107070.22,107069.76,107069.76,3.61323,294.0
2025-06-16 10:32:00,107069.77,107069.77,107069.76,107069.76,1.76523,207.0
2025-06-16 10:33:00,107069.76,107069.77,107043.0,107054.4,27.23569,1752.0
2025-06-16 10:34:00,107054.41,107054.41,107054.4,107054.41,1.78189,140.0
2025-06-16 10:35:00,107054.41,107067.62,107054.4,107067.62,3.54033,522.0
2025-06-16 10:36:00,107067.62,107067.62,107045.61,107045.61,5.56269,882.0
2025-06-16 10:37:00,107045.62,107045.62,107016.91,107016.91,2.55782,950.0
2025-06-16 10:38:00,107016.92,107016.92,107000.03,107003.01,5.2576,1246.0
2025-06-16 10:39:00,107003.01,107007.99,107003.01,107007.98,1.79051,379.0
2025-06-16 10:40:00,107007.99,107007.99,106997.57,107000.0,7.15756,499.0
2025-06-16 10:41:00,107000.0,107000.0,106976.74,106976.75,1.16329,852.0
2025-06-16 10:42:00,106976.75,106976.75,106958.06,106958.06,6.71051,737.0
2025-06-16 10:43:00,106958.06,106958.07,106933.89,106933.89,3.74895,694.0
2025-06-16 10:44:00,106933.9,106933.9,106931.75,106931.75,2.41715,310.0
2025-06-16 10:45:00,106931.51,106931.51,106913.36,106913.36,3.50212,1058.0
2025-06-16 10:46:00,106913.36,106913.37,106886.78,106886.78,5.37058,1009.0
2025-06-16 10:47:00,106886.78,106886.79,106820.0,106830.94,19.41324,2147.0
2025-06-16 10:48:00,106830.95,106830.95,106761.79,106779.98,22.82058,2683.0
2025-06-16 10:49:00,106779.98,106829.47,106779.98,106805.86,8.43005,1701.0
2025-06-16 10:50:00,106805.85,106837.21,106805.85,106837.21,3.9401,1301.0
2025-06-16 10:51:00,106837.21,106837.21,106815.95,106815.95,2.18469,1018.0
2025-06-16 10:52:00,106815.95,106815.96,106759.33,106759.33,3.40527,1658.0
2025-06-16 10:53:00,106759.34,106807.74,106744.66,106807.74,12.30361,2039.0
2025-06-16 10:54:00,106807.74,106817.3,106807.73,106817.29,4.6703,357.0
2025-06-16 10:55:00,106817.3,106817.3,106806.0,106806.0,2.3195,432.0
2025-06-16 10:56:00,106806.0,106806.01,106806.0,106806.01,2.56949,197.0
2025-06-16 10:57:00,106806.0,106806.01,106806.0,106806.0,1.0083,161.0
2025-06-16 10:58:00,106806.01,106806.01,106806.0,106806.0,1.25086,191.0
2025-06-16 10:59:00,106806.0,106834.32,106806.0,106834.32,5.74002,868.0
2025-06-16 11:00:00,106834.33,106837.21,106777.49,106778.3,12.24653,2263.0
2025-06-16 11:01:00,106778.31,106778.31,106737.67,106737.67,7.57211,1344.0
2025-06-16 11:02:00,106737.68,106774.17,106734.26,106774.16,7.59648,1271.0
2025-06-16 11:03:00,106774.17,106777.5,106771.06,106777.49,6.11959,767.0
2025-06-16 11:04:00,106777.5,106788.96,106755.98,106766.0,9.45952,1250.0
2025-06-16 11:05:00,106766.0,106818.69,106765.99,106818.68,5.62594,1296.0
2025-06-16 11:06:00,106818.69,106869.52,106818.68,106840.0,4.12009,1638.0
2025-06-16 11:07:00,106840.01,106840.01,106792.22,106792.22,3.73754,1123.0
2025-06-16 11:08:00,106792.22,106807.99,106792.21,106798.34,4.8924,858.0
2025-06-16 11:09:00,106798.34,106798.34,106790.7,106790.7,1.1395,476.0
2025-06-16 11:10:00,106790.71,106790.71,106775.23,106790.13,5.20756,764.0
2025-06-16 11:11:00,106790.13,106813.36,106790.13,106813.35,3.60197,660.0
2025-06-16 11:12:00,106813.36,106813.36,106763.0,106778.5,6.94414,1325.0
2025-06-16 11:13:00,106778.51,106778.51,106763.0,106763.0,2.76702,398.0
2025-06-16 11:14:00,106763.0,106763.01,106755.98,106755.99,4.1846,454.0
2025-06-16 11:15:00,106755.98,106756.0,106755.98,106755.99,2.44313,371.0
2025-06-16 11:16:00,106756.0,106756.0,106744.2,106744.2,7.73106,818.0
2025-06-16 11:17:00,106744.21,106744.21,106652.61,106665.54,11.42573,2859.0
2025-06-16 11:18:00,106665.54,106692.41,106665.54,106692.4,8.22961,970.0
2025-06-16 11:19:00,106692.4,106692.41,106686.18,106686.18,6.12788,510.0
2025-06-16 11:20:00,106686.18,106697.68,106686.18,106697.68,10.40538,521.0
2025-06-16 11:21:00,106697.67,106707.88,106691.6,106691.6,9.02636,801.0
2025-06-16 11:22:00,106691.61,106691.61,106660.86,106660.87,2.45295,792.0
2025-06-16 11:23:00,106660.86,106660.87,106612.35,106612.35,14.06899,1809.0
2025-06-16 11:24:00,106612.36,106612.36,106588.72,106588.72,13.8548,1562.0
2025-06-16 11:25:00,106588.72,106658.43,106584.83,106658.42,12.74444,1691.0
2025-06-16 11:26:00,106658.43,106658.43,106582.25,106648.38,13.36719,2704.0
2025-06-16 11:27:00,106648.38,106670.07,106638.16,106670.06,5.73585,1096.0
2025-06-16 11:28:00,106670.06,106712.23,106643.21,106696.19,11.5021,2158.0
2025-06-16 11:29:00,106696.19,106696.19,106676.47,106685.98,4.22055,909.0
2025-06-16 11:30:00,106685.97,106729.35,106685.97,106729.34,10.31014,1024.0
2025-06-16 11:31:00,106729.34,106754.86,106729.34,106750.79,7.309,1150.0
2025-06-16 11:32:00,106750.79,106750.8,106747.42,106747.43,6.40666,333.0
2025-06-16 11:33:00,106747.43,106747.43,106747.42,106747.42,6.22065,291.0
2025-06-16 11:34:00,106747.42,106757.8,106744.0,106757.8,10.7385,754.0
2025-06-16 11:35:00,106757.79,106873.36,106757.79,106873.36,12.30994,3397.0
2025-06-16 11:36:00,106873.35,106873.36,106848.41,106871.01,14.57259,1245.0
2025-06-16 11:37:00,106871.02,106871.02,106866.0,106871.01,6.25866,759.0
2025-06-16 11:38:00,106871.02,106919.01,106871.01,106919.01,9.89681,1824.0
2025-06-16 11:39:00,106919.01,106919.01,106872.34,106883.1,11.11544,1468.0
2025-06-16 11:40:00,106883.11,106890.37,106870.11,106890.37,7.1046,1308.0
2025-06-16 11:41:00,106890.36,106895.75,106874.0,106874.0,8.42363,1178.0
2025-06-16 11:42:00,106874.01,106883.72,106874.0,106883.71,5.70607,553.0
2025-06-16 11:43:00,106883.72,106900.0,106883.71,106899.99,7.85032,825.0
2025-06-16 11:44:00,106900.0,106955.0,106900.0,106955.0,10.61799,2113.0
2025-06-16 11:45:00,106955.09,106960.0,106920.0,106920.0,7.01079,1350.0
2025-06-16 11:46:00,106920.01,106942.9,106920.0,106942.89,6.83786,987.0
2025-06-16 11:47:00,106942.89,106976.75,106935.39,106935.39,9.10149,1593.0
2025-06-16 11:48:00,106935.31,106937.63,106930.84,106937.62,6.58321,493.0
2025-06-16 11:49:00,106937.62,106937.63,106921.57,106921.58,7.26726,682.0
2025-06-16 11:50:00,106921.58,106939.98,106875.52,106939.98,10.72655,2395.0
2025-06-16 11:51:00,106939.98,106940.0,106867.0,106867.87,4.44308,1422.0
2025-06-16 11:52:00,106867.87,106910.03,106867.87,106900.02,5.27704,1370.0
2025-06-16 11:53:00,106900.02,106900.03,106867.87,106867.87,2.51927,664.0
2025-06-16 11:54:00,106867.87,106869.33,106867.87,106869.32,1.62348,392.0
2025-06-16 11:55:00,106869.32,106883.73,106860.0,106883.72,2.67418,1016.0
2025-06-16 11:56:00,106883.73,106890.52,106863.24,106863.25,3.3039,1265.0
2025-06-16 11:57:00,106863.24,106863.25,106844.03,106844.03,2.26489,599.0
2025-06-16 11:58:00,106844.03,106889.68,106844.03,106866.01,11.81415,1235.0
2025-06-16 11:59:00,106866.01,106884.0,106866.0,106883.99,1.28002,810.0
2025-06-16 12:00:00,106884.0,106892.12,106876.0,106876.0,8.5,1186.0
2025-06-16 12:01:00,106876.01,106876.01,106856.4,106856.41,1.00923,769.0
2025-06-16 12:02:00,106856.41,106856.41,106793.25,106826.27,14.72408,2708.0
2025-06-16 12:03:00,106826.27,106899.54,106826.26,106899.53,4.84361,1683.0
2025-06-16 12:04:00,106899.53,106900.0,106875.99,106888.01,1.55639,1233.0
2025-06-16 12:05:00,106888.01,106888.01,106790.69,106790.7,3.52129,1797.0
2025-06-16 12:06:00,106790.7,106815.24,106790.7,106815.23,4.74311,667.0
2025-06-16 12:07:00,106815.23,106870.32,106815.23,106834.77,3.23878,1478.0
2025-06-16 12:08:00,106834.77,106834.78,106782.76,106782.76,16.53019,1849.0
2025-06-16 12:09:00,106782.76,106809.72,106782.76,106809.71,10.76795,749.0
2025-06-16 12:10:00,106809.72,106809.72,106787.73,106787.73,4.61997,508.0
2025-06-16 12:11:00,106787.74,106797.77,106787.73,106797.76,5.25786,475.0
2025-06-16 12:12:00,106797.77,106798.36,106797.76,106798.35,4.0792,286.0
2025-06-16 12:13:00,106798.35,106827.48,106798.35,106827.48,1.20743,591.0
2025-06-16 12:14:00,106827.48,106827.48,106769.61,106769.62,6.13541,1909.0
2025-06-16 12:15:00,106769.62,106774.61,106761.7,106774.6,15.44507,944.0
2025-06-16 12:16:00,106774.61,106774.61,106757.49,106757.5,1.51338,598.0
2025-06-16 12:17:00,106757.5,106757.5,106670.65,106670.66,15.11639,3010.0
2025-06-16 12:18:00,106670.66,106721.0,106669.77,106708.49,8.02609,1582.0
2025-06-16 12:19:00,106708.5,106716.0,106706.59,106706.59,3.12118,532.0
2025-06-16 12:20:00,106706.59,106744.13,106706.59,106737.24,1.45467,1078.0
2025-06-16 12:21:00,106737.25,106780.0,106721.25,106779.99,3.3139,1555.0
2025-06-16 12:22:00,106780.0,106814.76,106779.99,106794.68,3.97972,1189.0
2025-06-16 12:23:00,106794.69,106794.69,106785.81,106785.82,1.41725,302.0
2025-06-16 12:24:00,106785.82,106785.82,106753.18,106759.2,1.69633,1045.0
2025-06-16 12:25:00,106759.2,106759.21,106707.44,106707.44,3.07019,915.0
2025-06-16 12:26:00,106707.45,106707.45,106674.41,106689.76,4.71696,1086.0
2025-06-16 12:27:00,106689.76,106689.76,106662.77,106662.77,3.53627,899.0
2025-06-16 12:28:00,106662.77,106668.1,106661.34,106668.09,2.26605,522.0
2025-06-16 12:29:00,106668.1,106668.1,106668.09,106668.1,1.88343,295.0
2025-06-16 12:30:00,106668.09,106684.11,106668.09,106684.1,5.34118,723.0
2025-06-16 12:31:00,106684.11,106693.11,106639.48,106639.49,15.11004,1892.0
2025-06-16 12:32:00,106639.48,106639.49,106639.48,106639.48,5.22295,313.0
2025-06-16 12:33:00,106639.49,106639.49,106600.0,106600.0,4.63406,1031.0
2025-06-16 12:34:00,106600.0,106665.43,106600.0,106665.43,20.07916,1787.0
2025-06-16 12:35:00,106665.43,106725.72,106665.42,106725.72,10.60218,1499.0
2025-06-16 12:36:00,106725.71,106768.05,106719.62,106743.14,15.64265,2257.0
2025-06-16 12:37:00,106743.14,106743.15,106705.58,106705.59,6.0051,1125.0
2025-06-16 12:38:00,106705.59,106705.59,106685.32,106685.33,5.00636,666.0
2025-06-16 12:39:00,106685.33,106730.89,106685.32,106719.81,7.99183,1667.0
2025-06-16 12:40:00,106719.81,106735.91,106719.81,106735.9,5.31469,636.0
2025-06-16 12:41:00,106735.9,106735.91,106726.01,106726.02,3.27454,583.0
2025-06-16 12:42:00,106726.01,106786.56,106726.01,106776.3,5.27974,1678.0
2025-06-16 12:43:00,106776.3,106776.31,106768.0,106775.0,7.27655,701.0
2025-06-16 12:44:00,106775.01,106775.02,106756.01,106756.02,8.49215,964.0
2025-06-16 12:45:00,106756.01,106776.3,106748.84,106776.29,3.87104,995.0
2025-06-16 12:46:00,106776.3,106776.3,106776.29,106776.29,1.76355,317.0
2025-06-16 12:47:00,106776.3,106800.0,106766.0,106800.0,2.47198,1055.0
2025-06-16 12:48:00,106800.0,106800.0,106799.99,106799.99,1.82258,383.0
2025-06-16 12:49:00,106799.99,106810.38,106780.99,106781.0,6.53317,879.0
2025-06-16 12:50:00,106780.99,106809.38,106773.25,106796.59,4.55381,950.0
2025-06-16 12:51:00,106796.59,106819.1,106796.58,106819.09,3.14007,690.0
2025-06-16 12:52:00,106819.09,106819.1,106784.01,106805.5,6.58568,1137.0
2025-06-16 12:53:00,106805.5,106805.5,106790.8,106790.81,2.24019,504.0
2025-06-16 12:54:00,106790.81,106795.87,106790.8,106795.86,8.93215,348.0
2025-06-16 12:55:00,106795.87,106795.87,106780.17,106790.0,1.99413,788.0
2025-06-16 12:56:00,106789.99,106790.0,106715.01,106715.01,3.30865,1620.0
2025-06-16 12:57:00,106715.02,106715.02,106668.54,106668.54,6.30338,1400.0
2025-06-16 12:58:00,106668.54,106700.0,106668.54,106700.0,10.03039,786.0
2025-06-16 12:59:00,106700.0,106700.0,106690.47,106690.47,2.4755,488.0
2025-06-16 13:00:00,106690.47,106740.0,106690.47,106722.55,3.97835,1452.0
2025-06-16 13:01:00,106722.56,106734.24,106719.04,106734.24,4.00703,876.0
2025-06-16 13:02:00,106734.24,106740.0,106724.72,106724.73,2.49371,727.0
2025-06-16 13:03:00,106724.73,106724.73,106697.03,106697.03,2.83006,734.0
2025-06-16 13:04:00,106697.03,106718.0,106697.03,106708.01,7.16766,971.0
2025-06-16 13:05:00,106708.01,106708.01,106662.47,106662.47,2.6697,1210.0
2025-06-16 13:06:00,106662.48,106662.48,106604.65,106604.65,13.67504,1954.0
2025-06-16 13:07:00,106604.65,106621.68,106571.42,106610.62,14.4965,2663.0
2025-06-16 13:08:00,106610.62,106610.62,106610.61,106610.62,1.87381,269.0
2025-06-16 13:09:00,106610.62,106655.49,106610.61,106651.99,3.44209,1085.0
2025-06-16 13:10:00,106652.0,106666.91,106628.52,106628.52,3.08268,1122.0
2025-06-16 13:11:00,106628.53,106635.77,106596.33,106635.77,7.13672,1857.0
2025-06-16 13:12:00,106635.77,106680.0,106635.76,106657.08,6.44119,1375.0
2025-06-16 13:13:00,106657.09,106687.49,106657.08,106687.49,3.41451,708.0
2025-06-16 13:14:00,106687.49,106687.49,106655.42,106655.43,3.04113,608.0
2025-06-16 13:15:00,106655.43,106687.49,106655.42,106687.48,2.91646,714.0
2025-06-16 13:16:00,106687.49,106697.66,106683.0,106688.01,3.04384,1004.0
2025-06-16 13:17:00,106688.02,106688.02,106640.0,106640.01,3.80624,1148.0
2025-06-16 13:18:00,106640.01,106640.03,106624.55,106624.55,2.84908,743.0
2025-06-16 13:19:00,106624.56,106640.03,106624.55,106640.03,2.75053,707.0
2025-06-16 13:20:00,106640.02,106646.13,106640.0,106640.01,4.71544,528.0
2025-06-16 13:21:00,106640.0,106640.01,106606.17,106617.5,4.31014,1433.0
2025-06-16 13:22:00,106617.5,106617.5,106604.65,106604.66,3.57195,488.0
2025-06-16 13:23:00,106604.65,106648.18,106604.65,106621.75,6.40289,1524.0
2025-06-16 13:24:00,106621.75,106621.75,106603.0,106604.65,4.05627,1343.0
2025-06-16 13:25:00,106604.66,106637.1,106604.65,106631.05,3.42913,1126.0
2025-06-16 13:26:00,106631.06,106650.0,106621.02,106639.34,11.12323,1344.0
2025-06-16 13:27:00,106639.34,106639.34,106639.33,106639.33,0.53032,140.0
2025-06-16 13:28:00,106639.34,106639.34,106620.0,106620.0,6.19023,600.0
2025-06-16 13:29:00,106620.0,106635.36,106620.0,106635.36,1.11742,427.0
2025-06-16 13:30:00,106635.36,106784.8,106600.0,106784.79,12.02361,3994.0
2025-06-16 13:31:00,106784.8,106784.8,106641.0,106649.0,13.89401,4873.0
2025-06-16 13:32:00,106649.01,106721.6,106604.65,106604.65,16.8355,4312.0
2025-06-16 13:33:00,106604.65,106670.07,106586.0,106614.61,8.59675,3615.0
2025-06-16 13:34:00,106614.61,106660.0,106600.0,106660.0,7.55744,2677.0
2025-06-16 13:35:00,106659.99,106678.0,106604.65,106630.94,9.6103,4182.0
2025-06-16 13:36:00,106630.94,106630.94,106495.09,106501.56,20.29437,5300.0
2025-06-16 13:37:00,106501.56,106684.0,106501.56,106673.59,23.33186,7189.0
2025-06-16 13:38:00,106673.58,106673.59,106516.27,106552.35,16.57452,4327.0
2025-06-16 13:39:00,106552.35,106627.99,106552.0,106610.17,5.30407,2755.0
2025-06-16 13:40:00,106610.18,106742.92,106609.6,106609.61,10.60376,5095.0
2025-06-16 13:41:00,106609.6,106734.94,106573.35,106734.93,12.53078,7858.0
2025-06-16 13:42:00,106734.94,106758.68,106682.58,106699.28,10.84092,4660.0
2025-06-16 13:43:00,106699.29,106735.5,106630.7,106660.0,10.62216,3435.0
2025-06-16 13:44:00,106659.99,106790.7,106640.03,106758.64,10.29014,4443.0
2025-06-16 13:45:00,106758.64,106856.8,106675.34,106697.67,15.76745,6267.0
2025-06-16 13:46:00,106697.68,106766.93,106691.99,106711.48,5.67801,4741.0
2025-06-16 13:47:00,106711.49,106738.05,106582.75,106582.76,11.29052,4922.0
2025-06-16 13:48:00,106582.75,106710.22,106582.75,106693.46,13.68467,5022.0
2025-06-16 13:49:00,106693.47,106755.49,106683.47,106696.72,11.59056,3164.0
2025-06-16 13:50:00,106696.71,106726.27,106614.64,106635.25,9.82382,3696.0
2025-06-16 13:51:00,106635.25,106638.89,106600.0,106600.0,2.1674,1060.0
2025-06-16 13:52:00,106600.0,106632.12,106587.41,106604.65,5.96532,2962.0
2025-06-16 13:53:00,106604.65,106705.59,106604.65,106705.58,27.02286,4093.0
2025-06-16 13:54:00,106705.59,106755.96,106675.8,106755.95,13.0055,3714.0
2025-06-16 13:55:00,106755.96,106894.56,106728.29,106894.55,10.71108,5793.0
2025-06-16 13:56:00,106894.56,106979.96,106894.55,106979.95,11.62606,3161.0
2025-06-16 13:57:00,106979.95,107100.0,106971.44,107099.99,24.97097,4752.0
2025-06-16 13:58:00,107100.0,107113.66,107023.25,107076.83,35.21194,4086.0
2025-06-16 13:59:00,107076.83,107172.11,107076.82,107160.06,28.74499,4531.0
2025-06-16 14:00:00,107160.06,107226.24,107143.1,107149.64,47.985,6101.0
2025-06-16 14:01:00,107149.65,107153.12,107006.85,107010.61,23.86052,5571.0
2025-06-16 14:02:00,107010.6,107195.1,107010.6,107184.38,12.24459,4346.0
2025-06-16 14:03:00,107184.38,107184.38,107100.02,107154.0,16.73023,3901.0
2025-06-16 14:04:00,107154.0,107172.99,107130.0,107156.01,9.46863,2730.0
2025-06-16 14:05:00,107156.01,107209.31,107145.04,107175.47,23.5341,3870.0
2025-06-16 14:06:00,107175.48,107194.58,106963.41,106977.49,35.31902,4935.0
2025-06-16 14:07:00,106977.5,107054.57,106977.49,107000.0,9.45767,3529.0
2025-06-16 14:08:00,107000.0,107058.25,106989.29,107031.12,21.32984,3464.0
2025-06-16 14:09:00,107031.13,107031.13,106800.0,106800.0,22.66631,6178.0
2025-06-16 14:10:00,106800.0,106865.75,106787.99,106841.79,16.70586,4416.0
2025-06-16 14:11:00,106841.79,106879.62,106825.78,106879.61,6.84717,2411.0
2025-06-16 14:12:00,106879.62,106990.67,106871.97,106990.66,11.47165,3720.0
2025-06-16 14:13:00,106990.67,107039.5,106980.0,107006.9,11.67596,2612.0
2025-06-16 14:14:00,107005.68,107017.77,106932.22,106969.18,17.91829,2823.0
2025-06-16 14:15:00,106969.18,106969.18,106844.66,106915.0,13.11762,3636.0
2025-06-16 14:16:00,106915.0,107080.84,106915.0,106989.3,16.66071,5526.0
2025-06-16 14:17:00,106989.31,107079.06,106989.31,107034.54,17.05946,3979.0
2025-06-16 14:18:00,107034.55,107130.0,107034.54,107129.99,7.40282,3615.0
2025-06-16 14:19:00,107129.99,107219.99,107129.99,107219.99,11.82843,3295.0
2025-06-16 14:20:00,107219.99,107255.82,107219.98,107247.73,15.31768,2601.0
2025-06-16 14:21:00,107247.72,107396.0,107222.9,107369.68,30.81752,6162.0
2025-06-16 14:22:00,107369.68,107369.69,107130.0,107130.01,11.92972,6943.0
2025-06-16 14:23:00,107130.0,107179.34,107104.8,107176.9,7.5354,3251.0
2025-06-16 14:24:00,107176.9,107226.77,107069.76,107130.97,16.43832,5738.0
2025-06-16 14:25:00,107130.98,107158.31,107032.0,107059.4,17.50611,4873.0
2025-06-16 14:26:00,107059.39,107132.63,107050.6,107132.63,10.61701,3175.0
2025-06-16 14:27:00,107132.62,107157.65,107101.48,107157.64,7.97374,2740.0
2025-06-16 14:28:00,107157.65,107244.85,107157.65,107244.63,5.5295,2893.0
2025-06-16 14:29:00,107244.64,107372.0,107244.64,107356.0,8.40738,3553.0
2025-06-16 14:30:00,107356.0,107420.16,107351.66,107391.49,13.84449,5081.0
2025-06-16 14:31:00,107391.5,107408.7,107365.04,107383.11,7.36057,2775.0
2025-06-16 14:32:00,107383.11,107528.89,107383.1,107479.99,52.27055,6163.0
2025-06-16 14:33:00,107480.0,107600.0,107449.37,107584.0,39.32821,8313.0
2025-06-16 14:34:00,107584.0,107782.01,107584.0,107753.11,89.49664,12118.0
2025-06-16 14:35:00,107753.11,107753.12,107665.85,107724.09,18.60265,7005.0
2025-06-16 14:36:00,107724.09,107744.64,107683.22,107720.93,14.1695,4120.0
2025-06-16 14:37:00,107720.94,107740.0,107663.63,107691.99,10.04924,4021.0
2025-06-16 14:38:00,107691.99,107734.74,107674.41,107674.41,17.60736,4481.0
2025-06-16 14:39:00,107674.41,107779.21,107674.41,107761.54,21.06101,6772.0
2025-06-16 14:40:00,107761.55,107784.26,107720.93,107732.01,24.36507,3900.0
2025-06-16 14:41:00,107732.0,107732.01,107612.06,107683.99,17.807,5564.0
2025-06-16 14:42:00,107684.0,107720.0,107640.0,107658.17,14.9497,4380.0
2025-06-16 14:43:00,107658.18,107680.0,107565.13,107602.95,31.14502,5388.0
2025-06-16 14:44:00,107602.96,107669.79,107560.08,107635.01,13.60091,6219.0
2025-06-16 14:45:00,107635.01,107731.51,107581.39,107723.99,23.85172,5037.0
2025-06-16 14:46:00,107723.99,107734.77,107617.99,107660.0,14.83199,5193.0
2025-06-16 14:47:00,107659.99,107660.0,107535.46,107586.07,30.56101,4023.0
2025-06-16 14:48:00,107586.07,107608.68,107534.88,107556.61,22.67033,2507.0
2025-06-16 14:49:00,107556.62,107584.01,107556.61,107578.98,12.85842,1899.0
2025-06-16 14:50:00,107578.97,107579.52,107522.65,107554.73,10.87645,3267.0
2025-06-16 14:51:00,107554.72,107674.41,107550.3,107667.99,7.52882,3623.0
2025-06-16 14:52:00,107668.0,107764.84,107668.0,107764.83,14.79305,3698.0
2025-06-16 14:53:00,107764.84,107764.84,107631.9,107659.84,11.70815,3907.0
2025-06-16 14:54:00,107659.84,107659.85,107603.99,107626.56,9.04517,2521.0
2025-06-16 14:55:00,107626.56,107687.87,107626.56,107626.78,13.76679,3512.0
2025-06-16 14:56:00,107626.78,107646.55,107581.39,107646.55,11.27691,4229.0
2025-06-16 14:57:00,107646.55,107674.37,107570.0,107614.54,9.88879,4253.0
2025-06-16 14:58:00,107614.54,107620.0,107479.78,107481.99,12.44912,3361.0
2025-06-16 14:59:00,107482.0,107533.5,107479.79,107533.5,6.46918,1373.0
2025-06-16 15:00:00,107533.5,107558.37,107533.5,107548.34,11.09335,2476.0
2025-06-16 15:01:00,107548.35,107605.56,107548.34,107604.94,8.19697,3179.0
2025-06-16 15:02:00,107604.94,107647.27,107573.28,107616.45,7.44131,2936.0
2025-06-16 15:03:00,107616.45,107616.45,107504.29,107524.13,13.41459,4164.0
2025-06-16 15:04:00,107524.13,107616.43,107522.3,107616.43,6.9438,2288.0
2025-06-16 15:05:00,107616.43,107648.58,107546.2,107572.75,6.87036,3284.0
2025-06-16 15:06:00,107572.75,107650.17,107563.22,107650.16,19.69319,3734.0
2025-06-16 15:07:00,107650.16,107650.17,107605.96,107630.89,16.323,2661.0
2025-06-16 15:08:00,107630.89,107643.47,107575.16,107587.7,16.38969,2724.0
2025-06-16 15:09:00,107587.7,107609.85,107534.88,107586.14,10.38197,2950.0
2025-06-16 15:10:00,107586.13,107687.08,107586.13,107630.13,11.79269,4447.0
2025-06-16 15:11:00,107630.14,107630.14,107556.54,107567.66,9.33923,4111.0
2025-06-16 15:12:00,107567.66,107567.66,107488.37,107506.74,10.88669,3536.0
2025-06-16 15:13:00,107506.75,107597.37,107506.75,107581.39,7.90383,3457.0
2025-06-16 15:14:00,107581.4,107599.99,107533.29,107599.99,10.49067,3368.0
2025-06-16 15:15:00,107600.0,107640.0,107590.42,107590.42,8.06567,3231.0
2025-06-16 15:16:00,107590.43,107598.62,107551.71,107593.36,5.04017,2440.0
2025-06-16 15:17:00,107593.37,107681.97,107593.37,107633.37,7.34602,3574.0
2025-06-16 15:18:00,107633.38,107633.38,107560.0,107580.82,9.75135,2471.0
2025-06-16 15:19:00,107580.83,107617.41,107574.43,107599.99,3.91892,2192.0
2025-06-16 15:20:00,107599.99,107599.99,107517.79,107548.0,7.48352,2545.0
2025-06-16 15:21:00,107548.01,107627.91,107548.01,107627.9,11.94231,2110.0
2025-06-16 15:22:00,107627.91,107627.91,107583.07,107592.61,6.79793,2036.0
2025-06-16 15:23:00,107592.61,107595.0,107552.56,107571.29,4.33068,1721.0
2025-06-16 15:24:00,107571.28,107585.18,107534.9,107562.78,9.07591,2328.0
2025-06-16 15:25:00,107562.79,107633.73,107524.45,107565.96,17.07347,3924.0
2025-06-16 15:26:00,107565.97,107577.51,107528.95,107533.61,5.69144,2735.0
2025-06-16 15:27:00,107533.6,107533.61,107412.0,107412.0,18.03534,2780.0
2025-06-16 15:28:00,107412.01,107459.31,107412.01,107448.58,6.53088,2210.0
2025-06-16 15:29:00,107448.58,107499.92,107424.0,107486.28,8.93505,2415.0
2025-06-16 15:30:00,107486.29,107551.96,107462.7,107551.95,12.67763,3297.0
2025-06-16 15:31:00,107551.96,107571.35,107524.36,107541.99,9.13308,1715.0
2025-06-16 15:32:00,107541.99,107541.99,107471.07,107478.15,5.5303,2297.0
2025-06-16 15:33:00,107478.15,107524.49,107444.6,107492.0,7.9769,4756.0
2025-06-16 15:34:00,107492.01,107506.88,107468.4,107476.0,10.59471,2653.0
2025-06-16 15:35:00,107476.0,107496.76,107452.01,107485.87,3.45761,1887.0
2025-06-16 15:36:00,107485.88,107504.0,107428.02,107480.01,6.11098,3350.0
2025-06-16 15:37:00,107480.02,107480.02,107395.34,107397.19,9.35758,2489.0
2025-06-16 15:38:00,107397.19,107455.07,107397.19,107446.01,7.00907,2669.0
2025-06-16 15:39:00,107446.01,107455.07,107403.19,107433.41,8.83946,2347.0
2025-06-16 15:40:00,107433.41,107518.61,107433.41,107518.6,3.42667,2074.0
2025-06-16 15:41:00,107518.61,107550.0,107516.11,107541.01,4.78928,1818.0
2025-06-16 15:42:00,107541.0,107541.0,107488.37,107529.06,8.03582,2137.0
2025-06-16 15:43:00,107529.06,107600.0,107511.38,107599.99,10.65757,2158.0
2025-06-16 15:44:00,107600.0,107600.0,107552.6,107552.61,8.46828,1089.0
2025-06-16 15:45:00,107552.6,107666.2,107552.6,107666.19,9.39925,2477.0
2025-06-16 15:46:00,107666.19,107700.0,107648.52,107686.0,6.28863,1823.0
2025-06-16 15:47:00,107686.01,107686.01,107627.91,107652.51,11.97387,2256.0
2025-06-16 15:48:00,107652.51,107715.4,107652.51,107700.05,17.62753,1992.0
2025-06-16 15:49:00,107700.05,107700.05,107673.51,107677.94,4.76807,1049.0
2025-06-16 15:50:00,107677.93,107677.93,107600.26,107659.76,7.76452,2896.0
2025-06-16 15:51:00,107659.76,107659.76,107610.51,107656.01,4.1088,2181.0
2025-06-16 15:52:00,107656.02,107670.13,107652.24,107670.12,5.402,1522.0
2025-06-16 15:53:00,107670.13,107712.0,107670.13,107670.57,5.11329,2827.0
2025-06-16 15:54:00,107670.58,107670.58,107607.91,107617.34,7.33692,2017.0
2025-06-16 15:55:00,107617.35,107617.35,107514.89,107514.9,13.52654,2935.0
2025-06-16 15:56:00,107514.89,107514.9,107405.52,107405.52,8.94963,2330.0
2025-06-16 15:57:00,107405.53,107405.53,107307.81,107334.42,11.35713,3666.0
2025-06-16 15:58:00,107334.43,107395.0,107322.01,107395.0,11.26561,1771.0
2025-06-16 15:59:00,107395.0,107467.36,107394.99,107424.96,7.31567,2632.0
2025-06-16 16:00:00,107424.96,107487.01,107424.96,107481.86,5.01143,1978.0
2025-06-16 16:01:00,107481.87,107481.87,107385.28,107385.48,12.1472,2762.0
2025-06-16 16:02:00,107385.48,107385.48,107309.15,107327.98,118.94199,2275.0
2025-06-16 16:03:00,107327.98,107360.0,107327.98,107356.01,8.39319,911.0
2025-06-16 16:04:00,107356.02,107440.0,107356.02,107426.56,12.44003,2574.0
2025-06-16 16:05:00,107426.57,107481.87,107426.56,107481.87,4.39393,1417.0
2025-06-16 16:06:00,107481.86,107500.0,107477.55,107477.55,13.23892,1745.0
2025-06-16 16:07:00,107477.56,107503.57,107477.55,107503.56,8.61648,1789.0
2025-06-16 16:08:00,107503.56,107541.54,107503.56,107541.54,2.12173,1630.0
2025-06-16 16:09:00,107541.54,107569.66,107541.53,107551.78,2.40619,1568.0
2025-06-16 16:10:00,107551.79,107572.53,107543.19,107572.53,8.31031,879.0
2025-06-16 16:11:00,107572.53,107572.53,107549.27,107549.27,4.00693,1261.0
2025-06-16 16:12:00,107549.27,107561.29,107543.79,107561.28,2.63538,854.0
2025-06-16 16:13:00,107561.29,107641.25,107561.28,107641.24,3.73788,2454.0
2025-06-16 16:14:00,107641.25,107677.31,107641.24,107677.31,4.0307,1768.0
2025-06-16 16:15:00,107677.31,107677.31,107634.21,107650.06,9.82024,1946.0
2025-06-16 16:16:00,107650.06,107683.48,107650.06,107683.48,2.15972,743.0
2025-06-16 16:17:00,107683.47,107683.48,107649.33,107683.48,6.42704,1306.0
2025-06-16 16:18:00,107683.47,107683.48,107660.33,107660.33,5.21002,696.0
2025-06-16 16:19:00,107660.34,107660.34,107622.28,107627.91,15.04945,1323.0
2025-06-16 16:20:00,107627.91,107674.42,107627.9,107674.41,3.26241,1276.0
2025-06-16 16:21:00,107674.41,107674.42,107660.34,107660.34,5.12867,838.0
2025-06-16 16:22:00,107660.35,107674.42,107643.98,107645.99,7.99268,1522.0
2025-06-16 16:23:00,107646.0,107683.48,107645.99,107683.48,3.43042,1375.0
2025-06-16 16:24:00,107683.47,107683.48,107656.96,107656.96,3.95675,993.0
2025-06-16 16:25:00,107656.96,107656.97,107644.95,107644.96,1.93349,515.0
2025-06-16 16:26:00,107644.96,107644.96,107581.39,107644.96,5.1253,2730.0
2025-06-16 16:27:00,107644.96,107644.96,107610.21,107617.21,2.40306,812.0
2025-06-16 16:28:00,107617.22,107627.91,107606.72,107627.9,7.06863,1016.0
2025-06-16 16:29:00,107627.9,107637.14,107608.67,107623.12,3.92187,1652.0
2025-06-16 16:30:00,107623.11,107646.0,107597.94,107643.05,5.24579,1823.0
2025-06-16 16:31:00,107643.05,107684.13,107627.18,107684.12,7.32639,1346.0
2025-06-16 16:32:00,107684.13,107692.13,107684.12,107692.12,1.24592,488.0
2025-06-16 16:33:00,107692.12,107692.13,107687.9,107687.9,3.75853,409.0
2025-06-16 16:34:00,107687.91,107687.91,107650.49,107654.0,5.95734,879.0
2025-06-16 16:35:00,107654.0,107654.0,107635.88,107653.86,2.88984,992.0
2025-06-16 16:36:00,107653.86,107687.9,107653.86,107685.7,3.52076,1038.0
2025-06-16 16:37:00,107685.71,107685.71,107654.0,107666.79,3.22932,1715.0
2025-06-16 16:38:00,107666.8,107680.93,107666.79,107680.92,2.23718,557.0
2025-06-16 16:39:00,107680.92,107686.16,107680.92,107686.15,2.26503,220.0
2025-06-16 16:40:00,107686.15,107686.16,107686.15,107686.16,1.91768,234.0
2025-06-16 16:41:00,107686.15,107900.0,107686.15,107857.75,147.2341,7519.0
2025-06-16 16:42:00,107857.74,107871.13,107820.02,107871.12,10.52144,1804.0
2025-06-16 16:43:00,107871.12,107906.98,107842.45,107870.03,31.48402,2986.0
2025-06-16 16:44:00,107870.03,107870.04,107724.98,107724.99,9.39113,3191.0
2025-06-16 16:45:00,107724.99,107724.99,107587.07,107610.01,29.64909,3653.0
2025-06-16 16:46:00,107610.01,107610.01,107515.34,107522.0,13.55273,3358.0
2025-06-16 16:47:00,107522.0,107650.58,107514.9,107650.58,7.91118,2698.0
2025-06-16 16:48:00,107650.57,107669.94,107610.98,107610.98,4.38876,1737.0
2025-06-16 16:49:00,107610.99,107627.91,107610.98,107627.9,1.15626,799.0
2025-06-16 16:50:00,107627.91,107690.74,107600.0,107690.74,7.79614,2722.0
2025-06-16 16:51:00,107690.74,107720.0,107684.88,107719.99,20.09707,1399.0
2025-06-16 16:52:00,107720.0,107764.32,107719.99,107744.0,8.44163,1930.0
2025-06-16 16:53:00,107744.0,107852.35,107743.99,107809.9,10.73263,3446.0
2025-06-16 16:54:00,107809.9,107809.9,107734.15,107739.42,5.27158,2206.0
2025-06-16 16:55:00,107739.41,107798.62,107739.41,107798.61,1.50899,1231.0
2025-06-16 16:56:00,107798.62,107808.56,107794.01,107794.01,2.52294,730.0
2025-06-16 16:57:00,107794.02,107808.55,107787.73,107808.54,10.64868,1291.0
2025-06-16 16:58:00,107808.55,107826.17,107789.22,107789.23,4.04657,1605.0
2025-06-16 16:59:00,107789.22,107789.22,107747.15,107765.99,11.90594,1834.0
2025-06-16 17:00:00,107765.99,107766.57,107726.58,107766.57,5.54504,1306.0
2025-06-16 17:01:00,107766.58,107796.0,107749.79,107749.79,5.22453,1710.0
2025-06-16 17:02:00,107749.8,107749.8,107655.09,107681.09,7.49357,2363.0
2025-06-16 17:03:00,107681.1,107686.21,107652.28,107686.2,8.20076,1628.0
2025-06-16 17:04:00,107686.21,107760.96,107686.2,107760.95,5.12058,1762.0
2025-06-16 17:05:00,107760.95,107818.91,107730.89,107738.85,7.1066,3463.0
2025-06-16 17:06:00,107738.86,107738.86,107688.3,107706.68,3.39256,1212.0
2025-06-16 17:07:00,107706.69,107732.04,107697.79,107701.99,4.77801,1381.0
2025-06-16 17:08:00,107702.0,107704.21,107675.84,107685.62,1.48999,1030.0
2025-06-16 17:09:00,107685.62,107685.63,107642.66,107653.99,5.39093,1409.0
2025-06-16 17:10:00,107653.99,107720.94,107653.99,107718.74,7.41929,2851.0
2025-06-16 17:11:00,107718.75,107766.44,107718.42,107738.4,7.83255,3754.0
2025-06-16 17:12:00,107738.4,107757.13,107722.77,107727.54,8.80062,2143.0
2025-06-16 17:13:00,107727.54,107810.11,107704.81,107810.1,10.87777,3223.0
2025-06-16 17:14:00,107810.11,107810.11,107745.38,107745.38,7.06354,1819.0
2025-06-16 17:15:00,107745.39,107754.0,107721.4,107721.4,6.74228,1080.0
2025-06-16 17:16:00,107721.4,107816.18,107689.96,107816.18,9.92165,3513.0
2025-06-16 17:17:00,107817.08,107871.99,107817.08,107842.06,8.8246,1894.0
2025-06-16 17:18:00,107842.06,107863.64,107794.64,107840.41,13.42229,2825.0
2025-06-16 17:19:00,107840.42,107931.0,107840.41,107897.18,33.2712,3600.0
2025-06-16 17:20:00,107897.19,107950.88,107897.19,107910.4,13.79079,2429.0
2025-06-16 17:21:00,107910.4,107927.98,107910.14,107923.32,4.64459,737.0
2025-06-16 17:22:00,107923.32,107923.33,107900.0,107907.89,7.9974,1139.0
2025-06-16 17:23:00,107907.9,107920.0,107906.74,107919.99,12.45902,1030.0
2025-06-16 17:24:00,107919.99,107936.9,107875.33,107882.03,3.77433,1789.0
2025-06-16 17:25:00,107882.03,107934.11,107851.0,107934.11,8.11988,2365.0
2025-06-16 17:26:00,107934.1,107948.76,107934.1,107948.74,10.54589,668.0
2025-06-16 17:27:00,107948.74,107948.75,107945.41,107945.42,4.31209,330.0
2025-06-16 17:28:00,107945.41,107977.77,107945.41,107954.51,9.84685,2094.0
2025-06-16 17:29:00,107954.52,107954.52,107868.47,107883.4,8.51212,2287.0
2025-06-16 17:30:00,107883.39,107920.79,107883.39,107913.68,3.35372,1190.0
2025-06-16 17:31:00,107913.69,107988.0,107886.56,107987.99,14.88608,3347.0
2025-06-16 17:32:00,107987.99,107988.0,107941.94,107941.94,5.73965,1309.0
2025-06-16 17:33:00,107941.94,107952.0,107901.06,107925.56,6.17722,1899.0
2025-06-16 17:34:00,107925.57,107966.01,107892.03,107966.01,7.75362,1609.0
2025-06-16 17:35:00,107966.01,107985.02,107906.97,107969.98,15.04701,2560.0
2025-06-16 17:36:00,107969.97,107986.14,107958.26,107962.72,8.81205,1783.0
2025-06-16 17:37:00,107962.72,107987.0,107962.72,107976.59,4.32091,1503.0
2025-06-16 17:38:00,107976.6,108017.98,107976.6,107981.38,105.10925,5695.0
2025-06-16 17:39:00,107981.38,107981.39,107820.9,107851.48,12.24526,4036.0
2025-06-16 17:40:00,107851.49,107897.09,107851.48,107897.09,3.1886,2326.0
2025-06-16 17:41:00,107897.09,107948.06,107874.44,107874.44,15.25192,3155.0
2025-06-16 17:42:00,107874.44,107874.45,107828.01,107845.14,3.95818,1819.0
2025-06-16 17:43:00,107845.15,107853.95,107830.2,107830.2,3.15169,1501.0
2025-06-16 17:44:00,107830.21,107852.0,107830.0,107830.0,3.59479,1102.0
2025-06-16 17:45:00,107830.01,107855.75,107830.0,107838.13,4.04639,751.0
2025-06-16 17:46:00,107838.13,107908.47,107838.13,107908.46,3.33099,2001.0
2025-06-16 17:47:00,107908.46,107908.47,107852.24,107852.24,7.45935,1399.0
2025-06-16 17:48:00,107852.24,107852.24,107793.0,107832.04,3.5973,2441.0
2025-06-16 17:49:00,107832.05,107900.0,107832.05,107858.79,3.39333,2352.0
2025-06-16 17:50:00,107858.8,107858.8,107815.0,107815.01,4.14327,1583.0
2025-06-16 17:51:00,107815.0,107815.01,107735.09,107735.09,9.49468,2422.0
2025-06-16 17:52:00,107735.09,107760.02,107653.99,107760.01,10.26428,4163.0
2025-06-16 17:53:00,107760.02,107867.94,107760.02,107853.97,5.34454,3175.0
2025-06-16 17:54:00,107853.96,107871.0,107834.04,107834.04,9.6264,1623.0
2025-06-16 17:55:00,107834.04,107834.04,107680.0,107685.85,30.32243,4484.0
2025-06-16 17:56:00,107685.85,107734.74,107674.41,107734.73,6.75051,1189.0
2025-06-16 17:57:00,107734.74,107745.53,107674.41,107674.41,14.8033,1585.0
2025-06-16 17:58:00,107674.41,107674.42,107627.9,107657.64,5.55538,2080.0
2025-06-16 17:59:00,107657.64,107755.01,107657.64,107755.0,3.78643,2499.0
2025-06-16 18:00:00,107755.01,107755.01,107686.56,107695.67,4.68072,2075.0
2025-06-16 18:01:00,107695.67,107800.98,107691.93,107764.0,11.05234,3983.0
2025-06-16 18:02:00,107764.01,107793.39,107743.1,107793.39,5.3527,1998.0
2025-06-16 18:03:00,107793.38,107807.09,107776.45,107807.08,4.11944,1494.0
2025-06-16 18:04:00,107807.09,107808.3,107767.98,107775.97,12.3797,2273.0
2025-06-16 18:05:00,107775.98,107846.24,107775.98,107846.24,2.92677,1798.0
2025-06-16 18:06:00,107846.23,107858.74,107789.21,107789.21,6.60066,1875.0
2025-06-16 18:07:00,107789.21,107827.94,107775.88,107827.93,5.17868,2058.0
2025-06-16 18:08:00,107827.93,107891.47,107827.93,107891.46,3.58871,1506.0
2025-06-16 18:09:00,107891.46,107939.31,107891.46,107933.32,4.90157,1562.0
2025-06-16 18:10:00,107933.33,107934.72,107905.3,107934.71,7.55842,1085.0
2025-06-16 18:11:00,107934.71,107934.72,107909.81,107909.81,4.85467,1071.0
2025-06-16 18:12:00,107909.81,107922.0,107845.56,107845.56,5.96302,1948.0
2025-06-16 18:13:00,107845.56,107918.1,107821.16,107908.17,2.84585,2493.0
2025-06-16 18:14:00,107908.17,107971.08,107908.17,107955.11,4.59491,2321.0
2025-06-16 18:15:00,107955.11,107955.11,107909.25,107938.7,6.33528,2607.0
2025-06-16 18:16:00,107938.7,107959.6,107938.7,107947.47,3.1385,765.0
2025-06-16 18:17:00,107947.48,107969.42,107937.15,107952.81,6.69724,2201.0
2025-06-16 18:18:00,107952.81,107952.81,107896.43,107912.0,3.72041,2034.0
2025-06-16 18:19:00,107912.01,107918.15,107876.04,107915.98,8.40781,2003.0
2025-06-16 18:20:00,107915.98,107915.99,107819.42,107819.42,17.58295,2147.0
2025-06-16 18:21:00,107819.43,107868.0,107813.95,107859.46,4.84659,1466.0
2025-06-16 18:22:00,107859.46,107959.26,107853.54,107959.25,3.50928,2020.0
2025-06-16 18:23:00,107959.25,108030.0,107956.46,108029.99,19.3976,2258.0
2025-06-16 18:24:00,108029.99,108100.0,108029.99,108071.98,33.13042,2633.0
2025-06-16 18:25:00,108071.99,108071.99,108038.22,108038.22,6.72699,1133.0
2025-06-16 18:26:00,108038.22,108038.22,108000.0,108018.01,3.89438,1418.0
2025-06-16 18:27:00,108018.0,108057.73,108018.0,108043.86,14.09655,1589.0
2025-06-16 18:28:00,108043.87,108057.73,108038.23,108057.72,6.02462,869.0
2025-06-16 18:29:00,108057.72,108088.0,108057.72,108076.53,6.04136,1264.0
2025-06-16 18:30:00,108076.53,108082.6,108018.9,108018.9,9.29628,1971.0
2025-06-16 18:31:00,108018.91,108055.42,108017.31,108055.42,4.62801,2954.0
2025-06-16 18:32:00,108055.42,108100.0,108055.42,108100.0,2.59353,1130.0
2025-06-16 18:33:00,108100.0,108117.0,108088.16,108088.16,22.58209,2402.0
2025-06-16 18:34:00,108088.17,108103.47,108088.17,108097.11,4.8933,931.0
2025-06-16 18:35:00,108097.1,108097.11,108026.67,108037.47,5.02421,2071.0
2025-06-16 18:36:00,108037.46,108083.51,108033.19,108038.53,10.03607,1788.0
2025-06-16 18:37:00,108038.53,108038.53,108000.62,108021.69,5.08942,1555.0
2025-06-16 18:38:00,108021.69,108053.48,108021.69,108036.58,2.87108,1229.0
2025-06-16 18:39:00,108036.59,108099.99,108036.58,108099.98,5.70567,2683.0
2025-06-16 18:40:00,108099.99,108112.0,108060.0,108111.99,3.21769,2420.0
2025-06-16 18:41:00,108111.99,108112.0,108080.48,108097.96,2.61824,1260.0
2025-06-16 18:42:00,108097.96,108109.79,108097.96,108099.68,2.58624,900.0
2025-06-16 18:43:00,108099.69,108099.69,108084.63,108084.63,5.86254,812.0
2025-06-16 18:44:00,108084.64,108084.64,108081.95,108084.62,6.2198,492.0
2025-06-16 18:45:00,108084.62,108089.89,108053.04,108089.89,6.56456,1744.0
2025-06-16 18:46:00,108089.9,108115.0,108089.9,108106.67,4.01167,1487.0
2025-06-16 18:47:00,108106.67,108106.68,108075.53,108096.44,3.34297,1333.0
2025-06-16 18:48:00,108096.43,108105.23,108087.3,108087.3,1.40362,825.0
2025-06-16 18:49:00,108087.31,108087.31,108087.3,108087.3,0.79124,189.0
2025-06-16 18:50:00,108087.3,108087.3,108048.54,108063.68,5.82426,2149.0
2025-06-16 18:51:00,108063.68,108063.69,108000.0,108000.99,18.18531,2286.0
2025-06-16 18:52:00,108001.0,108046.38,108000.99,108041.59,4.89651,1240.0
2025-06-16 18:53:00,108041.59,108087.31,108041.59,108068.77,4.40238,1605.0
2025-06-16 18:54:00,108068.77,108117.35,108047.47,108117.34,8.67983,2587.0
2025-06-16 18:55:00,108117.34,108198.0,108098.09,108186.48,31.64508,3528.0
2025-06-16 18:56:00,108186.48,108196.22,108156.08,108156.47,14.07683,2527.0
2025-06-16 18:57:00,108156.47,108186.05,108138.99,108186.04,10.01062,1498.0
2025-06-16 18:58:00,108186.05,108224.0,108186.04,108223.99,36.47707,2522.0
2025-06-16 18:59:00,108223.99,108278.0,108223.99,108255.96,20.82806,2434.0
2025-06-16 19:00:00,108255.97,108285.71,108255.96,108272.47,10.10499,2042.0
2025-06-16 19:01:00,108272.47,108313.0,108272.47,108309.8,23.07143,2614.0
2025-06-16 19:02:00,108309.81,108309.81,108294.63,108305.72,6.31804,766.0
2025-06-16 19:03:00,108305.73,108310.0,108294.63,108309.99,7.94883,764.0
2025-06-16 19:04:00,108310.0,108310.0,108286.51,108300.98,4.70702,1131.0
2025-06-16 19:05:00,108300.97,108420.0,108300.97,108402.18,32.96,5327.0
2025-06-16 19:06:00,108402.17,108412.07,108402.17,108409.91,2.05977,617.0
2025-06-16 19:07:00,108409.91,108550.0,108409.91,108549.99,94.32993,8879.0
2025-06-16 19:08:00,108549.99,108745.58,108542.03,108712.98,83.7178,9020.0
2025-06-16 19:09:00,108712.99,108716.66,108678.8,108697.18,32.32525,4422.0
2025-06-16 19:10:00,108697.18,108697.19,108576.0,108576.0,26.77347,4795.0
2025-06-16 19:11:00,108575.92,108631.11,108540.92,108611.01,16.11238,4262.0
2025-06-16 19:12:00,108611.01,108611.02,108542.07,108584.38,8.67026,2448.0
2025-06-16 19:13:00,108584.37,108677.39,108584.37,108593.34,25.15195,4927.0
2025-06-16 19:14:00,108593.35,108642.77,108593.35,108611.58,6.0742,2121.0
2025-06-16 19:15:00,108611.59,108680.0,108611.58,108671.98,17.58747,2614.0
2025-06-16 19:16:00,108671.98,108820.0,108670.67,108819.95,44.75608,6366.0
2025-06-16 19:17:00,108819.96,108888.0,108795.99,108799.39,47.86969,5914.0
2025-06-16 19:18:00,108799.4,108823.27,108569.43,108586.93,38.98108,8866.0
2025-06-16 19:19:00,108586.93,108586.94,108551.17,108570.62,10.90979,3102.0
2025-06-16 19:20:00,108569.25,108639.22,108569.25,108636.0,10.69219,2504.0
2025-06-16 19:21:00,108636.79,108723.35,108631.2,108684.34,35.27842,6996.0
2025-06-16 19:22:00,108684.35,108742.52,108677.82,108720.18,12.09627,2730.0
2025-06-16 19:23:00,108720.18,108751.71,108720.18,108751.71,16.03299,2401.0
2025-06-16 19:24:00,108751.71,108779.01,108707.09,108778.82,12.88852,3404.0
2025-06-16 19:25:00,108778.82,108828.57,108777.1,108828.56,14.92274,2745.0
2025-06-16 19:26:00,108828.57,108871.75,108817.94,108823.4,14.74834,3136.0
2025-06-16 19:27:00,108823.4,108880.89,108823.29,108823.29,8.61391,1954.0
2025-06-16 19:28:00,108823.29,108850.86,108820.25,108820.25,10.18798,2309.0
2025-06-16 19:29:00,108820.26,108823.72,108754.84,108765.1,13.3008,2537.0
2025-06-16 19:30:00,108765.1,108813.81,108752.99,108796.01,18.3563,3248.0
2025-06-16 19:31:00,108796.01,108796.02,108683.44,108727.83,11.59906,4108.0
2025-06-16 19:32:00,108727.83,108727.83,108578.22,108632.1,20.41347,5380.0
2025-06-16 19:33:00,108632.09,108661.22,108606.4,108634.02,12.60848,2744.0
2025-06-16 19:34:00,108634.02,108683.99,108634.02,108650.57,8.85553,2273.0
2025-06-16 19:35:00,108650.56,108692.88,108646.31,108646.32,13.82141,2499.0
2025-06-16 19:36:00,108646.31,108646.32,108584.75,108584.75,5.20798,2343.0
2025-06-16 19:37:00,108584.75,108584.76,108539.24,108567.77,13.97014,1490.0
2025-06-16 19:38:00,108567.77,108567.78,108556.92,108556.92,5.40117,1103.0
2025-06-16 19:39:00,108556.93,108570.83,108541.67,108541.67,14.34031,1918.0
2025-06-16 19:40:00,108541.67,108541.68,108420.0,108432.32,24.2172,3296.0
2025-06-16 19:41:00,108432.32,108580.0,108432.32,108580.0,10.52978,2687.0
2025-06-16 19:42:00,108579.99,108603.68,108516.14,108516.14,10.71747,2411.0
2025-06-16 19:43:00,108516.15,108516.15,108472.51,108489.77,7.73139,1926.0
2025-06-16 19:44:00,108489.77,108511.63,108489.77,108511.62,5.32495,555.0
2025-06-16 19:45:00,108511.62,108540.0,108487.32,108498.16,13.28784,2779.0
2025-06-16 19:46:00,108498.17,108498.17,108447.65,108465.54,5.95057,1734.0
2025-06-16 19:47:00,108465.53,108530.0,108465.53,108530.0,8.56204,1767.0
2025-06-16 19:48:00,108530.0,108596.75,108527.68,108585.88,5.03342,2273.0
2025-06-16 19:49:00,108585.88,108599.83,108560.71,108599.83,6.25996,1453.0
2025-06-16 19:50:00,108599.83,108599.83,108521.32,108539.91,11.50589,3661.0
2025-06-16 19:51:00,108539.9,108561.8,108520.0,108541.63,7.26131,2474.0
2025-06-16 19:52:00,108541.63,108574.59,108533.51,108574.59,4.90104,2076.0
2025-06-16 19:53:00,108575.57,108579.99,108511.62,108535.45,11.15124,2697.0
2025-06-16 19:54:00,108535.45,108572.0,108535.45,108555.59,8.70281,1782.0
2025-06-16 19:55:00,108555.59,108578.23,108548.43,108563.81,5.26097,1280.0
2025-06-16 19:56:00,108563.81,108579.23,108528.13,108528.13,4.60344,1534.0
2025-06-16 19:57:00,108528.13,108528.13,108431.36,108431.36,5.56545,3264.0
2025-06-16 19:58:00,108431.36,108451.98,108415.5,108438.53,9.93252,2262.0
2025-06-16 19:59:00,108438.52,108660.88,108438.52,108652.0,15.74173,6914.0
2025-06-16 20:00:00,108652.01,108652.01,108577.87,108604.65,13.75796,3640.0
2025-06-16 20:01:00,108604.65,108616.0,108564.75,108573.23,11.91003,2172.0
2025-06-16 20:02:00,108573.23,108594.89,108573.22,108585.03,8.13994,1487.0
2025-06-16 20:03:00,108585.03,108585.04,108491.13,108491.13,7.20439,3207.0
2025-06-16 20:04:00,108491.14,108600.0,108491.13,108600.0,5.17509,1915.0
2025-06-16 20:05:00,108600.0,108604.66,108568.56,108604.65,13.65353,2907.0
2025-06-16 20:06:00,108604.65,108613.84,108581.79,108593.55,8.94019,2252.0
2025-06-16 20:07:00,108593.55,108617.35,108428.0,108612.63,71.38611,6619.0
2025-06-16 20:08:00,108612.63,108612.64,108580.0,108600.61,8.97849,1943.0
2025-06-16 20:09:00,108600.62,108600.62,108521.01,108521.01,6.98775,2151.0
2025-06-16 20:10:00,108521.01,108521.02,108485.3,108496.15,4.55027,1423.0
2025-06-16 20:11:00,108496.16,108576.0,108496.16,108530.85,28.04068,2296.0
2025-06-16 20:12:00,108530.86,108674.65,108491.32,108658.59,35.92327,2913.0
2025-06-16 20:13:00,108658.6,108658.6,108638.55,108651.17,3.42304,1011.0
2025-06-16 20:14:00,108651.17,108693.21,108646.3,108646.31,13.06308,2244.0
2025-06-16 20:15:00,108646.3,108646.3,108534.85,108551.92,17.09648,2510.0
2025-06-16 20:16:00,108551.92,108606.49,108544.61,108606.48,3.32717,1828.0
2025-06-16 20:17:00,108606.49,108625.51,108509.66,108543.95,21.82841,3180.0
2025-06-16 20:18:00,108543.94,108562.35,108543.94,108551.36,2.03526,982.0
2025-06-16 20:19:00,108551.37,108551.37,108551.35,108551.35,9.21002,311.0
2025-06-16 20:20:00,108551.36,108563.85,108551.35,108559.63,5.54028,620.0
2025-06-16 20:21:00,108559.62,108559.63,108555.93,108557.63,4.02461,387.0
2025-06-16 20:22:00,108557.64,108591.28,108557.63,108591.27,7.25199,825.0
2025-06-16 20:23:00,108591.28,108613.16,108564.59,108564.6,3.47882,1961.0
2025-06-16 20:24:00,108564.6,108574.34,108564.59,108574.33,5.79257,519.0
2025-06-16 20:25:00,108574.34,108592.51,108567.82,108567.82,3.64163,1478.0
2025-06-16 20:26:00,108567.82,108567.83,108561.74,108561.74,2.68662,458.0
2025-06-16 20:27:00,108561.74,108648.68,108561.74,108616.63,4.09652,2469.0
2025-06-16 20:28:00,108616.64,108630.98,108587.01,108630.97,2.21365,1496.0
2025-06-16 20:29:00,108630.97,108630.98,108626.77,108626.77,1.16791,308.0
2025-06-16 20:30:00,108626.77,108626.78,108586.12,108586.12,1.9843,1320.0
2025-06-16 20:31:00,108586.13,108595.92,108586.13,108588.9,1.97636,507.0
2025-06-16 20:32:00,108588.89,108588.9,108569.58,108569.59,4.79516,820.0
2025-06-16 20:33:00,108569.58,108569.59,108569.58,108569.58,1.08046,120.0
2025-06-16 20:34:00,108569.58,108569.59,108559.89,108559.9,3.99441,452.0
2025-06-16 20:35:00,108559.9,108600.0,108559.9,108599.99,7.37514,1226.0
2025-06-16 20:36:00,108600.0,108628.0,108567.15,108620.42,13.1497,2366.0
2025-06-16 20:37:00,108620.42,108633.0,108620.42,108632.99,3.10385,444.0
2025-06-16 20:38:00,108633.0,108683.2,108632.99,108677.5,15.67675,1637.0
2025-06-16 20:39:00,108677.5,108696.0,108670.0,108695.79,3.30099,1267.0
2025-06-16 20:40:00,108695.79,108699.01,108695.79,108699.01,6.04318,517.0
2025-06-16 20:41:00,108699.01,108699.01,108659.99,108659.99,6.07819,1197.0
2025-06-16 20:42:00,108660.0,108660.0,108659.99,108659.99,4.11262,227.0
2025-06-16 20:43:00,108659.99,108677.22,108659.99,108677.22,2.57334,1081.0
2025-06-16 20:44:00,108677.21,108757.32,108677.21,108737.31,11.84358,1497.0
2025-06-16 20:45:00,108737.31,108769.23,108737.31,108756.6,7.28976,1955.0
2025-06-16 20:46:00,108756.61,108756.61,108658.55,108667.99,7.87637,2593.0
2025-06-16 20:47:00,108667.99,108668.0,108608.52,108608.53,4.32743,1305.0
2025-06-16 20:48:00,108608.52,108608.53,108558.13,108564.01,9.75247,1728.0
2025-06-16 20:49:00,108564.02,108650.74,108564.01,108650.74,13.92222,1714.0
2025-06-16 20:50:00,108650.74,108686.33,108594.87,108597.22,8.21898,3024.0
2025-06-16 20:51:00,108597.23,108644.97,108597.22,108644.96,11.99998,913.0
2025-06-16 20:52:00,108644.96,108668.0,108602.47,108602.47,11.35302,2082.0
2025-06-16 20:53:00,108602.46,108663.61,108578.22,108663.6,15.85933,2417.0
2025-06-16 20:54:00,108663.6,108683.2,108663.6,108683.19,7.51914,2478.0
2025-06-16 20:55:00,108683.19,108749.99,108674.0,108736.49,7.54463,2715.0
2025-06-16 20:56:00,108736.5,108769.23,108736.49,108769.22,2.523,844.0
2025-06-16 20:57:00,108769.22,108849.77,108769.05,108836.92,15.14275,2407.0
2025-06-16 20:58:00,108836.93,108836.93,108763.93,108763.93,15.53104,2699.0
2025-06-16 20:59:00,108763.93,108782.69,108762.34,108782.68,5.41456,1156.0
2025-06-16 21:00:00,108782.68,108796.15,108782.68,108790.7,6.96839,1031.0
2025-06-16 21:01:00,108790.71,108790.71,108771.97,108771.98,7.4708,797.0
2025-06-16 21:02:00,108771.98,108790.7,108771.98,108790.69,4.75089,521.0
2025-06-16 21:03:00,108790.69,108817.0,108783.94,108783.94,7.89951,1530.0
2025-06-16 21:04:00,108783.95,108783.95,108684.69,108694.22,7.84744,2603.0
2025-06-16 21:05:00,108694.23,108704.93,108694.07,108704.93,5.78317,915.0
2025-06-16 21:06:00,108704.93,108704.94,108694.07,108694.07,2.32433,578.0
2025-06-16 21:07:00,108694.08,108694.08,108686.92,108694.07,2.80479,525.0
2025-06-16 21:08:00,108694.07,108694.08,108595.61,108595.62,9.45639,2362.0
2025-06-16 21:09:00,108595.62,108615.4,108593.62,108615.39,3.79469,1111.0
2025-06-16 21:10:00,108615.39,108625.45,108615.39,108625.44,3.0432,395.0
2025-06-16 21:11:00,108625.45,108625.45,108574.61,108574.61,1.93701,1170.0
2025-06-16 21:12:00,108574.61,108604.95,108569.51,108599.99,13.9375,1337.0
2025-06-16 21:13:00,108600.0,108600.0,108583.44,108600.0,4.8898,807.0
2025-06-16 21:14:00,108599.99,108600.0,108552.57,108552.57,3.23784,1371.0
2025-06-16 21:15:00,108552.57,108552.58,108545.56,108545.56,6.11437,467.0
2025-06-16 21:16:00,108545.57,108564.0,108545.56,108563.99,5.69252,1184.0
2025-06-16 21:17:00,108564.0,108591.12,108563.99,108566.64,4.98784,1045.0
2025-06-16 21:18:00,108566.64,108582.0,108559.31,108581.99,3.55328,1099.0
2025-06-16 21:19:00,108581.99,108598.96,108581.99,108590.97,4.19628,510.0
2025-06-16 21:20:00,108590.96,108590.97,108590.96,108590.97,0.53353,137.0
2025-06-16 21:21:00,108590.96,108700.0,108590.96,108649.06,13.42292,3073.0
2025-06-16 21:22:00,108649.06,108649.07,108649.06,108649.07,2.36359,160.0
2025-06-16 21:23:00,108649.06,108649.07,108582.52,108587.98,7.43369,1918.0
2025-06-16 21:24:00,108587.98,108587.99,108582.52,108582.52,3.05231,347.0
2025-06-16 21:25:00,108582.52,108589.2,108573.82,108573.83,8.6045,827.0
2025-06-16 21:26:00,108573.83,108573.83,108540.99,108541.0,2.26432,706.0
2025-06-16 21:27:00,108541.0,108594.56,108540.99,108594.55,3.38773,1363.0
2025-06-16 21:28:00,108594.55,108633.92,108594.55,108633.91,1.87904,810.0
2025-06-16 21:29:00,108633.91,108633.92,108633.91,108633.91,1.74404,134.0
2025-06-16 21:30:00,108633.92,108644.3,108580.0,108580.0,7.71267,1763.0
2025-06-16 21:31:00,108580.01,108580.01,108539.06,108539.07,2.88547,814.0
2025-06-16 21:32:00,108539.07,108579.11,108539.07,108551.69,7.21206,1995.0
2025-06-16 21:33:00,108551.69,108551.7,108509.68,108515.23,32.74259,816.0
2025-06-16 21:34:00,108515.23,108515.25,108460.39,108515.24,16.52961,2187.0
2025-06-16 21:35:00,108515.25,108515.25,108443.75,108443.75,4.39502,1853.0
2025-06-16 21:36:00,108443.76,108443.76,108321.45,108397.78,21.1216,7245.0
2025-06-16 21:37:00,108397.78,108397.79,108385.93,108385.93,2.75485,640.0
2025-06-16 21:38:00,108385.94,108430.17,108385.93,108420.45,7.06842,2010.0
2025-06-16 21:39:00,108420.46,108502.11,108420.45,108480.0,6.17547,2793.0
2025-06-16 21:40:00,108480.01,108480.01,108404.52,108462.14,8.95272,3485.0
2025-06-16 21:41:00,108462.15,108521.43,108433.42,108433.42,6.01152,2801.0
2025-06-16 21:42:00,108433.43,108433.43,108393.51,108426.44,6.65995,1553.0
2025-06-16 21:43:00,108426.44,108440.01,108426.44,108440.0,4.5099,579.0
2025-06-16 21:44:00,108440.01,108521.16,108437.04,108521.15,8.14408,1921.0
2025-06-16 21:45:00,108521.16,108576.43,108514.82,108533.28,8.88527,2753.0
2025-06-16 21:46:00,108533.29,108594.52,108533.28,108581.53,4.46877,2081.0
2025-06-16 21:47:00,108581.53,108600.0,108568.83,108599.99,2.69993,1337.0
2025-06-16 21:48:00,108600.0,108615.98,108599.99,108615.97,3.34741,616.0
2025-06-16 21:49:00,108615.97,108615.98,108534.3,108547.54,10.27667,2279.0
2025-06-16 21:50:00,108547.54,108571.95,108547.54,108571.94,1.0268,592.0
2025-06-16 21:51:00,108571.95,108571.95,108535.45,108535.45,4.18689,875.0
2025-06-16 21:52:00,108535.45,108535.46,108535.45,108535.45,0.71846,134.0
2025-06-16 21:53:00,108535.46,108535.46,108535.45,108535.45,1.18841,142.0
2025-06-16 21:54:00,108535.46,108535.46,108535.45,108535.45,1.56586,281.0
2025-06-16 21:55:00,108535.46,108551.46,108535.45,108547.55,15.28755,908.0
2025-06-16 21:56:00,108547.55,108547.55,108543.3,108543.3,5.00817,320.0
2025-06-16 21:57:00,108543.3,108543.31,108543.3,108543.3,0.81619,129.0
2025-06-16 21:58:00,108543.31,108543.31,108513.15,108513.16,3.22074,764.0
2025-06-16 21:59:00,108513.15,108513.16,108513.08,108513.1,2.43035,317.0
2025-06-16 22:00:00,108513.1,108687.56,108513.1,108646.84,11.0977,5108.0
2025-06-16 22:01:00,108646.85,108687.07,108646.84,108654.13,8.92403,1465.0
2025-06-16 22:02:00,108654.13,108708.0,108654.12,108671.98,9.07158,2808.0
2025-06-16 22:03:00,108671.97,108697.68,108671.97,108687.92,3.96399,647.0
2025-06-16 22:04:00,108687.92,108728.74,108687.92,108711.07,6.22013,1247.0
2025-06-16 22:05:00,108711.07,108711.07,108683.24,108683.24,1.97276,748.0
2025-06-16 22:06:00,108683.24,108683.24,108652.7,108654.08,2.33736,1205.0
2025-06-16 22:07:00,108654.08,108678.23,108654.08,108678.22,0.89225,371.0
2025-06-16 22:08:00,108678.22,108952.38,108678.22,108868.09,50.97011,7485.0
2025-06-16 22:09:00,108868.1,108868.1,108746.9,108787.98,6.35984,3818.0
2025-06-16 22:10:00,108787.99,108787.99,108708.58,108740.0,12.94086,3078.0
2025-06-16 22:11:00,108739.99,108739.99,108670.1,108707.51,5.68238,2367.0
2025-06-16 22:12:00,108707.52,108708.58,108677.09,108708.57,11.74876,2095.0
2025-06-16 22:13:00,108708.57,108708.58,108673.53,108697.67,1.95948,1104.0
2025-06-16 22:14:00,108697.68,108799.98,108697.67,108783.77,4.39018,1635.0
2025-06-16 22:15:00,108783.76,108783.76,108712.41,108716.42,4.83719,2229.0
2025-06-16 22:16:00,108716.42,108718.95,108700.13,108700.13,4.51393,1216.0
2025-06-16 22:17:00,108700.13,108700.14,108654.33,108667.82,9.22498,2545.0
2025-06-16 22:18:00,108667.83,108720.0,108667.82,108719.99,2.07582,1166.0
2025-06-16 22:19:00,108719.99,108720.0,108635.46,108635.46,4.16644,2109.0
2025-06-16 22:20:00,108635.46,108664.45,108617.94,108649.75,5.62176,1706.0
2025-06-16 22:21:00,108649.74,108649.74,108605.42,108621.5,7.92983,1647.0
2025-06-16 22:22:00,108621.51,108636.0,108607.58,108626.21,11.88252,1387.0
2025-06-16 22:23:00,108626.22,108639.99,108605.42,108639.99,5.56951,1252.0
2025-06-16 22:24:00,108639.98,108655.99,108622.14,108655.99,3.57714,1102.0
2025-06-16 22:25:00,108656.0,108661.95,108631.49,108633.4,4.13754,1234.0
2025-06-16 22:26:00,108633.39,108660.0,108633.39,108650.53,0.8876,918.0
2025-06-16 22:27:00,108650.53,108651.17,108647.81,108651.16,1.11601,351.0
2025-06-16 22:28:00,108651.16,108651.17,108641.86,108641.87,1.70121,331.0
2025-06-16 22:29:00,108641.86,108658.22,108641.86,108658.21,1.74162,456.0
2025-06-16 22:30:00,108658.21,108674.45,108631.99,108631.99,4.62208,1662.0
2025-06-16 22:31:00,108631.99,108631.99,108538.46,108538.46,6.49409,2338.0
2025-06-16 22:32:00,108538.47,108538.47,108470.53,108499.98,4.32686,2379.0
2025-06-16 22:33:00,108499.98,108499.99,108465.11,108489.35,6.88272,1106.0
2025-06-16 22:34:00,108489.35,108562.79,108478.46,108562.78,21.78203,2757.0
2025-06-16 22:35:00,108562.78,108562.79,108468.34,108468.34,9.802,1507.0
2025-06-16 22:36:00,108468.34,108468.35,108347.22,108351.63,39.68971,4487.0
2025-06-16 22:37:00,108351.63,108358.87,108173.57,108212.0,53.4741,5886.0
2025-06-16 22:38:00,108213.02,108239.61,108152.0,108161.56,23.30621,3547.0
2025-06-16 22:39:00,108161.56,108161.56,107972.11,107992.7,28.14302,8060.0
2025-06-16 22:40:00,107992.71,108046.52,107977.56,108004.47,18.97351,4632.0
2025-06-16 22:41:00,108004.47,108032.6,107928.8,107951.63,46.19899,5971.0
2025-06-16 22:42:00,107951.62,107951.62,107767.44,107813.74,41.70747,7741.0
2025-06-16 22:43:00,107813.75,107870.45,107737.27,107870.44,16.32404,6859.0
2025-06-16 22:44:00,107870.44,107870.45,107457.41,107457.41,75.0319,12789.0
2025-06-16 22:45:00,107457.42,107708.01,107457.42,107618.91,79.12282,11121.0
2025-06-16 22:46:00,107618.91,107839.99,107534.88,107800.01,91.80802,11117.0
2025-06-16 22:47:00,107800.01,107813.66,107542.75,107609.5,100.49377,8579.0
2025-06-16 22:48:00,107609.5,107660.0,107569.32,107600.53,59.779,8316.0
2025-06-16 22:49:00,107600.53,107600.54,107418.24,107432.29,29.4559,8347.0
2025-06-16 22:50:00,107432.29,107557.44,107432.29,107508.98,41.32299,8134.0
2025-06-16 22:51:00,107508.97,107660.0,107471.8,107639.73,31.23044,10414.0
2025-06-16 22:52:00,107639.74,107708.26,107604.01,107708.25,17.06113,6073.0
2025-06-16 22:53:00,107708.25,107804.08,107708.25,107751.42,9.84496,5304.0
2025-06-16 22:54:00,107751.42,107817.89,107720.0,107767.69,11.02689,6698.0
2025-06-16 22:55:00,107767.7,107804.0,107640.0,107690.19,24.26443,5239.0
2025-06-16 22:56:00,107690.19,107710.7,107624.72,107694.55,6.58941,4505.0
2025-06-16 22:57:00,107694.54,107763.8,107684.0,107736.02,6.21601,4379.0
2025-06-16 22:58:00,107736.03,107754.0,107730.0,107732.33,4.97474,2167.0
2025-06-16 22:59:00,107732.09,107732.09,107698.89,107700.01,7.08446,2273.0
2025-06-16 23:00:00,107700.01,107739.26,107674.41,107733.5,8.29643,5733.0
2025-06-16 23:01:00,107733.51,107733.51,107610.39,107610.39,9.6224,5203.0
2025-06-16 23:02:00,107623.38,107680.0,107525.24,107575.88,25.92381,6000.0
2025-06-16 23:03:00,107575.88,107632.77,107530.02,107603.36,28.26703,6813.0
2025-06-16 23:04:00,107603.37,107697.46,107599.48,107600.0,14.75504,8252.0
2025-06-16 23:05:00,107600.0,107631.22,107568.01,107609.13,11.56693,7644.0
2025-06-16 23:06:00,107609.14,107613.39,107552.01,107586.5,7.15787,6032.0
2025-06-16 23:07:00,107586.51,107623.04,107571.23,107571.23,5.6928,3192.0
2025-06-16 23:08:00,107571.23,107777.89,107571.23,107777.89,9.19914,5036.0
2025-06-16 23:09:00,107777.89,107846.15,107729.51,107729.52,31.02229,5721.0
2025-06-16 23:10:00,107729.53,107744.0,107644.14,107668.0,15.68085,3512.0
2025-06-16 23:11:00,107668.0,107761.1,107667.99,107753.78,32.97358,5775.0
2025-06-16 23:12:00,107753.78,107831.73,107740.5,107831.72,4.55907,3912.0
2025-06-16 23:13:00,107831.73,107896.44,107831.73,107858.81,10.90555,3591.0
2025-06-16 23:14:00,107858.81,107872.1,107852.0,107864.21,4.63359,1760.0
2025-06-16 23:15:00,107864.21,107914.93,107864.21,107906.97,6.11658,1730.0
2025-06-16 23:16:00,107906.98,107982.63,107906.97,107932.01,9.11699,2547.0
2025-06-16 23:17:00,107932.01,107932.01,107770.45,107794.08,12.09929,5590.0
2025-06-16 23:18:00,107794.08,107794.09,107750.23,107755.19,6.87162,1851.0
2025-06-16 23:19:00,107755.19,107755.19,107567.68,107605.01,33.11353,6092.0
2025-06-16 23:20:00,107605.59,107693.53,107597.52,107684.05,5.68476,3657.0
2025-06-16 23:21:00,107684.04,107685.54,107668.63,107682.0,3.87361,1062.0
2025-06-16 23:22:00,107682.01,107682.01,107637.84,107637.84,4.03746,1407.0
2025-06-16 23:23:00,107637.83,107637.83,107542.67,107553.42,8.9182,1685.0
2025-06-16 23:24:00,107553.42,107580.0,107542.7,107568.0,5.53462,1926.0
2025-06-16 23:25:00,107568.01,107580.0,107488.37,107488.38,8.98688,2910.0
2025-06-16 23:26:00,107488.38,107599.59,107446.25,107599.59,18.21913,6523.0
2025-06-16 23:27:00,107599.6,107688.49,107599.6,107635.67,9.75245,4944.0
2025-06-16 23:28:00,107635.68,107639.98,107514.66,107514.67,14.34808,2517.0
2025-06-16 23:29:00,107514.67,107575.68,107490.9,107575.68,5.12606,2530.0
2025-06-16 23:30:00,107575.67,107621.76,107562.01,107614.0,8.95065,2217.0
2025-06-16 23:31:00,107614.01,107621.54,107597.7,107613.88,4.30448,1607.0
2025-06-16 23:32:00,107613.87,107613.88,107568.28,107574.9,4.79837,1750.0
2025-06-16 23:33:00,107574.68,107574.69,107441.86,107441.86,11.10552,2685.0
2025-06-16 23:34:00,107441.87,107441.87,107347.51,107347.51,12.7462,3722.0
2025-06-16 23:35:00,107347.51,107347.51,107089.38,107241.04,72.42815,11971.0
2025-06-16 23:36:00,107241.04,107335.65,107210.2,107267.59,19.05921,6374.0
2025-06-16 23:37:00,107267.6,107365.06,107262.58,107339.99,9.89183,5753.0
2025-06-16 23:38:00,107340.0,107400.0,107320.0,107320.0,17.37043,4503.0
2025-06-16 23:39:00,107320.0,107339.97,107293.38,107302.65,33.92349,4484.0
2025-06-16 23:40:00,107302.66,107302.66,107224.92,107232.55,35.68724,2357.0
2025-06-16 23:41:00,107232.55,107232.55,107102.33,107109.62,6.47192,4466.0
2025-06-16 23:42:00,107109.63,107119.63,107071.38,107071.38,10.37255,3034.0
2025-06-16 23:43:00,107071.38,107212.18,107071.38,107192.11,32.22604,4875.0
2025-06-16 23:44:00,107192.11,107192.11,107116.27,107146.22,6.67935,3085.0
2025-06-16 23:45:00,107146.21,107162.77,107092.25,107104.34,6.25081,3195.0
2025-06-16 23:46:00,107104.35,107177.49,107092.28,107094.61,13.04943,4025.0
2025-06-16 23:47:00,107094.61,107131.58,106966.72,106966.72,41.30588,5868.0
2025-06-16 23:48:00,106966.73,107019.01,106917.75,107013.95,43.06726,5770.0
2025-06-16 23:49:00,107013.96,107013.96,106972.13,106979.57,10.85728,3249.0
2025-06-16 23:50:00,106979.57,106979.57,106905.53,106915.95,10.1017,3291.0
2025-06-16 23:51:00,106915.96,106940.93,106881.8,106940.92,19.86461,4110.0
2025-06-16 23:52:00,106940.92,107000.0,106940.92,106977.83,27.64364,4792.0
2025-06-16 23:53:00,106977.83,107023.26,106900.87,106906.23,40.15054,4828.0
2025-06-16 23:54:00,106906.23,106944.92,106854.77,106930.23,22.88435,4224.0
2025-06-16 23:55:00,106930.24,106930.24,106791.55,106796.35,26.96476,5553.0
2025-06-16 23:56:00,106796.34,106806.36,106791.52,106791.53,13.75309,1328.0
2025-06-16 23:57:00,106791.52,106812.14,106749.13,106763.3,14.31288,5143.0
2025-06-16 23:58:00,106763.3,106763.35,106702.77,106702.77,8.14713,3320.0
2025-06-16 23:59:00,106702.77,106795.44,106700.0,106794.53,18.76665,4419.0
2025-06-17 00:00:00,106794.53,106828.75,106711.23,106729.27,25.2169,3773.0
2025-06-17 00:01:00,106729.28,106729.28,106640.52,106640.53,31.93196,3587.0
2025-06-17 00:02:00,106640.53,106685.85,106607.51,106659.02,71.47658,7457.0
2025-06-17 00:03:00,106659.03,106700.0,106648.26,106671.98,12.12912,5569.0
2025-06-17 00:04:00,106671.98,106694.81,106582.8,106587.18,29.88043,6599.0
2025-06-17 00:05:00,106587.19,106652.94,106500.39,106597.35,45.73035,11499.0
2025-06-17 00:06:00,106597.34,106597.34,106261.52,106263.64,75.89099,12655.0
2025-06-17 00:07:00,106263.64,106299.98,106167.46,106211.86,60.13395,10018.0
2025-06-17 00:08:00,106211.86,106328.51,106157.59,106328.51,29.6768,9806.0
2025-06-17 00:09:00,106328.51,106329.02,106180.58,106194.64,43.24019,10387.0
2025-06-17 00:10:00,106194.64,106515.23,106180.0,106402.77,41.84438,10746.0
2025-06-17 00:11:00,106402.77,106402.77,106261.05,106262.06,49.43687,8228.0
2025-06-17 00:12:00,106262.07,106268.31,106147.55,106268.3,59.63629,9758.0
2025-06-17 00:13:00,106268.31,106315.6,106164.0,106164.82,38.81339,9231.0
2025-06-17 00:14:00,106164.81,106339.99,106160.5,106231.89,97.57693,10092.0
2025-06-17 00:15:00,106231.9,106325.94,106115.35,106325.93,33.84372,10716.0
2025-06-17 00:16:00,106325.94,106558.14,106304.07,106558.14,37.31792,7211.0
2025-06-17 00:17:00,106558.13,106596.8,106459.45,106521.91,26.34924,6467.0
2025-06-17 00:18:00,106521.9,106577.98,106506.4,106558.48,34.21992,4777.0
2025-06-17 00:19:00,106558.49,106622.4,106483.78,106614.67,17.86983,6083.0
2025-06-17 00:20:00,106614.68,106700.0,106569.38,106669.32,24.48008,5292.0
2025-06-17 00:21:00,106669.32,106767.89,106669.31,106734.43,13.93344,3579.0
2025-06-17 00:22:00,106734.44,106837.21,106704.06,106776.32,21.89199,4966.0
2025-06-17 00:23:00,106776.32,106793.6,106700.0,106723.79,36.42122,6574.0
2025-06-17 00:24:00,106723.79,106723.79,106664.0,106671.55,10.70061,4242.0
2025-06-17 00:25:00,106671.56,106726.68,106671.55,106726.67,12.51133,3426.0
2025-06-17 00:26:00,106726.67,106756.21,106700.0,106756.2,9.87329,3445.0
2025-06-17 00:27:00,106756.2,106923.06,106749.13,106923.04,31.92747,5801.0
2025-06-17 00:28:00,106923.04,106926.62,106765.86,106765.86,46.99967,5814.0
2025-06-17 00:29:00,106765.87,106833.41,106680.0,106801.3,42.03357,5306.0
2025-06-17 00:30:00,106801.29,106896.58,106700.47,106744.18,23.26242,5373.0
2025-06-17 00:31:00,106744.18,106790.56,106655.98,106708.84,17.16003,4918.0
2025-06-17 00:32:00,106708.83,106854.56,106688.65,106815.93,7.78748,5982.0
2025-06-17 00:33:00,106815.92,106859.23,106760.2,106760.2,8.81556,4055.0
2025-06-17 00:34:00,106760.2,106854.44,106744.18,106792.82,5.86503,6646.0
2025-06-17 00:35:00,106792.81,106883.73,106762.43,106874.52,12.0781,6366.0
2025-06-17 00:36:00,106874.01,106938.27,106734.47,106734.47,14.91712,6726.0
2025-06-17 00:37:00,106734.47,106891.17,106734.47,106798.01,10.90557,4527.0
2025-06-17 00:38:00,106798.0,106933.56,106757.84,106885.5,15.39569,6443.0
2025-06-17 00:39:00,106885.5,106930.24,106864.0,106907.15,9.21715,3023.0
2025-06-17 00:40:00,106907.15,106907.15,106821.12,106868.83,4.13138,2930.0
2025-06-17 00:41:00,106868.83,106993.78,106868.83,106993.77,12.84749,4321.0
2025-06-17 00:42:00,106993.77,106993.78,106904.62,106943.92,10.49536,3831.0
2025-06-17 00:43:00,106943.93,106943.93,106868.83,106868.83,5.73294,1775.0
2025-06-17 00:44:00,106868.84,106868.84,106700.0,106739.99,10.34473,4282.0
2025-06-17 00:45:00,106740.0,106832.0,106740.0,106809.35,6.62069,5281.0
2025-06-17 00:46:00,106809.36,106856.14,106763.61,106856.14,6.95034,4228.0
2025-06-17 00:47:00,106856.69,106870.93,106792.77,106792.78,9.52703,1972.0
2025-06-17 00:48:00,106792.77,106875.47,106792.77,106875.46,10.40857,3671.0
2025-06-17 00:49:00,106875.46,106988.88,106875.46,106988.88,14.8355,3561.0
2025-06-17 00:50:00,106988.89,107199.65,106988.89,107164.92,40.1277,9733.0
2025-06-17 00:51:00,107164.92,107202.59,107134.12,107202.58,7.50962,4296.0
2025-06-17 00:52:00,107202.58,107202.58,107080.0,107173.77,8.84404,5266.0
2025-06-17 00:53:00,107173.78,107262.31,107173.78,107262.3,25.73595,4500.0
2025-06-17 00:54:00,107262.31,107262.31,107162.79,107162.79,9.70238,2680.0
2025-06-17 00:55:00,107162.8,107195.12,107148.0,107192.73,7.14644,3400.0
2025-06-17 00:56:00,107192.74,107247.43,107162.8,107162.8,10.65497,3888.0
2025-06-17 00:57:00,107162.8,107182.42,107148.0,107167.44,7.47834,2106.0
2025-06-17 00:58:00,107167.45,107234.82,107154.95,107218.24,19.85115,3020.0
2025-06-17 00:59:00,107218.25,107259.83,107218.24,107238.63,11.58228,1781.0
2025-06-17 01:00:00,107238.68,107310.74,107209.3,107239.28,13.98528,5013.0
2025-06-17 01:01:00,107239.29,107239.29,107160.0,107170.0,8.65652,3487.0
2025-06-17 01:02:00,107170.1,107181.16,107148.01,107154.29,17.1722,1865.0
2025-06-17 01:03:00,107154.29,107235.04,107154.29,107235.03,4.32483,2233.0
2025-06-17 01:04:00,107235.03,107235.03,107183.31,107199.22,4.78405,2648.0
2025-06-17 01:05:00,107199.22,107204.46,107152.0,107162.79,3.3797,1582.0
2025-06-17 01:06:00,107162.8,107181.88,107156.0,107181.87,1.86685,1199.0
2025-06-17 01:07:00,107181.88,107209.31,107101.83,107132.22,17.14769,3724.0
2025-06-17 01:08:00,107132.21,107140.0,107108.73,107139.64,3.89212,2254.0
2025-06-17 01:09:00,107139.65,107156.24,107113.27,107116.03,7.65728,1914.0
2025-06-17 01:10:00,107116.03,107116.03,106935.71,106935.71,14.13462,4316.0
2025-06-17 01:11:00,106935.63,107031.4,106930.23,107031.4,11.2282,2946.0
2025-06-17 01:12:00,107031.4,107224.61,107031.4,107224.6,8.6373,5090.0
2025-06-17 01:13:00,107224.61,107224.61,107131.38,107176.29,7.96629,3314.0
2025-06-17 01:14:00,107176.29,107176.3,107123.35,107123.36,2.06086,1249.0
2025-06-17 01:15:00,107123.36,107161.88,107100.0,107104.14,4.06292,2907.0
2025-06-17 01:16:00,107104.15,107114.77,107080.0,107098.35,2.66352,2115.0
2025-06-17 01:17:00,107098.34,107196.0,107090.22,107196.0,4.75601,2612.0
2025-06-17 01:18:00,107195.99,107215.96,107162.79,107165.08,5.25222,3094.0
2025-06-17 01:19:00,107165.08,107209.31,107126.4,107126.41,4.09918,2001.0
2025-06-17 01:20:00,107126.41,107162.8,107116.27,107116.28,2.94719,1871.0
2025-06-17 01:21:00,107116.27,107116.28,107034.24,107096.3,7.83422,2666.0
2025-06-17 01:22:00,107096.3,107108.95,107073.61,107086.01,4.83622,2045.0
2025-06-17 01:23:00,107086.0,107099.99,107036.6,107058.02,3.93073,2546.0
2025-06-17 01:24:00,107058.02,107086.13,107058.02,107069.76,4.93861,1786.0
2025-06-17 01:25:00,107069.76,107069.77,107010.0,107039.84,6.86497,2379.0
2025-06-17 01:26:00,107039.84,107039.84,106989.01,107009.98,3.08552,1413.0
2025-06-17 01:27:00,107009.99,107050.94,107009.98,107039.83,1.91186,1821.0
2025-06-17 01:28:00,107039.83,107081.5,107036.01,107081.49,3.2197,2421.0
2025-06-17 01:29:00,107081.5,107086.85,107030.53,107030.54,1.25727,1637.0
2025-06-17 01:30:00,107030.54,107066.58,107023.25,107054.99,5.54735,3077.0
2025-06-17 01:31:00,107055.0,107080.02,107024.27,107061.18,18.66595,3377.0
2025-06-17 01:32:00,107061.18,107116.0,107061.18,107116.0,3.2024,1403.0
2025-06-17 01:33:00,107116.0,107287.94,107115.99,107285.01,7.58147,3297.0
2025-06-17 01:34:00,107285.02,107399.0,107235.71,107235.71,23.23594,7323.0
2025-06-17 01:35:00,107235.71,107235.72,107101.82,107120.2,6.73081,3529.0
2025-06-17 01:36:00,107120.18,107131.74,107024.28,107024.28,6.61937,3676.0
2025-06-17 01:37:00,107024.28,107070.18,106971.49,107048.71,13.98855,4039.0
2025-06-17 01:38:00,107048.71,107099.97,107005.16,107021.21,5.82005,3212.0
2025-06-17 01:39:00,107021.22,107079.81,107021.21,107079.81,16.83474,1916.0
2025-06-17 01:40:00,107079.82,107083.57,107053.34,107083.57,3.16444,1461.0
2025-06-17 01:41:00,107083.57,107091.99,107028.11,107091.99,1.90483,2028.0
2025-06-17 01:42:00,107092.0,107099.92,107068.72,107078.95,3.04543,1183.0
2025-06-17 01:43:00,107078.96,107100.0,107060.83,107060.84,1.26218,1026.0
2025-06-17 01:44:00,107060.84,107077.76,107050.01,107072.0,2.09965,1657.0
2025-06-17 01:45:00,107071.99,107072.0,107023.25,107023.25,2.47415,1113.0
2025-06-17 01:46:00,107023.25,107023.26,107007.29,107021.95,1.8107,651.0
2025-06-17 01:47:00,107021.94,107087.12,107021.94,107087.12,2.92782,1557.0
2025-06-17 01:48:00,107087.11,107116.28,107085.01,107116.27,6.41636,1399.0
2025-06-17 01:49:00,107116.27,107218.37,107116.27,107192.49,7.0162,3482.0
2025-06-17 01:50:00,107192.48,107216.06,107192.48,107212.0,5.19983,1147.0
2025-06-17 01:51:00,107212.01,107242.87,107197.2,107197.2,6.29984,1705.0
2025-06-17 01:52:00,107197.21,107271.15,107197.21,107271.14,11.01551,1466.0
2025-06-17 01:53:00,107271.15,107361.21,107246.04,107246.04,15.82953,4069.0
2025-06-17 01:54:00,107246.04,107264.7,107190.13,107264.69,19.22287,3059.0
2025-06-17 01:55:00,107264.7,107341.5,107246.34,107307.71,21.56883,2590.0
2025-06-17 01:56:00,107307.72,107334.39,107214.38,107230.15,9.8957,2039.0
2025-06-17 01:57:00,107230.15,107230.15,107196.24,107203.38,9.99757,2368.0
2025-06-17 01:58:00,107203.38,107203.38,107162.79,107173.5,5.35088,1258.0
2025-06-17 01:59:00,107173.5,107173.51,107162.79,107173.51,4.30716,687.0
2025-06-17 02:00:00,107173.51,107220.0,107173.5,107173.79,4.09995,2555.0
2025-06-17 02:01:00,107173.79,107195.74,107152.55,107180.62,2.50836,1781.0
2025-06-17 02:02:00,107180.62,107180.62,107101.12,107102.64,4.77063,2290.0
2025-06-17 02:03:00,107102.65,107102.65,107054.65,107055.24,7.67079,1889.0
2025-06-17 02:04:00,107055.24,107100.0,107052.0,107100.0,4.13381,1308.0
2025-06-17 02:05:00,107100.0,107137.39,107100.0,107130.0,3.27693,1881.0
2025-06-17 02:06:00,107130.0,107130.01,107083.13,107083.13,1.62336,1173.0
2025-06-17 02:07:00,107083.14,107189.33,107083.13,107172.15,5.73118,2374.0
2025-06-17 02:08:00,107172.16,107197.18,107140.0,107197.18,2.56331,2124.0
2025-06-17 02:09:00,107197.17,107197.18,107164.09,107164.09,3.59076,1402.0
2025-06-17 02:10:00,107164.09,107164.1,107111.55,107111.55,7.25975,1856.0
2025-06-17 02:11:00,107111.55,107136.37,107111.55,107123.26,5.07725,1758.0
2025-06-17 02:12:00,107123.26,107123.26,107030.77,107030.77,6.82834,1975.0
2025-06-17 02:13:00,107030.77,107065.18,106991.86,107065.17,8.29914,3020.0
2025-06-17 02:14:00,107065.18,107065.18,107048.2,107049.04,3.11963,1290.0
2025-06-17 02:15:00,107049.04,107049.04,107013.62,107037.22,5.81921,2584.0
2025-06-17 02:16:00,107037.23,107037.23,107007.6,107036.96,5.69985,1606.0
2025-06-17 02:17:00,107036.97,107036.97,106976.74,106976.75,6.97725,1678.0
2025-06-17 02:18:00,106976.74,106976.74,106854.02,106854.02,10.78776,3375.0
2025-06-17 02:19:00,106854.02,106854.02,106777.16,106830.96,17.16404,3628.0
2025-06-17 02:20:00,106830.96,106871.66,106796.0,106817.8,5.64058,2512.0
2025-06-17 02:21:00,106817.81,106856.16,106808.2,106850.51,4.71535,1868.0
2025-06-17 02:22:00,106850.52,106889.92,106850.52,106889.92,3.70745,1174.0
2025-06-17 02:23:00,106889.92,106897.53,106866.23,106866.23,4.7222,1098.0
2025-06-17 02:24:00,106865.49,106870.74,106837.2,106837.2,5.23837,1767.0
2025-06-17 02:25:00,106837.2,106837.2,106762.55,106793.84,4.0002,2107.0
2025-06-17 02:26:00,106793.84,106800.0,106756.01,106756.01,8.39022,1760.0
2025-06-17 02:27:00,106756.02,106761.81,106697.67,106755.66,10.14982,3385.0
2025-06-17 02:28:00,106755.66,106772.47,106730.91,106748.95,6.008,2221.0
2025-06-17 02:29:00,106748.96,106748.96,106701.78,106701.79,3.93925,1910.0
2025-06-17 02:30:00,106701.79,106744.19,106701.79,106714.56,14.40557,2611.0
2025-06-17 02:31:00,106714.56,106714.56,106640.52,106640.52,18.01274,3908.0
2025-06-17 02:32:00,106640.52,106725.05,106640.52,106716.23,5.61093,2701.0
2025-06-17 02:33:00,106716.23,106716.24,106640.52,106656.52,4.28717,2123.0
2025-06-17 02:34:00,106656.53,106660.11,106572.08,106577.63,16.05376,3144.0
2025-06-17 02:35:00,106577.63,106620.0,106572.07,106620.0,7.47139,2001.0
2025-06-17 02:36:00,106620.0,106729.55,106620.0,106729.54,6.50116,2466.0
2025-06-17 02:37:00,106729.54,106814.62,106729.54,106814.62,5.98457,2440.0
2025-06-17 02:38:00,106814.71,106837.21,106800.0,106832.99,6.09207,1692.0
2025-06-17 02:39:00,106832.98,106865.27,106832.98,106854.21,11.47124,1558.0
2025-06-17 02:40:00,106854.22,106889.42,106846.87,106889.42,7.16842,1468.0
2025-06-17 02:41:00,106889.41,106942.92,106889.41,106938.0,6.47129,1559.0
2025-06-17 02:42:00,106938.0,106938.01,106905.13,106915.76,6.01237,1481.0
2025-06-17 02:43:00,106915.77,106961.47,106915.76,106948.07,3.84287,1271.0
2025-06-17 02:44:00,106948.07,106948.08,106940.21,106940.22,1.1933,408.0
2025-06-17 02:45:00,106940.22,106948.0,106924.63,106924.63,3.91984,1846.0
2025-06-17 02:46:00,106924.63,106924.64,106813.1,106813.1,5.53524,3042.0
2025-06-17 02:47:00,106813.1,106813.1,106711.84,106756.08,14.27061,2759.0
2025-06-17 02:48:00,106756.08,106831.58,106756.07,106831.57,8.43981,1786.0
2025-06-17 02:49:00,106831.58,106840.0,106816.43,106827.22,11.84713,1265.0
2025-06-17 02:50:00,106827.23,106918.49,106827.22,106918.48,2.63188,2199.0
2025-06-17 02:51:00,106918.48,107100.0,106918.48,107042.47,31.1419,6533.0
2025-06-17 02:52:00,107042.48,107202.4,107042.47,107189.82,23.18643,4131.0
2025-06-17 02:53:00,107189.82,107262.31,107180.0,107262.3,13.97562,3713.0
2025-06-17 02:54:00,107262.31,107314.83,107262.3,107308.0,14.49967,4255.0
2025-06-17 02:55:00,107308.01,107500.0,107308.0,107421.24,60.1702,7180.0
2025-06-17 02:56:00,107421.25,107500.0,107421.24,107500.0,11.45935,3299.0
2025-06-17 02:57:00,107500.0,107600.0,107469.39,107497.54,32.88019,6370.0
2025-06-17 02:58:00,107497.55,107500.0,107469.39,107469.4,9.43232,2328.0
2025-06-17 02:59:00,107469.39,107510.72,107469.39,107482.39,14.47205,2303.0
2025-06-17 03:00:00,107482.4,107525.47,107477.49,107477.49,5.7565,1948.0
2025-06-17 03:01:00,107477.5,107477.5,107401.75,107411.36,7.96104,3183.0
2025-06-17 03:02:00,107411.36,107411.37,107364.89,107397.85,16.95399,1971.0
2025-06-17 03:03:00,107397.85,107428.0,107370.59,107427.99,19.95282,1898.0
2025-06-17 03:04:00,107427.99,107440.0,107400.0,107412.31,6.8499,1998.0
2025-06-17 03:05:00,107412.32,107412.32,107368.21,107370.21,6.23683,1640.0
2025-06-17 03:06:00,107370.22,107498.89,107370.21,107473.65,7.62048,2306.0
2025-06-17 03:07:00,107473.66,107473.66,107420.36,107423.31,7.02576,1951.0
2025-06-17 03:08:00,107423.3,107658.07,107423.3,107641.93,23.18601,4667.0
2025-06-17 03:09:00,107641.93,107641.93,107554.74,107568.49,11.3396,2760.0
2025-06-17 03:10:00,107568.5,107614.4,107568.49,107599.99,5.75433,2409.0
2025-06-17 03:11:00,107599.99,107610.0,107568.51,107610.0,8.05592,2490.0
2025-06-17 03:12:00,107610.0,107771.34,107608.54,107608.54,45.08365,8001.0
2025-06-17 03:13:00,107608.55,107639.49,107554.06,107563.99,11.93801,2343.0
2025-06-17 03:14:00,107564.0,107602.55,107554.35,107574.78,5.95725,2303.0
2025-06-17 03:15:00,107574.44,107597.43,107549.26,107549.26,15.13078,1353.0
2025-06-17 03:16:00,107549.27,107603.36,107549.26,107603.35,16.18178,1783.0
2025-06-17 03:17:00,107603.35,107603.36,107590.58,107603.35,10.74614,694.0
2025-06-17 03:18:00,107603.34,107603.34,107460.5,107460.5,15.03461,3344.0
2025-06-17 03:19:00,107460.5,107495.36,107441.86,107470.65,8.76473,1966.0
2025-06-17 03:20:00,107470.66,107546.83,107470.66,107538.73,13.42857,1662.0
2025-06-17 03:21:00,107538.74,107538.74,107501.21,107501.21,3.28175,929.0
2025-06-17 03:22:00,107501.22,107501.22,107473.87,107488.38,3.53149,1352.0
2025-06-17 03:23:00,107488.37,107488.38,107476.67,107476.67,4.30222,532.0
2025-06-17 03:24:00,107476.68,107476.68,107448.27,107466.15,4.20632,1544.0
2025-06-17 03:25:00,107466.15,107499.99,107452.96,107499.97,7.98682,1403.0
2025-06-17 03:26:00,107499.97,107547.18,107491.41,107517.29,12.25178,1973.0
2025-06-17 03:27:00,107517.29,107517.29,107462.31,107462.31,3.50366,1220.0
2025-06-17 03:28:00,107462.31,107481.0,107441.86,107452.35,9.20901,2046.0
2025-06-17 03:29:00,107452.35,107452.35,107402.74,107405.38,6.54532,1248.0
2025-06-17 03:30:00,107405.38,107474.52,107405.38,107454.82,4.16779,1991.0
2025-06-17 03:31:00,107454.83,107498.93,107454.83,107488.37,2.94833,1849.0
2025-06-17 03:32:00,107488.38,107568.12,107488.37,107540.26,7.26923,2948.0
2025-06-17 03:33:00,107540.26,107540.26,107496.01,107512.34,3.8906,1864.0
2025-06-17 03:34:00,107512.35,107550.22,107512.35,107531.33,5.05988,2016.0
2025-06-17 03:35:00,107531.33,107547.79,107514.49,107547.79,10.37187,1554.0
2025-06-17 03:36:00,107547.79,107644.92,107547.78,107590.5,26.69989,3317.0
2025-06-17 03:37:00,107590.51,107592.67,107548.31,107563.41,9.21878,1459.0
2025-06-17 03:38:00,107563.4,107573.5,107535.01,107535.01,5.53006,1138.0
2025-06-17 03:39:00,107535.01,107535.02,107501.55,107535.01,8.76403,1745.0
2025-06-17 03:40:00,107535.01,107535.02,107521.13,107521.13,1.4868,621.0
2025-06-17 03:41:00,107521.14,107549.54,107521.13,107542.01,7.79566,1460.0
2025-06-17 03:42:00,107542.01,107570.26,107542.0,107545.54,2.5883,1121.0
2025-06-17 03:43:00,107545.55,107574.39,107538.14,107538.14,2.41429,1259.0
2025-06-17 03:44:00,107538.14,107538.14,107488.37,107488.37,3.52259,1288.0
2025-06-17 03:45:00,107488.38,107488.38,107458.21,107458.21,2.13468,1104.0
2025-06-17 03:46:00,107458.21,107559.99,107458.21,107559.99,4.87789,2362.0
2025-06-17 03:47:00,107559.99,107735.21,107555.8,107713.03,45.29606,4712.0
2025-06-17 03:48:00,107713.02,107713.03,107609.22,107609.22,3.28171,1694.0
2025-06-17 03:49:00,107609.23,107633.67,107609.22,107615.07,3.09441,1056.0
2025-06-17 03:50:00,107615.07,107684.28,107588.96,107670.01,5.74821,3089.0
2025-06-17 03:51:00,107670.0,107670.01,107581.67,107581.67,3.3981,1764.0
2025-06-17 03:52:00,107581.68,107600.95,107555.87,107569.88,4.0059,1451.0
2025-06-17 03:53:00,107569.88,107627.9,107569.88,107609.63,3.57455,1674.0
2025-06-17 03:54:00,107609.63,107609.63,107575.7,107575.7,27.19689,1879.0
2025-06-17 03:55:00,107575.7,107575.71,107562.11,107573.3,2.30969,848.0
2025-06-17 03:56:00,107573.3,107601.57,107547.63,107547.63,18.21134,2426.0
2025-06-17 03:57:00,107547.63,107592.49,107547.63,107575.14,4.25666,1632.0
2025-06-17 03:58:00,107575.14,107592.16,107575.14,107588.2,3.05962,1131.0
2025-06-17 03:59:00,107588.2,107590.41,107581.92,107590.41,1.53823,480.0
2025-06-17 04:00:00,107590.41,107657.0,107583.19,107634.07,6.71131,3168.0
2025-06-17 04:01:00,107634.07,107650.77,107605.55,107605.55,4.53505,1489.0
2025-06-17 04:02:00,107605.55,107610.8,107577.05,107586.0,7.16823,2512.0
2025-06-17 04:03:00,107586.0,107647.74,107586.0,107647.73,7.62429,1775.0
2025-06-17 04:04:00,107647.73,107674.42,107615.38,107615.39,6.1317,3127.0
2025-06-17 04:05:00,107615.38,107615.38,107534.88,107568.14,5.61358,2494.0
2025-06-17 04:06:00,107568.14,107581.4,107568.14,107581.39,3.02086,1228.0
2025-06-17 04:07:00,107581.39,107623.32,107581.39,107600.01,2.71472,1588.0
2025-06-17 04:08:00,107600.0,107611.0,107584.0,107606.08,3.51062,845.0
2025-06-17 04:09:00,107606.08,107660.0,107606.07,107626.5,22.85589,2526.0
2025-06-17 04:10:00,107626.5,107634.13,107605.55,107605.55,2.61813,1209.0
2025-06-17 04:11:00,107605.55,107650.12,107562.66,107650.12,4.56355,2982.0
2025-06-17 04:12:00,107650.12,107711.06,107601.83,107604.58,13.22721,3088.0
2025-06-17 04:13:00,107604.59,107674.22,107604.58,107674.22,2.85744,1163.0
2025-06-17 04:14:00,107674.71,107690.23,107644.83,107652.91,3.49721,1184.0
2025-06-17 04:15:00,107652.92,107652.92,107600.0,107600.01,2.9178,2013.0
2025-06-17 04:16:00,107600.0,107612.84,107547.69,107612.84,3.71574,2824.0
2025-06-17 04:17:00,107612.85,107674.42,107592.01,107592.01,5.97854,3022.0
2025-06-17 04:18:00,107592.01,107592.02,107568.97,107580.99,4.13426,1251.0
2025-06-17 04:19:00,107580.99,107600.0,107540.0,107580.0,6.60095,2078.0
2025-06-17 04:20:00,107580.0,107586.74,107514.89,107522.01,6.79457,1690.0
2025-06-17 04:21:00,107522.01,107522.02,107508.23,107514.69,2.46945,669.0
2025-06-17 04:22:00,107514.7,107534.89,107514.69,107516.97,2.51985,999.0
2025-06-17 04:23:00,107516.96,107516.97,107504.17,107504.17,0.61298,337.0
2025-06-17 04:24:00,107504.17,107547.03,107476.52,107547.03,4.29285,2019.0
2025-06-17 04:25:00,107547.04,107581.4,107547.04,107547.61,3.58253,1712.0
2025-06-17 04:26:00,107547.62,107547.62,107500.31,107546.25,1.9809,1786.0
2025-06-17 04:27:00,107546.25,107546.25,107492.0,107492.0,7.30563,1281.0
2025-06-17 04:28:00,107492.01,107497.38,107492.0,107497.37,1.09387,365.0
2025-06-17 04:29:00,107497.37,107497.38,107479.12,107489.88,3.46906,502.0
2025-06-17 04:30:00,107489.88,107502.71,107486.57,107502.7,2.99097,827.0
2025-06-17 04:31:00,107502.71,107512.78,107437.71,107441.86,5.37922,2491.0
2025-06-17 04:32:00,107441.87,107449.77,107438.97,107438.98,1.73177,693.0
2025-06-17 04:33:00,107438.97,107438.97,107389.26,107395.17,28.77765,2930.0
2025-06-17 04:34:00,107395.18,107448.67,107395.17,107448.66,2.30108,1144.0
2025-06-17 04:35:00,107448.67,107448.67,107380.71,107380.72,18.8399,1520.0
2025-06-17 04:36:00,107380.71,107411.86,107380.0,107411.85,1.73174,705.0
2025-06-17 04:37:00,107411.86,107411.86,107388.38,107399.99,9.2227,723.0
2025-06-17 04:38:00,107399.99,107400.0,107340.75,107354.0,5.80697,1865.0
2025-06-17 04:39:00,107353.99,107379.05,107353.99,107379.04,1.6697,698.0
2025-06-17 04:40:00,107379.05,107379.05,107314.67,107314.67,5.99049,1419.0
2025-06-17 04:41:00,107314.67,107348.84,107303.01,107348.84,4.03401,1466.0
2025-06-17 04:42:00,107348.83,107379.03,107348.83,107379.03,0.7987,816.0
2025-06-17 04:43:00,107379.04,107386.0,107357.89,107357.9,3.8881,929.0
2025-06-17 04:44:00,107357.9,107357.9,107348.81,107348.81,1.62731,332.0
2025-06-17 04:45:00,107348.82,107381.53,107348.81,107368.12,3.6803,890.0
2025-06-17 04:46:00,107368.13,107394.97,107354.28,107394.97,2.29468,1199.0
2025-06-17 04:47:00,107394.97,107410.44,107381.56,107410.44,14.5891,1848.0
2025-06-17 04:48:00,107410.43,107417.2,107382.76,107386.37,14.81046,1667.0
2025-06-17 04:49:00,107386.37,107417.06,107379.85,107417.05,10.68134,1420.0
2025-06-17 04:50:00,107417.04,107437.91,107407.67,107427.2,1.16799,1138.0
2025-06-17 04:51:00,107427.2,107427.21,107407.21,107407.21,1.29249,564.0
2025-06-17 04:52:00,107407.22,107427.2,107407.22,107407.33,6.55879,758.0
2025-06-17 04:53:00,107407.34,107407.34,107360.15,107360.15,3.63033,1409.0
2025-06-17 04:54:00,107360.14,107360.15,107324.35,107324.35,5.68447,1024.0
2025-06-17 04:55:00,107324.36,107393.95,107324.35,107393.94,5.58699,1453.0
2025-06-17 04:56:00,107393.95,107418.3,107341.03,107341.03,3.00389,2007.0
2025-06-17 04:57:00,107341.03,107341.04,107320.22,107333.64,0.93806,629.0
2025-06-17 04:58:00,107333.64,107333.65,107333.64,107333.64,0.5226,144.0
2025-06-17 04:59:00,107333.64,107333.65,107333.64,107333.64,0.92048,168.0
2025-06-17 05:00:00,107333.64,107333.65,107320.0,107320.0,2.16155,468.0
2025-06-17 05:01:00,107320.01,107340.93,107320.01,107340.92,3.41589,546.0
2025-06-17 05:02:00,107340.93,107340.93,107333.64,107333.65,1.38483,403.0
2025-06-17 05:03:00,107333.65,107348.84,107330.64,107330.64,2.08147,951.0
2025-06-17 05:04:00,107330.64,107344.0,107315.45,107335.22,2.67118,866.0
2025-06-17 05:05:00,107335.23,107348.84,107335.22,107344.0,1.04877,425.0
2025-06-17 05:06:00,107344.0,107344.01,107344.0,107344.0,0.83564,209.0
2025-06-17 05:07:00,107344.0,107403.99,107344.0,107363.42,7.25038,1918.0
2025-06-17 05:08:00,107363.42,107367.63,107348.83,107367.63,2.4467,725.0
2025-06-17 05:09:00,107367.62,107367.63,107316.28,107316.28,23.23237,956.0
2025-06-17 05:10:00,107316.28,107316.28,107255.81,107265.99,27.18775,2395.0
2025-06-17 05:11:00,107265.99,107266.0,107256.01,107265.96,1.98578,522.0
2025-06-17 05:12:00,107265.96,107265.97,107224.08,107247.35,7.2173,1820.0
2025-06-17 05:13:00,107247.35,107304.14,107247.35,107304.14,23.04067,3387.0
2025-06-17 05:14:00,107304.14,107311.17,107272.87,107272.88,3.50794,933.0
2025-06-17 05:15:00,107272.88,107293.99,107272.88,107275.16,3.58598,1392.0
2025-06-17 05:16:00,107275.16,107275.17,107131.14,107178.89,14.69212,5596.0
2025-06-17 05:17:00,107178.89,107309.47,107178.89,107306.35,16.75954,7235.0
2025-06-17 05:18:00,107306.35,107306.35,107261.52,107291.11,8.4037,2219.0
2025-06-17 05:19:00,107291.11,107291.12,107255.81,107255.82,15.11624,1619.0
2025-06-17 05:20:00,107255.82,107255.82,107175.59,107183.99,20.52054,2897.0
2025-06-17 05:21:00,107184.0,107212.35,107157.75,107172.94,18.63536,2449.0
2025-06-17 05:22:00,107172.95,107172.95,107172.94,107172.94,1.22799,246.0
2025-06-17 05:23:00,107172.94,107172.95,107040.0,107063.34,26.593,4097.0
2025-06-17 05:24:00,107063.33,107101.36,107063.33,107101.35,3.02646,1361.0
2025-06-17 05:25:00,107101.36,107162.8,107092.0,107152.08,12.3639,2692.0
2025-06-17 05:26:00,107152.08,107166.5,107137.35,107166.49,5.71037,2085.0
2025-06-17 05:27:00,107166.5,107185.02,107164.47,107164.47,3.98093,1555.0
2025-06-17 05:28:00,107164.47,107191.13,107164.47,107191.12,4.56426,1047.0
2025-06-17 05:29:00,107191.12,107255.55,107166.77,107229.14,15.73434,2836.0
2025-06-17 05:30:00,107229.15,107229.15,107186.77,107200.88,8.76442,1540.0
2025-06-17 05:31:00,107200.89,107201.24,107172.82,107186.14,5.07326,1629.0
2025-06-17 05:32:00,107186.15,107274.37,107185.82,107274.37,6.64782,3102.0
2025-06-17 05:33:00,107274.37,107279.56,107230.67,107230.67,3.17317,978.0
2025-06-17 05:34:00,107230.67,107230.68,107222.05,107222.06,0.67762,251.0
2025-06-17 05:35:00,107222.06,107275.62,107201.22,107270.63,4.29361,2298.0
2025-06-17 05:36:00,107270.63,107270.63,107253.46,107253.46,2.34582,545.0
2025-06-17 05:37:00,107253.47,107264.17,107253.46,107264.17,2.46613,431.0
2025-06-17 05:38:00,107264.17,107300.0,107264.17,107286.84,4.10309,1501.0
2025-06-17 05:39:00,107286.83,107286.84,107284.67,107284.67,0.93511,265.0
2025-06-17 05:40:00,107284.67,107284.67,107248.57,107260.23,1.44661,862.0
2025-06-17 05:41:00,107260.23,107260.24,107248.58,107248.59,1.45706,322.0
2025-06-17 05:42:00,107248.59,107248.59,107189.61,107193.21,5.89738,1639.0
2025-06-17 05:43:00,107193.22,107193.22,107180.2,107184.02,10.12235,899.0
2025-06-17 05:44:00,107184.02,107196.49,107184.01,107185.83,6.62321,1206.0
2025-06-17 05:45:00,107185.83,107185.83,107147.23,107147.23,1.73659,996.0
2025-06-17 05:46:00,107147.24,107147.24,107054.26,107087.87,7.79888,2396.0
2025-06-17 05:47:00,107087.88,107087.88,107061.5,107085.17,6.59448,1039.0
2025-06-17 05:48:00,107085.16,107147.22,107085.16,107147.21,3.81723,1174.0
2025-06-17 05:49:00,107147.22,107147.22,107044.12,107044.51,4.98311,1818.0
2025-06-17 05:50:00,107044.52,107074.9,107044.51,107074.9,6.77302,1231.0
2025-06-17 05:51:00,107074.9,107143.73,107074.9,107143.72,15.37987,1296.0
2025-06-17 05:52:00,107143.72,107143.72,107059.38,107139.74,14.36158,2376.0
2025-06-17 05:53:00,107139.73,107139.73,107107.12,107116.27,5.05696,795.0
2025-06-17 05:54:00,107116.27,107177.22,107116.27,107122.72,12.18858,1767.0
2025-06-17 05:55:00,107122.73,107150.88,107106.68,107106.68,17.7252,1479.0
2025-06-17 05:56:00,107106.67,107125.37,107106.67,107125.37,9.95045,708.0
2025-06-17 05:57:00,107125.36,107146.4,107104.65,107104.65,6.40288,1250.0
2025-06-17 05:58:00,107104.66,107114.52,107053.53,107114.52,8.9811,1988.0
2025-06-17 05:59:00,107114.52,107133.69,107114.52,107122.02,1.23121,600.0
2025-06-17 06:00:00,107122.01,107122.01,107077.82,107116.26,4.75267,1482.0
2025-06-17 06:01:00,107116.27,107146.39,107089.81,107146.39,5.1036,1912.0
2025-06-17 06:02:00,107146.39,107169.88,107124.31,107124.31,11.76774,2432.0
2025-06-17 06:03:00,107124.32,107140.0,107124.32,107139.99,1.26901,765.0
2025-06-17 06:04:00,107140.0,107160.0,107140.0,107159.99,4.30862,1104.0
2025-06-17 06:05:00,107160.0,107160.0,107140.0,107140.01,4.44651,817.0
2025-06-17 06:06:00,107140.01,107140.01,107048.75,107103.06,8.85663,2438.0
2025-06-17 06:07:00,107103.07,107140.0,107076.48,107123.77,3.79141,1998.0
2025-06-17 06:08:00,107123.77,107155.0,107118.01,107128.75,7.56311,1698.0
2025-06-17 06:09:00,107128.74,107210.37,107128.74,107196.47,9.30893,1422.0
2025-06-17 06:10:00,107196.47,107227.76,107196.47,107225.94,5.82323,1421.0
2025-06-17 06:11:00,107225.94,107225.94,107183.61,107183.61,5.11381,1303.0
2025-06-17 06:12:00,107183.62,107234.94,107183.61,107211.83,4.28791,1622.0
2025-06-17 06:13:00,107211.83,107211.84,107211.83,107211.83,0.47356,122.0
2025-06-17 06:14:00,107211.84,107211.84,107201.84,107208.03,3.99915,678.0
2025-06-17 06:15:00,107208.03,107208.03,107168.52,107168.52,2.87369,952.0
2025-06-17 06:16:00,107168.53,107201.89,107168.53,107190.0,5.13032,1084.0
2025-06-17 06:17:00,107190.0,107190.01,107157.31,107157.31,3.18881,887.0
2025-06-17 06:18:00,107157.31,107157.32,107100.0,107100.0,6.21417,1551.0
2025-06-17 06:19:00,107100.01,107100.01,106975.3,107024.56,11.97692,4753.0
2025-06-17 06:20:00,107024.56,107060.0,107024.55,107037.56,2.48919,1634.0
2025-06-17 06:21:00,107037.57,107037.57,107016.28,107018.04,2.0484,825.0
2025-06-17 06:22:00,107018.04,107018.04,106992.63,106992.63,2.12457,1035.0
2025-06-17 06:23:00,106992.64,106992.64,106992.63,106992.64,0.81928,195.0
2025-06-17 06:24:00,106992.64,106992.64,106941.44,106976.74,7.21933,2305.0
2025-06-17 06:25:00,106976.75,106976.75,106943.43,106944.67,10.02597,1002.0
2025-06-17 06:26:00,106944.68,106958.0,106940.91,106958.0,5.12621,850.0
2025-06-17 06:27:00,106958.0,106980.0,106957.99,106979.99,3.35515,624.0
2025-06-17 06:28:00,106979.99,106985.18,106970.3,106970.3,1.59927,584.0
2025-06-17 06:29:00,106970.3,107007.62,106970.3,107007.62,15.21607,1771.0
2025-06-17 06:30:00,107007.62,107012.71,106973.77,106983.69,13.20111,1594.0
2025-06-17 06:31:00,106983.7,106983.7,106902.91,106911.55,14.13661,2609.0
2025-06-17 06:32:00,106911.55,106976.48,106900.0,106976.48,3.85306,1844.0
2025-06-17 06:33:00,106976.47,107011.0,106976.47,107010.99,16.10532,1985.0
2025-06-17 06:34:00,107011.0,107011.0,106978.66,106978.66,10.50995,1746.0
2025-06-17 06:35:00,106978.65,106978.66,106940.67,106964.85,11.19061,1903.0
2025-06-17 06:36:00,106964.86,106975.92,106940.0,106948.0,2.04055,1449.0
2025-06-17 06:37:00,106948.0,106948.0,106916.42,106923.88,7.56196,1578.0
2025-06-17 06:38:00,106923.88,106972.65,106911.56,106911.56,4.0867,2380.0
2025-06-17 06:39:00,106911.57,106930.17,106911.56,106930.17,1.59528,734.0
2025-06-17 06:40:00,106930.17,106948.28,106924.03,106948.27,6.75223,996.0
2025-06-17 06:41:00,106948.28,106961.42,106948.27,106961.41,1.12681,691.0
2025-06-17 06:42:00,106961.42,106988.01,106948.27,106955.94,3.48119,2061.0
2025-06-17 06:43:00,106955.94,106983.26,106955.94,106957.28,10.28941,1227.0
2025-06-17 06:44:00,106957.29,106957.29,106930.23,106930.41,2.57821,1336.0
2025-06-17 06:45:00,106930.41,106930.42,106839.37,106859.99,26.04945,3323.0
2025-06-17 06:46:00,106859.99,106860.0,106846.15,106846.15,1.58637,771.0
2025-06-17 06:47:00,106846.15,106846.16,106724.0,106772.61,38.28015,4917.0
2025-06-17 06:48:00,106772.61,106805.04,106772.61,106790.2,2.80453,1400.0
2025-06-17 06:49:00,106790.2,106800.04,106780.0,106780.0,1.31189,832.0
2025-06-17 06:50:00,106780.0,106801.89,106780.0,106801.88,2.21124,1076.0
2025-06-17 06:51:00,106801.88,106869.86,106800.0,106869.85,5.98363,2407.0
2025-06-17 06:52:00,106869.85,106879.05,106860.0,106873.88,3.97589,1144.0
2025-06-17 06:53:00,106873.88,106881.72,106864.0,106864.0,2.3455,1397.0
2025-06-17 06:54:00,106864.0,106864.01,106864.0,106864.0,1.06032,342.0
2025-06-17 06:55:00,106864.0,106864.01,106825.25,106825.26,2.67859,1171.0
2025-06-17 06:56:00,106825.25,106837.21,106820.1,106837.21,3.49931,1016.0
2025-06-17 06:57:00,106837.21,106837.21,106790.69,106790.69,19.08635,1144.0
2025-06-17 06:58:00,106790.69,106823.61,106790.69,106808.02,3.02827,1197.0
2025-06-17 06:59:00,106808.02,106833.34,106804.07,106832.91,4.53067,1586.0
2025-06-17 07:00:00,106832.92,106834.03,106802.6,106834.02,4.53684,1789.0
2025-06-17 07:01:00,106834.02,106879.48,106828.68,106864.66,7.58737,2741.0
2025-06-17 07:02:00,106864.66,106864.67,106833.69,106851.34,4.11276,1497.0
2025-06-17 07:03:00,106851.34,106859.36,106851.34,106859.35,4.45958,550.0
2025-06-17 07:04:00,106859.35,106859.36,106822.0,106822.01,7.08299,1293.0
2025-06-17 07:05:00,106822.01,106822.01,106800.0,106800.01,1.81903,757.0
2025-06-17 07:06:00,106800.0,106841.34,106800.0,106841.33,4.57623,793.0
2025-06-17 07:07:00,106841.34,106875.56,106841.33,106846.53,4.76685,1734.0
2025-06-17 07:08:00,106846.54,106846.54,106816.56,106816.56,4.36365,1325.0
2025-06-17 07:09:00,106816.57,106816.57,106800.0,106816.56,4.1233,858.0
2025-06-17 07:10:00,106816.56,106837.21,106816.56,106833.83,6.61421,1045.0
2025-06-17 07:11:00,106833.83,106833.83,106833.82,106833.82,2.54719,234.0
2025-06-17 07:12:00,106833.82,106833.83,106793.2,106793.2,5.93826,1004.0
2025-06-17 07:13:00,106793.21,106793.21,106700.0,106700.0,12.29043,3226.0
2025-06-17 07:14:00,106700.01,106718.34,106700.0,106718.33,11.45673,715.0
2025-06-17 07:15:00,106718.34,106718.34,106700.01,106707.75,13.10462,1505.0
2025-06-17 07:16:00,106707.76,106735.14,106707.75,106735.14,6.5267,1804.0
2025-06-17 07:17:00,106735.14,106751.94,106735.13,106740.26,3.04475,1130.0
2025-06-17 07:18:00,106740.26,106742.94,106710.14,106710.14,4.99298,1093.0
2025-06-17 07:19:00,106710.15,106710.15,106705.84,106705.85,1.58076,306.0
2025-06-17 07:20:00,106705.85,106705.85,106640.52,106640.53,8.61608,2302.0
2025-06-17 07:21:00,106640.53,106640.53,106581.09,106619.99,14.93016,3753.0
2025-06-17 07:22:00,106620.0,106632.32,106615.94,106632.3,3.48773,1530.0
2025-06-17 07:23:00,106632.3,106632.3,106597.03,106609.9,6.68053,3174.0
2025-06-17 07:24:00,106609.91,106627.5,106609.9,106617.54,1.98352,1219.0
2025-06-17 07:25:00,106617.55,106617.55,106580.51,106593.83,4.94157,1329.0
2025-06-17 07:26:00,106593.83,106600.0,106590.0,106599.99,2.85949,750.0
2025-06-17 07:27:00,106599.99,106632.32,106599.99,106612.52,6.60392,2676.0
2025-06-17 07:28:00,106612.53,106612.53,106583.15,106583.15,3.00436,1169.0
2025-06-17 07:29:00,106583.15,106583.16,106491.17,106491.17,52.21414,3529.0
2025-06-17 07:30:00,106491.17,106549.41,106481.6,106543.99,10.63049,2312.0
2025-06-17 07:31:00,106543.99,106632.32,106527.99,106632.31,14.12826,3255.0
2025-06-17 07:32:00,106632.31,106683.42,106632.31,106666.63,13.89309,2095.0
2025-06-17 07:33:00,106666.63,106683.42,106632.69,106632.7,18.28217,1711.0
2025-06-17 07:34:00,106632.69,106632.7,106590.0,106590.05,10.88639,1752.0
2025-06-17 07:35:00,106590.06,106665.21,106556.56,106665.21,17.2426,2634.0
2025-06-17 07:36:00,106665.22,106694.08,106665.22,106669.12,6.0643,1330.0
2025-06-17 07:37:00,106669.12,106696.45,106632.01,106643.99,16.71512,3029.0
2025-06-17 07:38:00,106643.99,106644.0,106626.08,106626.09,4.54462,837.0
2025-06-17 07:39:00,106626.09,106638.01,106589.11,106638.0,17.05838,1827.0
2025-06-17 07:40:00,106638.0,106638.01,106591.3,106591.31,7.84868,1226.0
2025-06-17 07:41:00,106591.3,106622.82,106591.3,106614.0,7.22342,1923.0
2025-06-17 07:42:00,106613.99,106643.37,106613.99,106635.03,12.49366,1126.0
2025-06-17 07:43:00,106635.03,106644.9,106635.03,106640.01,6.28436,784.0
2025-06-17 07:44:00,106640.0,106656.0,106640.0,106656.0,13.3304,938.0
2025-06-17 07:45:00,106655.99,106660.0,106642.93,106642.93,11.91759,1619.0
2025-06-17 07:46:00,106642.94,106665.66,106642.93,106651.17,6.67217,1031.0
2025-06-17 07:47:00,106651.16,106659.65,106630.23,106659.65,8.2995,1102.0
2025-06-17 07:48:00,106659.64,106693.85,106659.64,106693.84,4.80457,884.0
2025-06-17 07:49:00,106693.84,106744.01,106684.24,106734.52,11.64738,2075.0
2025-06-17 07:50:00,106734.51,106743.94,106713.65,106713.66,9.47773,1073.0
2025-06-17 07:51:00,106713.65,106732.0,106713.65,106718.0,4.94952,940.0
2025-06-17 07:52:00,106718.0,106736.97,106718.0,106736.96,7.9474,1253.0
2025-06-17 07:53:00,106736.97,106770.55,106736.96,106770.55,12.23498,2037.0
2025-06-17 07:54:00,106770.54,106782.54,106766.0,106782.53,7.34581,1201.0
2025-06-17 07:55:00,106782.53,106789.06,106766.11,106773.92,10.1963,1384.0
2025-06-17 07:56:00,106773.91,106789.06,106773.91,106789.06,5.47803,556.0
2025-06-17 07:57:00,106789.05,106789.06,106789.05,106789.05,3.81988,372.0
2025-06-17 07:58:00,106789.05,106789.05,106759.6,106759.61,5.75577,1080.0
2025-06-17 07:59:00,106759.6,106759.61,106753.32,106758.52,10.05874,592.0
2025-06-17 08:00:00,106758.52,106758.52,106678.95,106727.54,30.16262,4698.0
2025-06-17 08:01:00,106727.55,106766.84,106727.55,106740.43,11.67757,1595.0
2025-06-17 08:02:00,106740.43,106740.43,106703.39,106703.4,2.05382,1027.0
2025-06-17 08:03:00,106703.4,106758.29,106703.4,106758.28,4.78086,1210.0
2025-06-17 08:04:00,106758.29,106765.45,106722.82,106722.82,12.1739,1082.0
2025-06-17 08:05:00,106722.82,106722.82,106714.04,106720.8,2.70023,508.0
2025-06-17 08:06:00,106720.79,106720.8,106670.59,106670.59,3.51979,943.0
2025-06-17 08:07:00,106670.59,106718.5,106670.59,106689.7,4.00747,1241.0
2025-06-17 08:08:00,106689.69,106719.14,106680.0,106719.14,6.17792,1733.0
2025-06-17 08:09:00,106719.14,106719.14,106687.38,106701.99,4.73563,836.0
2025-06-17 08:10:00,106701.99,106702.0,106701.99,106702.0,0.87712,193.0
2025-06-17 08:11:00,106702.0,106730.09,106701.99,106724.34,6.75916,890.0
2025-06-17 08:12:00,106724.34,106740.0,106700.0,106732.99,8.64608,2412.0
2025-06-17 08:13:00,106733.0,106764.99,106710.0,106711.37,16.33544,2280.0
2025-06-17 08:14:00,106711.37,106744.15,106711.36,106744.15,2.64287,813.0
2025-06-17 08:15:00,106744.15,106744.15,106700.0,106716.04,4.30669,1128.0
2025-06-17 08:16:00,106716.05,106742.94,106716.04,106725.11,2.33272,1160.0
2025-06-17 08:17:00,106725.1,106725.11,106692.04,106692.05,2.01945,619.0
2025-06-17 08:18:00,106692.05,106727.57,106692.04,106727.57,2.01314,969.0
2025-06-17 08:19:00,106727.58,106737.28,106721.83,106721.83,1.53735,532.0
2025-06-17 08:20:00,106721.84,106721.84,106688.73,106690.36,2.99013,1011.0
2025-06-17 08:21:00,106690.36,106714.63,106690.35,106697.43,3.77642,1214.0
2025-06-17 08:22:00,106697.44,106697.44,106642.4,106661.98,9.12848,2864.0
2025-06-17 08:23:00,106661.98,106670.31,106646.35,106670.3,1.55733,931.0
2025-06-17 08:24:00,106670.31,106670.31,106589.64,106604.47,4.51886,1637.0
2025-06-17 08:25:00,106604.48,106697.68,106604.47,106697.67,4.29176,2360.0
2025-06-17 08:26:00,106697.67,106759.68,106680.0,106759.67,4.75828,1995.0
2025-06-17 08:27:00,106759.67,106822.78,106759.67,106810.34,6.99516,3264.0
2025-06-17 08:28:00,106810.34,106818.0,106810.34,106810.37,5.8236,643.0
2025-06-17 08:29:00,106810.37,106821.07,106800.02,106812.01,5.24572,943.0
2025-06-17 08:30:00,106812.01,106812.01,106798.54,106798.54,4.0626,587.0
2025-06-17 08:31:00,106798.55,106798.55,106769.84,106769.84,2.05092,674.0
2025-06-17 08:32:00,106769.85,106820.0,106769.84,106820.0,10.40728,1762.0
2025-06-17 08:33:00,106820.0,106820.0,106796.57,106796.57,3.93483,789.0
2025-06-17 08:34:00,106796.58,106796.58,106756.16,106757.4,2.2724,761.0
2025-06-17 08:35:00,106757.39,106757.4,106692.82,106692.83,2.67046,1639.0
2025-06-17 08:36:00,106692.83,106692.83,106612.53,106612.53,3.97841,1501.0
2025-06-17 08:37:00,106612.53,106651.17,106606.88,106642.4,5.59811,2218.0
2025-06-17 08:38:00,106642.4,106647.34,106635.09,106635.09,1.40669,939.0
2025-06-17 08:39:00,106635.1,106635.1,106552.61,106552.61,5.6643,1581.0
2025-06-17 08:40:00,106552.62,106556.64,106531.63,106539.63,9.448,1653.0
2025-06-17 08:41:00,106539.63,106548.33,106528.92,106544.96,8.35912,1109.0
2025-06-17 08:42:00,106544.97,106556.64,106544.96,106556.63,3.61647,659.0
2025-06-17 08:43:00,106556.64,106556.64,106534.31,106534.31,1.86897,596.0
2025-06-17 08:44:00,106534.32,106534.32,106484.89,106490.34,7.58546,1938.0
2025-06-17 08:45:00,106490.35,106555.99,106490.34,106545.33,5.46569,1885.0
2025-06-17 08:46:00,106545.34,106600.0,106545.33,106600.0,3.52435,1774.0
2025-06-17 08:47:00,106599.99,106600.0,106580.0,106593.17,4.12002,665.0
2025-06-17 08:48:00,106593.18,106593.18,106588.0,106588.0,3.09579,396.0
2025-06-17 08:49:00,106588.01,106588.01,106520.0,106520.0,8.87562,1151.0
2025-06-17 08:50:00,106520.0,106558.14,106499.75,106557.83,27.28991,2493.0
2025-06-17 08:51:00,106557.84,106584.74,106557.83,106584.73,1.66716,930.0
2025-06-17 08:52:00,106584.73,106604.66,106567.3,106567.31,4.98364,1628.0
2025-06-17 08:53:00,106567.3,106567.31,106533.35,106555.53,8.99583,1255.0
2025-06-17 08:54:00,106555.53,106656.89,106533.35,106533.35,15.34395,3804.0
2025-06-17 08:55:00,106533.36,106558.14,106490.34,106490.34,8.89384,3291.0
2025-06-17 08:56:00,106490.35,106566.13,106490.34,106562.7,6.16102,2680.0
2025-06-17 08:57:00,106562.71,106573.54,106552.97,106552.97,2.90137,844.0
2025-06-17 08:58:00,106552.97,106576.55,106552.97,106575.96,5.47438,859.0
2025-06-17 08:59:00,106575.97,106579.94,106558.83,106568.06,4.60923,1231.0
2025-06-17 09:00:00,106568.06,106568.06,106540.68,106563.22,8.79921,1576.0
2025-06-17 09:01:00,106563.23,106588.31,106541.25,106541.26,5.01173,3147.0
2025-06-17 09:02:00,106541.26,106576.28,106532.4,106568.03,6.11357,2387.0
2025-06-17 09:03:00,106568.04,106655.82,106568.03,106614.66,24.05928,2422.0
2025-06-17 09:04:00,106614.67,106636.12,106605.76,106636.11,2.86788,1049.0
2025-06-17 09:05:00,106636.12,106636.12,106580.12,106585.49,6.19186,1540.0
2025-06-17 09:06:00,106585.5,106590.0,106548.61,106548.61,4.77807,1511.0
2025-06-17 09:07:00,106548.61,106548.61,106535.66,106544.05,3.0836,647.0
2025-06-17 09:08:00,106544.04,106544.04,106383.31,106413.99,43.51361,5083.0
2025-06-17 09:09:00,106413.99,106455.73,106403.43,106455.72,2.83556,1156.0
2025-06-17 09:10:00,106455.73,106480.0,106426.73,106464.01,7.51946,1629.0
2025-06-17 09:11:00,106464.01,106480.0,106464.01,106479.99,2.22536,505.0
2025-06-17 09:12:00,106480.0,106499.0,106440.0,106440.0,8.31961,1870.0
2025-06-17 09:13:00,106440.0,106459.5,106416.0,106459.5,5.29682,1293.0
2025-06-17 09:14:00,106459.49,106459.56,106435.55,106459.55,10.25713,1196.0
2025-06-17 09:15:00,106459.56,106476.27,106445.94,106454.45,7.70978,1828.0
2025-06-17 09:16:00,106454.45,106474.66,106413.25,106434.69,5.52863,2369.0
2025-06-17 09:17:00,106434.7,106455.82,106434.69,106441.95,2.10078,1504.0
2025-06-17 09:18:00,106441.95,106480.0,106441.95,106476.49,3.78785,1495.0
2025-06-17 09:19:00,106476.5,106480.01,106447.7,106447.7,2.96953,1185.0
2025-06-17 09:20:00,106447.71,106447.71,106418.6,106429.15,5.92253,1277.0
2025-06-17 09:21:00,106429.13,106429.13,106338.47,106424.31,41.77106,3178.0
2025-06-17 09:22:00,106424.31,106443.96,106420.54,106437.44,10.77966,3082.0
2025-06-17 09:23:00,106437.44,106491.86,106437.44,106468.06,5.76213,2775.0
2025-06-17 09:24:00,106468.06,106475.82,106450.72,106467.96,2.59644,1934.0
2025-06-17 09:25:00,106467.97,106467.97,106418.6,106418.61,7.69964,2676.0
2025-06-17 09:26:00,106418.6,106436.46,106418.6,106436.46,1.38554,622.0
2025-06-17 09:27:00,106436.46,106436.46,106418.6,106418.6,2.76274,580.0
2025-06-17 09:28:00,106418.6,106426.0,106405.09,106413.18,4.32801,1261.0
2025-06-17 09:29:00,106413.17,106413.18,106389.23,106404.47,5.90485,4029.0
2025-06-17 09:30:00,106404.47,106405.33,106378.44,106396.89,8.39758,1769.0
2025-06-17 09:31:00,106396.91,106441.07,106396.91,106428.05,5.83653,2717.0
2025-06-17 09:32:00,106428.05,106428.06,106392.89,106392.89,4.33191,876.0
2025-06-17 09:33:00,106392.89,106392.9,106372.09,106378.17,3.16765,962.0
2025-06-17 09:34:00,106378.17,106378.18,106344.56,106344.57,2.91026,923.0
2025-06-17 09:35:00,106344.56,106372.1,106326.37,106333.45,17.07509,3549.0
2025-06-17 09:36:00,106333.45,106333.45,106300.0,106300.0,6.41575,1691.0
2025-06-17 09:37:00,106300.01,106300.01,106285.76,106285.76,6.3239,727.0
2025-06-17 09:38:00,106285.75,106285.76,106259.8,106259.81,13.72488,1497.0
2025-06-17 09:39:00,106259.8,106259.81,106132.13,106208.32,59.1291,6415.0
2025-06-17 09:40:00,106208.33,106257.49,106166.94,106183.08,14.19564,3191.0
2025-06-17 09:41:00,106183.09,106247.18,106180.28,106236.06,8.65482,2536.0
2025-06-17 09:42:00,106236.05,106247.18,106220.0,106220.0,7.50087,1972.0
2025-06-17 09:43:00,106220.0,106224.41,106188.94,106224.4,13.87905,1547.0
2025-06-17 09:44:00,106224.41,106264.94,106224.41,106264.93,2.92127,1373.0
2025-06-17 09:45:00,106264.94,106264.94,106236.14,106248.02,10.11885,916.0
2025-06-17 09:46:00,106248.03,106248.03,106242.0,106248.03,3.56412,613.0
2025-06-17 09:47:00,106248.03,106280.0,106218.0,106218.0,12.04742,2202.0
2025-06-17 09:48:00,106218.01,106253.08,106188.55,106253.07,12.47945,2143.0
2025-06-17 09:49:00,106253.08,106284.49,106231.49,106271.16,4.32465,1944.0
2025-06-17 09:50:00,106271.17,106271.17,106220.86,106220.86,2.7524,1218.0
2025-06-17 09:51:00,106220.87,106280.0,106162.86,106248.06,22.33063,3761.0
2025-06-17 09:52:00,106248.07,106263.72,106241.55,106241.55,8.37072,1196.0
2025-06-17 09:53:00,106241.56,106241.56,106186.05,106228.05,5.94417,1834.0
2025-06-17 09:54:00,106228.05,106228.05,106220.71,106220.71,0.59711,323.0
2025-06-17 09:55:00,106220.72,106220.72,106155.35,106172.35,26.02115,1650.0
2025-06-17 09:56:00,106172.36,106172.36,106088.0,106110.37,35.23868,3702.0
2025-06-17 09:57:00,106110.37,106153.62,106069.55,106118.72,119.11759,3815.0
2025-06-17 09:58:00,106118.73,106140.0,106118.72,106140.0,7.48953,1072.0
2025-06-17 09:59:00,106140.0,106183.48,106139.99,106160.57,11.21951,1281.0
2025-06-17 10:00:00,106160.58,106160.58,106123.76,106126.83,2.5096,1272.0
2025-06-17 10:01:00,106126.84,106154.18,106126.84,106148.01,4.36126,904.0
2025-06-17 10:02:00,106148.01,106232.56,106148.0,106225.84,16.25804,1824.0
2025-06-17 10:03:00,106225.83,106248.43,106203.14,106203.14,7.87273,1719.0
2025-06-17 10:04:00,106203.14,106203.15,106121.53,106121.54,4.61013,1712.0
2025-06-17 10:05:00,106121.53,106121.54,106040.0,106050.0,24.24131,2980.0
2025-06-17 10:06:00,106049.99,106173.03,106049.99,106146.41,13.99114,2971.0
2025-06-17 10:07:00,106146.42,106154.62,106129.25,106134.01,3.52598,1085.0
2025-06-17 10:08:00,106134.01,106139.53,106100.71,106100.94,26.03688,1723.0
2025-06-17 10:09:00,106100.93,106129.89,106070.08,106070.09,9.97673,2365.0
2025-06-17 10:10:00,106070.09,106146.4,106052.11,106111.94,21.47695,3023.0
2025-06-17 10:11:00,106111.95,106111.95,106111.94,106111.94,2.69853,314.0
2025-06-17 10:12:00,106111.94,106127.87,106100.0,106100.0,7.27082,1063.0
2025-06-17 10:13:00,106100.0,106127.49,106067.35,106067.35,12.96581,2260.0
2025-06-17 10:14:00,106067.35,106091.08,106064.98,106088.17,11.31296,1506.0
2025-06-17 10:15:00,106088.17,106129.41,106068.71,106120.95,10.6757,1921.0
2025-06-17 10:16:00,106120.96,106150.0,106077.0,106084.8,6.15695,2263.0
2025-06-17 10:17:00,106084.8,106093.03,106075.37,106088.18,4.58087,957.0
2025-06-17 10:18:00,106088.17,106088.17,106075.38,106075.4,3.99993,739.0
2025-06-17 10:19:00,106075.39,106081.81,106075.39,106081.8,3.1088,349.0
2025-06-17 10:20:00,106081.81,106107.22,106073.85,106104.02,10.88762,1044.0
2025-06-17 10:21:00,106104.03,106117.0,106046.51,106046.51,11.30631,2368.0
2025-06-17 10:22:00,106046.51,106080.74,106028.0,106080.73,24.9977,2171.0
2025-06-17 10:23:00,106080.73,106112.58,106080.73,106088.32,11.28768,1444.0
2025-06-17 10:24:00,106088.33,106168.28,106088.32,106158.66,20.71392,2519.0
2025-06-17 10:25:00,106158.67,106158.67,106111.19,106112.47,8.04883,1254.0
2025-06-17 10:26:00,106112.46,106112.46,106103.1,106103.1,1.16074,376.0
2025-06-17 10:27:00,106103.11,106103.11,106099.18,106099.19,3.87008,598.0
2025-06-17 10:28:00,106099.2,106099.2,106084.56,106084.57,3.50958,716.0
2025-06-17 10:29:00,106084.56,106099.18,106070.21,106099.18,2.62205,1256.0
2025-06-17 10:30:00,106099.17,106100.0,106078.44,106099.99,7.36795,1450.0
2025-06-17 10:31:00,106099.99,106099.99,106080.05,106080.05,2.43588,634.0
2025-06-17 10:32:00,106080.06,106080.06,106037.1,106060.0,7.67816,1505.0
2025-06-17 10:33:00,106060.0,106060.0,105985.68,105989.82,43.3904,4142.0
2025-06-17 10:34:00,105989.83,105993.97,105961.85,105961.86,14.0024,1490.0
2025-06-17 10:35:00,105961.86,105961.86,105900.0,105941.02,35.64064,3125.0
2025-06-17 10:36:00,105941.02,105948.0,105920.0,105928.26,4.84732,1402.0
2025-06-17 10:37:00,105928.27,105928.27,105901.57,105901.58,4.34412,1134.0
2025-06-17 10:38:00,105901.57,105928.26,105721.29,105895.32,109.04081,11310.0
2025-06-17 10:39:00,105895.31,105913.16,105807.18,105807.19,21.57198,4173.0
2025-06-17 10:40:00,105807.19,105807.2,105770.65,105795.84,14.45312,2607.0
2025-06-17 10:41:00,105795.84,105857.73,105785.27,105824.68,42.10461,2456.0
2025-06-17 10:42:00,105824.67,105847.15,105818.92,105842.31,14.93495,2322.0
2025-06-17 10:43:00,105842.32,105881.11,105800.0,105800.0,10.21389,3558.0
2025-06-17 10:44:00,105800.0,105818.39,105790.4,105790.4,12.45752,2294.0
2025-06-17 10:45:00,105790.4,105824.99,105780.0,105780.0,9.66064,2813.0
2025-06-17 10:46:00,105780.0,105884.38,105756.32,105884.38,23.63028,3410.0
2025-06-17 10:47:00,105884.37,105899.21,105852.92,105852.93,6.73112,1688.0
2025-06-17 10:48:00,105852.92,105871.08,105828.73,105846.47,9.4045,1768.0
2025-06-17 10:49:00,105846.48,105860.99,105846.47,105856.01,12.24722,1246.0
2025-06-17 10:50:00,105856.01,105873.69,105846.47,105846.48,4.80143,1452.0
2025-06-17 10:51:00,105846.48,105911.46,105846.47,105907.27,13.74753,1752.0
2025-06-17 10:52:00,105907.28,105907.96,105882.23,105882.23,3.66659,1004.0
2025-06-17 10:53:00,105882.24,105882.24,105841.76,105846.47,9.01339,1499.0
2025-06-17 10:54:00,105846.48,105846.48,105837.25,105839.61,4.57608,891.0
2025-06-17 10:55:00,105839.61,105869.86,105839.5,105869.86,10.79888,1151.0
2025-06-17 10:56:00,105869.86,105931.83,105869.85,105925.07,18.12763,2062.0
2025-06-17 10:57:00,105925.06,105928.17,105917.6,105928.16,4.4246,774.0
2025-06-17 10:58:00,105928.16,105956.66,105907.17,105951.18,11.76104,1705.0
2025-06-17 10:59:00,105951.17,105964.1,105938.39,105956.01,15.25392,1613.0
2025-06-17 11:00:00,105956.01,105956.01,105904.07,105913.1,16.11742,2096.0
2025-06-17 11:01:00,105913.1,105920.91,105906.04,105906.33,3.86502,820.0
2025-06-17 11:02:00,105906.33,105906.33,105878.62,105878.63,4.52846,827.0
2025-06-17 11:03:00,105878.63,105878.63,105837.51,105837.51,4.82868,1525.0
2025-06-17 11:04:00,105837.52,105837.52,105763.71,105763.71,10.0721,1892.0
2025-06-17 11:05:00,105763.71,105793.75,105704.32,105793.74,23.73308,3573.0
2025-06-17 11:06:00,105793.75,105827.63,105793.74,105827.11,8.9953,1362.0
2025-06-17 11:07:00,105827.11,105827.12,105779.61,105786.58,11.38524,881.0
2025-06-17 11:08:00,105786.58,105809.92,105749.1,105749.1,5.87639,1759.0
2025-06-17 11:09:00,105749.11,105776.28,105733.85,105773.98,8.32777,1529.0
2025-06-17 11:10:00,105773.98,105773.99,105758.0,105758.02,5.19779,602.0
2025-06-17 11:11:00,105758.01,105758.03,105746.37,105756.91,6.30707,802.0
2025-06-17 11:12:00,105756.9,105786.63,105756.9,105776.92,13.63838,988.0
2025-06-17 11:13:00,105776.93,105776.93,105712.64,105712.64,7.55074,1182.0
2025-06-17 11:14:00,105712.65,105731.98,105712.64,105722.77,4.528,1055.0
2025-06-17 11:15:00,105722.77,105757.81,105682.5,105757.8,21.42139,3510.0
2025-06-17 11:16:00,105757.81,105769.4,105686.26,105686.26,10.71305,1555.0
2025-06-17 11:17:00,105686.26,105701.48,105680.93,105701.48,18.60343,2131.0
2025-06-17 11:18:00,105701.47,105701.48,105672.0,105674.0,8.91215,1752.0
2025-06-17 11:19:00,105674.01,105674.01,105640.0,105644.75,14.37528,2659.0
2025-06-17 11:20:00,105644.74,105659.62,105620.0,105643.2,34.8094,5175.0
2025-06-17 11:21:00,105643.19,105665.94,105643.19,105657.5,3.68007,1452.0
2025-06-17 11:22:00,105657.5,105657.5,105642.04,105649.29,8.15968,1598.0
2025-06-17 11:23:00,105649.29,105649.29,105600.97,105600.98,3.76766,1337.0
2025-06-17 11:24:00,105600.98,105600.98,105582.86,105582.86,8.01235,1285.0
2025-06-17 11:25:00,105582.87,105616.07,105582.18,105600.02,11.04183,1549.0
2025-06-17 11:26:00,105600.02,105600.02,105577.36,105577.36,3.6262,795.0
2025-06-17 11:27:00,105577.36,105577.37,105533.72,105559.99,20.86711,3657.0
2025-06-17 11:28:00,105560.0,105560.0,105534.79,105534.8,3.97077,1049.0
2025-06-17 11:29:00,105534.8,105554.17,105534.79,105554.17,16.87518,1298.0
2025-06-17 11:30:00,105554.16,105651.64,105535.92,105636.02,20.67222,2622.0
2025-06-17 11:31:00,105636.02,105652.22,105619.34,105619.34,15.42734,1723.0
2025-06-17 11:32:00,105619.34,105666.0,105612.08,105642.99,7.58491,1777.0
2025-06-17 11:33:00,105642.99,105656.64,105642.99,105650.0,5.12632,656.0
2025-06-17 11:34:00,105650.01,105656.65,105626.56,105626.57,2.47805,932.0
2025-06-17 11:35:00,105626.57,105631.08,105619.35,105631.07,3.74369,902.0
2025-06-17 11:36:00,105631.08,105631.08,105588.19,105593.91,7.29426,2049.0
2025-06-17 11:37:00,105593.92,105617.93,105593.91,105612.63,6.74864,767.0
2025-06-17 11:38:00,105612.64,105612.64,105591.43,105611.26,5.46659,1002.0
2025-06-17 11:39:00,105611.26,105658.3,105572.79,105572.79,7.66507,2461.0
2025-06-17 11:40:00,105572.8,105579.92,105508.23,105512.07,11.78365,2791.0
2025-06-17 11:41:00,105512.06,105559.54,105512.06,105549.65,8.26613,1161.0
2025-06-17 11:42:00,105549.64,105579.07,105537.2,105537.2,3.01649,1200.0
2025-06-17 11:43:00,105537.2,105558.0,105537.2,105541.26,4.38023,920.0
2025-06-17 11:44:00,105541.26,105541.26,105526.92,105526.92,2.77885,471.0
2025-06-17 11:45:00,105526.92,105526.93,105517.75,105517.75,3.16173,419.0
2025-06-17 11:46:00,105517.76,105517.76,105511.65,105511.65,2.82179,463.0
2025-06-17 11:47:00,105511.66,105544.45,105511.66,105544.44,10.40803,1117.0
2025-06-17 11:48:00,105544.45,105570.26,105544.44,105570.25,4.94925,675.0
2025-06-17 11:49:00,105570.25,105570.26,105560.01,105560.39,2.07369,720.0
2025-06-17 11:50:00,105560.39,105560.39,105529.85,105529.85,6.39032,910.0
2025-06-17 11:51:00,105529.86,105529.86,105529.85,105529.85,1.47858,264.0
2025-06-17 11:52:00,105529.86,105529.86,105519.22,105529.65,2.4238,715.0
2025-06-17 11:53:00,105529.65,105538.61,105519.22,105519.23,6.3451,840.0
2025-06-17 11:54:00,105519.23,105576.85,105508.23,105554.71,9.96874,1860.0
2025-06-17 11:55:00,105554.72,105625.69,105554.71,105625.69,6.76137,1668.0
2025-06-17 11:56:00,105625.69,105625.69,105610.91,105622.06,3.31702,841.0
2025-06-17 11:57:00,105622.05,105665.98,105622.05,105656.78,10.1237,1959.0
2025-06-17 11:58:00,105656.78,105656.79,105646.72,105652.68,19.35885,905.0
2025-06-17 11:59:00,105652.68,105652.68,105637.24,105641.47,13.54613,907.0
2025-06-17 12:00:00,105641.48,105641.48,105573.18,105599.98,14.50107,2146.0
2025-06-17 12:01:00,105599.99,105618.65,105599.98,105600.01,5.34459,1431.0
2025-06-17 12:02:00,105600.01,105643.94,105585.87,105585.87,5.36801,1892.0
2025-06-17 12:03:00,105585.88,105625.76,105585.87,105625.75,10.97832,1312.0
2025-06-17 12:04:00,105625.75,105646.47,105625.75,105643.99,4.28395,1119.0
2025-06-17 12:05:00,105643.99,105644.0,105600.9,105600.91,5.43152,994.0
2025-06-17 12:06:00,105600.91,105727.44,105600.9,105722.0,34.85109,3414.0
2025-06-17 12:07:00,105722.0,105767.14,105722.0,105738.38,19.6072,2491.0
2025-06-17 12:08:00,105738.38,105739.3,105688.47,105688.48,9.85534,1248.0
2025-06-17 12:09:00,105688.47,105717.82,105688.47,105717.82,3.63545,1118.0
2025-06-17 12:10:00,105717.82,105779.99,105717.82,105779.99,8.43045,1324.0
2025-06-17 12:11:00,105779.98,105795.36,105765.64,105765.65,5.11817,1190.0
2025-06-17 12:12:00,105765.65,105862.03,105765.64,105806.69,23.27688,2822.0
2025-06-17 12:13:00,105806.69,105806.69,105770.0,105782.29,10.26088,1304.0
2025-06-17 12:14:00,105782.29,105782.29,105770.0,105782.29,3.75342,650.0
2025-06-17 12:15:00,105782.28,105782.29,105722.0,105722.0,7.58444,1977.0
2025-06-17 12:16:00,105722.0,105775.64,105722.0,105765.06,7.6615,1502.0
2025-06-17 12:17:00,105765.06,105765.06,105722.04,105722.05,5.99397,944.0
2025-06-17 12:18:00,105722.04,105739.41,105720.0,105724.01,9.73496,1095.0
2025-06-17 12:19:00,105724.02,105754.97,105724.01,105730.54,5.06336,931.0
2025-06-17 12:20:00,105730.54,105730.54,105672.61,105672.62,4.04852,1046.0
2025-06-17 12:21:00,105672.62,105695.92,105672.61,105695.91,10.67853,1036.0
2025-06-17 12:22:00,105695.91,105726.56,105695.91,105718.63,2.94031,1220.0
2025-06-17 12:23:00,105718.62,105762.25,105699.14,105747.23,4.06247,1749.0
2025-06-17 12:24:00,105747.23,105762.25,105729.19,105729.19,6.77087,2219.0
2025-06-17 12:25:00,105729.2,105729.2,105724.82,105724.85,3.34303,479.0
2025-06-17 12:26:00,105724.85,105724.86,105697.27,105708.32,3.44626,1028.0
2025-06-17 12:27:00,105708.32,105720.0,105703.91,105703.91,4.60382,809.0
2025-06-17 12:28:00,105703.92,105703.92,105675.18,105675.18,7.03812,1157.0
2025-06-17 12:29:00,105675.18,105686.01,105675.18,105686.0,5.58687,655.0
2025-06-17 12:30:00,105686.0,105716.53,105651.51,105651.51,28.40145,2300.0
2025-06-17 12:31:00,105651.51,105669.42,105620.0,105669.42,6.29311,2383.0
2025-06-17 12:32:00,105669.41,105704.64,105647.83,105647.84,11.51868,2423.0
2025-06-17 12:33:00,105647.83,105666.59,105626.47,105646.37,5.14236,1651.0
2025-06-17 12:34:00,105646.38,105671.48,105632.0,105653.96,6.81945,2102.0
2025-06-17 12:35:00,105653.97,105715.78,105653.96,105700.01,4.29095,1737.0
2025-06-17 12:36:00,105700.0,105707.86,105645.01,105655.89,5.38468,1705.0
2025-06-17 12:37:00,105655.9,105715.2,105655.9,105715.2,7.81354,1659.0
2025-06-17 12:38:00,105715.19,105743.48,105714.15,105743.48,8.68614,1858.0
2025-06-17 12:39:00,105743.48,105810.51,105743.48,105810.5,7.2478,2563.0
2025-06-17 12:40:00,105810.51,105832.91,105810.5,105827.19,7.48346,1135.0
2025-06-17 12:41:00,105827.2,105840.38,105740.39,105740.39,10.66564,2832.0
2025-06-17 12:42:00,105740.4,105760.8,105716.48,105716.48,5.46467,1476.0
2025-06-17 12:43:00,105716.49,105754.05,105716.49,105754.04,4.98928,1212.0
2025-06-17 12:44:00,105754.04,105764.27,105754.04,105761.3,10.70743,809.0
2025-06-17 12:45:00,105761.31,105761.31,105687.35,105687.35,7.94905,1775.0
2025-06-17 12:46:00,105687.35,105687.35,105656.04,105665.16,4.52572,1277.0
2025-06-17 12:47:00,105665.17,105665.17,105629.16,105645.03,6.6318,1806.0
2025-06-17 12:48:00,105645.04,105645.04,105608.38,105608.38,5.77707,1442.0
2025-06-17 12:49:00,105608.39,105608.39,105600.0,105606.63,7.12241,963.0
2025-06-17 12:50:00,105606.62,105608.39,105550.0,105600.29,21.65906,3621.0
2025-06-17 12:51:00,105600.28,105635.39,105600.28,105635.38,12.14257,1651.0
2025-06-17 12:52:00,105635.38,105635.39,105593.54,105605.99,6.9224,1502.0
2025-06-17 12:53:00,105606.0,105606.0,105596.4,105596.41,4.28948,721.0
2025-06-17 12:54:00,105596.41,105596.41,105482.29,105495.99,23.34529,5053.0
2025-06-17 12:55:00,105495.99,105525.28,105480.0,105518.43,9.54892,2398.0
2025-06-17 12:56:00,105518.42,105519.21,105420.0,105519.21,25.01833,4058.0
2025-06-17 12:57:00,105519.21,105539.58,105505.04,105530.3,17.58975,2284.0
2025-06-17 12:58:00,105530.3,105530.31,105506.37,105507.95,8.39378,930.0
2025-06-17 12:59:00,105507.95,105507.96,105506.99,105507.0,3.05523,365.0
2025-06-17 13:00:00,105506.99,105507.0,105489.83,105505.59,7.78966,2451.0
2025-06-17 13:01:00,105505.6,105552.18,105505.47,105513.39,6.80946,2527.0
2025-06-17 13:02:00,105513.39,105536.67,105505.42,105505.43,2.5188,1435.0
2025-06-17 13:03:00,105505.43,105505.43,105409.34,105459.96,8.23262,3768.0
2025-06-17 13:04:00,105459.97,105509.61,105456.54,105508.46,5.48309,1915.0
2025-06-17 13:05:00,105508.46,105540.0,105508.46,105525.69,3.24207,1769.0
2025-06-17 13:06:00,105525.7,105551.83,105525.69,105551.82,4.25458,1438.0
2025-06-17 13:07:00,105551.83,105552.18,105535.11,105535.12,5.85252,873.0
2025-06-17 13:08:00,105535.11,105535.11,105458.16,105473.32,6.34697,2692.0
2025-06-17 13:09:00,105473.33,105488.74,105459.04,105488.73,10.57615,1168.0
2025-06-17 13:10:00,105488.74,105488.74,105463.21,105463.21,1.46244,501.0
2025-06-17 13:11:00,105463.21,105534.32,105463.21,105534.31,3.05864,1897.0
2025-06-17 13:12:00,105534.32,105591.2,105534.31,105555.04,6.88469,2187.0
2025-06-17 13:13:00,105555.05,105558.62,105539.13,105539.14,4.89367,776.0
2025-06-17 13:14:00,105539.14,105574.66,105539.14,105552.28,2.56789,1208.0
2025-06-17 13:15:00,105552.28,105626.48,105552.27,105609.99,6.55843,2281.0
2025-06-17 13:16:00,105609.99,105626.48,105580.39,105606.74,4.2439,1922.0
2025-06-17 13:17:00,105606.74,105606.74,105464.59,105464.6,39.07339,3052.0
2025-06-17 13:18:00,105464.59,105469.51,105426.81,105442.15,21.47489,2235.0
2025-06-17 13:19:00,105442.15,105511.04,105432.0,105484.92,8.4758,2501.0
2025-06-17 13:20:00,105484.92,105570.37,105484.92,105555.75,12.953,2642.0
2025-06-17 13:21:00,105555.75,105580.0,105555.0,105571.67,3.18049,1528.0
2025-06-17 13:22:00,105571.68,105571.68,105515.49,105526.01,4.25363,1617.0
2025-06-17 13:23:00,105526.01,105526.01,105481.22,105488.33,4.63511,2064.0
2025-06-17 13:24:00,105488.33,105600.0,105488.32,105599.99,6.58788,2761.0
2025-06-17 13:25:00,105600.0,105600.0,105567.04,105575.43,2.40983,1284.0
2025-06-17 13:26:00,105575.43,105599.46,105557.49,105599.45,5.8007,1243.0
2025-06-17 13:27:00,105599.46,105640.71,105599.46,105634.0,5.1443,1798.0
2025-06-17 13:28:00,105633.99,105647.83,105616.25,105616.25,4.88386,975.0
2025-06-17 13:29:00,105616.26,105638.34,105616.26,105638.34,7.08722,1112.0
2025-06-17 13:30:00,105638.35,105696.52,105616.49,105689.3,15.73709,3206.0
2025-06-17 13:31:00,105689.31,105692.68,105570.56,105570.57,13.28595,3849.0
2025-06-17 13:32:00,105570.57,105623.23,105512.55,105544.47,34.07139,5350.0
2025-06-17 13:33:00,105544.46,105611.56,105544.46,105611.56,10.43338,4497.0
2025-06-17 13:34:00,105611.55,105692.68,105571.1,105670.62,21.88719,4428.0
2025-06-17 13:35:00,105670.63,105691.19,105600.58,105686.16,14.94324,5165.0
2025-06-17 13:36:00,105686.15,105686.16,105595.34,105604.52,11.62403,4577.0
2025-06-17 13:37:00,105604.53,105612.45,105564.0,105591.68,8.81596,3812.0
2025-06-17 13:38:00,105591.68,105691.62,105591.68,105667.1,13.76839,5124.0
2025-06-17 13:39:00,105667.09,105722.99,105651.34,105722.99,11.17295,2180.0
2025-06-17 13:40:00,105722.98,105754.05,105665.56,105676.34,15.30706,3415.0
2025-06-17 13:41:00,105676.34,105699.7,105623.31,105623.32,7.94538,1870.0
2025-06-17 13:42:00,105623.31,105623.31,105528.25,105538.78,9.85302,4044.0
2025-06-17 13:43:00,105538.79,105545.3,105483.46,105490.16,13.85547,2086.0
2025-06-17 13:44:00,105490.16,105490.16,105300.01,105317.85,45.34207,7858.0
2025-06-17 13:45:00,105317.85,105404.83,105300.0,105400.5,22.61227,4014.0
2025-06-17 13:46:00,105400.51,105438.74,105390.21,105413.97,10.02672,3432.0
2025-06-17 13:47:00,105413.97,105473.78,105393.19,105473.78,9.06799,2995.0
2025-06-17 13:48:00,105473.78,105534.32,105449.92,105467.58,9.35426,3646.0
2025-06-17 13:49:00,105467.59,105513.2,105372.2,105372.2,14.76238,5352.0
2025-06-17 13:50:00,105372.2,105399.48,105296.86,105296.86,16.2514,5209.0
2025-06-17 13:51:00,105296.86,105296.87,105200.0,105217.99,52.22819,7199.0
2025-06-17 13:52:00,105218.0,105344.55,105218.0,105331.86,9.77114,3180.0
2025-06-17 13:53:00,105331.86,105337.3,105217.99,105235.21,13.42965,3114.0
2025-06-17 13:54:00,105235.22,105350.0,105235.22,105333.93,30.72397,3808.0
2025-06-17 13:55:00,105333.94,105360.87,105275.31,105278.3,16.21302,4089.0
2025-06-17 13:56:00,105278.3,105323.54,105220.14,105316.0,21.58727,3283.0
2025-06-17 13:57:00,105315.99,105408.7,105315.99,105365.86,14.99695,4497.0
2025-06-17 13:58:00,105365.86,105402.13,105365.86,105383.49,3.48414,2092.0
2025-06-17 13:59:00,105383.48,105383.48,105331.68,105349.27,6.45739,2304.0
2025-06-17 14:00:00,105349.28,105408.7,105336.21,105388.4,7.23408,3396.0
2025-06-17 14:01:00,105388.4,105420.15,105332.0,105332.01,9.1637,3588.0
2025-06-17 14:02:00,105332.01,105342.48,105269.29,105310.0,12.88439,3062.0
2025-06-17 14:03:00,105310.2,105310.2,105200.08,105247.25,10.4204,3236.0
2025-06-17 14:04:00,105247.26,105293.98,105201.28,105211.51,19.11812,3357.0
2025-06-17 14:05:00,105211.51,105211.51,105098.1,105115.34,79.68196,5116.0
2025-06-17 14:06:00,105115.34,105115.34,105000.0,105108.29,54.54636,8844.0
2025-06-17 14:07:00,105108.3,105303.02,105108.3,105285.54,42.42354,7464.0
2025-06-17 14:08:00,105285.54,105474.21,105285.54,105437.3,47.64074,6878.0
2025-06-17 14:09:00,105437.29,105492.0,105421.17,105472.0,17.9921,4477.0
2025-06-17 14:10:00,105472.0,105534.34,105435.35,105513.24,28.20572,6384.0
2025-06-17 14:11:00,105513.24,105603.2,105513.23,105571.46,26.91324,4555.0
2025-06-17 14:12:00,105571.46,105604.56,105571.45,105604.54,6.89457,1822.0
2025-06-17 14:13:00,105604.55,105681.51,105604.55,105660.0,18.83338,5122.0
2025-06-17 14:14:00,105660.0,105694.42,105660.0,105672.55,8.54493,2626.0
2025-06-17 14:15:00,105672.55,105674.67,105625.46,105629.94,18.66377,2905.0
2025-06-17 14:16:00,105629.94,105660.63,105583.55,105583.56,16.5448,3975.0
2025-06-17 14:17:00,105583.55,105608.69,105553.35,105600.28,7.04731,2806.0
2025-06-17 14:18:00,105600.28,105600.28,105447.3,105447.52,10.65983,2577.0
2025-06-17 14:19:00,105447.52,105450.0,105372.09,105380.05,22.76162,3033.0
2025-06-17 14:20:00,105380.05,105414.49,105372.67,105399.3,8.35581,2725.0
2025-06-17 14:21:00,105399.3,105450.22,105376.3,105450.21,20.08358,3919.0
2025-06-17 14:22:00,105450.22,105462.44,105379.07,105379.08,6.9292,1916.0
2025-06-17 14:23:00,105379.08,105386.54,105369.53,105383.7,3.18209,1284.0
2025-06-17 14:24:00,105383.7,105383.7,105273.49,105288.07,9.2743,2839.0
2025-06-17 14:25:00,105288.08,105293.1,105227.9,105247.11,12.47971,2383.0
2025-06-17 14:26:00,105247.11,105294.86,105234.9,105248.11,9.62426,3029.0
2025-06-17 14:27:00,105248.11,105349.99,105237.6,105349.99,8.29092,3281.0
2025-06-17 14:28:00,105350.0,105360.97,105291.87,105324.22,9.51421,3003.0
2025-06-17 14:29:00,105324.21,105355.54,105316.94,105324.02,4.33791,2565.0
2025-06-17 14:30:00,105324.02,105378.77,105306.53,105378.76,3.34536,2403.0
2025-06-17 14:31:00,105378.77,105403.5,105360.0,105360.01,6.35695,2228.0
2025-06-17 14:32:00,105360.01,105360.01,105328.91,105329.71,5.05569,1814.0
2025-06-17 14:33:00,105329.7,105339.1,105316.95,105321.17,2.06554,1667.0
2025-06-17 14:34:00,105321.18,105325.63,105280.0,105300.99,7.112,2890.0
2025-06-17 14:35:00,105300.98,105300.99,105089.5,105097.06,47.04776,5580.0
2025-06-17 14:36:00,105097.06,105173.22,105076.92,105173.21,14.87347,3231.0
2025-06-17 14:37:00,105173.22,105173.22,105068.54,105069.19,18.19884,4661.0
2025-06-17 14:38:00,105069.19,105100.73,105068.73,105093.46,9.69961,2315.0
2025-06-17 14:39:00,105093.46,105172.87,105068.0,105172.86,14.45905,3535.0
2025-06-17 14:40:00,105172.86,105172.86,105046.0,105046.01,20.27734,3941.0
2025-06-17 14:41:00,105046.01,105064.62,104800.0,104989.65,234.09532,13016.0
2025-06-17 14:42:00,104989.65,105055.16,104983.11,105051.21,21.52077,4318.0
2025-06-17 14:43:00,105051.22,105100.0,105051.22,105057.79,8.7331,3671.0
2025-06-17 14:44:00,105057.79,105078.75,105019.72,105048.56,16.18687,4869.0
2025-06-17 14:45:00,105048.56,105142.95,105005.44,105142.94,13.29899,4944.0
2025-06-17 14:46:00,105142.95,105148.04,105132.47,105132.47,7.06549,1967.0
2025-06-17 14:47:00,105132.48,105217.4,105132.48,105199.54,7.18142,3473.0
2025-06-17 14:48:00,105199.54,105239.46,105179.32,105213.54,32.33991,4549.0
2025-06-17 14:49:00,105213.53,105228.8,105175.0,105206.34,7.87126,2767.0
2025-06-17 14:50:00,105206.34,105265.22,105180.41,105250.95,11.45758,3913.0
2025-06-17 14:51:00,105250.95,105285.71,105191.63,105191.63,10.64315,3847.0
2025-06-17 14:52:00,105191.63,105193.92,105121.02,105165.36,20.84422,5392.0
2025-06-17 14:53:00,105165.37,105169.5,105139.95,105153.63,50.63426,2140.0
2025-06-17 14:54:00,105153.63,105186.4,105120.21,105140.48,11.8253,3054.0
2025-06-17 14:55:00,105140.49,105155.87,105140.48,105149.6,2.52358,1152.0
2025-06-17 14:56:00,105149.61,105149.61,104980.87,104980.88,15.21541,6243.0
2025-06-17 14:57:00,104980.87,104980.88,104886.54,104890.94,23.7729,4315.0
2025-06-17 14:58:00,104890.94,104946.7,104890.94,104908.78,14.33417,2845.0
2025-06-17 14:59:00,104908.78,104938.37,104777.48,104847.33,52.27508,6921.0
2025-06-17 15:00:00,104847.33,104881.12,104837.16,104869.52,30.97568,5026.0
2025-06-17 15:01:00,104869.53,104891.62,104834.9,104865.79,19.75601,4545.0
2025-06-17 15:02:00,104865.79,104881.51,104780.01,104780.02,22.48152,5075.0
2025-06-17 15:03:00,104780.02,104780.02,104692.95,104738.94,67.2688,8215.0
2025-06-17 15:04:00,104738.95,104752.72,104619.21,104674.76,37.12748,7362.0
2025-06-17 15:05:00,104674.76,104874.82,104674.76,104849.99,40.41898,6581.0
2025-06-17 15:06:00,104849.98,104968.69,104849.98,104914.12,18.18938,5773.0
2025-06-17 15:07:00,104914.12,104914.12,104801.94,104811.05,36.07035,5342.0
2025-06-17 15:08:00,104811.04,104845.76,104600.0,104664.36,142.06922,8090.0
2025-06-17 15:09:00,104664.36,104720.52,104662.57,104670.0,37.58642,2722.0
2025-06-17 15:10:00,104670.0,104670.0,104551.0,104595.66,25.25447,5280.0
2025-06-17 15:11:00,104595.65,104733.76,104567.16,104721.98,47.49081,7762.0
2025-06-17 15:12:00,104721.98,104749.04,104665.1,104720.0,21.28312,5243.0
2025-06-17 15:13:00,104720.01,104770.2,104660.59,104685.01,14.44743,5830.0
2025-06-17 15:14:00,104685.01,104797.76,104685.0,104742.15,16.76175,6460.0
2025-06-17 15:15:00,104742.15,104742.51,104583.01,104583.01,15.5994,4776.0
2025-06-17 15:16:00,104583.02,104616.52,104500.0,104546.66,83.85426,7290.0
2025-06-17 15:17:00,104546.65,104557.84,104507.79,104509.06,14.5362,5058.0
2025-06-17 15:18:00,104509.05,104560.0,104481.84,104488.55,96.06794,6285.0
2025-06-17 15:19:00,104488.56,104514.83,104451.77,104508.32,30.87846,5444.0
2025-06-17 15:20:00,104508.32,104530.3,104451.12,104502.24,18.80051,4510.0
2025-06-17 15:21:00,104502.24,104502.24,104450.0,104462.86,14.41884,2913.0
2025-06-17 15:22:00,104462.87,104462.87,104369.01,104369.04,27.43051,5275.0
2025-06-17 15:23:00,104369.03,104437.54,104369.0,104414.55,43.99077,4485.0
2025-06-17 15:24:00,104414.55,104414.55,104369.0,104373.71,19.44568,2331.0
2025-06-17 15:25:00,104373.71,104446.55,104373.71,104409.63,56.09944,5150.0
2025-06-17 15:26:00,104409.63,104418.01,104353.02,104360.05,21.60511,4346.0
2025-06-17 15:27:00,104360.05,104462.87,104353.36,104377.0,21.10007,4766.0
2025-06-17 15:28:00,104377.01,104393.6,104279.0,104283.48,35.32113,5633.0
2025-06-17 15:29:00,104283.48,104298.27,104264.15,104298.26,14.60063,2313.0
2025-06-17 15:30:00,104298.27,104298.27,104228.91,104230.96,14.33309,4231.0
2025-06-17 15:31:00,104230.95,104230.96,104141.0,104180.0,35.85606,5997.0
2025-06-17 15:32:00,104180.0,104354.84,104171.31,104344.01,48.43954,7673.0
2025-06-17 15:33:00,104344.0,104351.84,104263.01,104304.7,46.36722,5702.0
2025-06-17 15:34:00,104304.7,104372.04,104287.47,104340.0,13.69181,4618.0
2025-06-17 15:35:00,104340.01,104340.01,104130.95,104225.71,33.02127,7436.0
2025-06-17 15:36:00,104225.72,104461.22,104225.72,104461.21,24.66935,10524.0
2025-06-17 15:37:00,104461.22,104526.92,104461.21,104495.85,30.23443,4639.0
2025-06-17 15:38:00,104495.85,104570.87,104479.56,104548.21,30.26766,3344.0
2025-06-17 15:39:00,104548.21,104548.21,104457.37,104469.75,13.22855,4102.0
2025-06-17 15:40:00,104469.76,104540.37,104468.62,104527.72,38.72453,2732.0
2025-06-17 15:41:00,104527.72,104578.01,104527.67,104548.03,27.30218,2754.0
2025-06-17 15:42:00,104548.03,104548.03,104500.0,104502.39,8.78774,2168.0
2025-06-17 15:43:00,104502.4,104524.87,104502.39,104524.87,11.02691,1164.0
2025-06-17 15:44:00,104524.87,104614.13,104524.86,104585.36,17.73164,4242.0
2025-06-17 15:45:00,104585.36,104585.36,104520.08,104521.26,17.77657,3848.0
2025-06-17 15:46:00,104521.27,104543.28,104500.0,104515.05,22.71429,2736.0
2025-06-17 15:47:00,104515.06,104515.06,104365.85,104365.86,21.63149,5080.0
2025-06-17 15:48:00,104365.86,104365.86,104282.75,104291.43,7.99661,3415.0
2025-06-17 15:49:00,104291.43,104350.69,104286.19,104350.68,14.07043,2806.0
2025-06-17 15:50:00,104350.69,104377.32,104335.91,104335.91,5.91151,2678.0
2025-06-17 15:51:00,104335.92,104386.63,104335.8,104386.62,8.93994,4326.0
2025-06-17 15:52:00,104386.62,104418.18,104381.23,104381.25,14.2428,2779.0
2025-06-17 15:53:00,104381.25,104381.25,104307.32,104363.77,25.13949,4017.0
2025-06-17 15:54:00,104363.77,104363.77,104267.55,104291.63,10.49463,3245.0
2025-06-17 15:55:00,104291.64,104291.64,104193.08,104210.0,18.26776,3983.0
2025-06-17 15:56:00,104210.0,104265.88,104210.0,104216.12,17.10423,5002.0
2025-06-17 15:57:00,104216.12,104283.04,104171.77,104255.34,57.32023,4177.0
2025-06-17 15:58:00,104255.35,104273.16,104200.05,104227.28,19.20147,3732.0
2025-06-17 15:59:00,104227.27,104241.63,104213.46,104241.63,30.40532,2609.0
2025-06-17 16:00:00,104241.62,104288.28,104201.0,104254.51,41.94959,6789.0
2025-06-17 16:01:00,104254.52,104302.6,104240.09,104282.01,13.3215,5975.0
2025-06-17 16:02:00,104282.01,104329.95,104270.91,104270.92,10.84831,3678.0
2025-06-17 16:03:00,104270.92,104308.87,104245.39,104293.6,8.42636,4112.0
2025-06-17 16:04:00,104293.61,104316.58,104250.18,104250.19,12.16061,3578.0
2025-06-17 16:05:00,104250.19,104302.55,104246.16,104302.55,18.06443,4171.0
2025-06-17 16:06:00,104302.55,104400.0,104280.69,104322.12,27.39373,5090.0
2025-06-17 16:07:00,104322.13,104399.27,104322.13,104338.66,21.91425,5195.0
2025-06-17 16:08:00,104338.67,104377.95,104283.24,104364.98,18.50466,4209.0
2025-06-17 16:09:00,104364.98,104364.98,104250.0,104260.0,19.83329,5184.0
2025-06-17 16:10:00,104260.01,104336.28,104255.51,104292.14,13.68534,4639.0
2025-06-17 16:11:00,104292.77,104345.01,104260.3,104345.01,14.9093,4578.0
2025-06-17 16:12:00,104345.01,104372.0,104320.0,104371.99,5.71239,3305.0
2025-06-17 16:13:00,104371.99,104396.52,104320.0,104387.35,15.04835,4939.0
2025-06-17 16:14:00,104387.35,104394.48,104360.0,104389.33,4.54355,2460.0
2025-06-17 16:15:00,104389.33,104401.41,104333.0,104333.0,7.35558,2691.0
2025-06-17 16:16:00,104333.0,104333.0,104178.79,104182.03,41.57093,4667.0
2025-06-17 16:17:00,104182.03,104415.08,104182.02,104383.61,22.70301,5701.0
2025-06-17 16:18:00,104383.62,104383.62,104238.32,104240.0,8.88145,3495.0
2025-06-17 16:19:00,104240.01,104350.08,104229.45,104350.07,17.13588,4583.0
2025-06-17 16:20:00,104350.08,104406.06,104221.08,104221.08,21.59541,6238.0
2025-06-17 16:21:00,104221.09,104312.5,104221.08,104281.85,8.87783,3502.0
2025-06-17 16:22:00,104281.86,104305.5,104260.8,104260.8,5.34812,2613.0
2025-06-17 16:23:00,104260.81,104265.55,104178.8,104241.86,24.93921,5267.0
2025-06-17 16:24:00,104241.86,104287.32,104233.24,104238.02,12.31019,3661.0
2025-06-17 16:25:00,104238.02,104238.03,104180.0,104196.01,15.05922,3814.0
2025-06-17 16:26:00,104196.01,104196.01,104102.0,104187.86,43.23899,5257.0
2025-06-17 16:27:00,104187.86,104277.45,104164.51,104277.44,13.09876,4278.0
2025-06-17 16:28:00,104277.45,104277.45,104175.91,104216.9,38.92813,5490.0
2025-06-17 16:29:00,104216.9,104272.41,104162.53,104184.19,16.68363,4659.0
2025-06-17 16:30:00,104184.18,104225.26,104105.63,104151.14,30.40716,4757.0
2025-06-17 16:31:00,104151.14,104151.14,104107.31,104135.1,15.94108,3124.0
2025-06-17 16:32:00,104135.1,104228.96,104135.09,104217.74,11.04198,3560.0
2025-06-17 16:33:00,104217.73,104217.74,104151.96,104151.96,6.31435,3959.0
2025-06-17 16:34:00,104151.97,104200.69,104131.35,104200.68,10.81069,3559.0
2025-06-17 16:35:00,104200.69,104283.14,104173.95,104283.14,8.56184,2757.0
2025-06-17 16:36:00,104283.14,104395.68,104283.13,104378.49,27.08093,5097.0
2025-06-17 16:37:00,104378.5,104378.5,104320.0,104320.0,8.69245,3268.0
2025-06-17 16:38:00,104320.01,104419.63,104320.0,104419.63,7.64771,3055.0
2025-06-17 16:39:00,104419.63,104484.97,104419.62,104442.55,19.03234,3625.0
2025-06-17 16:40:00,104442.55,104442.56,104371.76,104371.76,7.97145,2849.0
2025-06-17 16:41:00,104371.77,104371.77,104312.82,104321.01,5.37725,2203.0
2025-06-17 16:42:00,104321.0,104365.12,104300.0,104365.11,6.67349,2246.0
2025-06-17 16:43:00,104365.12,104387.83,104334.75,104334.75,17.06678,2761.0
2025-06-17 16:44:00,104334.75,104334.76,104121.31,104128.25,29.56421,5265.0
2025-06-17 16:45:00,104128.24,104171.9,104120.0,104144.54,78.06217,3643.0
2025-06-17 16:46:00,104144.55,104144.55,104077.54,104095.69,68.76617,4347.0
2025-06-17 16:47:00,104095.69,104145.33,104092.25,104112.55,13.12553,3788.0
2025-06-17 16:48:00,104112.55,104170.7,104092.28,104094.52,19.0528,3452.0
2025-06-17 16:49:00,104094.53,104094.53,103839.79,103871.2,356.46722,18017.0
2025-06-17 16:50:00,103871.21,103871.21,103720.0,103816.62,118.62418,10937.0
2025-06-17 16:51:00,103816.62,103871.21,103747.93,103756.26,47.05423,7235.0
2025-06-17 16:52:00,103756.27,103756.27,103643.82,103651.92,51.18657,6847.0
2025-06-17 16:53:00,103651.93,103658.55,103543.28,103575.73,57.19004,8656.0
2025-06-17 16:54:00,103575.72,103621.11,103540.0,103554.34,74.19619,6870.0
2025-06-17 16:55:00,103554.34,103647.44,103554.34,103583.5,24.39941,7816.0
2025-06-17 16:56:00,103583.5,103583.5,103500.01,103554.2,56.52063,9025.0
2025-06-17 16:57:00,103554.2,103613.71,103521.69,103589.76,27.86751,5502.0
2025-06-17 16:58:00,103589.76,103613.55,103571.19,103579.15,20.04926,5402.0
2025-06-17 16:59:00,103579.15,103630.68,103557.46,103630.67,19.80692,4397.0
2025-06-17 17:00:00,103630.67,103640.0,103593.28,103608.84,24.23113,7065.0
2025-06-17 17:01:00,103608.85,103707.85,103559.95,103575.09,34.04346,7744.0
2025-06-17 17:02:00,103575.08,103640.0,103529.57,103640.0,25.98779,5959.0
2025-06-17 17:03:00,103640.0,103640.0,103540.96,103548.57,25.46368,8612.0
2025-06-17 17:04:00,103548.58,103600.0,103501.0,103501.01,17.90099,7941.0
2025-06-17 17:05:00,103501.01,103506.68,103376.74,103404.21,144.27152,11626.0
2025-06-17 17:06:00,103404.21,103439.03,103380.07,103437.58,39.64773,5466.0
2025-06-17 17:07:00,103437.58,103499.84,103371.02,103499.84,20.13524,5404.0
2025-06-17 17:08:00,103499.83,103647.05,103473.9,103634.05,30.33811,5306.0
2025-06-17 17:09:00,103634.04,103670.7,103526.01,103670.69,28.82335,6708.0
2025-06-17 17:10:00,103670.7,103805.05,103666.99,103774.98,26.53701,6040.0
2025-06-17 17:11:00,103774.98,103820.84,103754.07,103763.53,41.83151,8616.0
2025-06-17 17:12:00,103763.53,103796.06,103753.57,103753.57,11.79701,3576.0
2025-06-17 17:13:00,103753.58,103783.3,103641.9,103641.91,16.73005,9046.0
2025-06-17 17:14:00,103641.9,103722.65,103623.99,103653.49,21.25732,8734.0
2025-06-17 17:15:00,103653.49,103797.59,103647.05,103756.61,22.03121,5450.0
2025-06-17 17:16:00,103756.61,103756.61,103653.49,103706.84,27.87931,4995.0
2025-06-17 17:17:00,103706.83,103723.64,103612.0,103699.09,23.35725,6252.0
2025-06-17 17:18:00,103699.09,103737.25,103674.21,103730.53,11.2592,4639.0
2025-06-17 17:19:00,103730.54,103753.26,103688.66,103688.66,10.74688,4935.0
2025-06-17 17:20:00,103688.66,103743.11,103654.71,103727.2,22.5696,4882.0
2025-06-17 17:21:00,103727.2,103774.25,103709.09,103712.04,20.15619,5550.0
2025-06-17 17:22:00,103712.05,103773.41,103703.61,103752.91,23.83624,3823.0
2025-06-17 17:23:00,103752.97,103779.44,103714.38,103779.44,8.70383,2367.0
2025-06-17 17:24:00,103779.44,103928.45,103779.44,103856.48,16.73687,5716.0
2025-06-17 17:25:00,103856.49,103856.49,103742.02,103755.64,48.89015,6247.0
2025-06-17 17:26:00,103755.63,103813.15,103724.99,103813.15,34.23204,5719.0
2025-06-17 17:27:00,103813.14,103851.6,103800.19,103846.7,15.33532,2278.0
2025-06-17 17:28:00,103846.71,103877.95,103811.66,103836.82,13.51819,3680.0
2025-06-17 17:29:00,103836.82,103931.96,103836.82,103922.69,17.7457,3581.0
2025-06-17 17:30:00,103922.69,104007.14,103832.5,103988.98,41.34488,7563.0
2025-06-17 17:31:00,103988.99,104043.14,103922.96,104018.78,44.21766,6928.0
2025-06-17 17:32:00,104018.78,104038.93,104012.01,104033.07,22.79815,2847.0
2025-06-17 17:33:00,104033.07,104209.79,104030.0,104107.25,37.94165,7153.0
2025-06-17 17:34:00,104107.26,104250.0,104107.25,104177.34,24.84135,5429.0
2025-06-17 17:35:00,104177.35,104181.7,104100.0,104100.01,15.17188,3095.0
2025-06-17 17:36:00,104100.01,104102.39,104041.74,104092.1,20.21235,4856.0
2025-06-17 17:37:00,104092.11,104092.11,103982.93,103984.13,18.7502,3332.0
2025-06-17 17:38:00,103984.13,103984.13,103884.0,103895.34,26.65339,3685.0
2025-06-17 17:39:00,103895.34,103937.41,103871.03,103937.39,12.49899,3477.0
2025-06-17 17:40:00,103937.4,104045.28,103937.39,104045.27,12.4538,5533.0
2025-06-17 17:41:00,104045.28,104060.0,103995.59,104000.39,12.60561,2869.0
2025-06-17 17:42:00,104000.38,104000.38,103964.74,103999.99,20.46788,2743.0
2025-06-17 17:43:00,104000.0,104000.0,103840.73,103895.99,9.85367,4185.0
2025-06-17 17:44:00,103895.99,103897.44,103825.85,103856.81,8.13893,2900.0
2025-06-17 17:45:00,103856.81,103904.26,103843.72,103893.86,25.96116,4138.0
2025-06-17 17:46:00,103893.86,103893.86,103738.68,103889.88,22.18856,7693.0
2025-06-17 17:47:00,103889.88,103889.88,103847.84,103847.84,6.22636,2927.0
2025-06-17 17:48:00,103847.85,103861.31,103797.91,103840.48,7.77312,3610.0
2025-06-17 17:49:00,103840.49,103880.78,103821.59,103864.29,10.3735,4898.0
2025-06-17 17:50:00,103864.29,103864.29,103829.79,103840.54,7.26284,3815.0
2025-06-17 17:51:00,103840.4,103907.38,103800.0,103888.31,13.2371,6461.0
2025-06-17 17:52:00,103888.31,103945.4,103873.41,103880.01,8.55712,4936.0
2025-06-17 17:53:00,103880.0,103940.46,103880.0,103904.53,5.71433,3021.0
2025-06-17 17:54:00,103904.52,103904.53,103816.65,103816.66,14.07232,4944.0
2025-06-17 17:55:00,103816.66,103898.61,103816.66,103836.33,10.37622,3672.0
2025-06-17 17:56:00,103836.32,103892.72,103814.01,103849.69,9.83797,4893.0
2025-06-17 17:57:00,103849.69,103949.99,103849.69,103941.42,9.40113,4295.0
2025-06-17 17:58:00,103941.43,103961.72,103862.39,103880.86,6.57955,3884.0
2025-06-17 17:59:00,103880.86,103880.86,103814.01,103814.01,6.66588,2491.0
2025-06-17 18:00:00,103814.0,103821.43,103737.68,103821.42,21.27279,3771.0
2025-06-17 18:01:00,103821.42,103840.0,103758.92,103829.42,7.34191,4569.0
2025-06-17 18:02:00,103829.42,103899.9,103783.34,103860.01,11.96269,6056.0
2025-06-17 18:03:00,103860.01,103905.81,103804.42,103830.09,4.73263,3771.0
2025-06-17 18:04:00,103830.1,103940.57,103830.09,103932.78,9.07097,4982.0
2025-06-17 18:05:00,103932.78,103988.2,103932.78,103977.08,10.8166,4719.0
2025-06-17 18:06:00,103977.08,104028.96,103957.0,103957.0,15.49275,4576.0
2025-06-17 18:07:00,103957.01,103966.41,103886.48,103892.22,9.16631,4191.0
2025-06-17 18:08:00,103892.22,103903.34,103835.05,103880.0,17.03074,5140.0
2025-06-17 18:09:00,103880.01,103999.26,103875.49,103999.25,17.81374,4308.0
2025-06-17 18:10:00,103999.26,104087.37,103999.26,104019.21,9.75308,4252.0
2025-06-17 18:11:00,104019.2,104019.2,103924.69,103993.94,34.35389,4026.0
2025-06-17 18:12:00,103993.94,103993.94,103918.0,103920.62,6.97634,2420.0
2025-06-17 18:13:00,103920.63,103993.94,103906.09,103974.55,10.29226,3602.0
2025-06-17 18:14:00,103974.55,103979.97,103922.46,103922.46,8.04807,1715.0
2025-06-17 18:15:00,103922.46,103924.78,103857.14,103857.14,14.12089,3615.0
2025-06-17 18:16:00,103857.15,103857.15,103822.16,103826.57,12.13107,2713.0
2025-06-17 18:17:00,103826.56,103899.67,103824.95,103899.12,4.11304,4105.0
2025-06-17 18:18:00,103899.13,103899.13,103851.99,103851.99,7.67233,2167.0
2025-06-17 18:19:00,103851.99,103887.62,103832.49,103887.62,4.29999,2416.0
2025-06-17 18:20:00,103887.62,103917.26,103867.47,103917.25,7.0552,3660.0
2025-06-17 18:21:00,103917.26,103918.18,103878.32,103895.99,10.75424,1963.0
2025-06-17 18:22:00,103895.99,103898.15,103873.87,103881.18,7.81035,1832.0
2025-06-17 18:23:00,103881.18,103903.89,103881.17,103888.6,9.41286,2176.0
2025-06-17 18:24:00,103888.59,103904.0,103875.49,103882.81,8.06434,1929.0
2025-06-17 18:25:00,103882.82,103882.82,103808.31,103847.83,9.54117,3610.0
2025-06-17 18:26:00,103847.32,103875.01,103820.6,103839.98,6.4901,1898.0
2025-06-17 18:27:00,103839.98,103839.98,103666.0,103668.06,20.97242,4609.0
2025-06-17 18:28:00,103668.06,103678.58,103626.05,103678.57,14.46195,2389.0
2025-06-17 18:29:00,103678.58,103699.45,103678.57,103680.96,12.1619,1780.0
2025-06-17 18:30:00,103680.96,103780.0,103680.95,103762.71,6.9703,3192.0
2025-06-17 18:31:00,103762.72,103859.05,103762.71,103859.04,6.49647,3518.0
2025-06-17 18:32:00,103859.05,103878.05,103833.08,103875.5,4.88182,2436.0
2025-06-17 18:33:00,103875.5,103959.23,103875.49,103929.57,7.54703,2542.0
2025-06-17 18:34:00,103929.57,103934.72,103907.97,103928.58,6.42527,1620.0
2025-06-17 18:35:00,103928.58,103992.91,103918.55,103969.47,16.82268,2156.0
2025-06-17 18:36:00,103969.46,103969.99,103946.46,103946.46,8.32787,1827.0
2025-06-17 18:37:00,103946.47,103980.0,103925.83,103973.8,3.58289,2431.0
2025-06-17 18:38:00,103973.81,104042.26,103973.8,104010.39,13.11447,2559.0
2025-06-17 18:39:00,104010.4,104032.11,103993.93,103998.13,6.49125,2200.0
2025-06-17 18:40:00,103998.13,103998.14,103952.73,103964.07,4.33453,2339.0
2025-06-17 18:41:00,103964.08,103991.58,103955.99,103985.81,2.66237,1900.0
2025-06-17 18:42:00,103985.82,104029.32,103983.09,104029.31,5.28615,1802.0
2025-06-17 18:43:00,104029.32,104105.89,104029.31,104075.96,14.29912,3764.0
2025-06-17 18:44:00,104075.97,104080.98,104003.39,104072.01,4.95781,3389.0
2025-06-17 18:45:00,104072.0,104128.5,104060.0,104111.05,8.00755,2514.0
2025-06-17 18:46:00,104111.06,104124.98,104102.13,104106.25,4.58213,1435.0
2025-06-17 18:47:00,104106.25,104128.41,104102.14,104102.99,4.79052,1105.0
2025-06-17 18:48:00,104102.99,104118.63,104093.0,104108.2,5.52523,1188.0
2025-06-17 18:49:00,104108.21,104119.33,104105.88,104113.9,2.97661,1053.0
2025-06-17 18:50:00,104113.9,104128.5,104106.72,104117.88,3.61794,1689.0
2025-06-17 18:51:00,104117.89,104209.76,104117.88,104198.45,12.29741,3528.0
2025-06-17 18:52:00,104198.45,104198.46,104164.63,104172.34,6.65886,1266.0
2025-06-17 18:53:00,104172.35,104215.84,104158.49,104211.65,6.00881,1996.0
2025-06-17 18:54:00,104211.66,104223.95,104160.8,104223.95,6.06728,2653.0
2025-06-17 18:55:00,104223.96,104289.0,104217.62,104268.11,11.31204,2676.0
2025-06-17 18:56:00,104268.1,104315.99,104258.77,104315.84,17.37436,4065.0
2025-06-17 18:57:00,104315.99,104374.99,104315.14,104374.99,12.85262,2777.0
2025-06-17 18:58:00,104374.99,104407.21,104374.99,104397.69,14.62595,2192.0
2025-06-17 18:59:00,104397.68,104414.85,104382.99,104414.84,10.45015,1682.0
2025-06-17 19:00:00,104414.84,104469.23,104414.83,104459.48,21.19237,3619.0
2025-06-17 19:01:00,104459.49,104488.47,104459.48,104488.46,8.76125,1295.0
2025-06-17 19:02:00,104488.46,104713.84,104488.46,104713.09,47.92875,8067.0
2025-06-17 19:03:00,104713.09,104769.65,104680.0,104753.53,16.57998,4221.0
2025-06-17 19:04:00,104753.53,104800.0,104724.88,104753.35,37.09259,4713.0
2025-06-17 19:05:00,104768.54,104810.08,104713.09,104770.82,32.09234,3841.0
2025-06-17 19:06:00,104770.24,104784.97,104727.61,104757.94,17.30809,2464.0
2025-06-17 19:07:00,104757.95,104761.25,104676.61,104731.73,22.09598,2683.0
2025-06-17 19:08:00,104731.73,104731.73,104626.9,104655.54,12.88021,2838.0
2025-06-17 19:09:00,104655.53,104698.97,104628.29,104698.96,7.04377,1941.0
2025-06-17 19:10:00,104698.97,104718.47,104660.0,104660.34,7.08563,2892.0
2025-06-17 19:11:00,104660.34,104691.69,104658.12,104662.69,20.51078,3147.0
2025-06-17 19:12:00,104662.69,104691.62,104645.28,104673.87,6.03831,2224.0
2025-06-17 19:13:00,104673.87,104744.61,104660.47,104744.6,4.54991,2496.0
2025-06-17 19:14:00,104744.61,104878.76,104744.61,104860.01,17.29764,4167.0
2025-06-17 19:15:00,104860.01,104987.09,104860.0,104946.27,45.2123,4591.0
2025-06-17 19:16:00,104946.27,104960.0,104884.98,104951.39,30.88596,3931.0
2025-06-17 19:17:00,104951.39,105022.44,104941.13,105011.5,27.67977,4452.0
2025-06-17 19:18:00,105011.51,105040.0,104957.35,104971.56,47.81857,3869.0
2025-06-17 19:19:00,104971.57,105027.46,104958.97,105027.45,7.11274,2241.0
2025-06-17 19:20:00,105027.45,105134.15,105027.45,105134.0,27.52929,5974.0
2025-06-17 19:21:00,105133.99,105208.0,105077.2,105144.35,34.00786,5981.0
2025-06-17 19:22:00,105144.35,105223.57,105144.35,105207.2,21.08545,3322.0
2025-06-17 19:23:00,105207.19,105270.36,105207.19,105246.5,11.95306,2972.0
2025-06-17 19:24:00,105246.5,105321.4,105220.0,105321.39,16.79898,4446.0
2025-06-17 19:25:00,105321.4,105336.82,105210.19,105234.9,40.70595,3688.0
2025-06-17 19:26:00,105234.9,105234.91,105030.06,105068.34,40.35917,4614.0
2025-06-17 19:27:00,105068.34,105124.45,105065.09,105065.09,10.02406,3366.0
2025-06-17 19:28:00,105065.1,105073.53,104951.8,105068.28,16.75729,5707.0
2025-06-17 19:29:00,105068.28,105195.06,105068.27,105140.11,6.48617,3128.0
2025-06-17 19:30:00,105140.11,105214.44,105108.54,105108.54,21.53717,4666.0
2025-06-17 19:31:00,105108.55,105108.55,105007.14,105007.14,19.71904,3109.0
2025-06-17 19:32:00,105007.13,105020.31,104960.0,104992.64,11.68683,2804.0
2025-06-17 19:33:00,104992.63,105061.26,104992.63,105038.39,7.1998,2435.0
2025-06-17 19:34:00,105038.4,105038.4,105014.27,105019.77,3.16846,1620.0
2025-06-17 19:35:00,105019.76,105085.86,105014.01,105069.39,7.39208,2656.0
2025-06-17 19:36:00,105069.76,105084.35,105038.39,105048.29,10.93046,2097.0
2025-06-17 19:37:00,105048.29,105108.38,105048.29,105081.54,5.35905,1941.0
2025-06-17 19:38:00,105081.53,105104.42,105060.0,105104.42,5.66081,2185.0
2025-06-17 19:39:00,105104.42,105148.11,105027.2,105027.2,13.03822,4324.0
2025-06-17 19:40:00,105027.2,105027.2,104943.43,104945.01,7.10655,3492.0
2025-06-17 19:41:00,104945.01,104945.01,104842.45,104890.75,21.92198,4410.0
2025-06-17 19:42:00,104890.74,104908.57,104875.4,104897.37,4.78333,1692.0
2025-06-17 19:43:00,104897.38,104916.5,104872.42,104899.62,5.12626,2129.0
2025-06-17 19:44:00,104899.62,104907.49,104884.55,104889.98,2.9949,1379.0
2025-06-17 19:45:00,104889.98,104975.34,104889.97,104928.37,44.63448,3266.0
2025-06-17 19:46:00,104928.38,104996.93,104923.27,104996.93,4.45482,2360.0
2025-06-17 19:47:00,104996.93,105149.21,104975.54,105149.21,9.47864,5018.0
2025-06-17 19:48:00,105149.21,105179.76,105134.34,105177.68,10.02374,3562.0
2025-06-17 19:49:00,105177.69,105200.0,105165.68,105198.43,3.88899,1709.0
2025-06-17 19:50:00,105198.43,105208.79,105134.48,105134.49,8.12838,2129.0
2025-06-17 19:51:00,105134.49,105153.65,105109.71,105153.64,7.88908,1980.0
2025-06-17 19:52:00,105153.64,105156.8,105119.91,105131.15,12.71199,2841.0
2025-06-17 19:53:00,105131.15,105131.15,105000.0,105080.0,21.54634,5387.0
2025-06-17 19:54:00,105080.0,105148.72,105079.99,105144.03,5.77815,3487.0
2025-06-17 19:55:00,105144.02,105144.02,105023.92,105023.92,17.52996,4866.0
2025-06-17 19:56:00,105023.93,105023.93,104931.78,104940.62,23.61563,3171.0
2025-06-17 19:57:00,104940.63,104979.12,104844.0,104887.73,12.96607,4666.0
2025-06-17 19:58:00,104887.74,104887.74,104754.77,104788.59,19.09048,3894.0
2025-06-17 19:59:00,104788.59,104788.59,104661.55,104686.12,18.4307,5876.0
2025-06-17 20:00:00,104686.12,104766.27,104676.48,104714.13,13.15893,4174.0
2025-06-17 20:01:00,104714.13,104736.48,104628.29,104628.3,12.69464,3496.0
2025-06-17 20:02:00,104628.3,104898.81,104628.29,104742.4,69.53214,7499.0
2025-06-17 20:03:00,104742.4,104797.06,104686.35,104762.63,19.45127,6102.0
2025-06-17 20:04:00,104762.63,104784.52,104711.98,104729.03,10.73649,4118.0
2025-06-17 20:05:00,104729.04,104748.57,104688.0,104730.71,3.73095,2374.0
2025-06-17 20:06:00,104730.7,104732.0,104685.22,104719.99,4.05558,2077.0
2025-06-17 20:07:00,104720.0,104786.46,104706.07,104706.07,5.44839,3294.0
2025-06-17 20:08:00,104706.08,104706.08,104646.27,104691.73,5.16995,2942.0
2025-06-17 20:09:00,104691.73,104691.73,104664.0,104691.49,6.02217,1221.0
2025-06-17 20:10:00,104691.49,104691.49,104661.5,104675.88,1.78564,1188.0
2025-06-17 20:11:00,104675.89,104675.89,104620.0,104620.0,3.66073,1547.0
2025-06-17 20:12:00,104620.0,104620.01,104592.19,104616.0,6.60596,2006.0
2025-06-17 20:13:00,104616.01,104640.0,104593.96,104597.72,6.62298,1409.0
2025-06-17 20:14:00,104597.72,104606.28,104514.21,104599.02,61.32606,4854.0
2025-06-17 20:15:00,104599.01,104605.79,104582.46,104582.46,1.79937,1106.0
2025-06-17 20:16:00,104582.46,104582.46,104421.21,104431.95,30.98101,6082.0
2025-06-17 20:17:00,104431.95,104438.19,104351.02,104357.43,22.8709,3805.0
2025-06-17 20:18:00,104357.43,104357.43,104289.17,104325.57,17.87739,3966.0
2025-06-17 20:19:00,104325.57,104329.07,104262.88,104329.07,8.33617,4659.0
2025-06-17 20:20:00,104329.07,104543.75,104329.07,104543.75,15.65144,4843.0
2025-06-17 20:21:00,104543.75,104582.54,104516.16,104516.16,6.88928,2999.0
2025-06-17 20:22:00,104516.17,104516.17,104428.83,104472.23,12.13756,2084.0
2025-06-17 20:23:00,104472.22,104540.17,104472.22,104496.27,6.01531,2917.0
2025-06-17 20:24:00,104496.07,104519.81,104465.17,104519.8,2.41108,2375.0
2025-06-17 20:25:00,104519.81,104624.9,104519.8,104624.9,11.19352,2106.0
2025-06-17 20:26:00,104624.9,104665.22,104548.5,104571.24,51.5015,3112.0
2025-06-17 20:27:00,104571.24,104600.0,104561.53,104566.66,3.59256,2183.0
2025-06-17 20:28:00,104566.66,104579.01,104566.66,104568.02,2.32559,574.0
2025-06-17 20:29:00,104568.01,104593.55,104568.01,104579.56,1.27544,767.0
2025-06-17 20:30:00,104579.55,104620.93,104576.0,104620.92,2.52781,1274.0
2025-06-17 20:31:00,104620.93,104656.88,104585.01,104585.02,14.63386,2537.0
2025-06-17 20:32:00,104585.01,104585.01,104484.01,104484.02,7.04295,2865.0
2025-06-17 20:33:00,104484.01,104496.82,104438.42,104482.0,6.33382,2621.0
2025-06-17 20:34:00,104482.01,104515.82,104480.27,104480.27,4.73355,2095.0
2025-06-17 20:35:00,104480.27,104530.74,104476.0,104515.2,2.64664,2426.0
2025-06-17 20:36:00,104515.21,104515.21,104435.97,104435.97,13.15421,2621.0
2025-06-17 20:37:00,104435.98,104475.53,104422.26,104455.01,6.66845,2395.0
2025-06-17 20:38:00,104455.0,104455.01,104441.63,104441.64,5.22425,564.0
2025-06-17 20:39:00,104441.63,104500.79,104430.0,104500.78,8.84801,1968.0
2025-06-17 20:40:00,104500.78,104559.58,104500.78,104536.68,4.13439,1998.0
2025-06-17 20:41:00,104536.68,104615.3,104536.67,104550.33,12.19739,3582.0
2025-06-17 20:42:00,104550.32,104550.32,104516.89,104537.4,3.83689,2271.0
2025-06-17 20:43:00,104537.4,104537.41,104501.67,104533.09,1.75285,1326.0
2025-06-17 20:44:00,104533.1,104573.63,104533.09,104573.62,3.73646,1031.0
2025-06-17 20:45:00,104573.63,104576.15,104516.78,104516.78,6.4869,1832.0
2025-06-17 20:46:00,104516.79,104549.31,104511.97,104535.85,4.85329,1379.0
2025-06-17 20:47:00,104535.84,104535.84,104485.0,104501.14,3.93248,2049.0
2025-06-17 20:48:00,104501.15,104501.15,104374.29,104383.99,26.2943,2619.0
2025-06-17 20:49:00,104383.99,104464.41,104383.99,104464.41,5.23201,1664.0
2025-06-17 20:50:00,104464.4,104464.41,104426.1,104437.96,2.24476,1351.0
2025-06-17 20:51:00,104438.43,104472.24,104438.43,104458.23,3.79847,1361.0
2025-06-17 20:52:00,104458.23,104458.24,104437.81,104437.81,4.94027,783.0
2025-06-17 20:53:00,104437.82,104437.82,104422.14,104437.82,5.98771,1098.0
2025-06-17 20:54:00,104437.82,104437.82,104380.0,104380.0,5.98513,817.0
2025-06-17 20:55:00,104380.01,104380.01,104317.68,104338.58,15.52339,4346.0
2025-06-17 20:56:00,104338.59,104354.42,104338.58,104354.41,5.01824,660.0
2025-06-17 20:57:00,104354.42,104429.48,104354.42,104371.08,7.88577,3256.0
2025-06-17 20:58:00,104371.08,104400.0,104333.5,104392.48,8.81757,2793.0
2025-06-17 20:59:00,104392.48,104392.48,104354.1,104362.39,2.06727,1530.0
2025-06-17 21:00:00,104362.39,104370.0,104362.37,104369.99,1.74496,484.0
2025-06-17 21:01:00,104370.0,104428.41,104369.99,104428.41,4.6118,1457.0
2025-06-17 21:02:00,104428.41,104428.41,104415.91,104415.93,6.46795,1134.0
2025-06-17 21:03:00,104415.94,104415.94,104330.49,104330.49,9.30032,2072.0
2025-06-17 21:04:00,104330.5,104414.66,104330.5,104414.35,9.09724,2759.0
2025-06-17 21:05:00,104414.35,104480.0,104414.34,104480.0,7.95678,2292.0
2025-06-17 21:06:00,104480.0,104500.0,104472.44,104492.01,5.21299,1873.0
2025-06-17 21:07:00,104492.01,104495.68,104443.28,104444.72,4.09163,2782.0
2025-06-17 21:08:00,104444.73,104477.85,104430.36,104435.0,4.38767,2251.0
2025-06-17 21:09:00,104435.0,104454.97,104289.95,104296.32,15.7484,4293.0
2025-06-17 21:10:00,104296.33,104337.81,104252.33,104337.81,11.2807,3211.0
2025-06-17 21:11:00,104337.8,104368.0,104337.8,104351.78,3.69043,1654.0
2025-06-17 21:12:00,104351.77,104368.0,104326.27,104367.99,2.27179,1561.0
2025-06-17 21:13:00,104367.99,104380.0,104357.56,104362.52,3.69878,1492.0
2025-06-17 21:14:00,104362.51,104409.18,104362.51,104409.17,2.47353,1428.0
2025-06-17 21:15:00,104409.18,104455.32,104409.17,104455.31,4.92848,1908.0
2025-06-17 21:16:00,104455.32,104500.78,104455.31,104498.21,6.33181,2854.0
2025-06-17 21:17:00,104498.22,104507.66,104443.18,104471.88,11.4028,2418.0
2025-06-17 21:18:00,104471.89,104472.39,104413.48,104413.48,3.68919,1862.0
2025-06-17 21:19:00,104413.48,104463.99,104413.48,104460.15,3.27711,1424.0
2025-06-17 21:20:00,104460.16,104460.16,104334.65,104412.77,12.60241,4377.0
2025-06-17 21:21:00,104412.77,104433.6,104385.28,104387.71,7.10576,1818.0
2025-06-17 21:22:00,104387.71,104413.6,104340.0,104365.28,4.72558,2536.0
2025-06-17 21:23:00,104365.28,104411.49,104365.28,104411.33,7.92988,1889.0
2025-06-17 21:24:00,104411.33,104412.13,104380.0,104380.0,4.48584,1297.0
2025-06-17 21:25:00,104380.0,104380.0,104331.87,104355.94,10.48138,1509.0
2025-06-17 21:26:00,104355.94,104419.84,104345.5,104419.84,8.57092,3078.0
2025-06-17 21:27:00,104419.84,104500.0,104419.83,104432.75,5.48092,3157.0
2025-06-17 21:28:00,104432.76,104474.75,104432.75,104474.74,1.87145,962.0
2025-06-17 21:29:00,104474.74,104506.25,104474.74,104506.25,3.2354,1191.0
2025-06-17 21:30:00,104506.25,104680.75,104506.25,104660.03,28.63103,6293.0
2025-06-17 21:31:00,104660.03,104669.1,104614.42,104630.17,3.94028,1733.0
2025-06-17 21:32:00,104630.16,104659.99,104630.16,104647.89,7.14618,1375.0
2025-06-17 21:33:00,104647.9,104647.9,104612.74,104645.29,5.84848,1844.0
2025-06-17 21:34:00,104645.3,104706.07,104645.3,104706.07,3.40758,1410.0
2025-06-17 21:35:00,104706.06,104742.27,104654.93,104733.61,8.16126,3623.0
2025-06-17 21:36:00,104733.62,104733.62,104692.13,104692.13,5.39939,1041.0
2025-06-17 21:37:00,104692.13,104740.0,104692.13,104725.26,3.23747,1481.0
2025-06-17 21:38:00,104725.26,104796.95,104725.25,104771.91,11.81055,2852.0
2025-06-17 21:39:00,104771.92,104822.31,104771.92,104801.0,9.02498,2181.0
2025-06-17 21:40:00,104801.01,104801.01,104767.93,104767.94,8.66666,1062.0
2025-06-17 21:41:00,104767.94,104767.94,104613.9,104613.9,10.14843,2555.0
2025-06-17 21:42:00,104613.9,104649.27,104613.9,104649.26,5.61249,2078.0
2025-06-17 21:43:00,104649.26,104738.32,104649.26,104738.31,4.36862,2183.0
2025-06-17 21:44:00,104738.31,104750.82,104700.0,104728.39,4.56854,2384.0
2025-06-17 21:45:00,104728.4,104728.4,104685.39,104685.39,3.31389,796.0
2025-06-17 21:46:00,104685.39,104687.66,104558.37,104558.38,12.60981,2284.0
2025-06-17 21:47:00,104558.37,104558.38,104367.41,104367.42,25.62723,3490.0
2025-06-17 21:48:00,104367.42,104486.42,104367.42,104486.09,12.96466,3759.0
2025-06-17 21:49:00,104486.1,104489.87,104426.58,104489.86,5.19122,2533.0
2025-06-17 21:50:00,104489.86,104502.01,104489.86,104502.0,3.47442,606.0
2025-06-17 21:51:00,104502.01,104506.56,104502.0,104506.55,1.24762,331.0
2025-06-17 21:52:00,104506.56,104554.61,104503.91,104506.69,7.58223,1708.0
2025-06-17 21:53:00,104506.69,104531.15,104506.68,104531.14,2.1251,730.0
2025-06-17 21:54:00,104531.15,104531.15,104470.22,104475.27,10.61863,1224.0
2025-06-17 21:55:00,104475.27,104480.5,104475.27,104475.28,1.60276,510.0
2025-06-17 21:56:00,104475.27,104475.28,104475.27,104475.27,0.95515,196.0
2025-06-17 21:57:00,104475.28,104581.14,104475.27,104581.13,14.74752,2049.0
2025-06-17 21:58:00,104581.14,104581.14,104546.75,104565.36,11.5671,2264.0
2025-06-17 21:59:00,104565.36,104565.36,104552.58,104552.58,3.21653,484.0
2025-06-17 22:00:00,104552.59,104559.17,104516.16,104516.16,4.44502,1726.0
2025-06-17 22:01:00,104516.17,104520.22,104426.16,104426.17,6.73898,3012.0
2025-06-17 22:02:00,104426.17,104469.18,104407.09,104465.53,7.93038,3879.0
2025-06-17 22:03:00,104465.54,104465.97,104412.96,104417.74,3.86873,1992.0
2025-06-17 22:04:00,104417.74,104428.29,104415.31,104424.88,3.81619,1233.0
2025-06-17 22:05:00,104424.89,104520.0,104424.89,104519.99,4.42602,3114.0
2025-06-17 22:06:00,104520.0,104591.18,104519.99,104565.23,5.92745,2457.0
2025-06-17 22:07:00,104565.24,104586.19,104556.1,104586.18,6.61723,1488.0
2025-06-17 22:08:00,104586.19,104655.07,104586.19,104655.06,2.83296,2238.0
2025-06-17 22:09:00,104655.07,104655.07,104645.0,104653.05,1.4777,636.0
2025-06-17 22:10:00,104653.06,104653.06,104564.9,104564.91,6.92556,2880.0
2025-06-17 22:11:00,104564.91,104609.34,104564.9,104609.33,1.66684,1014.0
2025-06-17 22:12:00,104609.34,104626.97,104609.33,104626.96,1.30823,636.0
2025-06-17 22:13:00,104626.97,104668.04,104626.96,104668.04,1.54761,1175.0
2025-06-17 22:14:00,104668.03,104694.82,104668.03,104680.0,3.56344,901.0
2025-06-17 22:15:00,104680.0,104680.01,104645.28,104645.28,4.37725,1023.0
2025-06-17 22:16:00,104645.28,104662.67,104615.69,104629.3,5.66976,1637.0
2025-06-17 22:17:00,104629.31,104640.88,104629.3,104640.88,4.02075,983.0
2025-06-17 22:18:00,104640.89,104656.42,104640.89,104656.41,2.91727,510.0
2025-06-17 22:19:00,104656.42,104698.06,104656.41,104698.05,2.88467,1190.0
2025-06-17 22:20:00,104698.06,104727.17,104698.05,104717.98,6.02399,1715.0
2025-06-17 22:21:00,104717.97,104731.61,104709.35,104709.35,2.66137,1148.0
2025-06-17 22:22:00,104709.36,104712.0,104683.72,104692.0,3.6519,2150.0
2025-06-17 22:23:00,104692.0,104722.41,104683.79,104719.83,5.0529,1240.0
2025-06-17 22:24:00,104719.84,104719.84,104626.15,104666.76,10.21738,2578.0
2025-06-17 22:25:00,104666.76,104702.62,104666.76,104684.28,8.37128,1486.0
2025-06-17 22:26:00,104684.29,104691.76,104667.13,104674.31,7.85203,1243.0
2025-06-17 22:27:00,104674.32,104698.3,104673.02,104673.04,5.97244,1141.0
2025-06-17 22:28:00,104673.05,104673.05,104624.82,104624.82,3.98234,1559.0
2025-06-17 22:29:00,104624.83,104624.83,104600.0,104600.01,6.58404,767.0
2025-06-17 22:30:00,104600.0,104600.01,104566.66,104577.98,2.9508,846.0
2025-06-17 22:31:00,104577.99,104637.44,104577.98,104616.66,3.44872,1452.0
2025-06-17 22:32:00,104616.65,104622.0,104573.29,104573.3,3.87328,1385.0
2025-06-17 22:33:00,104573.29,104573.3,104500.39,104500.39,4.21764,1524.0
2025-06-17 22:34:00,104500.4,104500.4,104460.31,104483.08,3.25698,1781.0
2025-06-17 22:35:00,104483.08,104503.13,104483.07,104503.13,1.86135,573.0
2025-06-17 22:36:00,104503.13,104503.13,104443.04,104476.34,6.11293,1642.0
2025-06-17 22:37:00,104476.35,104480.77,104469.03,104476.67,1.98171,769.0
2025-06-17 22:38:00,104476.67,104541.68,104474.5,104519.96,5.88305,1882.0
2025-06-17 22:39:00,104519.96,104519.96,104504.4,104513.67,3.53373,710.0
2025-06-17 22:40:00,104513.68,104562.44,104513.67,104562.43,3.08355,1145.0
2025-06-17 22:41:00,104562.44,104608.69,104562.44,104597.3,9.97955,1467.0
2025-06-17 22:42:00,104597.3,104597.3,104556.04,104588.48,8.17424,1845.0
2025-06-17 22:43:00,104588.48,104614.87,104588.48,104614.87,1.04031,781.0
2025-06-17 22:44:00,104614.87,104616.1,104573.79,104596.15,4.19975,1730.0
2025-06-17 22:45:00,104596.15,104618.08,104565.73,104565.74,7.02017,1532.0
2025-06-17 22:46:00,104565.74,104579.14,104565.74,104579.14,1.14534,585.0
2025-06-17 22:47:00,104579.13,104584.55,104553.9,104558.92,3.51954,1388.0
2025-06-17 22:48:00,104558.92,104607.27,104546.07,104607.26,3.61789,1545.0
2025-06-17 22:49:00,104607.27,104613.91,104597.62,104597.63,5.3438,750.0
2025-06-17 22:50:00,104597.63,104666.44,104597.62,104614.78,10.25382,2292.0
2025-06-17 22:51:00,104614.78,104631.21,104605.98,104618.33,15.40187,1797.0
2025-06-17 22:52:00,104618.33,104618.34,104574.51,104592.0,4.71547,1657.0
2025-06-17 22:53:00,104592.0,104592.0,104548.11,104548.12,7.32865,1098.0
2025-06-17 22:54:00,104548.12,104555.32,104526.0,104538.33,2.93314,1252.0
2025-06-17 22:55:00,104538.33,104538.34,104538.33,104538.33,0.58867,175.0
2025-06-17 22:56:00,104538.34,104538.34,104457.41,104457.41,14.69636,2396.0
2025-06-17 22:57:00,104457.41,104457.42,104280.83,104288.33,17.31462,4257.0
2025-06-17 22:58:00,104288.34,104288.34,104203.85,104260.28,22.36134,4221.0
2025-06-17 22:59:00,104260.27,104288.34,104227.42,104228.31,16.2624,2119.0
2025-06-17 23:00:00,104228.31,104288.35,104228.31,104259.78,12.6423,2440.0
2025-06-17 23:01:00,104259.79,104264.28,104233.91,104245.17,4.99374,1676.0
2025-06-17 23:02:00,104245.16,104279.6,104245.16,104267.1,5.54275,1461.0
2025-06-17 23:03:00,104267.1,104288.34,104267.1,104269.84,3.12463,783.0
2025-06-17 23:04:00,104269.85,104288.35,104244.92,104282.09,5.11828,1345.0
2025-06-17 23:05:00,104282.1,104345.22,104282.09,104345.22,4.7221,2574.0
2025-06-17 23:06:00,104345.22,104378.08,104345.22,104378.07,4.49286,1091.0
2025-06-17 23:07:00,104378.08,104397.69,104378.07,104387.25,6.37259,830.0
2025-06-17 23:08:00,104387.25,104409.84,104387.25,104409.84,1.78642,929.0
2025-06-17 23:09:00,104409.84,104466.9,104409.83,104466.89,3.40284,2326.0
2025-06-17 23:10:00,104466.89,104466.9,104430.39,104430.39,5.80984,1247.0
2025-06-17 23:11:00,104430.39,104430.4,104398.66,104419.99,8.35276,1252.0
2025-06-17 23:12:00,104420.0,104462.83,104419.99,104462.82,2.45409,2356.0
2025-06-17 23:13:00,104462.83,104465.68,104457.2,104457.21,2.05531,424.0
2025-06-17 23:14:00,104457.21,104457.21,104435.46,104435.46,3.61923,607.0
2025-06-17 23:15:00,104435.46,104456.0,104435.46,104455.99,2.3006,844.0
2025-06-17 23:16:00,104455.99,104468.33,104455.99,104468.32,0.73559,685.0
2025-06-17 23:17:00,104468.33,104525.61,104468.32,104525.6,7.09129,1848.0
2025-06-17 23:18:00,104525.61,104532.48,104515.78,104515.78,7.66541,971.0
2025-06-17 23:19:00,104515.79,104535.65,104510.0,104516.16,13.83243,1181.0
2025-06-17 23:20:00,104516.17,104529.93,104516.16,104516.17,3.92623,797.0
2025-06-17 23:21:00,104516.17,104528.88,104516.16,104528.87,0.84382,376.0
2025-06-17 23:22:00,104528.88,104528.88,104519.06,104519.07,2.443,567.0
2025-06-17 23:23:00,104519.06,104521.17,104510.0,104515.14,3.21314,844.0
2025-06-17 23:24:00,104515.15,104515.15,104510.0,104510.0,3.74959,487.0
2025-06-17 23:25:00,104510.01,104510.01,104488.6,104497.99,5.87133,928.0
2025-06-17 23:26:00,104498.0,104507.93,104497.99,104507.92,0.73979,376.0
2025-06-17 23:27:00,104507.92,104507.93,104497.47,104497.47,1.959,448.0
2025-06-17 23:28:00,104497.48,104537.54,104497.48,104537.54,7.157,996.0
2025-06-17 23:29:00,104537.54,104571.49,104537.54,104570.54,3.56693,1487.0
2025-06-17 23:30:00,104570.55,104592.0,104570.54,104572.0,10.51549,1871.0
2025-06-17 23:31:00,104572.01,104644.7,104572.0,104638.97,18.23762,2114.0
2025-06-17 23:32:00,104638.97,104638.97,104613.91,104621.78,1.35845,650.0
2025-06-17 23:33:00,104621.77,104655.85,104621.77,104655.84,5.09665,781.0
2025-06-17 23:34:00,104655.85,104669.02,104655.84,104658.84,15.0616,1180.0
2025-06-17 23:35:00,104658.83,104665.45,104636.75,104647.15,6.43949,1142.0
2025-06-17 23:36:00,104647.15,104658.84,104642.41,104658.83,2.25011,762.0
2025-06-17 23:37:00,104658.84,104686.21,104658.83,104686.2,2.78077,646.0
2025-06-17 23:38:00,104686.21,104691.1,104686.2,104691.1,1.95828,378.0
2025-06-17 23:39:00,104691.1,104700.0,104686.78,104699.99,3.22328,842.0
2025-06-17 23:40:00,104700.0,104700.0,104690.99,104690.99,2.0301,453.0
2025-06-17 23:41:00,104690.99,104691.0,104681.35,104681.36,4.76035,424.0
2025-06-17 23:42:00,104681.36,104687.47,104654.29,104654.29,9.70341,2065.0
2025-06-17 23:43:00,104654.3,104690.83,104654.29,104690.83,3.42452,879.0
2025-06-17 23:44:00,104690.83,104712.01,104690.83,104700.01,10.84104,1340.0
2025-06-17 23:45:00,104700.0,104700.0,104667.84,104688.99,3.36534,1222.0
2025-06-17 23:46:00,104689.0,104730.77,104688.99,104730.76,3.65168,1555.0
2025-06-17 23:47:00,104730.77,104730.77,104712.94,104712.94,5.63507,635.0
2025-06-17 23:48:00,104712.94,104712.95,104692.13,104692.13,2.29134,639.0
2025-06-17 23:49:00,104692.14,104699.26,104692.13,104699.25,0.91809,355.0
2025-06-17 23:50:00,104699.26,104699.26,104680.0,104680.01,3.21329,632.0
2025-06-17 23:51:00,104680.01,104680.01,104664.32,104667.33,14.30352,769.0
2025-06-17 23:52:00,104667.33,104669.56,104643.97,104650.52,12.74338,1100.0
2025-06-17 23:53:00,104650.52,104679.92,104650.51,104679.92,1.16664,797.0
2025-06-17 23:54:00,104679.92,104679.92,104636.76,104636.76,4.52156,1276.0
2025-06-17 23:55:00,104636.77,104636.77,104600.0,104600.01,3.9878,1138.0
2025-06-17 23:56:00,104600.01,104600.01,104584.46,104584.46,5.05378,670.0
2025-06-17 23:57:00,104584.47,104592.44,104582.53,104582.53,2.41343,765.0
2025-06-17 23:58:00,104582.54,104582.54,104566.66,104571.9,7.55181,894.0
2025-06-17 23:59:00,104571.89,104571.89,104551.16,104551.17,2.76363,732.0
2025-06-18 00:00:00,104551.17,104591.97,104544.0,104544.0,15.43391,3252.0
2025-06-18 00:01:00,104544.01,104596.88,104544.0,104563.93,5.86532,1832.0
2025-06-18 00:02:00,104563.93,104599.98,104563.92,104582.93,4.56087,1269.0
2025-06-18 00:03:00,104582.93,104611.12,104567.21,104611.11,7.94377,1675.0
2025-06-18 00:04:00,104611.12,104611.12,104583.32,104595.58,2.73965,1016.0
2025-06-18 00:05:00,104595.58,104595.58,104564.0,104564.01,2.65404,919.0
2025-06-18 00:06:00,104564.01,104618.54,104564.01,104618.37,11.36347,2306.0
2025-06-18 00:07:00,104618.37,104718.72,104618.37,104631.01,8.8032,3986.0
2025-06-18 00:08:00,104631.01,104640.0,104582.65,104589.42,5.25276,2615.0
2025-06-18 00:09:00,104589.43,104619.57,104576.75,104619.56,5.95662,2011.0
2025-06-18 00:10:00,104619.57,104634.29,104602.2,104634.28,4.66756,1740.0
2025-06-18 00:11:00,104634.29,104634.29,104563.47,104574.07,7.4516,1950.0
2025-06-18 00:12:00,104574.51,104600.0,104574.51,104582.99,1.46186,981.0
2025-06-18 00:13:00,104582.98,104600.0,104572.47,104590.8,2.5059,1376.0
2025-06-18 00:14:00,104590.8,104600.0,104574.74,104574.74,3.87649,673.0
2025-06-18 00:15:00,104574.75,104609.65,104574.75,104593.22,5.35126,1252.0
2025-06-18 00:16:00,104593.23,104593.23,104572.45,104576.79,3.0628,753.0
2025-06-18 00:17:00,104576.79,104591.51,104572.45,104572.46,2.467,812.0
2025-06-18 00:18:00,104572.45,104585.02,104572.45,104585.01,2.66542,346.0
2025-06-18 00:19:00,104585.01,104592.86,104585.01,104587.12,3.2171,441.0
2025-06-18 00:20:00,104587.12,104619.28,104581.87,104594.67,17.33889,1540.0
2025-06-18 00:21:00,104594.67,104620.86,104594.66,104620.85,1.19905,996.0
2025-06-18 00:22:00,104620.86,104620.86,104594.77,104594.77,2.8692,1000.0
2025-06-18 00:23:00,104594.77,104594.78,104572.45,104572.46,2.57882,667.0
2025-06-18 00:24:00,104572.46,104595.36,104564.0,104595.35,7.6339,1446.0
2025-06-18 00:25:00,104595.35,104607.56,104580.7,104600.5,7.61774,1235.0
2025-06-18 00:26:00,104600.5,104600.5,104448.37,104448.38,24.66383,3901.0
2025-06-18 00:27:00,104448.38,104472.06,104430.88,104430.88,4.93138,2449.0
2025-06-18 00:28:00,104430.88,104461.24,104428.57,104448.47,21.08085,1215.0
2025-06-18 00:29:00,104448.47,104448.48,104414.18,104417.53,7.73119,1796.0
2025-06-18 00:30:00,104417.52,104422.55,104413.99,104420.89,7.17503,928.0
2025-06-18 00:31:00,104420.89,104440.0,104384.61,104388.23,18.94802,2036.0
2025-06-18 00:32:00,104388.23,104389.04,104379.52,104389.04,5.75911,687.0
2025-06-18 00:33:00,104389.04,104404.69,104380.0,104404.69,3.9291,943.0
2025-06-18 00:34:00,104404.7,104540.0,104404.69,104539.99,4.86689,2402.0
2025-06-18 00:35:00,104540.0,104647.26,104540.0,104636.8,7.42569,2107.0
2025-06-18 00:36:00,104636.8,104750.0,104636.79,104717.6,8.70219,3120.0
2025-06-18 00:37:00,104717.61,104798.52,104717.61,104760.01,15.80109,3435.0
2025-06-18 00:38:00,104760.0,104822.72,104760.0,104817.99,4.8828,2169.0
2025-06-18 00:39:00,104818.0,104841.91,104752.01,104764.31,7.43987,2369.0
2025-06-18 00:40:00,104764.32,104765.63,104711.04,104765.62,28.1782,2179.0
2025-06-18 00:41:00,104765.63,104768.26,104759.13,104759.14,5.19825,864.0
2025-06-18 00:42:00,104759.14,104759.14,104738.21,104746.0,2.3691,1176.0
2025-06-18 00:43:00,104746.01,104746.01,104732.01,104735.68,3.28043,450.0
2025-06-18 00:44:00,104735.69,104743.24,104732.01,104732.01,1.52204,424.0
2025-06-18 00:45:00,104732.02,104732.02,104640.01,104640.01,6.26267,1464.0
2025-06-18 00:46:00,104640.02,104640.02,104591.11,104607.4,2.98149,1261.0
2025-06-18 00:47:00,104607.4,104610.27,104589.4,104610.26,1.58628,921.0
2025-06-18 00:48:00,104610.27,104610.27,104595.2,104599.81,2.4903,515.0
2025-06-18 00:49:00,104599.82,104645.03,104596.88,104645.03,2.04467,1058.0
2025-06-18 00:50:00,104645.03,104679.14,104645.03,104678.18,3.09579,984.0
2025-06-18 00:51:00,104678.18,104732.0,104663.26,104731.99,7.906,1907.0
2025-06-18 00:52:00,104732.0,104796.69,104728.63,104796.69,9.83334,1955.0
2025-06-18 00:53:00,104796.69,104796.69,104760.8,104760.8,5.80928,1087.0
2025-06-18 00:54:00,104760.81,104775.81,104757.23,104757.23,3.00447,838.0
2025-06-18 00:55:00,104757.23,104757.24,104737.11,104737.12,4.00355,616.0
2025-06-18 00:56:00,104737.12,104797.06,104737.11,104797.06,3.68433,2387.0
2025-06-18 00:57:00,104797.06,104820.95,104797.05,104820.94,3.70799,622.0
2025-06-18 00:58:00,104820.95,104857.14,104820.94,104838.24,4.1147,1560.0
2025-06-18 00:59:00,104838.24,104842.78,104827.24,104842.78,5.67732,795.0
2025-06-18 01:00:00,104842.78,104867.45,104823.99,104823.99,21.97223,1365.0
2025-06-18 01:01:00,104824.0,104871.64,104823.99,104861.14,6.48071,1628.0
2025-06-18 01:02:00,104861.14,104870.41,104840.0,104870.41,7.56069,1382.0
2025-06-18 01:03:00,104870.41,104870.41,104870.4,104870.4,1.20291,282.0
2025-06-18 01:04:00,104870.41,104889.22,104855.94,104889.21,22.21926,1153.0
2025-06-18 01:05:00,104889.22,104918.61,104889.22,104918.61,4.78596,1515.0
2025-06-18 01:06:00,104918.61,104989.0,104918.6,104981.92,7.44097,2497.0
2025-06-18 01:07:00,104981.92,105059.95,104981.92,105042.0,17.297,3427.0
2025-06-18 01:08:00,105042.01,105042.01,105022.63,105029.63,4.4587,761.0
2025-06-18 01:09:00,105029.63,105042.0,105029.62,105035.98,5.2875,760.0
2025-06-18 01:10:00,105035.99,105035.99,104950.18,104950.19,6.52871,1578.0
2025-06-18 01:11:00,104950.19,104980.5,104950.18,104959.75,6.45843,1495.0
2025-06-18 01:12:00,104959.75,104969.65,104944.0,104958.52,8.22942,1336.0
2025-06-18 01:13:00,104958.52,104966.79,104950.2,104966.79,2.3225,1065.0
2025-06-18 01:14:00,104966.79,104966.79,104944.01,104951.06,3.5428,865.0
2025-06-18 01:15:00,104951.05,104974.97,104951.05,104974.96,3.3747,667.0
2025-06-18 01:16:00,104974.97,105089.12,104974.96,105089.12,9.0214,3226.0
2025-06-18 01:17:00,105089.12,105100.0,105061.09,105064.81,9.23695,2280.0
2025-06-18 01:18:00,105064.8,105064.81,105032.34,105052.28,4.23891,1249.0
2025-06-18 01:19:00,105052.29,105100.0,105052.28,105100.0,1.84455,1305.0
2025-06-18 01:20:00,105100.0,105100.0,105095.79,105095.8,2.74566,344.0
2025-06-18 01:21:00,105095.8,105176.61,105095.79,105173.7,8.47338,3181.0
2025-06-18 01:22:00,105173.71,105173.71,105165.68,105165.69,3.7306,519.0
2025-06-18 01:23:00,105165.68,105165.69,105135.26,105135.27,4.15726,775.0
2025-06-18 01:24:00,105135.27,105135.27,105050.0,105050.0,6.28702,1882.0
2025-06-18 01:25:00,105050.0,105050.0,104991.13,105016.61,5.30114,2261.0
2025-06-18 01:26:00,105016.61,105016.62,104909.56,104909.57,4.45185,2270.0
2025-06-18 01:27:00,104909.57,104910.38,104896.7,104904.0,6.15538,1251.0
2025-06-18 01:28:00,104904.0,104904.0,104877.87,104878.36,2.01386,914.0
2025-06-18 01:29:00,104878.37,104878.37,104810.99,104811.0,5.43259,1743.0
2025-06-18 01:30:00,104810.99,104855.52,104810.99,104855.51,2.8793,1759.0
2025-06-18 01:31:00,104855.52,104855.52,104802.82,104811.06,3.03925,1220.0
2025-06-18 01:32:00,104811.06,104845.51,104811.05,104811.47,7.00567,1473.0
2025-06-18 01:33:00,104811.47,104811.48,104755.02,104765.51,17.64057,2095.0
2025-06-18 01:34:00,104765.52,104844.0,104765.51,104844.0,3.54947,1739.0
2025-06-18 01:35:00,104844.0,104844.0,104825.75,104832.1,2.8364,811.0
2025-06-18 01:36:00,104832.1,104871.99,104826.0,104859.96,3.70053,1770.0
2025-06-18 01:37:00,104859.96,104883.19,104859.96,104883.19,2.94508,592.0
2025-06-18 01:38:00,104883.18,104883.19,104868.51,104868.52,1.74926,569.0
2025-06-18 01:39:00,104868.52,104884.0,104848.49,104883.99,5.41388,1304.0
2025-06-18 01:40:00,104884.0,104884.0,104858.08,104864.59,2.46759,826.0
2025-06-18 01:41:00,104865.18,104876.0,104848.49,104848.49,3.89305,1469.0
2025-06-18 01:42:00,104848.49,104881.75,104848.49,104860.54,10.10304,1116.0
2025-06-18 01:43:00,104860.54,104860.55,104856.79,104856.8,2.07818,439.0
2025-06-18 01:44:00,104856.79,104856.8,104800.0,104805.24,25.00496,1570.0
2025-06-18 01:45:00,104805.25,104805.25,104767.48,104767.48,1.66012,956.0
2025-06-18 01:46:00,104767.49,104767.49,104710.42,104710.43,4.22083,1452.0
2025-06-18 01:47:00,104710.42,104725.4,104680.0,104725.4,5.53971,2354.0
2025-06-18 01:48:00,104725.39,104765.84,104725.39,104765.83,5.96388,1860.0
2025-06-18 01:49:00,104765.83,104774.6,104756.0,104756.0,2.27943,936.0
2025-06-18 01:50:00,104756.01,104765.32,104756.0,104756.02,2.22645,606.0
2025-06-18 01:51:00,104756.02,104777.0,104756.01,104762.9,3.05907,1097.0
2025-06-18 01:52:00,104762.91,104762.91,104726.55,104750.1,4.13797,1348.0
2025-06-18 01:53:00,104750.1,104780.1,104744.89,104772.47,3.91909,1069.0
2025-06-18 01:54:00,104772.47,104772.47,104757.66,104757.66,1.03647,599.0
2025-06-18 01:55:00,104757.66,104791.5,104757.66,104791.5,1.47166,800.0
2025-06-18 01:56:00,104791.49,104791.5,104786.51,104786.51,1.83373,448.0
2025-06-18 01:57:00,104786.51,104786.52,104753.88,104753.88,3.1098,863.0
2025-06-18 01:58:00,104753.89,104793.51,104753.88,104781.61,8.0038,1012.0
2025-06-18 01:59:00,104781.6,104781.61,104762.33,104776.92,2.9022,804.0
2025-06-18 02:00:00,104776.92,104793.5,104776.92,104793.48,1.53723,680.0
2025-06-18 02:01:00,104793.48,104793.49,104753.54,104772.26,3.30717,1269.0
2025-06-18 02:02:00,104772.26,104780.0,104743.12,104744.51,3.71103,1238.0
2025-06-18 02:03:00,104744.52,104793.97,104744.51,104793.96,2.0282,1156.0
2025-06-18 02:04:00,104793.96,104799.54,104767.3,104799.54,2.64636,1171.0
2025-06-18 02:05:00,104799.54,104833.8,104790.13,104833.8,4.18726,1488.0
2025-06-18 02:06:00,104833.8,104846.81,104784.67,104784.67,10.36437,2467.0
2025-06-18 02:07:00,104784.68,104805.17,104784.68,104805.17,2.26318,795.0
2025-06-18 02:08:00,104805.17,104836.18,104775.69,104775.7,4.68326,2151.0
2025-06-18 02:09:00,104775.7,104834.45,104775.7,104830.08,7.51956,1761.0
2025-06-18 02:10:00,104830.08,104919.14,104830.08,104919.13,22.47033,1805.0
2025-06-18 02:11:00,104919.14,104927.3,104856.64,104856.65,4.91817,2713.0
2025-06-18 02:12:00,104856.64,104876.0,104850.0,104855.99,4.86068,1239.0
2025-06-18 02:13:00,104856.0,104856.81,104834.45,104834.45,4.53613,776.0
2025-06-18 02:14:00,104834.46,104863.65,104834.45,104838.68,10.33762,1458.0
2025-06-18 02:15:00,104838.67,104838.68,104702.01,104702.01,8.30728,2655.0
2025-06-18 02:16:00,104702.01,104773.26,104702.01,104757.37,4.17466,2205.0
2025-06-18 02:17:00,104757.36,104790.35,104743.05,104782.95,5.67266,1811.0
2025-06-18 02:18:00,104782.96,104799.16,104776.76,104776.76,4.04865,898.0
2025-06-18 02:19:00,104776.77,104776.77,104695.82,104711.19,7.21842,2047.0
2025-06-18 02:20:00,104711.2,104742.38,104711.19,104742.38,3.64623,1177.0
2025-06-18 02:21:00,104742.38,104770.75,104742.37,104747.59,3.23693,1153.0
2025-06-18 02:22:00,104747.6,104764.0,104747.59,104756.0,2.58574,825.0
2025-06-18 02:23:00,104756.0,104770.64,104755.99,104770.63,2.32702,770.0
2025-06-18 02:24:00,104770.64,104950.0,104770.63,104928.21,9.50711,3983.0
2025-06-18 02:25:00,104928.21,105004.34,104928.21,105004.33,9.79151,1966.0
2025-06-18 02:26:00,105004.33,105035.93,104980.74,104985.19,8.03529,2608.0
2025-06-18 02:27:00,104985.18,105059.95,104985.18,105059.94,2.66143,1321.0
2025-06-18 02:28:00,105059.95,105059.95,105048.39,105054.0,10.77587,751.0
2025-06-18 02:29:00,105054.0,105058.9,105053.99,105058.9,3.86379,451.0
2025-06-18 02:30:00,105058.9,105060.0,105050.0,105059.99,3.81719,850.0
2025-06-18 02:31:00,105059.99,105099.99,105036.79,105036.8,9.61951,2955.0
2025-06-18 02:32:00,105036.8,105036.8,104977.12,104977.13,3.44202,1812.0
2025-06-18 02:33:00,104977.12,105003.36,104961.83,104981.37,5.91519,1937.0
2025-06-18 02:34:00,104981.38,104995.89,104977.12,104995.89,2.07437,630.0
2025-06-18 02:35:00,104995.89,105003.36,104977.13,105003.36,2.43513,1412.0
2025-06-18 02:36:00,105003.36,105049.34,105003.35,105005.36,8.55784,2019.0
2025-06-18 02:37:00,105005.37,105005.37,104966.03,104990.91,2.8018,1497.0
2025-06-18 02:38:00,104990.91,105027.45,104990.9,105027.45,3.33403,929.0
2025-06-18 02:39:00,105027.46,105046.16,104991.17,104991.17,4.12246,1567.0
2025-06-18 02:40:00,104991.18,104991.18,104961.62,104961.62,6.96355,951.0
2025-06-18 02:41:00,104961.63,104965.96,104928.44,104965.96,4.65559,1250.0
2025-06-18 02:42:00,104965.96,104977.74,104906.84,104906.84,4.29475,1561.0
2025-06-18 02:43:00,104906.85,104921.25,104900.25,104919.07,1.42429,700.0
2025-06-18 02:44:00,104919.07,104919.07,104919.06,104919.07,3.98509,278.0
2025-06-18 02:45:00,104919.07,104984.02,104919.06,104984.01,2.57219,1597.0
2025-06-18 02:46:00,104984.01,105009.97,104972.78,104972.79,4.57046,1505.0
2025-06-18 02:47:00,104972.79,104982.2,104970.84,104972.4,3.68807,875.0
2025-06-18 02:48:00,104972.4,104992.26,104972.39,104986.78,4.60862,936.0
2025-06-18 02:49:00,104986.78,104990.91,104986.78,104986.79,1.74007,436.0
2025-06-18 02:50:00,104986.8,104986.8,104971.04,104971.04,3.39874,808.0
2025-06-18 02:51:00,104971.04,104981.12,104952.43,104952.43,3.1846,1216.0
2025-06-18 02:52:00,104952.43,104952.44,104918.66,104918.67,4.15219,1460.0
2025-06-18 02:53:00,104918.66,104981.11,104898.58,104981.11,6.45412,1713.0
2025-06-18 02:54:00,104981.1,104981.1,104940.0,104940.0,3.98964,1392.0
2025-06-18 02:55:00,104940.0,104981.11,104940.0,104981.11,2.21497,742.0
2025-06-18 02:56:00,104981.11,104981.11,104966.77,104966.78,1.70358,490.0
2025-06-18 02:57:00,104966.77,104966.78,104931.54,104931.54,3.67271,1341.0
2025-06-18 02:58:00,104931.55,104937.32,104920.0,104920.01,2.94271,923.0
2025-06-18 02:59:00,104920.0,104920.0,104856.06,104856.06,8.19339,1859.0
2025-06-18 03:00:00,104856.06,104865.99,104856.06,104865.98,1.59807,407.0
